Coordinates
version=1
nRows=1336
nColumns=36
inDegrees=yes

Units are S.I. units (second, meters, Newtons, ...)
If the header above contains a line with 'inDegrees', this indicates whether rotational values are in degrees (yes) or radians (no).

endheader
time	pelvis_tilt	pelvis_list	pelvis_rotation	pelvis_tx	pelvis_ty	pelvis_tz	hip_flexion_r	hip_adduction_r	hip_rotation_r	knee_angle_r	knee_angle_r_beta	ankle_angle_r	subtalar_angle_r	mtp_angle_r	hip_flexion_l	hip_adduction_l	hip_rotation_l	knee_angle_l	knee_angle_l_beta	ankle_angle_l	subtalar_angle_l	mtp_angle_l	lumbar_extension	lumbar_bending	lumbar_rotation	arm_flex_r	arm_add_r	arm_rot_r	elbow_flex_r	pro_sup_r	arm_flex_l	arm_add_l	arm_rot_l	elbow_flex_l	pro_sup_l
      0.00000000	     21.93469603	     -4.15790461	     -5.65558654	     -0.61479547	      0.62531987	     -0.64798639	     63.07838862	     -1.14856600	      4.00981895	     97.94520456	      1.70946631	     14.30967941	     -7.03697095	    -10.03429261	     62.89331898	     -9.59852333	      3.03193057	    102.75804697	      1.79346625	     21.39950577	     -2.29546561	    -10.03429261	    -37.74746676	      4.40800240	      6.32061584	     -0.61364193	    -18.62568828	      1.27031747	     65.32279874	     86.99589377	      0.00207050	     -9.98266958	      0.53056513	     60.80734781	     61.39371981
      0.01000000	     21.90918317	     -4.14912649	     -5.66469893	     -0.61460302	      0.62522776	     -0.64703657	     63.11556236	     -1.13694652	      4.01476023	     97.94469239	      1.70945737	     14.29575608	     -7.04637623	     -9.96875170	     62.91487449	     -9.59208123	      3.01649242	    102.74132697	      1.79317443	     21.39504827	     -2.28372169	     -9.96875170	    -37.77936074	      4.40188287	      6.31131616	     -0.60998756	    -18.60878647	      1.28238666	     65.34006284	     86.59297754	     -0.01770779	    -10.01599984	      0.49668571	     60.91683511	     61.36103329
      0.02000000	     21.88808746	     -4.13224549	     -5.65181999	     -0.61446306	      0.62510361	     -0.64672717	     63.15195673	     -1.15218928	      4.01863016	     97.95409399	      1.70962146	     14.25517652	     -7.03597148	     -9.91406078	     62.94416562	     -9.57425524	      3.00309956	    102.73267432	      1.79302342	     21.34701824	     -2.27112493	     -9.91406078	    -37.80661907	      4.38870593	      6.28688252	     -0.62659572	    -18.58495668	      1.29441687	     65.36429507	     86.21663495	     -0.04853174	    -10.05051730	      0.47010708	     61.04310908	     61.32986177
      0.03000000	     21.84818427	     -4.20915848	     -5.68079080	     -0.61433321	      0.62512749	     -0.64677797	     63.16727139	     -1.08523049	      3.94518485	     97.92979678	      1.70919739	     14.35976948	     -6.87668811	     -9.84059529	     62.98893055	     -9.67830299	      3.06708018	    102.76454410	      1.79357965	     21.53419873	     -1.94648613	     -9.84059529	    -37.79126483	      4.44268231	      6.38816272	     -0.66567143	    -18.65877374	      1.47556977	     65.25716431	     86.11679844	     -0.05900136	    -10.07412204	      0.55944722	     61.06473806	     61.34991371
      0.04000000	     21.82372344	     -4.14706500	     -5.63290329	     -0.61430814	      0.62540085	     -0.64683516	     63.19634142	     -1.16923943	      3.97393162	     97.94508759	      1.70946426	     14.38537381	     -6.87467429	     -9.69019535	     62.99724906	     -9.58160066	      3.04354866	    102.73575588	      1.79307720	     21.43320063	     -2.16286920	     -9.69019535	    -37.81034482	      4.41324392	      6.28569993	     -0.74776223	    -18.62059441	      1.49627724	     65.31573892	     85.40488132	     -0.11249388	    -10.13578841	      0.55003125	     61.20489309	     61.30993481
      0.05000000	     21.80386689	     -4.14440441	     -5.67024640	     -0.61433957	      0.62574183	     -0.64675935	     63.19923676	     -1.13365442	      3.98552674	     97.92542077	      1.70912101	     14.41052329	     -6.88221496	     -9.60957890	     62.99048636	     -9.62597157	      3.03546961	    102.72505636	      1.79289046	     21.52959616	     -2.07733104	     -9.60957890	    -37.78900649	      4.38870187	      6.28375716	     -0.82164971	    -18.60806676	      1.57267379	     65.30427265	     85.04797668	     -0.18769211	    -10.17263131	      0.56391431	     61.28537343	     61.29024210
      0.06000000	     21.78954817	     -4.22681345	     -5.65251498	     -0.61435037	      0.62562144	     -0.64699680	     63.17506468	     -1.11340061	      3.89482155	     97.89027835	      1.70850766	     14.43137042	     -6.79483719	     -9.54340058	     63.01488796	     -9.68413639	      3.12417409	    102.72960436	      1.79296984	     21.62795581	     -1.88916474	     -9.54340058	    -37.78272997	      4.48263014	      6.33702718	     -0.84263349	    -18.68457966	      1.72976823	     65.17138032	     85.25816666	     -0.14340189	    -10.18150485	      0.67908277	     61.21230206	     61.34092129
      0.07000000	     21.77339757	     -4.17872333	     -5.60332803	     -0.61438010	      0.62499472	     -0.64700468	     63.20951914	     -1.18423081	      3.92800309	     97.91282297	      1.70890114	     14.44139785	     -6.73528393	     -9.43372794	     63.04491190	     -9.60455316	      3.11134578	    102.71364548	      1.79269130	     21.50252694	     -2.08311295	     -9.43372794	    -37.79772348	      4.46792715	      6.26229382	     -0.86695070	    -18.67653556	      1.72299183	     65.20980744	     84.73607102	     -0.11586957	    -10.24600681	      0.66165752	     61.31922446	     61.31773226
      0.08000000	     21.75435536	     -4.11125869	     -5.55266778	     -0.61443909	      0.62469788	     -0.64649912	     63.25308660	     -1.27069190	      3.96607840	     97.94911614	      1.70953458	     14.46059094	     -6.71642831	     -9.28483640	     63.07711949	     -9.51124891	      3.08254241	    102.69877452	      1.79243175	     21.39267642	     -2.31474234	     -9.28483640	    -37.81223079	      4.41484809	      6.14880942	     -0.92917473	    -18.62281646	      1.72727534	     65.28091057	     83.90022457	     -0.13598482	    -10.33009368	      0.64000990	     61.50801296	     61.27195277
      0.09000000	     21.72535264	     -4.08271285	     -5.56087116	     -0.61412135	      0.62502041	     -0.64585132	     63.27820434	     -1.25913367	      3.98949101	     97.96609989	      1.70983100	     14.43151405	     -6.83236863	     -9.29836964	     63.09847438	     -9.54407237	      3.03849167	    102.69282640	      1.79232794	     21.49322316	     -2.28423568	     -9.29836964	    -37.83540096	      4.37548424	      6.10682171	     -0.97162416	    -18.54815867	      1.70983130	     65.31508981	     83.79582214	     -0.21102813	    -10.38071518	      0.60171831	     61.62675284	     61.25115119
      0.10000000	     21.67608229	     -4.07100433	     -5.56141605	     -0.61329305	      0.62554330	     -0.64591363	     63.30813085	     -1.24819746	      4.00514164	     97.98007510	      1.71007491	     14.44305787	     -6.78378146	     -9.24651639	     63.12670465	     -9.53809381	      3.04013830	    102.68217687	      1.79214207	     21.45951770	     -2.26623350	     -9.24651639	    -37.86494434	      4.36374031	      6.10955950	     -0.95160405	    -18.56347310	      1.70273364	     65.32730614	     83.45914185	     -0.20971640	    -10.46161433	      0.57668595	     61.74103770	     61.23301109
      0.11000000	     21.63000723	     -4.06402843	     -5.56646658	     -0.61249057	      0.62600141	     -0.64628126	     63.32619858	     -1.24615820	      4.01183590	     97.99605458	      1.71035381	     14.48212084	     -6.77735281	     -9.19835916	     63.12785974	     -9.53788564	      3.03319786	    102.66824087	      1.79189884	     21.50202318	     -2.27818420	     -9.19835916	    -37.89221485	      4.35088941	      6.14161213	     -0.89910105	    -18.57674523	      1.70581845	     65.33501757	     83.14536097	     -0.23073629	    -10.50298684	      0.57306168	     61.82273296	     61.21833467
      0.12000000	     21.59594377	     -4.04645526	     -5.58327470	     -0.61242397	      0.62625694	     -0.64616347	     63.32737812	     -1.23798437	      4.03001460	     97.98976324	      1.71024400	     14.47681369	     -6.82229085	     -9.17070657	     63.11231184	     -9.55398897	      3.00923516	    102.65321602	      1.79163661	     21.60663041	     -2.21093660	     -9.17070657	    -37.90617758	      4.32658976	      6.15723238	     -0.87451513	    -18.57615475	      1.72630344	     65.32215887	     82.86087249	     -0.26688671	    -10.55779809	      0.56903096	     61.91552499	     61.20115057
      0.13000000	     21.52269626	     -4.10359631	     -5.61035034	     -0.61286190	      0.62610611	     -0.64551179	     63.36269714	     -1.15596891	      3.97644241	     97.97383153	      1.70996594	     14.49190452	     -6.73480273	     -8.79363728	     63.17609509	     -9.66382990	      3.06452590	    102.66663354	      1.79187079	     21.85686335	     -1.79117315	     -8.79363728	    -37.83288201	      4.38036701	      6.31875589	     -0.79273455	    -18.58654787	      1.56301118	     64.88419641	     88.29224474	     -0.07422168	    -10.64313866	      0.97921001	     61.48533229	     62.26227883
      0.14000000	     21.49135166	     -4.03820007	     -5.54774518	     -0.61332658	      0.62562289	     -0.64507914	     63.40703855	     -1.23537500	      3.99413554	     98.01150672	      1.71062350	     14.53833037	     -6.77034772	     -8.69256001	     63.21000968	     -9.57781647	      3.04330966	    102.62660595	      1.79117217	     21.70374621	     -2.04929984	     -8.69256001	    -37.86480791	      4.33954182	      6.24269878	     -0.82654062	    -18.53837715	      1.57394648	     64.98238952	     87.22433585	     -0.12248223	    -10.71699488	      0.93690294	     61.65886196	     62.17130970
      0.15000000	     21.46681083	     -4.03013357	     -5.56036358	     -0.61351767	      0.62540582	     -0.64491143	     63.44599246	     -1.21315914	      3.98555455	     98.02817854	      1.71091448	     14.54588473	     -6.79836445	     -8.65716147	     63.23678541	     -9.60492260	      3.04607870	    102.61843113	      1.79102950	     21.73125458	     -2.00769191	     -8.65716147	    -37.89535375	      4.32492972	      6.26442629	     -0.83234355	    -18.53958119	      1.61404954	     65.01428167	     86.83512430	     -0.18620717	    -10.76570294	      0.92704650	     61.74780180	     62.13619774
      0.16000000	     21.42805330	     -4.02138408	     -5.53968068	     -0.61350821	      0.62572019	     -0.64501368	     63.48294431	     -1.22441285	      3.96992431	     98.03210909	      1.71098308	     14.58088262	     -6.74278133	     -8.62081771	     63.26808648	     -9.57641175	      3.06555173	    102.59626745	      1.79064267	     21.70606530	     -2.03892643	     -8.62081771	    -37.92862944	      4.32074616	      6.28556822	     -0.82118020	    -18.55475689	      1.65192228	     65.03247903	     86.53458895	     -0.18920275	    -10.79543518	      0.94334117	     61.78611151	     62.12547231
      0.17000000	     21.37983602	     -4.02600607	     -5.54705020	     -0.61330994	      0.62608518	     -0.64519766	     63.52020222	     -1.21140454	      3.94582668	     98.03071116	      1.71095868	     14.64117062	     -6.72583257	     -8.58395661	     63.30063173	     -9.59654960	      3.06594913	    102.58707966	      1.79048231	     21.76940842	     -2.00896246	     -8.58395661	    -37.96298423	      4.32718319	      6.30625434	     -0.83684476	    -18.57695874	      1.71280681	     65.04626771	     86.26260741	     -0.23033652	    -10.84721669	      0.97384955	     61.84595474	     62.11536565
      0.18000000	     21.28108683	     -4.11979031	     -5.61448879	     -0.61311426	      0.62592067	     -0.64549179	     63.58331007	     -1.07987839	      3.87279141	     97.98699326	      1.71019566	     14.69628590	     -6.65401402	     -8.57469151	     63.40802899	     -9.73838564	      3.13559170	    102.62068062	      1.79106876	     21.95894907	     -1.63942960	     -8.57469151	    -37.95310598	      4.37473294	      6.40845790	     -0.81423304	    -18.66276340	      1.89845605	     64.96073707	     86.38600830	     -0.23308098	    -10.91403622	      1.08182650	     61.92231840	     62.17214186
      0.19000000	     21.18942634	     -4.10788588	     -5.63391125	     -0.61355523	      0.62535197	     -0.64595197	     63.66641591	     -1.06396731	      3.88209647	     97.96249403	      1.70976806	     14.70901645	     -6.65980162	     -8.45255034	     63.48910697	     -9.73138086	      3.13332961	    102.59850475	      1.79068172	     21.98733919	     -1.59710185	     -8.45255034	    -37.99711396	      4.34109212	      6.36757805	     -0.77911306	    -18.69687005	      2.04905135	     64.98666551	     84.99151952	     -0.22437424	    -10.99927542	      1.06955359	     62.08593028	     62.09384690
      0.20000000	     21.10852865	     -4.07191646	     -5.62509803	     -0.61482647	      0.62494907	     -0.64633249	     63.75612629	     -1.10633664	      3.88989558	     97.94834647	      1.70952114	     14.64825142	     -6.76107555	     -8.45408196	     63.55990224	     -9.69176764	      3.10532231	    102.55455530	      1.78991465	     21.96601793	     -1.63811936	     -8.45408196	    -38.07427448	      4.32501194	      6.29372602	     -0.74249122	    -18.65762687	      1.99459384	     65.06665021	     84.81802391	     -0.20605848	    -11.04784160	      1.01158506	     62.24628027	     62.06118200
      0.21000000	     21.00416712	     -4.03512558	     -5.64212387	     -0.61624539	      0.62506904	     -0.64680978	     63.87458460	     -1.12525556	      3.91553127	     97.91195787	      1.70888604	     14.60847752	     -6.87253575	     -8.46311539	     63.64625527	     -9.66902601	      3.06518126	    102.50445523	      1.78904024	     22.01567602	     -1.64905111	     -8.46311539	    -38.17376571	      4.30347725	      6.23721637	     -0.67994213	    -18.62345845	      1.93393737	     65.16038283	     84.72295924	     -0.16950095	    -11.09684025	      0.95396143	     62.43001037	     62.03241350
      0.22000000	     20.89857014	     -3.97802058	     -5.61871443	     -0.61710591	      0.62538535	     -0.64774058	     64.01429391	     -1.16591984	      3.98154575	     97.85969307	      1.70797385	     14.47355008	     -6.85459088	     -8.44654018	     63.75640753	     -9.55249758	      3.05343885	    102.43672766	      1.78785817	     21.83767593	     -1.70033500	     -8.44654018	    -38.30998705	      4.29570939	      6.14334109	     -0.64011922	    -18.61618261	      1.87805327	     65.25772826	     84.33673087	     -0.10948983	    -11.13915484	      0.91031821	     62.64719349	     61.98753900
      0.23000000	     20.74931414	     -3.94311306	     -5.61410115	     -0.61711401	      0.62531287	     -0.64890429	     64.21185855	     -1.22997709	      3.99004218	     97.81528064	      1.70719871	     14.52126717	     -6.72769475	     -8.41260388	     63.92433074	     -9.45972453	      3.03730401	    102.38852234	      1.78701683	     21.71302828	     -1.82730840	     -8.41260388	    -38.40254914	      4.28649270	      6.11592199	     -0.50669945	    -18.76708867	      1.81320511	     65.36146930	     83.99700882	      0.08733102	    -11.25454288	      0.89826266	     62.90046183	     61.98869577
      0.24000000	     20.63556966	     -3.91745527	     -5.64049677	     -0.61644465	      0.62486622	     -0.64955847	     64.36171289	     -1.24636510	      4.01593867	     97.78301873	      1.70663563	     14.48357633	     -6.73196043	     -8.41214040	     64.03840746	     -9.40799397	      3.02073475	    102.38052508	      1.78687725	     21.68486677	     -1.85431921	     -8.41214040	    -38.51281828	      4.27603981	      6.04799264	     -0.46287128	    -18.83062870	      1.72808065	     65.44585687	     83.83750505	      0.17184505	    -11.34102260	      0.85796864	     63.14563917	     61.97741934
      0.25000000	     20.31358041	     -3.87488587	     -5.61947804	     -0.61534436	      0.62420453	     -0.64945535	     64.71104833	     -1.31583252	      4.03006140	     97.78036736	      1.70658935	     14.71031992	     -6.40988253	     -8.39345112	     64.38658199	     -9.32230216	      3.02340115	    102.40065187	      1.78722853	     21.70926899	     -1.91762036	     -8.39345112	    -38.45786183	      4.26288541	      6.07214614	     -0.64184137	    -19.00359984	      1.65120183	     65.69831642	     84.21126816	      0.17906256	    -11.55010812	      1.12955782	     63.77325962	     62.25552982
      0.26000000	     20.20307268	     -3.81504335	     -5.59736009	     -0.61493491	      0.62431112	     -0.64874470	     64.83625207	     -1.37453134	      4.06545823	     97.78756181	      1.70671492	     14.64873823	     -6.49150624	     -8.38035648	     64.48479888	     -9.23739361	      2.98239440	    102.42279076	      1.78761493	     21.71597665	     -2.03044158	     -8.38035648	    -38.63884570	      4.23619342	      5.94979040	     -0.56351857	    -19.03108029	      1.55035710	     65.76927039	     83.92094707	      0.32525097	    -11.65422486	      1.05561772	     63.91514001	     62.23134384
      0.27000000	     20.07485721	     -3.74380793	     -5.56770323	     -0.61506788	      0.62461095	     -0.64809955	     64.96987140	     -1.40988666	      4.13105319	     97.80526200	      1.70702385	     14.60223764	     -6.54983822	     -8.37333056	     64.60101311	     -9.16588235	      2.92469691	    102.43957877	      1.78790793	     21.72261786	     -2.10980535	     -8.37333056	    -38.87329523	      4.19660267	      5.86134902	     -0.51215024	    -19.02958543	      1.48163073	     65.82407408	     83.68554910	      0.40838963	    -11.72188548	      1.00100535	     64.03248181	     62.20465181
      0.28000000	     19.69137927	     -3.60853225	     -5.61572229	     -0.61502468	      0.62399359	     -0.64780992	     65.44292056	     -1.45966914	      4.23179602	     97.89378783	      1.70856891	     14.77173897	     -6.41837422	     -8.34522493	     65.01804530	     -9.11745472	      2.81662971	    102.53131914	      1.78950911	     21.91263708	     -2.08441732	     -8.34522493	    -38.87089748	      4.06347553	      5.92236068	     -0.61839730	    -19.18629149	      1.23560079	     66.34081820	     84.39890608	      0.42056918	    -12.07467104	      1.21182359	     64.70686740	     62.72545818
      0.29000000	     19.53647919	     -3.53714082	     -5.59385627	     -0.61510750	      0.62420317	     -0.64750589	     65.58905877	     -1.51129201	      4.26256440	     97.90830778	      1.70882234	     14.73332373	     -6.58946597	     -8.34242562	     65.12597823	     -9.04408779	      2.76052547	    102.54486073	      1.78974545	     21.99246307	     -2.20202849	     -8.34242562	    -39.13452310	      3.99794148	      5.85856466	     -0.49660192	    -19.19209771	      1.13866785	     66.44221553	     84.10751049	      0.50292095	    -12.18123376	      1.11391164	     64.84813142	     62.67495205
      0.30000000	     19.23929950	     -3.44992500	     -5.57954199	     -0.61563702	      0.62467600	     -0.64656713	     65.89048373	     -1.54346618	      4.30798797	     97.90052271	      1.70868646	     14.76882927	     -6.58566052	     -8.34135126	     65.38801739	     -8.98099999	      2.70171959	    102.54089655	      1.78967626	     22.11643150	     -2.21991491	     -8.34135126	    -39.35357673	      3.91229325	      5.83300934	     -0.34802250	    -19.28508208	      1.03084272	     66.60144158	     84.04775135	      0.70464864	    -12.41121925	      1.01324301	     65.05084618	     62.70656063
      0.31000000	     18.70409230	     -3.27334875	     -5.56338912	     -0.61650723	      0.62424574	     -0.64549582	     66.50555963	     -1.64434701	      4.39613518	     97.95756868	      1.70968210	     14.86960966	     -6.39079061	     -8.19889256	     65.93173843	     -8.86717983	      2.59491933	    102.57224011	      1.79022331	     22.28158721	     -2.10542436	     -8.19889256	    -39.32323253	      3.75230096	      6.17821074	     -0.89818352	    -19.12623396	     -0.41795501	     67.29851682	     90.37431334	      1.05532348	    -12.66664551	      1.35469283	     65.23236168	     66.90536715
      0.32000000	     18.44996188	     -3.22990376	     -5.50189669	     -0.61762581	      0.62350911	     -0.64528374	     66.75203062	     -1.68865949	      4.38522184	     97.95614911	      1.70965732	     14.86770219	     -6.41439415	     -8.18257849	     66.17253250	     -8.80104079	      2.57779942	    102.57069610	      1.79019636	     22.28275424	     -2.21950609	     -8.18257849	    -39.63188363	      3.71025866	      6.11612081	     -0.68259770	    -19.16696180	     -0.46805631	     67.38254266	     89.95852679	      1.34644832	    -12.85276062	      1.24644095	     65.40744426	     66.79166676
      0.33000000	     18.15014491	     -3.16618259	     -5.53088391	     -0.61728176	      0.62312962	     -0.64602518	     67.02654449	     -1.68510879	      4.41615979	     97.95969921	      1.70971929	     14.93481544	     -6.58789225	     -8.19343365	     66.39033635	     -8.76070883	      2.51724487	    102.59529109	      1.79062563	     22.53286193	     -2.27927742	     -8.19343365	    -39.92024646	      3.65120826	      6.05569576	     -0.45340381	    -19.20544850	     -0.54302487	     67.47481582	     90.05391584	      1.60107714	    -13.03300751	      1.14052089	     65.59514890	     66.71822316
      0.34000000	     17.35692634	     -2.97056883	     -5.56214528	     -0.61524224	      0.62305799	     -0.64696818	     67.87522870	     -1.75125898	      4.54878343	     98.03485720	      1.71103104	     15.10453833	     -6.39643716	     -8.14716842	     67.13464007	     -8.63840116	      2.39103114	    102.66192290	      1.79178857	     22.73844949	     -2.25657300	     -8.14716842	    -39.76633778	      3.50230559	      5.93399260	     -0.32481321	    -19.40004795	     -0.55973753	     67.78199243	     89.43709086	      1.69693921	    -13.54903422	      1.34298123	     66.33822736	     66.81784718
      0.35000000	     16.99331048	     -2.91014093	     -5.54737639	     -0.61361590	      0.62430125	     -0.64792284	     68.12429351	     -1.81502687	      4.57183583	     98.00403304	      1.71049306	     15.22090454	     -6.50206727	     -8.11166026	     67.33460966	     -8.51634169	      2.34157644	    102.67176758	      1.79196039	     22.85429109	     -2.57912236	     -8.11166026	    -40.14768709	      3.48577615	      5.86157393	     -0.03704394	    -19.54976298	     -0.66515380	     67.82610337	     88.67879200	      2.03883030	    -13.77300210	      1.24722037	     66.43880619	     66.68726008
      0.36000000	     16.55027278	     -2.81488544	     -5.58214730	     -0.61263054	      0.62468529	     -0.64867595	     68.48770362	     -1.84379280	      4.64492402	     98.00063077	      1.71043368	     15.27688662	     -6.62756291	     -8.11265676	     67.63064764	     -8.43379627	      2.26012967	    102.71239181	      1.79266942	     23.12992054	     -2.63020203	     -8.11265676	    -40.44128756	      3.41954556	      5.73182185	      0.20506972	    -19.71333339	     -0.84055428	     67.84412554	     88.67946275	      2.34693588	    -14.05819880	      1.11755547	     66.52903276	     66.67552916
      0.37000000	     15.72559043	     -2.52318119	     -5.60569480	     -0.61124222	      0.62386408	     -0.64894588	     69.35422586	     -1.97361017	      4.87605771	     98.11431098	      1.71241777	     15.42917066	     -6.60141612	     -8.10063204	     68.38923209	     -8.28054640	      2.00299123	    102.83254281	      1.79476645	     23.44261354	     -2.61459308	     -8.10063204	    -40.22037096	      3.19599967	      5.49891614	      0.13375049	    -19.67898470	     -1.11115035	     67.98316530	     88.89234679	      2.38996084	    -14.38286354	      1.15166189	     66.72225627	     67.05176821
      0.38000000	     15.13417601	     -2.32677348	     -5.59867546	     -0.60972398	      0.62403503	     -0.64818293	     69.91644728	     -2.07169133	      5.01238534	     98.21300664	      1.71414033	     15.59489139	     -6.66512657	     -8.00837191	     68.86550776	     -8.14104030	      1.81969320	    102.90978106	      1.79611451	     23.65651215	     -2.80635751	     -8.00837191	    -40.41255572	      3.01423142	      5.75915425	     -0.35534971	    -19.51287829	     -2.74154993	     68.59756961	     93.04723966	      2.83122278	    -14.51242761	      1.06729450	     66.66197510	     72.25817739
      0.39000000	     14.75039615	     -2.26881552	     -5.56475561	     -0.60844135	      0.62516044	     -0.64666176	     70.17703643	     -2.09669557	      5.02804696	     98.26150212	      1.71498674	     15.72089017	     -6.86142173	     -8.00863489	     69.11165895	     -8.08238793	      1.74213921	    102.97699197	      1.79728756	     23.91554153	     -2.94849824	     -8.00863489	    -40.85298310	      2.94636216	      5.66182284	     -0.12706454	    -19.63128761	     -2.83927485	     68.66550180	     93.03857544	      3.02740269	    -14.68564085	      0.93998131	     66.73640980	     72.10017327
      0.40000000	     14.29075602	     -2.19168233	     -5.54300882	     -0.60716128	      0.62590770	     -0.64573491	     70.53972896	     -2.12911762	      5.05311206	     98.31204387	      1.71586886	     15.88735677	     -7.06341495	     -8.01236513	     69.45032455	     -8.02348539	      1.65633136	    103.04265072	      1.79843352	     24.21987322	     -3.05783551	     -8.01236513	    -41.27735953	      2.83578711	      5.57524316	      0.24377716	    -19.80448155	     -2.98499347	     68.80423552	     93.15492918	      3.32181400	    -14.92143860	      0.79150354	     66.84070420	     71.97517965
      0.41000000	     13.03145911	     -1.80706708	     -5.51457815	     -0.60437229	      0.62479649	     -0.64585566	     71.90824192	     -2.32833570	      5.30562620	     98.48896259	      1.71895667	     16.25639573	     -6.88391311	     -8.01123335	     70.68289049	     -7.82500915	      1.36361533	    103.12857272	      1.79993315	     24.49677954	     -3.08435912	     -8.01123335	    -40.83693382	      2.56417511	      5.21558211	      0.46999536	    -19.97710186	     -3.21028231	     69.55686395	     93.38894473	      3.38822297	    -15.48142077	      0.77788555	     67.26859107	     72.13821144
      0.42000000	     12.60502153	     -1.72140247	     -5.39413484	     -0.60213230	      0.62516117	     -0.64602302	     72.20001128	     -2.48299601	      5.30456678	     98.54389317	      1.71991539	     16.34335730	     -7.21369280	     -7.98613123	     70.95998446	     -7.67523517	      1.28059396	    103.17055257	      1.80066583	     24.71670300	     -3.46141864	     -7.98613123	    -41.42349079	      2.47723932	      5.07090659	      1.13699095	    -20.14037072	     -3.39894208	     69.69706922	     92.46993986	      3.87490639	    -15.68532826	      0.56301257	     67.49137898	     71.46032431
      0.43000000	     11.26752191	     -1.35147538	     -5.39150718	     -0.60013593	      0.62404317	     -0.64422336	     73.61945373	     -2.60633099	      5.54599787	     98.74532049	      1.72343096	     16.84950455	     -6.89842241	     -7.88621769	     72.24746915	     -7.59495965	      0.96827736	    103.24709524	      1.80200176	     24.96557443	     -3.39763795	     -7.88621769	    -40.95985240	      2.11311378	      5.24615908	      1.00210098	    -20.30918548	     -4.47252974	     70.44395289	     95.53467235	      4.56341688	    -16.21106265	      0.77020382	     67.37816348	     77.68418596
      0.44000000	     10.33913904	     -1.17234574	     -5.32401508	     -0.59889399	      0.62407602	     -0.64167136	     74.51006541	     -2.70641884	      5.58584272	     98.88827959	      1.72592607	     17.25775780	     -6.87306916	     -7.87724680	     73.09581242	     -7.56015591	      0.81699403	    103.29069504	      1.80276272	     25.25495313	     -3.38919507	     -7.87724680	    -40.97714591	      1.92359676	      5.04378384	      1.55808611	    -20.58000480	     -4.55136429	     70.83748098	     95.38298202	      5.03277458	    -16.70954986	      0.69467772	     67.57613059	     77.65105942
      0.45000000	      9.36320293	     -1.00719897	     -5.30393195	     -0.59685117	      0.62458325	     -0.63993291	     75.42816447	     -2.75692001	      5.61333440	     98.99960082	      1.72786899	     17.70747567	     -6.80391139	     -7.87682308	     73.96763496	     -7.56155625	      0.69005088	    103.29707887	      1.80287413	     25.47754570	     -3.40698172	     -7.87682308	    -40.91100161	      1.67150682	      4.88345402	      2.20118143	    -20.92298121	     -4.70305657	     71.27242345	     95.77765616	      5.51686012	    -17.23400443	      0.63970778	     67.69893322	     77.72853305
      0.46000000	      8.78885452	     -0.93440627	     -5.24682668	     -0.59570672	      0.62564182	     -0.63954835	     75.84637220	     -2.82686269	      5.57104524	     99.03158485	      1.72842722	     17.99653501	     -7.04665433	     -7.87010530	     74.39081631	     -7.55261201	      0.60006384	    103.26988663	      1.80239954	     25.70777369	     -3.55582382	     -7.87010530	    -41.28943046	      1.54826929	      4.81643680	      3.18102598	    -21.31201430	     -4.96968727	     71.52724072	     95.58474766	      6.29675458	    -17.59296829	      0.38361298	     67.90124508	     77.34056578
      0.47000000	      7.32377189	     -0.64837827	     -5.31729817	     -0.59510716	      0.62460630	     -0.63887614	     77.31376206	     -2.81566839	      5.70031413	     99.11358162	      1.72985833	     18.58436921	     -6.75823698	     -7.85421231	     75.79715513	     -7.65398771	      0.35992257	    103.25467943	      1.80213412	     25.94823164	     -3.23261084	     -7.85421231	    -40.78239219	      1.22382559	      4.60223557	      3.94942089	    -21.77223658	     -4.99837952	     72.55297727	     95.27097285	      6.85184536	    -18.36964837	      0.50341030	     68.22577081	     77.12206044
      0.48000000	      6.04819585	     -0.39013740	     -5.24007256	     -0.59366960	      0.62386033	     -0.63802901	     78.52365977	     -2.95165728	      5.77993512	     99.16800145	      1.73080814	     19.02075976	     -6.69026533	     -7.81084117	     76.97707816	     -7.57908303	      0.15519585	    103.19030551	      1.80101059	     26.19576611	     -3.14234718	     -7.81084117	    -40.45810422	      0.95094671	      4.42407503	      4.72925288	    -22.31222396	     -5.04322991	     73.35284608	     93.53284902	      7.63585052	    -19.06781663	      0.65300005	     68.60853032	     76.55863803
      0.49000000	      4.80809676	     -0.19097363	     -5.14908545	     -0.58911786	      0.62428248	     -0.63715707	     79.58673814	     -3.07255516	      5.79964768	     99.14801827	      1.73045937	     19.45627943	     -6.69131812	     -7.77862925	     78.02740662	     -7.48470864	     -0.00509256	    103.04137476	      1.79841126	     26.17528616	     -3.37292873	     -7.77862925	    -40.09729293	      0.69628195	      4.90513894	      4.67128361	    -22.68376365	     -6.79378578	     74.50306456	     98.19905277	      8.98074949	    -19.48496541	      1.13798501	     68.28415459	     83.15790150
      0.50000000	      4.04536125	     -0.14348426	     -5.14213030	     -0.58328476	      0.62668393	     -0.63661541	     79.98267699	     -3.07448109	      5.72643028	     99.02736569	      1.72835358	     19.82731055	     -6.83177022	     -7.77812702	     78.43589146	     -7.51328975	     -0.07555983	    102.85455833	      1.79515069	     26.36408766	     -3.41866477	     -7.77812702	    -40.23907011	      0.51852484	      4.89011810	      5.52440007	    -23.20829219	     -7.05019872	     74.81096910	     98.18279595	      9.74329593	    -19.88257301	      0.93300823	     68.46855800	     83.16998865
      0.51000000	      2.31753065	      0.22409312	     -5.17138852	     -0.57804849	      0.62726259	     -0.63610731	     81.51861577	     -3.06268931	      5.95473975	     99.02266870	      1.72827160	     20.47808396	     -6.68677829	     -7.76947501	     79.84361094	     -7.50387103	     -0.38898764	    102.69425609	      1.79235289	     26.66573042	     -3.33180577	     -7.76947501	    -39.12312790	      0.19458360	      4.58037174	      6.00233786	    -23.76781027	     -6.76826742	     75.82748167	     98.23051160	      9.89438753	    -20.57769996	      0.96725267	     68.92932794	     82.94050509
      0.52000000	      1.51091596	      0.28578554	     -5.11865865	     -0.57583353	      0.62973730	     -0.63584677	     81.85807019	     -3.08293464	      5.89911736	     98.83705833	      1.72503209	     20.88977376	     -6.96032167	     -7.76520114	     80.19271435	     -7.44920794	     -0.45499806	    102.43814443	      1.78788290	     27.00775930	     -3.52163589	     -7.76520114	    -39.13655953	      0.06482994	      4.53581486	      7.04139819	    -24.35564169	     -7.03313943	     76.12542254	     98.05654674	     10.72044780	    -20.96961333	      0.74190673	     69.16484581	     82.66432911
      0.53000000	     -0.36143216	      0.67312205	     -5.02490884	     -0.57305722	      0.63094665	     -0.63545220	     83.45075100	     -3.18854443	      6.11026659	     98.70662744	      1.72275564	     21.36356692	     -6.76905634	     -7.75848385	     81.65656187	     -7.27485536	     -0.73709593	    102.12669671	      1.78244711	     27.05516333	     -3.58450253	     -7.75848385	    -37.90296960	     -0.18019496	      4.26306552	      7.50511141	    -25.22069560	     -6.64338874	     77.18938497	     98.11478524	     11.15041491	    -21.77662395	      1.12527601	     69.38619300	     83.20766682
      0.54000000	     -1.66093956	      0.91439987	     -4.96738115	     -0.56953821	      0.63378488	     -0.63476713	     84.31199020	     -3.20217866	      6.23014924	     98.46890085	      1.71860653	     21.80375135	     -6.82583394	     -7.74891053	     82.44562158	     -7.16816220	     -0.92673870	    101.77455052	      1.77630100	     27.25788568	     -3.62815808	     -7.74891053	    -37.27456409	     -0.37525466	      4.03190944	      8.28817722	    -25.91838706	     -6.54646499	     77.77353038	     97.97557454	     11.65859931	    -22.36295283	      1.01504387	     69.56052050	     82.88505184
      0.55000000	     -2.49021532	      1.01969868	     -4.90150211	     -0.56526346	      0.63746263	     -0.63387589	     84.56169364	     -3.20914049	      6.24125717	     98.14925462	      1.71302765	     22.14795915	     -7.08342231	     -7.75035585	     82.67725815	     -7.05377937	     -1.01373011	    101.37802764	      1.76938037	     27.59388543	     -3.73839801	     -7.75035585	    -37.10218173	     -0.50227731	      3.95018267	      9.21222380	    -26.53459185	     -6.87327333	     77.94186717	     98.26815284	     12.36816974	    -22.77630489	      0.70130503	     69.70774994	     82.71859994
      0.56000000	     -3.99230516	      1.30295349	     -4.83474294	     -0.55962260	      0.63991104	     -0.63303304	     85.56557443	     -3.25556590	      6.37245894	     97.85653620	      1.70791875	     22.53581335	     -7.08954186	     -7.74663600	     83.58763587	     -6.85542026	     -1.19627444	    100.94340464	      1.76179477	     27.64146650	     -3.98839530	     -7.74663600	    -35.99555597	     -0.65568683	      3.80065963	      9.68873090	    -27.43947497	     -6.58317015	     78.66429342	     98.25666324	     12.88487777	    -23.36720849	      0.83607076	     69.46899588	     83.18323630
      0.57000000	     -4.76609117	      1.38230745	     -4.82917076	     -0.55398166	      0.64417548	     -0.63250272	     85.64646390	     -3.21677080	      6.35235381	     97.45444904	      1.70090101	     22.84674758	     -7.22901052	     -7.74606256	     83.65924362	     -6.75364339	     -1.23243202	    100.47651573	      1.75364602	     27.91163593	     -4.08555292	     -7.74606256	    -35.74099529	     -0.75041910	      3.83026172	     10.46301855	    -28.12153967	     -6.87771375	     78.86652817	     98.23140286	     13.49274493	    -23.81497331	      0.63428182	     69.52608068	     83.23887138
      0.58000000	     -5.96466906	      1.61769905	     -4.78117188	     -0.54856870	      0.64764377	     -0.63224713	     86.26234631	     -3.22071844	      6.47370525	     97.13424746	      1.69531243	     23.06983789	     -7.38216887	     -7.74073433	     84.21402760	     -6.56664574	     -1.34864170	    100.01439028	      1.74558041	     28.13777327	     -4.34410133	     -7.74073433	    -34.72262273	     -0.89314877	      3.79442445	     10.99591019	    -29.16757595	     -6.27357062	     79.13605493	     98.12744581	     14.03057848	    -24.35692733	      0.96237836	     68.98838486	     83.83416298
      0.59000000	     -6.81826102	      1.73489234	     -4.75666072	     -0.54463147	      0.65194584	     -0.63208932	     86.45416145	     -3.16574633	      6.51858225	     96.72997873	      1.68825661	     23.20888121	     -7.53269460	     -7.72770285	     84.40488314	     -6.43450076	     -1.36356892	     99.50869033	      1.73675428	     28.40475875	     -4.46131504	     -7.72770285	    -34.13399997	     -0.95629363	      3.79062462	     11.70204247	    -30.05774592	     -5.84154148	     79.17597032	     97.50932026	     14.45953621	    -24.87726758	      1.01077699	     68.86478950	     83.49449707
      0.60000000	     -7.57251864	      1.83992836	     -4.72501636	     -0.54107971	      0.65682698	     -0.63245223	     86.50607362	     -3.11901105	      6.57594475	     96.25014446	      1.67988193	     23.31193053	     -7.73959164	     -7.71663044	     84.45626746	     -6.25376047	     -1.36884736	     98.94803589	      1.72696901	     28.56437802	     -4.70726111	     -7.71663044	    -33.51894854	     -0.98207603	      3.81975562	     12.36041363	    -31.00656219	     -5.34523200	     78.98792088	     96.91883008	     14.95638221	    -25.31785540	      1.23869924	     68.54310440	     83.60289422
      0.61000000	     -8.04514313	      1.87476570	     -4.69797951	     -0.53694471	      0.66274836	     -0.63328152	     86.19759320	     -3.08124017	      6.56758763	     95.71105686	      1.67047307	     23.46951850	     -7.97622644	     -7.70857655	     84.15010481	     -6.04038431	     -1.30314633	     98.34471080	      1.71643901	     28.82220596	     -4.94034497	     -7.70857655	    -33.22706840	     -0.98954373	      3.78999220	     12.93872808	    -31.35188099	     -5.59463244	     78.81923964	     96.30674865	     15.29321761	    -25.55943357	      0.93124771	     68.66694533	     82.91526851
      0.62000000	     -8.88377764	      2.11329869	     -4.76885130	     -0.53218728	      0.66873420	     -0.63397201	     86.27791074	     -2.95089590	      6.77805560	     95.08306594	      1.65951256	     23.48049075	     -8.14576347	     -7.70388609	     84.11516157	     -5.88128698	     -1.44692088	     97.61462884	      1.70369667	     28.87010272	     -5.34065639	     -7.70388609	    -32.33705909	     -1.16790984	      3.82310277	     13.23184827	    -32.46731713	     -4.56134657	     78.52343085	     96.16607420	     15.81486122	    -25.89205006	      1.43054804	     67.89972160	     83.36870168
      0.63000000	     -9.41692660	      2.15345111	     -4.78850679	     -0.52764550	      0.67562925	     -0.63427198	     85.90805556	     -2.86473149	      6.78291641	     94.38490709	      1.64732739	     23.59629778	     -8.21175812	     -7.70280577	     83.74672196	     -5.71695814	     -1.42277961	     96.89159069	      1.69107728	     29.07721918	     -5.45958242	     -7.70280577	    -31.94942237	     -1.13382503	      3.75929704	     13.45613432	    -32.86456019	     -4.68054947	     78.47080748	     96.07341965	     15.96390512	    -26.14318724	      1.38560394	     67.82747840	     83.38962819
      0.64000000	     -9.78187958	      2.24159351	     -4.77009845	     -0.52263603	      0.68291308	     -0.63432967	     85.32057213	     -2.83066152	      6.86093024	     93.65137626	      1.63452486	     23.56015674	     -8.51745444	     -7.69234437	     83.13560168	     -5.44621912	     -1.44121652	     96.08482909	      1.67699663	     29.20378541	     -5.99154505	     -7.69234437	    -31.31932978	     -1.10037856	      3.64972195	     14.01894827	    -33.48757590	     -3.56625114	     77.36429902	     95.50673865	     16.58980690	    -26.36322521	      2.22752472	     66.35654368	     84.17196763
      0.65000000	    -10.10315744	      2.30535590	     -4.75102222	     -0.51694256	      0.68978850	     -0.63417034	     84.66060779	     -2.80789616	      6.90477026	     92.89552114	      1.62133270	     23.53292832	     -8.79640749	     -7.69007473	     82.45790004	     -5.19175313	     -1.43540939	     95.23978032	      1.66224775	     29.36905752	     -6.44567139	     -7.69007473	    -30.87859978	     -1.09339021	      3.51243376	     13.88992196	    -33.77570489	     -3.48015032	     77.12462662	     95.37562699	     16.59599278	    -26.43100578	      2.22961596	     66.08050180	     84.28203562
      0.66000000	    -10.37730877	      2.36437019	     -4.74475598	     -0.51242928	      0.69642719	     -0.63341697	     83.94788758	     -2.77481566	      6.94759223	     92.10075045	      1.60746134	     23.52029577	     -8.95257683	     -7.67756650	     81.73474861	     -4.98309135	     -1.42374359	     94.35244710	      1.64676086	     29.40589593	     -6.85829918	     -7.67756650	    -30.32954783	     -1.05348204	      3.27536087	     13.96113768	    -34.02936335	     -2.79136140	     76.68933555	     94.50094609	     16.74360062	    -26.62091978	      2.49580986	     65.35703289	     83.63027657
      0.67000000	    -10.56884400	      2.33078728	     -4.67961747	     -0.51021101	      0.70443307	     -0.63217889	     83.08051844	     -2.80463560	      6.84997128	     91.18056139	      1.59140101	     23.47981189	     -9.15909743	     -7.66999211	     80.90168714	     -4.76417326	     -1.31579979	     93.35155943	      1.62929207	     29.47006424	     -7.25007395	     -7.66999211	    -29.89428210	     -0.97922300	      3.03304075	     14.08649600	    -34.03503216	     -2.34947129	     76.13453304	     93.95165043	     17.05718642	    -26.83854855	      2.87706892	     64.70798956	     83.27205378
      0.68000000	    -10.81603701	      2.32802399	     -4.60830014	     -0.50824902	      0.71447448	     -0.63077489	     82.20320832	     -2.79895853	      6.80233633	     90.13468227	      1.57314698	     23.42236709	     -9.31234654	     -7.64281079	     80.03445008	     -4.58751006	     -1.23965246	     92.21805092	      1.60950862	     29.59659670	     -7.42540481	     -7.64281079	    -29.40805738	     -0.93876284	      2.80831826	     14.15094026	    -34.07943297	     -1.49941238	     75.36189035	     91.10754062	     17.45527016	    -27.07017237	      3.56739723	     63.83900788	     82.14333289
      0.69000000	    -11.03832179	      2.27136865	     -4.48053277	     -0.50432092	      0.72525716	     -0.62936397	     81.19461180	     -2.86707935	      6.64988791	     88.94290994	      1.55234662	     23.40593420	     -9.38102120	     -7.61694336	     79.05625029	     -4.39825468	     -1.13130145	     90.93652773	      1.58714182	     29.65180743	     -7.55649248	     -7.61694336	    -28.98355948	     -0.84108746	      2.52180679	     13.97995049	    -33.95285599	     -0.93547793	     75.04729420	     88.37322776	     17.52647125	    -27.11998783	      3.72148534	     63.28463300	     80.45440161
      0.70000000	    -10.92127981	      2.22499900	     -4.42410086	     -0.49864461	      0.73526064	     -0.62710716	     79.76474893	     -2.82024390	      6.57644139	     87.68411370	      1.53037649	     23.20661999	     -9.62127603	     -7.61382706	     77.64486545	     -4.27080660	     -1.08329040	     89.58062551	      1.56347686	     29.53183497	     -7.99864986	     -7.61382706	    -28.72574541	     -0.87630854	      2.34228217	     13.76517377	    -33.38627701	     -0.90830190	     74.15323511	     88.64802948	     17.66040759	    -27.06598140	      3.94158519	     62.40376937	     80.71258748
      0.71000000	    -10.98223590	      2.16267032	     -4.36143757	     -0.49298423	      0.74347682	     -0.62463207	     78.53965342	     -2.74437945	      6.47756935	     86.48301299	      1.50941332	     23.16412658	     -9.63549660	     -7.60607876	     76.44891881	     -4.20938590	     -1.04006163	     88.27019604	      1.54060555	     29.60476446	     -8.13150069	     -7.60607876	    -27.97980108	     -0.88971222	      2.32071424	     13.24620795	    -32.89440016	     -0.70212689	     73.10341084	     89.99342360	     17.90284287	    -26.97195642	      4.63871476	     60.98718247	     81.76286224
      0.72000000	    -11.01099985	      2.07817984	     -4.26975642	     -0.48810599	      0.75217732	     -0.62327761	     77.29249727	     -2.68769939	      6.37131364	     85.30931056	      1.48892835	     23.05643427	     -9.73584744	     -7.59986796	     75.23115021	     -4.12623264	     -0.97513161	     86.97424013	      1.51798685	     29.67484566	     -8.31979587	     -7.59986796	    -27.50140039	     -0.87100066	      2.08145445	     12.47444481	    -32.25528694	     -0.84271960	     72.87040660	     88.82009070	     17.14758990	    -26.86122106	      4.23963521	     61.37652970	     80.59494155
      0.73000000	    -10.75113584	      1.96963400	     -4.27120716	     -0.48349038	      0.76332504	     -0.62303615	     75.63617316	     -2.53032013	      6.30608299	     83.97222597	      1.46559182	     22.90803980	     -9.92111991	     -7.57682203	     73.58668749	     -4.11543393	     -0.91930993	     85.52230323	      1.49264578	     29.46936255	     -8.77754961	     -7.57682203	    -27.06477833	     -0.84092322	      2.28722272	     11.58396915	    -31.52494064	     -1.53095849	     71.86654925	     92.17383863	     17.50525917	    -26.44782084	      4.83382080	     59.40237635	     83.45713792
      0.74000000	    -10.63516818	      1.94239802	     -4.13442643	     -0.47936102	      0.77510245	     -0.62330706	     74.12924478	     -2.57735621	      6.23986812	     82.58345765	      1.44135324	     22.71400973	    -10.04037053	     -7.56552053	     72.05185272	     -3.93651318	     -0.89382202	     83.95964343	      1.46537222	     29.45390710	     -8.88779232	     -7.56552053	    -26.69567327	     -0.81811813	      1.86572304	     10.95870271	    -30.78324130	     -1.24807529	     71.26957271	     88.32898539	     16.60314716	    -26.23995995	      4.34262973	     59.29377250	     80.59293813
      0.75000000	    -10.40101356	      1.82311495	     -4.15745844	     -0.47607801	      0.78717177	     -0.62276131	     72.39512671	     -2.42742996	      6.11483931	     80.98900977	      1.41352488	     22.45893456	    -10.12349149	     -7.55021127	     70.32054428	     -3.97161594	     -0.86246765	     82.27749545	      1.43601320	     29.11460949	     -9.28910620	     -7.55021127	    -26.23042174	     -0.79628909	      1.95834185	     10.44593744	    -30.02267496	     -1.40209225	     69.72631621	     91.89507436	     16.53654664	    -25.99265766	      5.02323359	     57.76984235	     83.49800985
      0.76000000	    -10.20757031	      1.72036185	     -4.02138120	     -0.47215516	      0.79819005	     -0.62225155	     70.72107741	     -2.43716139	      5.96333894	     79.42099746	      1.38615790	     22.14299686	    -10.45526593	     -7.54439103	     68.64430023	     -3.78723398	     -0.76510343	     80.57336066	      1.40627043	     28.62175464	     -9.91039685	     -7.54439103	    -26.10458032	     -0.72120293	      1.65263510	      9.48972644	    -29.16818904	     -1.77871758	     69.62967736	     87.93084343	     15.11339962	    -25.69122194	      4.06766838	     58.83147069	     80.52887051
      0.77000000	     -9.94702417	      1.61360873	     -4.04828576	     -0.46650233	      0.80928428	     -0.62189486	     68.90165285	     -2.27588646	      5.90321128	     77.76322638	      1.35722434	     21.90949032	    -10.36101778	     -7.53991387	     66.75507216	     -3.79743756	     -0.78729814	     78.82770125	      1.37580293	     28.68293594	     -9.76775722	     -7.53991387	    -25.17577811	     -0.62427857	      1.60186235	      9.20616486	    -28.64415302	     -0.55225812	     67.19529355	     89.49940133	     15.08182862	    -25.25509491	      5.14303824	     55.82859808	     81.80217570
      0.78000000	     -9.71993587	      1.22945906	     -3.89420843	     -0.46094133	      0.82040454	     -0.62264218	     67.02644689	     -2.18031200	      5.51683664	     76.02645759	      1.32691200	     21.66558477	    -10.42896578	     -7.53317345	     64.98536404	     -3.70681315	     -0.41140166	     77.12930156	      1.34616026	     28.40771060	    -10.06075069	     -7.53317345	    -24.91486977	     -0.12494362	      1.41106891	      8.02905033	    -27.96720572	     -0.83076037	     67.09416952	     85.96992279	     13.45347055	    -24.85876414	      4.48345949	     56.54716426	     79.28532565
      0.79000000	     -9.16168604	      1.47031741	     -4.01366603	     -0.45677263	      0.83298530	     -0.62298378	     64.94148037	     -2.15597406	      5.85913145	     74.25720039	      1.29603264	     21.21123323	    -10.47647131	     -7.52745395	     62.63013568	     -3.54938444	     -0.79322549	     75.07321899	      1.31027485	     28.08034729	    -10.21701101	     -7.52745395	    -24.45574275	     -0.50626379	      1.52600859	      7.52965310	    -27.01490125	     -1.19365403	     64.91754124	     93.48584866	     13.58483200	    -24.12738283	      4.64283072	     54.08067285	     85.80458527
      0.80000000	     -8.71630887	      1.38920616	     -4.05119164	     -0.45304760	      0.84558618	     -0.62365796	     62.84654504	     -2.08419584	      5.85188829	     72.31867690	      1.26219902	     20.81904291	    -10.42280386	     -7.52506172	     60.46670140	     -3.48319827	     -0.84548087	     73.03679612	      1.27473257	     27.79095243	    -10.31118563	     -7.52506172	    -24.20878452	     -0.39689757	      1.33186403	      7.09660038	    -26.28449215	     -0.72125143	     63.57339997	     90.32344510	     12.70033330	    -23.55230668	      4.32313262	     53.24229659	     83.18569326
      0.81000000	     -8.48530918	      1.23580324	     -3.88877930	     -0.44862796	      0.85736440	     -0.62453590	     60.92767280	     -2.12924049	      5.72010480	     70.31076089	      1.22715428	     20.24627894	    -10.54059329	     -7.52305558	     58.57010973	     -3.21512908	     -0.64636217	     70.96506744	      1.23857408	     27.21759704	    -10.74592867	     -7.52305558	    -23.45742465	     -0.16301119	      1.04545771	      6.93450679	    -25.72659464	      0.27519129	     61.36726967	     90.25448446	     12.23237238	    -23.12092957	      5.12713757	     51.49063606	     83.44697864
      0.82000000	     -8.03611033	      1.21213373	     -3.88589137	     -0.44400044	      0.86896050	     -0.62445886	     58.79406256	     -2.11816538	      5.78561585	     68.26716012	      1.19148672	     19.79406237	    -10.44055825	     -7.51496262	     56.35655393	     -3.07138339	     -0.73108880	     68.80240917	      1.20082857	     26.79911763	    -10.85197751	     -7.51496262	    -23.15935518	     -0.15336015	      0.93061227	      6.30779222	    -24.77524368	     -0.35399785	     59.97484774	     93.89191339	     11.49948190	    -22.36644908	      4.32794589	     50.50721079	     87.16030929
      0.83000000	     -7.64129656	      1.15434234	     -3.85101307	     -0.43989926	      0.88027464	     -0.62372316	     56.68606863	     -2.10108114	      5.81890746	     66.14939048	      1.15452466	     19.34235938	    -10.34797080	     -7.51431525	     54.22245509	     -2.95315842	     -0.78451171	     66.63401488	      1.16298295	     26.28143996	    -10.97024476	     -7.51431525	    -22.73703983	     -0.06823372	      0.79760903	      5.69575818	    -23.91207423	     -0.44240997	     58.58696514	     93.44058195	     10.81104930	    -21.73556765	      4.12098782	     49.41819473	     86.70439394
      0.84000000	     -7.33809143	      1.08748682	     -3.77774454	     -0.43599301	      0.89156296	     -0.62294079	     54.68016994	     -2.12397452	      5.78782926	     63.98606862	      1.11676757	     18.87943333	    -10.11934330	     -7.51373340	     52.21400244	     -2.86616103	     -0.84934434	     64.44144584	      1.12471540	     25.72383133	    -10.94874119	     -7.51373340	    -22.15013474	     -0.01106751	      0.60628912	      5.20340004	    -23.03894194	     -0.28487443	     56.79865953	     93.24552532	     10.24129727	    -21.10600467	      4.18742576	     47.91677581	     86.64077944
      0.85000000	     -6.94935010	      1.02580065	     -3.74811013	     -0.43117878	      0.90284017	     -0.62251923	     52.57896198	     -2.12231627	      5.78415242	     61.76823639	      1.07805910	     18.33764267	     -9.95553103	     -7.51257081	     50.09362283	     -2.80019387	     -0.94600513	     62.18829479	      1.08539050	     25.05031596	    -10.99984112	     -7.51257081	    -21.64626956	      0.05204152	      0.48207599	      4.74669170	    -22.15418561	     -0.06801909	     55.06409872	     92.22322591	      9.61880589	    -20.51279791	      4.33816092	     46.42731002	     86.10900348
      0.86000000	     -6.65207942	      0.92817768	     -3.67491132	     -0.42562247	      0.91360071	     -0.62252362	     50.55479389	     -2.15534776	      5.67736142	     59.49113836	      1.03831624	     17.83061879	     -9.67746229	     -7.51218553	     48.08500091	     -2.75372042	     -1.02713958	     59.90262478	      1.04549803	     24.37204698	    -10.95461803	     -7.51218553	    -20.99263630	      0.13315593	      0.31268777	      4.26373835	    -21.35095740	      0.17989867	     53.19159952	     92.20837869	      9.03870821	    -19.87223151	      4.59889069	     44.74641234	     86.38985903
      0.87000000	     -6.37993352	      0.89210173	     -3.60605095	     -0.42069651	      0.92423576	     -0.62294568	     48.57220495	     -2.24844363	      5.59905137	     57.14075773	      0.99729436	     17.29055321	     -9.28105437	     -7.51156808	     46.11947081	     -2.69017688	     -1.20598790	     57.57621895	      1.00489459	     23.56657723	    -10.79163358	     -7.51156808	    -20.30944133	      0.17038142	      0.09274765	      3.84825997	    -20.63263403	      0.56902429	     51.24084848	     91.54140103	      8.48415476	    -19.28139635	      4.94498756	     43.03259307	     86.31454865
      0.88000000	     -6.18592721	      0.82071102	     -3.52203729	     -0.41683880	      0.93471533	     -0.62397032	     46.67160069	     -2.34362419	      5.45749726	     54.70808862	      0.95483627	     16.61602002	     -8.83765543	     -7.51098100	     44.31259657	     -2.66077912	     -1.36163483	     55.26595542	      0.96457289	     22.62392772	    -10.59507282	     -7.51098100	    -19.61669594	      0.26225288	     -0.10015233	      3.36964248	    -19.98725192	      0.80892454	     49.61797062	     91.37752047	      7.82514747	    -18.71419334	      5.21130875	     41.67660992	     86.48593421
      0.89000000	     -5.98429463	      0.83251271	     -3.48132534	     -0.41260468	      0.94446427	     -0.62465106	     44.79929919	     -2.49194562	      5.36610896	     52.28686798	      0.91257800	     15.97172771	     -8.34645970	     -7.51032434	     42.51539766	     -2.60274893	     -1.63429709	     52.92651497	      0.92374195	     21.65031094	    -10.35711440	     -7.51032434	    -18.91297248	      0.23256391	     -0.29850782	      2.95092653	    -19.35336976	      1.06214569	     47.93321325	     91.04700838	      7.21664609	    -18.15362869	      5.45745974	     40.20812957	     86.55905890
      0.90000000	     -5.80484624	      0.79844223	     -3.39383314	     -0.40650083	      0.95338624	     -0.62438295	     42.89883552	     -2.62658291	      5.20327486	     49.85316873	      0.87010194	     15.37074083	     -7.79890896	     -7.50988540	     40.71451473	     -2.54079899	     -1.84186673	     50.57444299	      0.88269055	     20.67442001	    -10.09139452	     -7.50988540	    -18.07782594	      0.25807820	     -0.46669746	      2.50736266	    -18.74412724	      1.32730055	     46.10186453	     91.09979656	      6.60670083	    -17.53994106	      5.65090703	     38.57337711	     86.92065098
      0.91000000	     -5.71039333	      0.74166393	     -3.34263196	     -0.39897383	      0.96221580	     -0.62356994	     41.01793478	     -2.69103112	      5.07374851	     47.36926478	      0.82674963	     14.70781414	     -7.32319328	     -7.50983713	     38.91793459	     -2.53956759	     -2.10396362	     48.19585325	      0.84117632	     19.73198628	     -9.81488431	     -7.50983713	    -17.10930073	      0.31367500	     -0.51952922	      1.74404643	    -18.08856404	      1.51636871	     44.59303676	     91.38079042	      5.70816139	    -16.89502243	      5.81326160	     37.17505634	     87.35579004
      0.92000000	     -5.39548086	      0.64756297	     -3.34571333	     -0.39222548	      0.97114827	     -0.62322139	     38.83717349	     -2.70160454	      4.96578719	     44.74396103	      0.78092944	     13.87673162	     -6.99438810	     -7.50887625	     36.81054934	     -2.54242976	     -2.31771325	     45.73007324	      0.79814035	     18.66123712	     -9.65131490	     -7.50887625	    -16.30349026	      0.34409367	     -0.62184329	      1.28562268	    -17.55936804	      1.72956337	     42.63975445	     90.44978319	      5.06848271	    -16.36344047	      5.95584973	     35.46652465	     86.98363593
      0.93000000	     -5.29852189	      0.56991947	     -3.27800097	     -0.38683147	      0.97796295	     -0.62321926	     36.96701537	     -2.77343110	      4.76678019	     42.23591558	      0.73715579	     13.08534265	     -6.51950791	     -7.50815553	     35.06168109	     -2.55176314	     -2.55555154	     43.43025354	      0.75800092	     17.71678284	     -9.27700332	     -7.50815553	    -15.21457914	      0.40143268	     -0.70809156	      0.67602978	    -16.98948434	      2.02556973	     40.71539662	     90.07800573	      4.28282814	    -15.78507840	      6.10284051	     33.82283325	     86.97609579
      0.94000000	     -5.25308013	      0.54977855	     -3.25279725	     -0.38189145	      0.98394764	     -0.62309011	     35.25172418	     -2.85033168	      4.64407363	     39.83795839	      0.69530354	     12.18476872	     -6.11955912	     -7.50734910	     33.45370884	     -2.55327256	     -2.87692360	     41.19265818	      0.71894751	     16.68434359	     -8.94337341	     -7.50734910	    -14.16799924	      0.37971246	     -0.80442964	     -0.08799122	    -16.48333931	      2.27066641	     39.39098609	     89.22630828	      3.31538160	    -15.34485700	      6.26461926	     32.73069546	     86.53010504
      0.95000000	     -5.32814550	      0.54484057	     -3.13978505	     -0.37613157	      0.99091158	     -0.62290174	     33.67989967	     -3.00110434	      4.37605976	     37.49249144	      0.65436742	     11.36178165	     -5.57740723	     -7.50561968	     32.03406181	     -2.49349403	     -3.11561562	     38.99228335	      0.68054373	     15.67081198	     -8.51948006	     -7.50561968	    -12.85163589	      0.36346543	     -0.95564518	     -0.51538056	    -16.04492576	      3.21258988	     37.29462749	     88.16558955	      2.65011793	    -14.87626313	      6.76814649	     30.92893989	     86.44307529
      0.96000000	     -5.18948737	      0.53367962	     -3.05811553	     -0.36981548	      0.99876063	     -0.62216715	     31.85757910	     -3.12038386	      4.11512350	     35.11326618	      0.61284211	     10.42680427	     -5.15862287	     -7.50523433	     30.34771462	     -2.43556761	     -3.36811726	     36.71051037	      0.64071928	     14.49317535	     -8.28815156	     -7.50523433	    -11.96220800	      0.29862144	     -1.02453007	     -1.18898743	    -15.50700828	      3.18311739	     35.93550521	     87.85813694	      1.86951901	    -14.40415194	      6.77680161	     29.81021511	     86.35590564
      0.97000000	     -5.25331117	      0.53911370	     -2.95856492	     -0.36336288	      1.00472305	     -0.62122380	     30.27920703	     -3.25230826	      3.77717884	     32.79480191	      0.57237727	      9.61265910	     -4.62655624	     -7.50517288	     28.91901312	     -2.38027535	     -3.63695430	     34.51654561	      0.60242737	     13.46597159	     -7.87031962	     -7.50517288	    -10.75708049	      0.27378545	     -1.06078370	     -1.74384353	    -14.97024679	      3.24671927	     34.31886713	     88.21826361	      1.23784638	    -13.92540703	      6.87309112	     28.31976045	     86.92215398
      0.98000000	     -5.32498330	      0.55309070	     -2.87210485	     -0.35708466	      1.00893934	     -0.62089935	     28.75539464	     -3.37303566	      3.43688617	     30.55608321	      0.53330426	      8.81144957	     -4.18488359	     -7.50534849	     27.52900673	     -2.31478925	     -3.90988771	     32.38543644	      0.56523250	     12.41943201	     -7.52770261	     -7.50534849	     -9.58293548	      0.20920810	     -1.08989542	     -2.38799203	    -14.47327189	      3.18596023	     33.05761393	     88.70127503	      0.54102517	    -13.46070032	      6.87005049	     27.02839545	     87.54720890
      0.99000000	     -5.34530682	      0.57259047	     -2.79726956	     -0.35161663	      1.01319141	     -0.62153620	     27.20349310	     -3.50171994	      3.06143846	     28.32358219	      0.49433977	      8.06458257	     -3.63130031	     -7.50503021	     26.13469256	     -2.23113151	     -4.17023295	     30.32742052	      0.52931334	     11.43638718	     -7.12746293	     -7.50503021	     -8.51661915	      0.15003718	     -1.21071312	     -2.88080869	    -14.02892354	      3.25672751	     31.81007244	     88.55701646	     -0.26034130	    -13.08298916	      6.92609624	     25.97383518	     87.81625798
      1.00000000	     -5.46113850	      0.63351967	     -2.69915336	     -0.34723708	      1.01790780	     -0.62245534	     25.79690146	     -3.68268400	      2.61899884	     26.11776387	      0.45584097	      7.25817209	     -3.13082083	     -7.50477033	     24.88502113	     -2.10992187	     -4.47596388	     28.29450266	      0.49383223	     10.41620519	     -6.72351395	     -7.50477033	     -7.37752976	      0.05402608	     -1.28701011	     -3.51889320	    -13.63773873	      3.32929450	     30.91395893	     88.06279208	     -0.98332256	    -12.67835481	      6.98329181	     25.08022515	     87.61382910
      1.01000000	     -5.79598846	      0.71580980	     -2.58428034	     -0.34336959	      1.02153595	     -0.62286908	     24.72991320	     -3.86152635	      2.17011474	     24.04788007	      0.41971469	      6.47057073	     -2.61304032	     -7.50476995	     23.97484911	     -1.95616017	     -4.70046753	     26.42316190	      0.46117117	      9.53216945	     -6.25608169	     -7.50476995	     -5.98765932	     -0.03177287	     -1.34472674	     -4.25255041	    -13.30466914	      3.37367988	     30.17210812	     88.10920946	     -1.67302574	    -12.32983652	      7.03830842	     24.22085488	     87.81007997
      1.02000000	     -5.91744343	      0.78696701	     -2.50894273	     -0.33960788	      1.02368366	     -0.62232138	     23.56536744	     -3.98313183	      1.82566729	     22.14425351	      0.38649013	      5.72753030	     -2.22660338	     -7.50496153	     22.90605678	     -1.82464372	     -4.94182871	     24.64603878	      0.43015452	      8.72088590	     -5.85277042	     -7.50496153	     -4.91950248	     -0.19976552	     -1.39389170	     -4.73641669	    -12.97474210	      3.45811379	     29.15806712	     88.73844824	     -2.11229940	    -12.00958312	      7.16849985	     23.23819439	     88.54274965
      1.03000000	     -6.05942694	      0.81670524	     -2.36827517	     -0.33614101	      1.02466906	     -0.62143632	     22.54909129	     -4.08569564	      1.29414077	     20.43941089	      0.35673502	      5.11743996	     -1.77161223	     -7.50503742	     21.99387173	     -1.71518079	     -5.11689269	     23.07840545	      0.40279416	      8.08778460	     -5.43238795	     -7.50503742	     -3.92699985	     -0.30967510	     -1.52967042	     -5.32405860	    -12.67160094	      3.39513917	     28.54025205	     88.79584476	     -2.65178221	    -11.74825638	      7.19406844	     22.70114786	     88.84662077
      1.04000000	     -6.39015435	      0.86345748	     -2.32744655	     -0.33351840	      1.02539474	     -0.62066929	     21.94239869	     -4.11394831	      1.09992657	     19.02001661	      0.33196191	      4.70360617	     -1.52400138	     -7.50527770	     21.44030558	     -1.62043985	     -5.20425717	     21.77329073	      0.38001561	      7.60971041	     -5.21605946	     -7.50527770	     -2.75982073	     -0.40154204	     -1.54650687	     -5.79108591	    -12.37986924	      3.33671786	     27.86785222	     89.12273867	     -2.98397789	    -11.42711089	      7.13120035	     21.68223898	     89.28496867
      1.05000000	     -6.63655268	      0.90849369	     -2.24891432	     -0.33127343	      1.02690650	     -0.62071954	     21.30846263	     -4.18220116	      0.66010004	     17.65119301	      0.30807144	      4.18536294	     -1.17966644	     -7.50531243	     20.86851365	     -1.53244620	     -5.39198238	     20.54686316	      0.35861041	      7.09132386	     -4.82653938	     -7.50531243	     -1.85799664	     -0.54275508	     -1.59006796	     -6.35202233	    -12.17573039	      3.25709780	     27.71565386	     88.88471377	     -3.49304086	    -11.28761682	      7.11990332	     21.61253832	     89.21719972
      1.06000000	     -6.79094364	      0.93897073	     -2.11483736	     -0.32881029	      1.02876749	     -0.62157155	     20.66042275	     -4.26185352	      0.18087991	     16.41809247	      0.28654977	      3.74409709	     -0.84102050	     -7.50533631	     20.29136044	     -1.42600185	     -5.46352085	     19.43865190	      0.33926848	      6.61425358	     -4.52124041	     -7.50533631	     -1.10172533	     -0.65905918	     -1.66714753	     -6.72102035	    -11.93432408	      3.14777432	     27.31617038	     88.67638091	     -3.73531929	    -11.07380542	      7.16258299	     21.10414633	     89.27427255
      1.07000000	     -6.93508001	      1.00383305	     -2.09196161	     -0.32607109	      1.03027066	     -0.62251412	     20.11930772	     -4.30373533	      0.09282214	     15.36137429	      0.26810656	      3.60179402	     -0.64786591	     -7.50521806	     19.76732852	     -1.29991866	     -5.54485784	     18.46331663	      0.32224567	      6.48215626	     -4.27998094	     -7.50521806	     -0.48150143	     -0.75701501	     -1.68186185	     -7.21544923	    -11.77650751	      3.14213215	     27.38559381	     88.33731596	     -4.31662004	    -11.01237986	      7.26082798	     21.45902332	     89.04825109
      1.08000000	     -6.98774650	      1.03491090	     -1.93425888	     -0.32355212	      1.03127047	     -0.62362149	     19.45978717	     -4.39994467	     -0.47927548	     14.24492789	      0.24862089	      3.06085457	     -0.34291091	     -7.50524545	     19.18527723	     -1.16505092	     -5.58870736	     17.48000170	      0.30508358	      5.92064355	     -3.99279101	     -7.50524545	      0.08917446	     -0.80573933	     -1.77555062	     -7.49654497	    -11.59273806	      2.96302824	     26.98029134	     87.82549720	     -4.38645764	    -10.85341486	      7.35917718	     20.90753159	     88.95895562
      1.09000000	     -7.46539650	      1.04783527	     -1.86857316	     -0.32116371	      1.03036007	     -0.62462331	     19.43226219	     -4.39973667	     -0.58999713	     13.45332768	      0.23480486	      2.95433722	     -0.29251641	     -7.50523849	     19.23595841	     -1.08590187	     -5.51067926	     16.87479503	      0.29452073	      5.88529500	     -4.00511722	     -7.50523849	      1.17015211	     -0.80580964	     -1.80971878	     -8.02848567	    -11.50915122	      2.80376996	     27.15162306	     87.06312154	     -4.75723466	    -10.61275976	      7.18861521	     20.47433200	     88.36318796
      1.10000000	     -7.02300169	      1.07698103	     -1.75570781	     -0.31899421	      1.03010389	     -0.62561647	     18.40370927	     -4.50626726	     -1.06178319	     12.59127798	      0.21975926	      2.70848944	      0.19169888	     -7.50330249	     18.24137663	     -0.94346949	     -5.53716730	     16.05651012	      0.28023897	      5.54786788	     -3.66419568	     -7.50330249	      0.93377285	     -0.88579668	     -1.36202917	     -8.31390131	    -11.62965643	      4.56733863	     26.96701768	     79.20958411	     -4.34364844	    -10.83632057	     10.53216898	     20.16795348	     85.57040758
      1.11000000	     -7.15968327	      1.10267778	     -1.66030707	     -0.31668802	      1.02900275	     -0.62597544	     18.10971712	     -4.54685250	     -1.26022599	     11.94287834	      0.20844255	      2.55145173	      0.29131977	     -7.50317886	     18.01349191	     -0.84304288	     -5.48251477	     15.53149162	      0.27107567	      5.46675346	     -3.52267121	     -7.50317886	      1.44052732	     -0.92231983	     -1.39700627	     -8.59025246	    -11.59685813	      4.55951848	     27.03690218	     78.71049472	     -4.67750850	    -10.71575195	     10.45070644	     20.30739273	     85.03436017
      1.12000000	     -7.38704197	      1.12513386	     -1.61269914	     -0.31489390	      1.02831049	     -0.62554861	     17.98261064	     -4.55372060	     -1.34967839	     11.39590287	      0.19889603	      2.47861195	      0.29184633	     -7.50311744	     17.94738311	     -0.76953438	     -5.37998433	     15.12684424	      0.26401324	      5.49329087	     -3.48212207	     -7.50311744	      2.04973819	     -0.95427097	     -1.41898466	     -8.87961098	    -11.57494296	      4.50837962	     27.14569915	     78.22187286	     -4.89806087	    -10.53990663	     10.35303556	     20.14877061	     84.56259936
      1.13000000	     -7.20835804	      1.16101478	     -1.45629699	     -0.31379839	      1.02885814	     -0.62501572	     17.40383639	     -4.64018288	     -1.76889918	     10.82054898	      0.18885421	      2.38229283	      0.58090439	     -7.50294084	     17.44453320	     -0.64850223	     -5.28689125	     14.63828434	      0.25548626	      5.38462159	     -3.29832756	     -7.50294084	      2.11199852	     -1.04139289	     -1.53822903	     -8.66023125	    -11.60138952	      5.58685439	     26.53405383	     75.77885111	     -4.94011282	    -10.63342266	     11.57637365	     20.19384459	     82.34657942
      1.14000000	     -7.42881685	      1.20144832	     -1.38145201	     -0.31240550	      1.02968813	     -0.62459222	     17.31067431	     -4.66852130	     -1.92416239	     10.34472532	      0.18054952	      2.21426070	      0.61040969	     -7.50280110	     17.38921005	     -0.56753143	     -5.23747790	     14.21938034	      0.24817500	      5.28236025	     -3.22062671	     -7.50280110	      2.63890208	     -1.11085156	     -1.52899693	     -9.00903211	    -11.62567916	      5.56172939	     26.98295303	     75.16657410	     -5.21192636	    -10.59738200	     11.50458756	     20.52568051	     81.66361434
      1.15000000	     -7.14613463	      1.22426668	     -1.32080880	     -0.31062826	      1.03184368	     -0.62433834	     16.66350486	     -4.69084472	     -2.11109028	      9.86193066	      0.17212316	      2.16411788	      0.72856127	     -7.50260779	     16.77504386	     -0.49477916	     -5.20175923	     13.79537939	      0.24077479	      5.24261688	     -3.10905903	     -7.50260779	      2.53347609	     -1.16759089	     -1.46626496	     -8.97948266	    -11.58292848	      5.75693257	     26.82306966	     74.50626493	     -5.15491825	    -10.55009990	     11.81595365	     20.49494735	     81.11964566
      1.16000000	     -7.27849634	      1.25721333	     -1.26113892	     -0.30861355	      1.03279557	     -0.62384427	     16.50404844	     -4.70028171	     -2.20095948	      9.47873512	      0.16543514	      2.13062867	      0.75890168	     -7.50259216	     16.64730088	     -0.42948158	     -5.12803001	     13.47919893	      0.23525640	      5.24983864	     -3.08865267	     -7.50259216	      2.98870388	     -1.22695696	     -1.45541854	     -9.14956782	    -11.55277568	      5.79737770	     26.90756230	     74.40777889	     -5.37633306	    -10.51295164	     11.88837957	     20.64739132	     81.04531607
      1.17000000	     -7.25210505	      1.28650715	     -1.19319176	     -0.30703678	      1.03289146	     -0.62319453	     16.20057861	     -4.71764826	     -2.36965318	      9.11480752	      0.15908340	      1.91750998	      0.76194493	     -7.50231124	     16.37619257	     -0.38250320	     -5.13771901	     13.19109177	      0.23022798	      5.21264655	     -2.83459242	     -7.50231124	      3.14117489	     -1.29166198	     -1.41321749	     -9.39229129	    -11.56423881	      5.88037730	     27.38690965	     73.29445584	     -5.66482965	    -10.59261438	     12.10752165	     21.24700483	     79.87948145
      1.18000000	     -7.14372341	      1.28587070	     -1.11901691	     -0.30601538	      1.03286318	     -0.62270304	     15.87955566	     -4.71193588	     -2.51460245	      8.86585184	      0.15473831	      1.90387274	      0.86769016	     -7.50163726	     16.08212443	     -0.36503627	     -5.10221426	     12.98231650	      0.22658417	      5.31883096	     -2.67949313	     -7.50163726	      3.28168777	     -1.34222230	     -1.32224897	     -9.22610339	    -11.70925496	      7.51918669	     26.82421181	     71.41477278	     -5.30299822	    -10.74910993	     14.56907718	     20.58875953	     78.59666822
      1.19000000	     -7.27626508	      1.29264736	     -1.06103649	     -0.30533132	      1.03277730	     -0.62206039	     15.83797796	     -4.70013140	     -2.62336176	      8.63806699	      0.15076271	      1.80363742	      0.90374423	     -7.50158667	     16.05785968	     -0.35190670	     -5.01563096	     12.77708663	      0.22300223	      5.29282326	     -2.60217848	     -7.50158667	      3.64361675	     -1.39171030	     -1.29539271	     -9.41419060	    -11.67712740	      7.40059853	     27.07169489	     71.12814431	     -5.48653951	    -10.74504981	     14.41993138	     20.82448357	     78.26658298
      1.20000000	     -7.53677645	      1.28306463	     -1.04581641	     -0.30551669	      1.03219897	     -0.62126303	     16.19910173	     -4.66397490	     -2.62819517	      8.86638424	      0.15474760	      2.01365205	      0.78181132	     -7.50150257	     16.38834922	     -0.39246676	     -4.97376691	     12.95427142	      0.22609469	      5.47507864	     -2.61851763	     -7.50150257	      3.98948319	     -1.39182727	     -1.24839805	     -9.64527544	    -11.67994942	      7.25525328	     27.86369870	     70.67584582	     -5.81920401	    -10.81700146	     14.20193558	     21.66245805	     77.61947832
      1.21000000	     -7.41181335	      1.27382300	     -0.95179477	     -0.30445119	      1.03254762	     -0.62082647	     15.69957312	     -4.63999017	     -2.76516074	      8.29143901	      0.14471291	      1.72840670	      0.93192310	     -7.50150565	     15.95236580	     -0.36476857	     -4.89823439	     12.47777640	      0.21777828	      5.34834909	     -2.44802231	     -7.50150565	      4.12525641	     -1.40564516	     -1.20208975	     -9.55735968	    -11.56306680	      7.25830842	     27.49751307	     70.65567635	     -5.73174783	    -10.76899789	     14.25382224	     21.25999725	     77.69637536
      1.22000000	     -6.99523218	      1.24134274	     -0.91004194	     -0.30331245	      1.03336444	     -0.62028656	     15.07932118	     -4.59753196	     -2.95530674	      8.05339514	      0.14055826	      1.73377160	      1.07901867	     -7.50139460	     15.35339977	     -0.39769015	     -4.88191465	     12.28292969	      0.21437756	      5.43348793	     -2.25541685	     -7.50139460	      3.71570798	     -1.45409079	     -1.22524980	     -9.28760789	    -11.41734656	      7.17473836	     27.27362518	     70.01774775	     -5.58335432	    -10.75596563	     14.41884426	     21.24677486	     77.13405994
      1.23000000	     -7.09843618	      1.24106209	     -0.89506119	     -0.30201434	      1.03356929	     -0.61907974	     15.08938350	     -4.55988044	     -2.98928569	      7.94591219	      0.13868233	      1.68115778	      1.06873486	     -7.50121478	     15.35757798	     -0.42902899	     -4.89887517	     12.18779833	      0.21271721	      5.51467766	     -2.06080849	     -7.50121478	      4.05678217	     -1.50257715	     -1.09425442	     -9.15120854	    -11.39150821	      7.75951743	     27.00833075	     69.53872269	     -5.43415067	    -10.90409532	     15.53074279	     20.97603676	     77.26901600
      1.24000000	     -6.94854814	      1.22884353	     -0.85631594	     -0.30124299	      1.03394475	     -0.61808682	     14.80667646	     -4.51809007	     -2.99866400	      7.79412534	      0.13603315	      1.69471765	      1.04986636	     -7.50111566	     15.10162441	     -0.45288791	     -4.83909606	     12.08656839	      0.21095041	      5.64815675	     -1.97397874	     -7.50111566	      3.97927188	     -1.52250145	     -1.06181221	     -9.11848336	    -11.33570315	      7.69179145	     27.15700100	     69.02521473	     -5.40557689	    -10.94636232	     15.51654126	     21.14865308	     76.71316459
      1.25000000	     -7.24948278	      1.23741566	     -0.87017442	     -0.30040207	      1.03353210	     -0.61835100	     15.07784586	     -4.49444479	     -2.99442202	      7.76183229	      0.13546953	      1.71898334	      1.01721640	     -7.50105818	     15.35428505	     -0.46440084	     -4.78154958	     12.05404499	      0.21038277	      5.67668878	     -1.97445859	     -7.50105818	      4.47223507	     -1.53033132	     -1.02665278	     -9.33848783	    -11.30513992	      7.57181496	     27.78898459	     68.67805422	     -5.76774893	    -11.04334081	     15.32820880	     21.77880226	     76.17492137
      1.26000000	     -6.86473384	      1.17917369	     -0.83076149	     -0.29964008	      1.03415269	     -0.61949137	     14.54936561	     -4.43198261	     -3.16225720	      7.60878602	      0.13279837	      1.64320588	      1.11147137	     -7.50100564	     14.84686276	     -0.52579388	     -4.78937370	     11.94663997	      0.20850820	      5.71721265	     -1.73317510	     -7.50100564	      4.10476439	     -1.53567807	     -0.99704493	     -8.94813108	    -11.20346055	      7.75226348	     27.29986052	     68.52965974	     -5.43373541	    -10.97946893	     15.69950842	     21.33391703	     76.15954259
      1.27000000	     -6.81055988	      1.17287710	     -0.84194126	     -0.29891650	      1.03457316	     -0.62017379	     14.40752216	     -4.40969901	     -3.18658540	      7.51761292	      0.13120710	      1.63439371	      1.15424467	     -7.50092771	     14.70177056	     -0.54561462	     -4.80154104	     11.88290762	      0.20739586	      5.75410836	     -1.58624200	     -7.50092771	      4.15625180	     -1.53457560	     -0.93051590	     -8.78357400	    -11.17202643	      8.00857713	     27.16304096	     68.29269245	     -5.32360082	    -11.01060023	     16.14108603	     21.21587953	     76.01257960
      1.28000000	     -6.73423983	      1.18116569	     -0.84042287	     -0.29856302	      1.03526010	     -0.62002844	     14.23337760	     -4.40439165	     -3.17145427	      7.41331973	      0.12938684	      1.62471104	      1.15422860	     -7.50085659	     14.52271319	     -0.53595731	     -4.73934997	     11.78541247	      0.20569425	      5.79248584	     -1.50557162	     -7.50085659	      4.13772940	     -1.53473008	     -0.87217456	     -8.68084182	    -11.13431421	      8.09265340	     27.13884353	     67.91123439	     -5.25836950	    -11.03639776	     16.31359060	     21.23921280	     75.52498098
      1.29000000	     -6.69113255	      1.18182097	     -0.84921169	     -0.29796573	      1.03568370	     -0.61925543	     14.10128003	     -4.38348977	     -3.19170111	      7.31700153	      0.12770577	      1.62134533	      1.15060213	     -7.50079339	     14.39231100	     -0.54696066	     -4.72565965	     11.70494116	      0.20428976	      5.88723134	     -1.37793799	     -7.50079339	      4.19272383	     -1.56984213	     -0.82582718	     -8.50162138	    -11.08357229	      8.33025341	     26.89766348	     67.70927596	     -5.15462258	    -11.04289574	     16.67879422	     21.13060435	     75.32180678
      1.30000000	     -6.64545480	      1.18908711	     -0.86370264	     -0.29712505	      1.03568533	     -0.61822395	     13.99255651	     -4.36261534	     -3.15752212	      7.27074537	      0.12689845	      1.62169686	      1.15413573	     -7.50073062	     14.26165644	     -0.55527439	     -4.69594373	     11.62166249	      0.20283628	      5.96947717	     -1.27542861	     -7.50073062	      4.20900193	     -1.59144857	     -0.76448411	     -8.39188349	    -11.05236857	      8.54050301	     26.74757271	     67.45772194	     -5.06920516	    -11.07026334	     16.97947287	     21.10576714	     74.99434620
      1.31000000	     -6.58199819	      1.19512833	     -0.88613689	     -0.29710239	      1.03580638	     -0.61734348	     13.89195322	     -4.33934264	     -3.12092387	      7.26601726	      0.12681592	      1.66485628	      1.15256275	     -7.50066232	     14.12968083	     -0.56908445	     -4.67195358	     11.55790376	      0.20172348	      6.04056520	     -1.23828538	     -7.50066232	      4.16023509	     -1.61224925	     -0.72796051	     -8.25781093	    -11.01003813	      8.72640821	     26.63760506	     67.24453315	     -5.01890905	    -11.10463272	     17.20366325	     21.12792019	     74.66432851
      1.32000000	     -6.55430248	      1.18220666	     -0.87769237	     -0.29775030	      1.03634108	     -0.61702323	     13.84420449	     -4.30984625	     -3.11595477	      7.28561426	      0.12715796	      1.65852392	      1.15743774	     -7.50060449	     14.06337083	     -0.59869833	     -4.60625556	     11.51975380	      0.20105763	      6.10346571	     -1.13125537	     -7.50060449	      4.13783349	     -1.61192919	     -0.71629477	     -8.14851008	    -11.00064582	      8.91150631	     26.55975008	     67.03585490	     -4.94099605	    -11.15044984	     17.46484664	     21.20681833	     74.32785849
      1.33000000	     -6.50810115	      1.17099484	     -0.91749328	     -0.29777722	      1.03704957	     -0.61697963	     13.78668281	     -4.27081977	     -3.05882503	      7.31115376	      0.12760371	      1.70045512	      1.07796262	     -7.50057292	     13.98831831	     -0.64095144	     -4.61519561	     11.52767986	      0.20119597	      6.17505790	     -1.06090267	     -7.50057292	      4.10931498	     -1.61834439	     -0.63737232	     -7.97638572	    -10.96328917	      9.20022490	     26.31841907	     67.03474521	     -4.80921503	    -11.17318271	     17.83738170	     21.03087082	     74.34757503
      1.34000000	     -6.57476285	      1.15623767	     -0.91653159	     -0.29757701	      1.03751138	     -0.61691093	     13.86523577	     -4.24208990	     -3.05663570	      7.36592196	      0.12855959	      1.65710865	      1.08181622	     -7.50043235	     14.04005419	     -0.67433376	     -4.56121904	     11.54058818	      0.20142126	      6.27935123	     -0.98985218	     -7.50043235	      4.25628148	     -1.62222006	     -0.62900688	     -7.78986954	    -11.02798417	     10.20694705	     25.99570644	     66.70289791	     -4.64932394	    -11.28144750	     19.07945555	     20.81763002	     73.61485505
      1.35000000	     -6.43567858	      1.15429955	     -0.96426799	     -0.29854663	      1.03799728	     -0.61709818	     13.75513385	     -4.22105161	     -3.01707597	      7.41191661	      0.12936235	      1.67933265	      0.97835239	     -7.50039665	     13.86238209	     -0.69495510	     -4.59322421	     11.51615750	      0.20099487	      6.30302615	     -0.90147003	     -7.50039665	      3.98311676	     -1.60027019	     -0.61045034	     -7.69420899	    -11.01442040	      9.98349418	     26.17294825	     66.39124406	     -4.60259615	    -11.27280202	     18.88201385	     21.07713567	     73.15515903
      1.36000000	     -6.72217587	      1.14951955	     -0.98218597	     -0.29975691	      1.03733588	     -0.61840471	     14.15471800	     -4.20947568	     -2.96447684	      7.55181844	      0.13180410	      1.74265409	      0.90338818	     -7.50037631	     14.19697161	     -0.70528850	     -4.53138557	     11.60909316	      0.20261690	      6.38033318	     -0.98322823	     -7.50037631	      4.24881516	     -1.55466540	     -0.62272691	     -7.88318163	    -11.06371098	      9.81732225	     26.75179683	     66.14417815	     -4.80651295	    -11.30285846	     18.62670338	     21.65278083	     72.69829873
      1.37000000	     -6.33458355	      1.09819363	     -0.99445232	     -0.30049154	      1.03702856	     -0.62012944	     13.81817533	     -4.17837260	     -3.05284200	      7.63819663	      0.13331168	      1.80192392	      0.93014384	     -7.50035731	     13.81164331	     -0.75825119	     -4.55999979	     11.68625722	      0.20396367	      6.53656318	     -0.74485600	     -7.50035731	      3.69441484	     -1.48437685	     -0.62597156	     -7.29400786	    -10.97872972	     10.08106587	     25.93211516	     66.26604004	     -4.27566399	    -11.14189764	     19.07293718	     20.97884886	     72.92961153
      1.38000000	     -6.29860531	      1.07633463	     -1.00053505	     -0.30032184	      1.03631748	     -0.62083181	     13.89583949	     -4.17466024	     -3.07965883	      7.80539120	      0.13622978	      1.98801467	      0.94136597	     -7.50033268	     13.82785669	     -0.78068471	     -4.58479283	     11.83579954	      0.20657367	      6.74169859	     -0.63957072	     -7.50033268	      3.56335938	     -1.43362095	     -0.62299904	     -7.08627961	    -11.02677884	     10.39093476	     25.73219200	     66.37597484	     -4.06033249	    -11.10936455	     19.50942096	     20.85684236	     73.08496040
      1.39000000	     -6.23447366	      1.07652420	     -1.00525536	     -0.30001841	      1.03642400	     -0.62063646	     13.92522368	     -4.18359421	     -3.02231081	      7.94058438	      0.13858934	      2.11124998	      0.92191122	     -7.50030921	     13.81136816	     -0.77770657	     -4.55705726	     11.96642524	      0.20885352	      6.92616389	     -0.54054599	     -7.50030921	      3.37350308	     -1.39963320	     -0.62765846	     -6.97175403	    -11.06602678	     10.47413226	     25.76516783	     66.28044411	     -3.95054521	    -11.09775271	     19.60758189	     20.96199778	     72.87706254
      1.40000000	     -6.23873339	      1.08438181	     -1.00263267	     -0.29979702	      1.03666631	     -0.62040201	     14.02696331	     -4.20789878	     -3.03752027	      8.06462761	      0.14075430	      2.11871037	      0.92465048	     -7.50028487	     13.88717672	     -0.77591858	     -4.58217443	     12.10417471	      0.21125770	      7.05970256	     -0.39425358	     -7.50028487	      3.31717428	     -1.38829847	     -0.61845791	     -6.73410593	    -11.12255522	     10.96401468	     25.38050092	     66.48673067	     -3.69413964	    -11.08590563	     20.20233892	     20.67753107	     73.20905376
      1.41000000	     -6.54238691	      1.11155427	     -1.03996099	     -0.29974195	      1.03541936	     -0.61959044	     14.48889351	     -4.22211085	     -2.92149240	      8.25305841	      0.14404304	      2.24764946	      0.78934636	     -7.50026324	     14.31108389	     -0.77161560	     -4.53878903	     12.29185058	      0.21453326	      7.24612644	     -0.48893465	     -7.50026324	      3.53869432	     -1.35596445	     -0.62064457	     -7.04394163	    -11.25311871	     10.82295679	     26.22392196	     66.18696299	     -4.00205608	    -11.18354207	     19.98483835	     21.58296957	     72.64608705
      1.42000000	     -6.64105358	      1.10516751	     -1.04909007	     -0.30001466	      1.03362787	     -0.61816932	     14.75936852	     -4.20817342	     -2.89015353	      8.50261845	      0.14839869	      2.43875576	      0.67801182	     -7.50025680	     14.53448037	     -0.80406807	     -4.57238513	     12.49846168	      0.21813931	      7.40652956	     -0.57732141	     -7.50025680	      3.48729892	     -1.36983805	     -0.62193314	     -7.07450559	    -11.33424920	     10.78199937	     26.57830123	     66.10395965	     -4.04553441	    -11.23961040	     19.93341653	     21.99659305	     72.48595364
      1.43000000	     -6.29880470	      1.09040022	     -1.08209854	     -0.30046655	      1.03306263	     -0.61725850	     14.52755909	     -4.19604959	     -2.84572486	      8.67521972	      0.15141115	      2.52966798	      0.72678743	     -7.50019193	     14.27978486	     -0.84570085	     -4.59935136	     12.69802755	      0.22162239	      7.72912437	     -0.22999462	     -7.50019193	      3.02173571	     -1.36830888	     -0.55798337	     -6.41186367	    -11.29671616	     12.10242040	     25.32208190	     66.36032589	     -3.31143604	    -11.09329131	     21.45071736	     20.77379639	     72.74125390
      1.44000000	     -6.24703634	      1.07419229	     -1.09134846	     -0.30098603	      1.03304618	     -0.61729606	     14.59724764	     -4.17391938	     -2.84528123	      8.84795335	      0.15442592	      2.71433750	      0.69187293	     -7.50017817	     14.34152004	     -0.89126672	     -4.64158748	     12.88338061	      0.22485741	      7.86541054	     -0.15507974	     -7.50017817	      2.76111014	     -1.34572961	     -0.58225792	     -6.32505166	    -11.27142022	     11.91936943	     25.49415978	     66.18757773	     -3.25703286	    -11.06351715	     21.21374828	     20.98495683	     72.50173530
      1.45000000	     -6.18138083	      1.08951418	     -1.11737207	     -0.30171482	      1.03318724	     -0.61729715	     14.65611297	     -4.18365063	     -2.78461697	      9.02509926	      0.15751770	      2.90058934	      0.70805609	     -7.50016586	     14.38754041	     -0.90941867	     -4.70858936	     13.07157614	      0.22814204	      8.02174425	      0.01108823	     -7.50016586	      2.50845105	     -1.36802513	     -0.56822920	     -6.18645282	    -11.23430798	     11.79499004	     25.52403455	     65.98812202	     -3.13282247	    -10.99781227	     20.98642361	     20.97794799	     72.17009599
      1.46000000	     -6.28258626	      1.09187430	     -1.09717666	     -0.30209147	      1.03294369	     -0.61683056	     14.89229263	     -4.19026372	     -2.79472825	      9.21677012	      0.16086298	      3.01881507	      0.67138982	     -7.50013368	     14.63554093	     -0.93063281	     -4.69946037	     13.29007546	      0.23195557	      8.20602696	      0.08577805	     -7.50013368	      2.53396508	     -1.37325578	     -0.57103440	     -5.99385708	    -11.35003186	     12.73079188	     25.28797291	     66.31296039	     -2.89780694	    -11.04147723	     22.02745052	     20.66411327	     72.67843875
      1.47000000	     -6.20950585	      1.10091945	     -1.12721353	     -0.30221607	      1.03311574	     -0.61630180	     14.90214175	     -4.18734930	     -2.75480673	      9.34039610	      0.16302067	      3.11939406	      0.68377658	     -7.50012459	     14.64589253	     -0.95951854	     -4.74102660	     13.41697087	      0.23417032	      8.30908493	      0.17164042	     -7.50012459	      2.24145573	     -1.38610348	     -0.52874927	     -5.93911329	    -11.28951488	     12.43342709	     25.47957652	     66.04314195	     -2.86703627	    -11.00802942	     21.62545598	     20.89927159	     72.28750330
      1.48000000	     -6.33526391	      1.10325514	     -1.13366259	     -0.30288645	      1.03320877	     -0.61669927	     15.16235071	     -4.19507810	     -2.73583132	      9.53390643	      0.16639806	      3.23410900	      0.70090838	     -7.50011177	     14.92041581	     -0.98409882	     -4.71479583	     13.60322001	      0.23742098	      8.44187809	      0.19558844	     -7.50011177	      2.31464328	     -1.38562858	     -0.51391057	     -5.68961264	    -11.25945287	     12.73736133	     25.06224122	     65.91528761	     -2.66582816	    -10.90038737	     21.85224496	     20.47779628	     71.97680137
      1.49000000	     -6.23677944	      1.09070317	     -1.15701661	     -0.30372085	      1.03352950	     -0.61727843	     15.15911327	     -4.18380027	     -2.70513100	      9.67269005	      0.16882029	      3.31988582	      0.70163402	     -7.50009958	     14.92822182	     -1.01968362	     -4.73889158	     13.73514448	      0.23972349	      8.60571541	      0.34065111	     -7.50009958	      1.98399104	     -1.35958709	     -0.47329564	     -5.60454696	    -11.35679842	     12.97280924	     25.31359080	     66.00299329	     -2.56117424	    -10.91954187	     22.03835621	     20.61585212	     72.30584916
      1.50000000	     -6.13618765	      1.07778076	     -1.17060313	     -0.30350727	      1.03335143	     -0.61717427	     15.14352434	     -4.16805022	     -2.68352441	      9.83178057	      0.17159694	      3.42954823	      0.64753407	     -7.50009070	     14.91710174	     -1.05653758	     -4.75777783	     13.88241898	      0.24229392	      8.75699183	      0.41102474	     -7.50009070	      1.67704159	     -1.33072869	     -0.47684259	     -5.56100096	    -11.37292421	     12.82627772	     25.55278529	     65.77580845	     -2.57351730	    -10.88658274	     21.79042956	     20.82427293	     71.93711975
      1.51000000	     -6.40238320	      1.07768120	     -1.18248790	     -0.30255844	      1.03190342	     -0.61671418	     15.54119690	     -4.16027045	     -2.61596929	     10.05879577	      0.17555910	      3.62872983	      0.57587565	     -7.50008709	     15.30600040	     -1.06849821	     -4.68637903	     14.08215647	      0.24578000	      8.92038573	      0.32353098	     -7.50008709	      1.84750420	     -1.30837112	     -0.47189247	     -5.79707257	    -11.44849057	     12.70071112	     26.19744417	     65.60021570	     -2.88068701	    -10.96012180	     21.59785408	     21.46725354	     71.60282338
      1.52000000	     -6.21777210	      1.03515058	     -1.18588157	     -0.30266427	      1.03095548	     -0.61677090	     15.47652254	     -4.12719120	     -2.61131341	     10.29654077	      0.17970854	      3.76131646	      0.57988109	     -7.50007897	     15.25509543	     -1.14793151	     -4.79659105	     14.34358956	      0.25034286	      9.15149577	      0.59428362	     -7.50007897	      1.52357936	     -1.26302365	     -0.41320851	     -5.36136250	    -11.47411147	     13.53738297	     25.48726924	     66.02575820	     -2.37701085	    -10.83016557	     22.43844982	     20.52141835	     72.52531142
      1.53000000	     -6.16244828	      1.00890609	     -1.20206934	     -0.30380634	      1.03038963	     -0.61753114	     15.58018583	     -4.10932474	     -2.55887104	     10.56045086	      0.18431464	      3.89727679	      0.50681621	     -7.50007442	     15.35984613	     -1.20888162	     -4.85484288	     14.62673998	      0.25528477	      9.30832654	      0.65688480	     -7.50007442	      1.24838451	     -1.21137441	     -0.38238822	     -5.33738862	    -11.50014515	     13.39364718	     25.73276397	     65.84398022	     -2.36019034	    -10.79049077	     22.17141060	     20.70145507	     72.24417765
      1.54000000	     -6.50101800	      0.98572864	     -1.19960633	     -0.30509328	      1.02922190	     -0.61818586	     16.15749191	     -4.09041814	     -2.48345391	     10.90870407	      0.19039280	      4.06144084	      0.35028617	     -7.50006945	     15.95347214	     -1.26919568	     -4.84001782	     15.02517133	      0.26223871	      9.44841210	      0.51376549	     -7.50006945	      1.44544627	     -1.13649728	     -0.41750933	     -5.68823745	    -11.66081209	     13.09525158	     26.75556144	     65.51685983	     -2.74308573	    -10.91070078	     21.72482486	     21.70021497	     71.61659938
      1.55000000	     -6.03685361	      0.95609328	     -1.25156434	     -0.30625696	      1.02803479	     -0.61807358	     15.94364775	     -4.08631166	     -2.48471789	     11.31650897	      0.19751034	      4.27009514	      0.39837295	     -7.50005710	     15.72993696	     -1.36042746	     -5.06575939	     15.47840109	      0.27014906	      9.67537668	      0.83550460	     -7.50005710	      0.62643139	     -1.09857095	     -0.43275967	     -5.25177007	    -11.56999634	     13.17291296	     26.32491083	     65.28721051	     -2.39261050	    -10.77840189	     21.78128021	     21.35439752	     71.13426328
      1.56000000	     -6.33841314	      0.92496982	     -1.26882636	     -0.30646655	      1.02490547	     -0.61779612	     16.66011973	     -4.07505856	     -2.41940547	     11.94647422	      0.20850531	      4.57179719	      0.30487347	     -7.50005070	     16.44681579	     -1.45732931	     -5.13861817	     16.18560718	      0.28249214	      9.95414255	      0.87001359	     -7.50005070	      0.88522053	     -1.04524091	     -0.38576863	     -5.16295333	    -11.72446552	     14.02645268	     26.18719124	     65.86138817	     -2.20205638	    -10.71797169	     22.27001352	     20.95909672	     72.07245626
      1.57000000	     -6.22655524	      0.88023295	     -1.31670396	     -0.30694198	      1.02270060	     -0.61804315	     16.96371695	     -4.05220183	     -2.28331098	     12.58190959	      0.21959575	      4.84292803	      0.15812829	     -7.50004460	     16.74102689	     -1.56840936	     -5.20486410	     16.92427102	      0.29538425	     10.27193511	      0.92617464	     -7.50004460	      0.40346959	     -0.94641692	     -0.36514362	     -5.17122579	    -11.82537502	     13.83235157	     26.81088115	     65.45931786	     -2.26458547	    -10.79321841	     22.01543862	     21.58912074	     71.42886079
      1.58000000	     -6.38425557	      0.82584295	     -1.35810540	     -0.30826824	      1.02071892	     -0.61904553	     17.67739195	     -4.02858007	     -2.16175596	     13.42371492	      0.23428802	      5.14399826	     -0.02759158	     -7.50004039	     17.45386231	     -1.70583722	     -5.29083675	     17.87836118	      0.31203627	     10.68000641	      0.98893451	     -7.50004039	      0.33247427	     -0.85230188	     -0.31122649	     -5.00541049	    -11.94414365	     14.27269619	     26.85840568	     65.52937213	     -2.11592852	    -10.75620658	     22.34461735	     21.58970957	     71.69861868
      1.59000000	     -6.39027625	      0.77202532	     -1.42574770	     -0.31021502	      1.01869445	     -0.62016692	     18.31232666	     -4.01350294	     -2.07766565	     14.36772560	      0.25076412	      5.45132666	     -0.27442919	     -7.50003716	     18.10680807	     -1.84806813	     -5.37892279	     18.98594890	      0.33136732	     11.13682793	      1.05754409	     -7.50003716	     -0.04486736	     -0.73453760	     -0.25695960	     -4.87872952	    -12.13672038	     14.33400167	     27.28727540	     65.44006801	     -2.09639887	    -10.82225567	     22.28443519	     22.01260786	     71.59833963
      1.60000000	     -6.39949706	      0.70932988	     -1.48292124	     -0.31182625	      1.01621583	     -0.62098795	     19.02952839	     -3.99418357	     -1.96169360	     15.44198377	      0.26951346	      5.84939813	     -0.56867783	     -7.50003270	     18.83197604	     -2.00021706	     -5.45565663	     20.19872496	      0.35253426	     11.63961215	      1.03975155	     -7.50003270	     -0.47972063	     -0.58496486	     -0.20709892	     -4.77599626	    -12.29320286	     14.18775554	     27.84630389	     65.12489881	     -2.05015777	    -10.84489454	     21.99842106	     22.56443930	     70.99126241
      1.61000000	     -6.50821354	      0.62702388	     -1.50717379	     -0.31277324	      1.01367581	     -0.62143735	     19.91349238	     -3.96138266	     -1.81907898	     16.65647585	      0.29071035	      6.36989456	     -0.90391817	     -7.50003018	     19.71588964	     -2.15998442	     -5.40565569	     21.51590784	      0.37552343	     12.26372592	      0.84959462	     -7.50003018	     -0.82104835	     -0.44033595	     -0.18620901	     -4.72720042	    -12.49148107	     14.02567080	     28.53331978	     64.89848530	     -2.04896627	    -10.88682869	     21.69980809	     23.20854435	     70.51658942
      1.62000000	     -6.46555245	      0.54248455	     -1.56165778	     -0.31378982	      1.01124748	     -0.62138945	     20.66186262	     -3.92698737	     -1.71688326	     17.91815419	      0.31273079	      6.77723651	     -1.24147098	     -7.50002725	     20.43113641	     -2.36398001	     -5.52025404	     22.84490478	      0.39871881	     12.88027163	      0.97757627	     -7.50002725	     -1.24113562	     -0.31062097	     -0.11682839	     -4.34455577	    -12.62537227	     14.38794113	     28.39143961	     64.99533082	     -1.73239258	    -10.86182294	     21.91696503	     23.11638938	     70.59471389
      1.63000000	     -6.44029746	      0.45882919	     -1.57595472	     -0.31579150	      1.00740714	     -0.62108558	     21.50213166	     -3.90028283	     -1.54464018	     19.30248645	      0.33689194	      7.28210111	     -1.65136871	     -7.50002471	     21.27186705	     -2.55210943	     -5.53698118	     24.34343476	      0.42487309	     13.61507520	      0.97316538	     -7.50002471	     -1.80449770	     -0.15534053	     -0.18163394	     -4.12174154	    -12.73135412	     14.08320168	     28.84706041	     65.15715597	     -1.70518900	    -10.86922967	     21.16857773	     23.77843748	     70.74295078
      1.64000000	     -6.55533256	      0.36567890	     -1.59435786	     -0.31882106	      1.00202842	     -0.62081132	     22.64425372	     -3.87518660	     -1.45306161	     20.92349003	      0.36518379	      7.92805858	     -1.98733590	     -7.50002321	     22.41473377	     -2.78163559	     -5.57563386	     26.08323297	      0.45523829	     14.43066218	      1.00477865	     -7.50002321	     -2.21957334	     -0.00949747	     -0.20929202	     -3.93750997	    -12.88522497	     13.91535089	     29.39892067	     65.42983744	     -1.67045653	    -10.89401986	     20.51403806	     24.39794839	     71.07080410
      1.65000000	     -6.92101887	      0.29990008	     -1.64437969	     -0.32235425	      0.99604405	     -0.62058348	     24.22541854	     -3.83891362	     -1.23053269	     22.79569288	      0.39785990	      8.64834118	     -2.44614441	     -7.50001980	     23.95371033	     -3.02208486	     -5.62662085	     28.01310388	      0.48892090	     15.27803841	      1.00820615	     -7.50001980	     -2.31491163	      0.07857895	     -0.04330273	     -3.76695084	    -13.23100278	     14.68724489	     29.83933065	     65.95051357	     -1.43606143	    -11.02586776	     20.73947226	     24.79098201	     71.72359136
      1.66000000	     -6.90187726	      0.21955833	     -1.63337681	     -0.32584427	      0.99078937	     -0.62027646	     25.44828925	     -3.81900484	     -1.06113110	     24.76147395	      0.43216925	      9.44657217	     -2.87686042	     -7.50001799	     25.12198372	     -3.24240555	     -5.58870201	     29.96485333	      0.52298535	     16.14299289	      0.97169319	     -7.50001799	     -3.05802519	      0.16607130	      0.00455684	     -3.53271863	    -13.39096082	     14.45684482	     30.61222332	     66.13820695	     -1.26358118	    -11.18074792	     20.13195922	     25.68007694	     72.00624546
      1.67000000	     -6.91111985	      0.13772367	     -1.63589435	     -0.32846583	      0.98547442	     -0.62028469	     26.74201296	     -3.79521248	     -0.87437174	     26.81276487	      0.46797103	     10.30096775	     -3.25347931	     -7.50001639	     26.34239052	     -3.46630084	     -5.53650364	     31.98440233	      0.55823313	     17.07203212	      0.89946979	     -7.50001639	     -3.72743585	      0.32591001	      0.01945500	     -3.21355738	    -13.56217348	     14.14404411	     31.29302940	     66.26849916	     -1.03091466	    -11.29270413	     19.49263045	     26.39603905	     72.12279547
      1.68000000	     -7.07383904	      0.07627497	     -1.60259206	     -0.33050712	      0.98042802	     -0.62091571	     28.22655100	     -3.78157630	     -0.66029950	     28.93483830	      0.50500820	     11.18912382	     -3.65965597	     -7.50001413	     27.71154033	     -3.66898375	     -5.45412513	     33.94579096	      0.59246582	     17.90118386	      0.92768557	     -7.50001413	     -4.20282236	      0.33025921	      0.17828447	     -3.08548200	    -13.79001692	     14.38824187	     32.04271191	     66.20040159	     -0.65838145	    -11.47126845	     19.60407816	     27.14410447	     71.90497531
      1.69000000	     -7.20413780	      0.04056834	     -1.55043039	     -0.33337371	      0.97640075	     -0.62143236	     29.68217090	     -3.79570578	     -0.44630927	     31.06363081	      0.54216264	     12.02695478	     -4.10985737	     -7.50001143	     29.06873654	     -3.80384039	     -5.29231906	     35.90978545	      0.62674399	     18.62817373	      0.71094835	     -7.50001143	     -4.71156631	      0.35923218	      0.33247704	     -2.85270679	    -14.12330941	     14.84019323	     32.73964817	     67.00376279	     -0.13085571	    -11.74282384	     20.05280142	     27.72572813	     73.23756433
      1.70000000	     -7.25468884	      0.02542520	     -1.49486858	     -0.33768622	      0.97296804	     -0.62091355	     31.08017582	     -3.80783807	     -0.21092823	     33.22320646	      0.57985434	     12.83327243	     -4.54888401	     -7.50001044	     30.35530934	     -3.92649471	     -5.15801307	     37.86401515	      0.66085173	     19.40448545	      0.61777328	     -7.50001044	     -5.42106638	      0.34522619	      0.44262175	     -2.63815248	    -14.24895547	     14.53162299	     33.54277455	     66.78230119	      0.28006063	    -11.91567221	     19.58215766	     28.63080056	     72.77443908
      1.71000000	     -7.24095398	     -0.00489932	     -1.37541339	     -0.34225962	      0.96877005	     -0.62063518	     32.41147244	     -3.82559615	     -0.00790659	     35.37279159	      0.61737168	     13.57095724	     -5.06920952	     -7.50000960	     31.58927174	     -3.95062803	     -4.79022766	     39.78657562	      0.69440674	     20.01809481	      0.07540107	     -7.50000960	     -6.31609715	      0.38319711	      0.40790268	     -2.47097376	    -14.45956054	     14.25660052	     34.76385751	     66.40984991	      0.65784845	    -12.17990885	     19.18548022	     29.84328336	     72.06438301
      1.72000000	     -7.43864239	      0.01532727	     -1.34996318	     -0.34588662	      0.96280785	     -0.62078097	     34.00502040	     -3.83859919	      0.27452973	     37.56804963	      0.65568616	     14.41154103	     -5.34320645	     -7.50000734	     33.00678680	     -4.03846755	     -4.67845008	     41.71450456	      0.72805545	     20.86328215	      0.10083952	     -7.50000734	     -6.74631639	      0.31737237	      0.60353494	     -2.06848013	    -14.60504082	     14.24085745	     34.93001962	     69.19295427	      1.36662010	    -12.31246142	     18.79772353	     30.08936793	     75.41752389
      1.73000000	     -7.35856189	      0.05211858	     -1.26889860	     -0.34956139	      0.95662421	     -0.62046388	     35.26730736	     -3.88921607	      0.52432647	     39.70762245	      0.69302875	     15.24314809	     -5.70082440	     -7.50000619	     34.09647165	     -4.06159332	     -4.51392971	     43.56153247	      0.76029217	     21.74043945	      0.05851695	     -7.50000619	     -7.72675656	      0.24893059	      0.56812253	     -1.84162258	    -14.60058016	     13.26153566	     35.99936794	     68.64178946	      1.61262968	    -12.44195582	     17.34108737	     31.48648247	     74.33847690
      1.74000000	     -7.72484430	      0.05461124	     -1.18815949	     -0.35398330	      0.95006595	     -0.61928853	     37.04852572	     -3.89307861	      0.75129295	     41.90743137	      0.73142266	     16.16688259	     -5.87300003	     -7.50000552	     35.77561413	     -4.09850841	     -4.24461857	     45.54114546	      0.79484293	     22.46185932	     -0.33216847	     -7.50000552	     -8.07695220	      0.24034869	      0.73110421	     -1.66146581	    -14.95842883	     13.63828069	     36.90908342	     68.71195921	      2.18057380	    -12.76369178	     17.51801763	     32.44010291	     74.17792227
      1.75000000	     -7.68067157	      0.04844173	     -1.05471738	     -0.35858264	      0.94507026	     -0.61851981	     38.31309327	     -3.90365797	      0.94578424	     43.95587660	      0.76717477	     16.85012683	     -6.39721244	     -7.50000496	     37.01302143	     -4.04701404	     -3.82139477	     47.41520324	      0.82755141	     23.07284359	     -0.99541627	     -7.50000496	     -9.12760863	      0.24599036	      0.69534860	     -1.46570231	    -15.23929321	     13.35370522	     38.44139328	     68.13106546	      2.52843772	    -13.15848443	     17.12162887	     34.06522740	     73.22906017
      1.76000000	     -7.95816332	      0.16997342	     -1.02785026	     -0.36206829	      0.94006758	     -0.61860787	     39.94747772	     -4.00239311	      1.17949802	     46.03109539	      0.80339417	     17.74050207	     -6.33930327	     -7.50000478	     38.53012779	     -4.01605119	     -3.72581740	     49.22048265	      0.85905948	     23.91522374	     -0.92709498	     -7.50000478	     -9.56954805	      0.07367552	      0.92487196	     -1.05281861	    -15.44836756	     13.61719386	     38.72516793	     68.53208841	      3.29317498	    -13.41650689	     17.18402972	     34.60387759	     73.51930864
      1.77000000	     -8.02228105	      0.20630280	     -0.94446310	     -0.36476533	      0.93533441	     -0.61893473	     41.21709574	     -4.02651619	      1.38539731	     47.89439250	      0.83591484	     18.34676490	     -6.68075268	     -7.50000355	     39.74351803	     -3.93451145	     -3.39919732	     50.85647819	      0.88761299	     24.39761107	     -1.38933779	     -7.50000355	    -10.40037849	      0.04033361	      0.93826869	     -0.76908456	    -15.56357522	     12.56611640	     39.58642111	     74.01897771	      3.72951402	    -13.57536194	     15.72134849	     35.61736178	     79.27604560
      1.78000000	     -7.96278296	      0.18836463	     -0.85861682	     -0.36779893	      0.93022560	     -0.61836151	     42.28630949	     -3.97894309	      1.58038520	     49.64291025	      0.86643223	     18.84600894	     -7.09572486	     -7.50000325	     40.76698310	     -3.87687715	     -3.03852136	     52.40259112	      0.91459775	     24.90789890	     -1.88706260	     -7.50000325	    -11.41828257	      0.06635560	      0.92127826	     -0.56090424	    -15.85071036	     12.26412479	     40.95374691	     73.08590129	      4.06323555	    -13.93513227	     15.29473827	     37.10453700	     78.06552586
      1.79000000	     -8.20011594	      0.33070331	     -0.86263390	     -0.37175610	      0.92414223	     -0.61696909	     43.77956876	     -4.02214944	      1.85810764	     51.52058809	      0.89920389	     19.66680406	     -6.93331149	     -7.50000292	     42.10851770	     -3.81832387	     -2.96812501	     53.95792445	      0.94174344	     25.51231149	     -1.89634645	     -7.50000292	    -11.93916676	     -0.17369603	      1.16717456	     -0.28860096	    -16.15863024	     12.46864793	     41.64397816	     72.77045736	      4.60284656	    -14.26133434	     15.15953469	     38.12741819	     77.45655460
      1.80000000	     -8.36862061	      0.35729085	     -0.78361802	     -0.37658814	      0.91848177	     -0.61622599	     45.15065684	     -4.00640277	      2.04586360	     53.27802019	      0.92987687	     20.18352795	     -7.13546284	     -7.50000253	     43.43142091	     -3.75282002	     -2.68462518	     55.49467004	      0.96856471	     25.93411704	     -2.33344427	     -7.50000253	    -12.51554855	     -0.19781271	      1.13482938	      0.29515639	    -16.55146051	     13.08628707	     42.19164937	     74.27546177	      5.16188826	    -14.66609244	     15.39487088	     38.95705852	     78.70091119
      1.81000000	     -8.30177803	      0.34703901	     -0.71431736	     -0.38175768	      0.91371367	     -0.61584086	     46.23429754	     -3.96569764	      2.15533846	     54.91624811	      0.95846934	     20.56142844	     -7.46153840	     -7.50000244	     44.48691600	     -3.74150733	     -2.43981441	     56.94547376	      0.99388601	     26.37662835	     -2.62751889	     -7.50000244	    -13.65577419	     -0.19650999	      1.17560456	      0.66186413	    -16.79189461	     12.68039167	     43.32346480	     73.63630625	      5.62372647	    -14.98907848	     14.85893759	     40.22750643	     77.90672550
      1.82000000	     -8.64179678	      0.45054559	     -0.70356984	     -0.38637062	      0.90774030	     -0.61567863	     47.83075130	     -4.01108532	      2.34076912	     56.64571371	      0.98865421	     21.23565058	     -7.22868338	     -7.50000225	     45.99041817	     -3.67000388	     -2.29986668	     58.40999028	      1.01944665	     26.80970564	     -2.85033159	     -7.50000225	    -14.24376957	     -0.36777628	      1.41038698	      0.75615644	    -17.18300588	     12.49942129	     44.62442939	     73.47817470	      5.87928031	    -15.34418072	     14.41889221	     41.90650082	     77.50556186
      1.83000000	     -8.92727281	      0.52017274	     -0.68895237	     -0.39045260	      0.90076512	     -0.61592489	     49.35643620	     -4.00558756	      2.54055302	     58.31609893	      1.01780793	     21.68881362	     -7.34492777	     -7.50000204	     47.47651102	     -3.61584184	     -2.12291167	     59.88728570	      1.04523032	     27.18147143	     -3.14614066	     -7.50000204	    -14.86423007	     -0.45243866	      1.50334837	      1.01554228	    -17.58039660	     12.43895416	     45.85116082	     74.08705318	      6.16371616	    -15.73045369	     14.14833004	     43.30793397	     77.89581761
      1.84000000	     -9.02356661	      0.58575189	     -0.72638250	     -0.39428126	      0.89373871	     -0.61622139	     50.66052242	     -3.95626817	      2.75912417	     59.94968738	      1.04631943	     22.24692848	     -7.30491626	     -7.50000193	     48.73500958	     -3.62146801	     -2.01242892	     61.32980969	      1.07040711	     27.53751788	     -3.34740001	     -7.50000193	    -15.72537086	     -0.56409623	      1.59364038	      1.40255670	    -17.88456853	     12.13790110	     46.89421332	     74.70552948	      6.52182772	    -16.03145799	     13.55991574	     44.54417116	     78.25881108
      1.85000000	     -9.18960399	      0.57112023	     -0.68730213	     -0.39799913	      0.88759773	     -0.61621533	     51.92022915	     -3.89860138	      2.87621714	     61.43299425	      1.07220802	     22.58138357	     -7.49620837	     -7.50000149	     50.02521535	     -3.59895893	     -1.78747174	     62.72014994	      1.09467312	     27.79413389	     -3.73043463	     -7.50000149	    -16.57115007	     -0.53547968	      1.70204293	      1.50626530	    -18.08024319	     10.46048633	     48.21558318	     81.92785764	      6.73122549	    -16.14930058	     11.88547268	     46.12439006	     84.99221699
      1.86000000	     -9.08398163	      0.54211513	     -0.67394461	     -0.40137505	      0.88309926	     -0.61556604	     52.74781158	     -3.81153700	      2.98195701	     62.71384368	      1.09456306	     22.81487750	     -7.74388992	     -7.50000138	     50.86940203	     -3.58976702	     -1.55995786	     63.93507271	      1.11587753	     28.09712231	     -4.07583441	     -7.50000138	    -17.66143720	     -0.48162895	      1.71647685	      1.91752988	    -18.37760911	     10.14041724	     49.21435499	     80.88798072	      7.15150127	    -16.42113814	     11.50741071	     47.27330046	     83.87889558
      1.87000000	     -9.52054989	      0.64355219	     -0.66559487	     -0.40434455	      0.87703810	     -0.61504576	     54.22675088	     -3.79763077	      3.21297436	     64.11682289	      1.11904967	     23.21145993	     -7.64063691	     -7.50000128	     52.28985189	     -3.53917784	     -1.49602904	     65.17579343	      1.13753219	     28.39483339	     -4.24906985	     -7.50000128	    -18.01361383	     -0.63133360	      1.92303354	      1.92705325	    -18.93595229	     10.32364648	     50.44825609	     81.12149672	      7.38812395	    -16.91090175	     11.65361506	     48.68843994	     83.98138653
      1.88000000	     -9.64619893	      0.66424575	     -0.66971767	     -0.40751600	      0.87070131	     -0.61534681	     55.29568080	     -3.75406690	      3.33365790	     65.35932117	      1.14073535	     23.43436285	     -7.69277149	     -7.50000116	     53.31425383	     -3.51678982	     -1.34967686	     66.28636044	      1.15691524	     28.63761321	     -4.44914619	     -7.50000116	    -18.70306898	     -0.65989208	      2.08881249	      2.12993065	    -19.42505660	     10.28858818	     51.40941743	     82.15783580	      7.72945162	    -17.24902969	     11.59553171	     49.81130491	     84.75264791
      1.89000000	     -9.50701058	      0.70122774	     -0.60122557	     -0.41102389	      0.86461028	     -0.61584036	     56.03428083	     -3.75329639	      3.47238825	     66.49596566	      1.16057354	     23.51350341	     -8.18984302	     -7.50000107	     54.03488963	     -3.37505197	     -1.15271369	     67.28194576	      1.17429148	     28.58132995	     -5.26198940	     -7.50000107	    -19.85306190	     -0.66766381	      1.94242665	      2.22014281	    -19.51195104	      9.10989083	     52.96940644	     80.16373615	      7.53935394	    -17.40819991	     10.27798023	     51.61333998	     82.50249841
      1.90000000	     -9.89946543	      0.65478633	     -0.68584296	     -0.41431189	      0.85722589	     -0.61546496	     57.48630290	     -3.66022631	      3.49161675	     67.88217653	      1.18476748	     24.10662558	     -7.61838474	     -7.50000101	     55.49587479	     -3.58752630	     -1.14589981	     68.65809991	      1.19830990	     29.37124749	     -4.57721495	     -7.50000101	    -20.09555327	     -0.65864849	      2.27165975	      2.43115227	    -20.09596033	      9.62722079	     53.53363267	     80.64980321	      7.95835994	    -17.70279146	     10.59180343	     52.27561134	     82.80834435
      1.91000000	     -9.97533116	      0.66888909	     -0.64666670	     -0.41802070	      0.85037256	     -0.61485782	     58.57604607	     -3.62685562	      3.62422568	     69.18710763	      1.20754283	     24.24198619	     -7.79662701	     -7.50000084	     56.59029300	     -3.55336027	     -1.00050328	     69.86115304	      1.21930714	     29.50270660	     -4.91581902	     -7.50000084	    -20.87373525	     -0.67042673	      2.62085490	      2.23447535	    -20.31275301	      7.91968072	     54.66168689	     87.95336740	      8.46622500	    -17.83982107	     10.00161936	     53.00919093	     89.77034738
      1.92000000	    -10.15174627	      0.75410283	     -0.67091815	     -0.42260995	      0.84314812	     -0.61448360	     59.84124948	     -3.58255931	      3.83128842	     70.52920856	      1.23096691	     24.54013399	     -7.82001085	     -7.50000079	     57.79072804	     -3.56637704	     -0.99263358	     71.08333248	      1.24063820	     29.81758070	     -4.94524179	     -7.50000079	    -21.55445000	     -0.78720301	      2.66333300	      2.42260641	    -20.63927511	      7.79964881	     55.61797551	     86.80125670	      8.57769725	    -18.15603214	      9.58405773	     54.14601263	     88.46520439
      1.93000000	    -10.35151518	      0.76470651	     -0.63453197	     -0.42786521	      0.83671285	     -0.61464891	     61.10848392	     -3.55930800	      3.92783478	     71.80001072	      1.25314659	     24.69424475	     -7.90809171	     -7.50000076	     59.03567332	     -3.54102451	     -0.84743889	     72.25803435	      1.26114061	     29.96204178	     -5.18872218	     -7.50000076	    -22.16894795	     -0.80372451	      2.70073993	      2.73107565	    -21.08791069	      7.89336293	     56.43273786	     87.03134320	      8.92339569	    -18.57261258	      9.75890571	     54.84191784	     88.65520814
      1.94000000	    -10.16818404	      0.74637926	     -0.61113237	     -0.43228814	      0.83165024	     -0.61457619	     61.89595856	     -3.50543160	      4.00350943	     72.94565940	      1.27314193	     24.77621675	     -8.08838016	     -7.50000075	     59.84848988	     -3.55599940	     -0.70252793	     73.35552650	      1.28029546	     30.06073501	     -5.42865599	     -7.50000075	    -23.19981059	     -0.79985710	      2.72122192	      3.27678001	    -21.30850895	      7.65848337	     56.77630778	     86.73634272	      9.38989213	    -18.76009526	      9.53186083	     55.18238098	     88.34730315
      1.95000000	    -10.57063891	      0.79866961	     -0.61715473	     -0.43511798	      0.82469122	     -0.61419004	     63.37456081	     -3.45868566	      4.15198013	     74.16454418	      1.29441548	     24.96091836	     -8.04609980	     -7.50000067	     61.34234250	     -3.60846364	     -0.67125284	     74.50790591	      1.30040828	     30.18215996	     -5.47944493	     -7.50000067	    -23.51773925	     -0.86823798	      2.82462530	      3.25352409	    -21.81769063	      7.69074561	     57.99652279	     86.23383662	      9.40725106	    -19.23676888	      9.68098162	     56.24453435	     87.78668689
      1.96000000	    -10.54082382	      0.78518673	     -0.64627317	     -0.43787362	      0.81767211	     -0.61422695	     64.33974377	     -3.33576744	      4.27790641	     75.31866374	      1.31455867	     25.11863805	     -8.22571165	     -7.50000056	     62.32905615	     -3.69505471	     -0.57524470	     75.58178195	      1.31915095	     30.17042939	     -5.67702192	     -7.50000056	    -24.21618583	     -0.84328376	      3.22182382	      3.18849255	    -22.17430477	      6.76690027	     58.77741472	     90.20729800	     10.01420033	    -19.46543709	     10.11520318	     56.40846833	     91.63612467
      1.97000000	    -10.65946869	      0.76862404	     -0.72176293	     -0.44108697	      0.80990281	     -0.61453751	     65.49163003	     -3.19985035	      4.37445845	     76.51147308	      1.33537712	     25.34598480	     -8.20155113	     -7.50000050	     63.46423887	     -3.79851380	     -0.47038586	     76.72240853	      1.33905864	     30.38610942	     -5.69465778	     -7.50000050	    -24.81589155	     -0.87369123	      3.22495827	      3.46460362	    -22.39206664	      6.43139019	     59.62002678	     88.54503038	      9.95859661	    -19.62944890	      9.53798396	     57.29265213	     89.80072549
      1.98000000	    -10.72690692	      0.76477351	     -0.77611150	     -0.44388012	      0.80219427	     -0.61446266	     66.57009098	     -3.06122907	      4.48860962	     77.73404254	      1.35671498	     25.41999084	     -8.45548113	     -7.50000041	     64.49705363	     -3.87728923	     -0.39406379	     77.84761638	      1.35869722	     30.43949737	     -5.95854041	     -7.50000041	    -25.31993223	     -0.89051101	      3.51977283	      3.40327982	    -22.69269215	      5.70695087	     60.53017399	     92.14703874	     10.36126647	    -19.85685870	      9.68278364	     57.59118873	     93.32943108
      1.99000000	    -10.77512421	      0.75978963	     -0.84109028	     -0.44636601	      0.79454363	     -0.61409616	     67.61954889	     -2.91498164	      4.60546256	     78.96370203	      1.37817659	     25.54748691	     -8.63693162	     -7.50000036	     65.52147548	     -3.96234295	     -0.31926017	     79.00791244	      1.37894821	     30.61246758	     -6.08981272	     -7.50000036	    -25.79017586	     -0.88963570	      3.49372187	      3.68931351	    -23.15561077	      6.02915902	     61.26257663	     91.16252972	     10.36848064	    -20.23445159	      9.87129861	     58.15454905	     92.19167586
      2.00000000	    -10.83527232	      0.71575507	     -0.87275231	     -0.44956127	      0.78701069	     -0.61366228	     68.68206935	     -2.79676763	      4.65147286	     80.20426080	      1.39982843	     25.79687286	     -8.65769819	     -7.50000034	     66.60367346	     -4.05064111	     -0.18152368	     80.19138497	      1.39960370	     30.84669871	     -6.05377982	     -7.50000034	    -26.22547373	     -0.82587332	      3.42906798	      3.90031417	    -23.44180731	      5.82020823	     62.07141785	     90.13682261	     10.22975802	    -20.46462114	      9.53657973	     58.76850705	     91.08346850
      2.01000000	    -10.93588650	      0.70359576	     -0.93484906	     -0.45346247	      0.77947474	     -0.61288404	     69.81001706	     -2.63928040	      4.76125651	     81.42043779	      1.42105472	     25.91664535	     -8.86544614	     -7.50000032	     67.73365844	     -4.14960597	     -0.05912871	     81.34708028	      1.41977439	     30.99459945	     -6.16775270	     -7.50000032	    -26.60293305	     -0.84906846	      3.44692224	      4.05565906	    -23.89554542	      5.89204950	     63.00419559	     89.60757372	     10.20496940	    -20.80930135	      9.59535298	     59.38793518	     90.48859784
      2.02000000	    -10.99753391	      0.69718367	     -0.96728201	     -0.45646675	      0.77181982	     -0.61236654	     70.87914250	     -2.50796549	      4.87005523	     82.63279429	      1.44221433	     26.10863180	     -9.00863374	     -7.50000030	     68.78285138	     -4.22010386	      0.06171999	     82.48575610	      1.43964803	     31.18936214	     -6.24625473	     -7.50000030	    -26.98705560	     -0.85685670	      3.42082780	      4.25204524	    -24.25726053	      5.75831106	     63.80924534	     89.29289515	     10.22252706	    -21.12314265	      9.56791348	     59.80525637	     90.12374636
      2.03000000	    -10.93592154	      0.72881949	     -1.03138464	     -0.45783888	      0.76441272	     -0.61298984	     71.75457068	     -2.34927204	      5.05990432	     83.78467218	      1.46231839	     26.19558078	     -9.22443314	     -7.50000024	     69.59002963	     -4.26108734	      0.13366213	     83.57821819	      1.45871509	     31.25794741	     -6.48965894	     -7.50000024	    -27.45078492	     -0.92379309	      3.91262733	      3.87039792	    -24.50104203	      4.22958800	     64.68017725	     93.02980132	     10.81057474	    -21.22323623	     10.00919016	     59.56353111	     93.76633547
      2.04000000	    -10.98455825	      0.81199977	     -1.14983055	     -0.45864317	      0.75719260	     -0.61389742	     72.72235455	     -2.16476806	      5.30684047	     84.91395400	      1.48202808	     26.43791991	     -9.33750355	     -7.50000015	     70.43792255	     -4.34294904	      0.11866347	     84.66913380	      1.47775516	     31.60059844	     -6.44665148	     -7.50000015	    -27.75141543	     -1.03819375	      3.75581368	      4.07938114	    -24.78637684	      4.30424978	     65.31319872	     89.54005876	     10.47948114	    -21.43497639	      9.71063501	     60.03698853	     90.08296447
      2.05000000	    -10.67173378	      0.81155976	     -1.18055617	     -0.46074001	      0.75133237	     -0.61428601	     73.22857277	     -2.06949919	      5.42415133	     85.92257380	      1.49963181	     26.51351698	     -9.60026818	     -7.50000014	     70.88315029	     -4.33758190	      0.20667555	     85.67560434	      1.49532138	     31.63123531	     -6.79710509	     -7.50000014	    -28.39867936	     -1.04008699	      3.69023691	      4.49764269	    -25.08692582	      4.07802397	     65.39838793	     89.25713372	     10.67039989	    -21.53296169	      9.61876625	     60.05688135	     89.79686941
      2.06000000	    -10.63681640	      0.77613053	     -1.25363498	     -0.46422041	      0.74462724	     -0.61411455	     74.09370014	     -1.90793979	      5.52196596	     86.95953259	      1.51773016	     26.43696449	     -9.86779366	     -7.50000010	     71.71288819	     -4.45591198	      0.30061347	     86.77216639	      1.51446000	     31.88880910	     -6.75194660	     -7.50000010	    -28.77793520	     -0.99220592	      3.92523824	      4.15399540	    -25.31823413	      2.55055173	     66.61238733	     93.83190634	     10.83390968	    -21.54612792	      9.30878420	     60.23921284	     94.05646466
      2.07000000	    -10.55383668	      0.70285836	     -1.30233992	     -0.46865367	      0.73738153	     -0.61435282	     74.92675504	     -1.78969524	      5.54438795	     87.98133080	      1.53556390	     26.50425751	    -10.02281352	     -7.50000010	     72.55987394	     -4.55745932	      0.44868720	     87.87925787	      1.53378239	     32.05516282	     -6.79266769	     -7.50000010	    -29.15293654	     -0.89502579	      3.76085504	      4.59813555	    -25.65323753	      2.43566305	     67.07728376	     92.28766071	     10.72459384	    -21.64041705	      8.87796492	     60.58239201	     92.46704986
      2.08000000	    -10.45792654	      0.78086731	     -1.37105978	     -0.47345591	      0.72979118	     -0.61453780	     75.83563161	     -1.69625297	      5.73477732	     89.03956243	      1.55403353	     26.32580807	    -10.32513831	     -7.50000009	     73.42155162	     -4.61535351	      0.43577557	     88.97524572	      1.55291099	     32.06263601	     -6.93824991	     -7.50000009	    -29.57699336	     -1.01012710	      3.67113015	      4.97140358	    -26.14734989	      2.43611014	     67.67987339	     91.98567603	     10.89946927	    -21.84466292	      8.93602695	     60.85856289	     92.12936937
      2.09000000	    -10.39406055	      0.74989242	     -1.39982052	     -0.47785247	      0.72273162	     -0.61465389	     76.74390839	     -1.60202633	      5.80820355	     90.04498511	      1.57158147	     26.38695306	    -10.38545008	     -7.50000007	     74.31593200	     -4.68990299	      0.53103449	     90.01638046	      1.57108222	     32.24082204	     -6.82697550	     -7.50000007	    -29.94466680	     -0.99823395	      3.66947195	      5.25079263	    -26.52832377	      2.08798273	     68.33258692	     91.31776989	     10.99606184	    -22.00270280	      8.79827638	     61.09446205	     91.42593688
      2.10000000	    -10.33892869	      0.75459903	     -1.45155102	     -0.48110996	      0.71605263	     -0.61500813	     77.64260131	     -1.51922021	      5.90898926	     91.00641676	      1.58836161	     26.30015657	    -10.55692367	     -7.50000006	     75.19014552	     -4.76042595	      0.57104040	     91.01141595	      1.58844887	     32.23389885	     -6.88750437	     -7.50000006	    -30.35012830	     -1.02608532	      3.69823854	      5.39135659	    -26.91988493	      1.56877705	     69.16895422	     91.32428791	     11.00960488	    -22.06421323	      8.44075703	     61.53386326	     91.37524009
      2.11000000	    -10.11356413	      0.75015860	     -1.57700559	     -0.48334457	      0.70926966	     -0.61554240	     78.33950379	     -1.35153275	      6.04871768	     91.92171687	      1.60433661	     26.32957782	    -10.62986366	     -7.50000002	     75.86179511	     -4.89541321	      0.60458941	     92.01829701	      1.60602225	     32.33296167	     -6.95170628	     -7.50000002	    -30.91207762	     -1.05492300	      3.58501480	      5.68497039	    -27.32218075	      1.48251331	     70.08201801	     86.98994180	     10.83081615	    -22.24424818	      8.09489748	     62.33376203	     86.95397930
      2.12000000	     -9.98976238	      0.77788643	     -1.58275048	     -0.48578978	      0.70222472	     -0.61633395	     79.14089289	     -1.34360266	      6.16756609	     92.83128302	      1.62021154	     26.19114400	    -10.81750657	     -7.50000000	     76.62968182	     -4.87758321	      0.64165981	     92.93579505	      1.62203562	     32.15189599	     -7.22219292	     -7.50000000	    -31.30112071	     -1.10994914	      4.15924667	      4.94683689	    -27.54028010	     -0.92689860	     71.21365595	     94.95165882	     11.41079674	    -21.98570090	      7.80531634	     62.34536318	     94.50022561
      2.13000000	     -9.92373783	      0.71518842	     -1.61789855	     -0.48962950	      0.69570882	     -0.61704817	     79.98850815	     -1.29460923	      6.19364917	     93.67343414	      1.63490985	     26.09088499	    -10.94252807	     -7.49999998	     77.50554248	     -4.94227149	      0.75898484	     93.86483366	      1.63825040	     32.00642365	     -7.37311682	     -7.49999998	    -31.67011842	     -1.02514956	      4.07898136	      5.18284935	    -27.96139849	     -1.22396615	     72.07092031	     93.84814942	     11.15183246	    -21.95675862	      7.05823614	     63.11740017	     93.27409913
      2.14000000	     -9.60856431	      0.69326333	     -1.65395620	     -0.49377551	      0.69043278	     -0.61722521	     80.50504572	     -1.25243636	      6.26091826	     94.41497560	      1.64785219	     26.03447951	    -11.05469383	     -7.49999998	     78.04500580	     -4.99290726	      0.82542808	     94.68382101	      1.65254442	     31.74653585	     -7.60162255	     -7.49999998	    -32.20709271	     -1.02572186	      4.05599842	      5.75667094	    -28.27882324	     -1.49452602	     72.18941508	     93.42828573	     11.46399739	    -21.96013487	      6.86077887	     63.23211366	     92.87651091
      2.15000000	     -9.61160070	      0.77304264	     -1.68307898	     -0.49648511	      0.68434230	     -0.61666137	     81.36480912	     -1.23417793	      6.41840343	     95.17840247	      1.66117650	     25.87141511	    -11.08183687	     -7.49999996	     78.85948857	     -5.02120086	      0.78977427	     95.46608085	      1.66619743	     31.73836220	     -7.50703900	     -7.49999996	    -32.47023010	     -1.10887611	      4.10425813	      5.51704746	    -28.60982042	     -2.41394025	     73.51334632	     95.52079520	     11.37685856	    -21.84430523	      6.09031418	     64.12992722	     94.69765923
      2.16000000	     -9.28873777	      0.75976026	     -1.67076591	     -0.49896257	      0.67875381	     -0.61572317	     81.78428683	     -1.21090616	      6.48066215	     95.87526729	      1.67333909	     25.83429108	    -11.15449248	     -7.49999996	     79.29055842	     -5.04401434	      0.85216615	     96.18404956	      1.67872835	     31.52989202	     -7.67085355	     -7.49999996	    -32.87259029	     -1.12753251	      4.04012175	      5.93345384	    -28.84923565	     -2.58711960	     73.64219600	     95.07075758	     11.67468466	    -21.84779013	      5.98073939	     64.26438879	     94.27177498
      2.17000000	     -9.29698851	      0.81321970	     -1.70410230	     -0.50215279	      0.67253278	     -0.61456330	     82.62511358	     -1.13761402	      6.60487526	     96.60848333	      1.68613612	     25.66643060	    -11.19264653	     -7.49999995	     80.11045321	     -5.15362468	      0.84229371	     96.93406679	      1.69181862	     31.41385035	     -7.62354279	     -7.49999995	    -32.93684493	     -1.23388965	      3.96032970	      5.90758144	    -29.22625072	     -2.66612586	     74.52779197	     93.86857313	     11.71890953	    -21.97658745	      5.83661983	     64.86867704	     93.07718750
      2.18000000	     -9.08073757	      0.73125862	     -1.68348307	     -0.50568566	      0.66724031	     -0.61323587	     83.16719516	     -1.09793353	      6.56749646	     97.27210812	      1.69771856	     25.53305897	    -11.27145527	     -7.49999994	     80.71277738	     -5.25114217	      0.98104614	     97.64647662	      1.70425252	     31.14467564	     -7.74355188	     -7.49999994	    -33.36825284	     -1.19670388	      4.08527037	      5.72009544	    -29.44583477	     -3.53702838	     75.50157806	     94.00581785	     11.94126447	    -21.93040509	      5.40068323	     65.59987323	     93.02199207
      2.19000000	     -8.75483164	      0.71455394	     -1.66506918	     -0.50818129	      0.66294478	     -0.61177678	     83.53502828	     -1.07990597	      6.57902079	     97.88138251	      1.70835240	     25.47613298	    -11.31987856	     -7.49999994	     81.10517300	     -5.34540154	      1.03627905	     98.26504344	      1.71504855	     30.89698585	     -7.83587344	     -7.49999994	    -33.75570919	     -1.25408825	      4.00077182	      6.04561278	    -29.61252004	     -3.68186828	     75.50962668	     93.66023076	     12.28691812	    -22.00974776	      5.27191000	     65.66925976	     92.68406594
      2.20000000	     -8.73680531	      0.73244747	     -1.72653403	     -0.50924495	      0.65865178	     -0.61104884	     84.18743169	     -0.98413431	      6.62413510	     98.44203347	      1.71813761	     25.37608655	    -11.30361477	     -7.49999994	     81.75367208	     -5.52244745	      1.03486991	     98.84325753	      1.72514029	     30.77787514	     -7.67391017	     -7.49999994	    -33.77090996	     -1.36787090	      3.98171887	      5.99754175	    -29.79841051	     -3.79947994	     75.77533196	     93.53923313	     12.24681446	    -22.10424289	      5.02421402	     65.85140963	     92.44197154
      2.21000000	     -8.21198087	      0.77133427	     -1.73841978	     -0.51012563	      0.65510281	     -0.61178383	     84.24454528	     -0.97113578	      6.70059828	     98.96580154	      1.72727908	     25.27998376	    -11.39880943	     -7.49999994	     81.77976288	     -5.57790555	      0.99475170	     99.34676735	      1.73392819	     30.58242684	     -7.76884680	     -7.49999994	    -34.26848764	     -1.49700611	      3.85113334	      6.22064727	    -29.80482086	     -4.01306951	     75.62113253	     92.81194952	     12.23896883	    -22.13055958	      4.69148864	     65.97667498	     91.67000282
      2.22000000	     -8.14108692	      0.63078619	     -1.84762510	     -0.51149999	      0.64994780	     -0.61321858	     84.78400933	     -0.83727291	      6.59430331	     99.45136700	      1.73575380	     25.04984961	    -11.50934730	     -7.49999992	     82.36901199	     -5.75576598	      1.15328782	     99.94480566	      1.74436593	     30.30377033	     -7.81509682	     -7.49999992	    -34.17170048	     -1.43648142	      4.59562805	      5.00101116	    -29.96809708	     -5.59437224	     76.56804367	     95.94511799	     12.61094717	    -21.84380783	      5.10408209	     65.82048630	     93.35795515
      2.23000000	     -7.73616360	      0.61419518	     -1.90886653	     -0.51441417	      0.64537945	     -0.61441382	     84.97930737	     -0.81419032	      6.61668102	     99.92560654	      1.74403084	     24.94619515	    -11.55305334	     -7.49999992	     82.55415896	     -5.83007668	      1.17633576	    100.46345048	      1.75341799	     30.07358291	     -7.91363801	     -7.49999992	    -34.34553341	     -1.45009313	      4.53722483	      5.03743633	    -30.05250294	     -5.62948829	     76.52079883	     95.62080638	     12.66578492	    -21.83410700	      5.09972407	     65.81954094	     93.08729354
      2.24000000	     -7.42662723	      0.61974166	     -2.00655307	     -0.51790076	      0.64105147	     -0.61496608	     85.31763765	     -0.77014922	      6.66175665	    100.40619219	      1.75241864	     24.70700229	    -11.61650643	     -7.49999992	     82.88782499	     -5.93946622	      1.18376378	    100.99504236	      1.76269602	     29.76175860	     -8.04734964	     -7.49999992	    -34.33642576	     -1.50269655	      4.56749204	      4.84924078	    -30.11825048	     -5.63565019	     76.46537810	     95.46391620	     12.48212304	    -21.72286143	      4.89130663	     66.07751552	     92.86514976
      2.25000000	     -6.84284714	      0.56634198	     -2.06958613	     -0.52130495	      0.63783875	     -0.61523029	     85.31378111	     -0.76889310	      6.64801062	    100.80661301	      1.75940730	     24.53810525	    -11.66313415	     -7.49999992	     82.93636308	     -6.00217626	      1.27061924	    101.46314418	      1.77086594	     29.47268820	     -8.09681480	     -7.49999992	    -34.64381793	     -1.43807462	      4.47904904	      5.04835361	    -30.02078046	     -5.72805284	     76.29605836	     94.95314794	     12.48457279	    -21.64965494	      4.66925918	     66.21351839	     92.32443731
      2.26000000	     -6.34441800	      0.55610494	     -2.08124764	     -0.52411677	      0.63451155	     -0.61512769	     85.39963975	     -0.79719681	      6.69505167	    101.22709645	      1.76674613	     24.35963389	    -11.65334183	     -7.49999991	     83.06237147	     -6.05742144	      1.28347064	    101.89148191	      1.77834184	     29.13941710	     -8.13158385	     -7.49999991	    -34.87420115	     -1.41485704	      4.41066695	      5.11099949	    -29.98860799	     -5.79103622	     76.15511629	     94.45052919	     12.39981945	    -21.61374681	      4.47118746	     66.31862785	     91.81168949
      2.27000000	     -5.84139729	      0.52640427	     -2.13314089	     -0.52708816	      0.63132585	     -0.61504082	     85.44912746	     -0.80082157	      6.69094319	    101.57902935	      1.77288851	     24.15844016	    -11.66137334	     -7.49999991	     83.13511863	     -6.14204440	      1.32849169	    102.26436199	      1.78484982	     28.84554372	     -8.12491818	     -7.49999991	    -35.08726564	     -1.37536709	      4.36468604	      5.11455024	    -29.88292631	     -5.79309090	     76.01993196	     93.96647047	     12.31474275	    -21.51391120	      4.34200511	     66.44038469	     91.29573773
      2.28000000	     -5.68586837	      0.42958929	     -2.33901500	     -0.52996804	      0.62785820	     -0.61524242	     85.87401063	     -0.62664027	      6.61652855	    101.90358704	      1.77855311	     23.87026083	    -11.73078097	     -7.49999991	     83.63012586	     -6.42728253	      1.43186762	    102.70813938	      1.79259520	     28.49099193	     -8.06929573	     -7.49999991	    -34.79856970	     -1.37213599	      4.59112049	      4.66036525	    -29.89898116	     -5.73123498	     75.99888622	     94.06326773	     11.94904394	    -21.30779811	      4.08442671	     66.77792225	     91.16983914
      2.29000000	     -5.09947005	      0.30961981	     -2.40547037	     -0.53264597	      0.62629742	     -0.61593372	     85.75289821	     -0.62834526	      6.51956554	    102.15766667	      1.78298764	     23.60946005	    -11.82602974	     -7.49999991	     83.59721437	     -6.53405024	      1.55639884	    103.04875768	      1.79854011	     28.09162239	     -8.11199322	     -7.49999991	    -35.02156352	     -1.26262341	      4.93422199	      3.97952582	    -29.53705222	     -6.91072902	     76.11719384	     97.49713174	     12.04218591	    -20.85874591	      3.84086272	     66.60402656	     93.44354524
      2.30000000	     -4.44239431	      0.29360225	     -2.43665529	     -0.53520643	      0.62556566	     -0.61648202	     85.51284975	     -0.68796988	      6.52608596	    102.36519523	      1.78660970	     23.36498934	    -11.89727350	     -7.49999991	     83.35996446	     -6.57369506	      1.57486394	    103.27823398	      1.80254523	     27.82434147	     -8.17588844	     -7.49999991	    -35.28345504	     -1.23900952	      4.78136321	      3.88771577	    -29.19667184	     -6.85483934	     75.82960014	     96.96115495	     11.79325431	    -20.70744230	      3.69176580	     66.64382855	     92.79026499
      2.31000000	     -3.80417368	      0.24435715	     -2.51172320	     -0.53877309	      0.62469244	     -0.61718291	     85.26243708	     -0.69807830	      6.49649821	    102.52309502	      1.78936557	     23.07630482	    -11.94011864	     -7.49999990	     83.11421345	     -6.66794878	      1.61482111	    103.48781391	      1.80620309	     27.51522181	     -8.21123100	     -7.49999990	    -35.52305297	     -1.20229597	      4.67345624	      3.77985866	    -28.88041271	     -6.82345845	     75.51741559	     96.46267164	     11.50376098	    -20.55696437	      3.47830104	     66.65724800	     92.15437575
      2.32000000	     -3.23698416	      0.20706975	     -2.60304113	     -0.54277262	      0.62413926	     -0.61819000	     85.03555139	     -0.70884711	      6.46841357	    102.58978466	      1.79052952	     22.79397057	    -12.00004790	     -7.49999990	     82.88831424	     -6.72590636	      1.65717306	    103.62307655	      1.80856387	     27.25292998	     -8.23699853	     -7.49999990	    -35.71923445	     -1.15575839	      4.56788781	      3.69699226	    -28.53408226	     -6.79183778	     75.23441074	     96.16678476	     11.25458772	    -20.35720396	      3.25393846	     66.70288572	     91.67393396
      2.33000000	     -2.68747716	      0.18171240	     -2.63362460	     -0.54507867	      0.62477836	     -0.61867115	     84.73433159	     -0.77287677	      6.45781484	    102.61005363	      1.79088328	     22.54308548	    -12.02097904	     -7.49999990	     82.59821053	     -6.76959091	      1.63469308	    103.67639648	      1.80949448	     26.96955969	     -8.28548903	     -7.49999990	    -35.88535360	     -1.15962791	      4.45783062	      3.47716014	    -28.21734164	     -6.75004206	     74.93415129	     95.62510073	     10.91427931	    -20.17454203	      3.03899013	     66.66982675	     91.01373359
      2.34000000	     -2.22706807	     -0.03834151	     -2.77612549	     -0.54563721	      0.62629536	     -0.61819449	     84.35274329	     -0.66532847	      6.23315229	    102.48116695	      1.78863378	     22.23455476	    -12.10925650	     -7.49999990	     82.30578718	     -6.96265060	      1.83331654	    103.68386600	      1.80962484	     26.76965935	     -8.17541158	     -7.49999990	    -35.84667060	     -1.00631185	      4.92893531	      2.54086354	    -27.77648404	     -7.74385851	     74.68523042	     99.15796834	     10.83429707	    -19.37655547	      2.35732788	     65.71102444	     93.86960733
      2.35000000	     -1.71445323	     -0.07695447	     -2.82674517	     -0.54625494	      0.62748803	     -0.61795694	     83.90733675	     -0.70371989	      6.18491418	    102.38572095	      1.78696794	     22.04556164	    -12.07332920	     -7.49999990	     81.84197065	     -6.99149808	      1.85517757	    103.59813540	      1.80812856	     26.60251293	     -8.16718028	     -7.49999990	    -35.88457837	     -0.97814683	      4.74627971	      1.97443468	    -27.35866255	     -7.61523506	     74.33790425	     98.37591178	     10.21095031	    -19.24322631	      2.23623283	     65.51389823	     93.14174355
      2.36000000	     -1.18093432	     -0.10878718	     -2.97240139	     -0.54758322	      0.62838341	     -0.61855441	     83.41374025	     -0.63092312	      6.16371824	    102.24910815	      1.78458359	     21.78398329	    -12.12508208	     -7.49999990	     81.29588557	     -7.14220962	      1.82431029	    103.50576815	      1.80651645	     26.64126459	     -7.90864757	     -7.49999990	    -35.82732188	     -1.01651745	      4.64332255	      1.46255365	    -26.82264907	     -7.62220440	     73.64930236	     98.46384859	      9.71158224	    -18.79075950	      1.67040470	     64.74866442	     92.88069262
      2.37000000	     -0.67314157	     -0.16540100	     -3.01703145	     -0.54991097	      0.62918837	     -0.61955244	     82.93616133	     -0.66924439	      6.10767560	    102.09003321	      1.78180721	     21.54968876	    -12.16666972	     -7.49999990	     80.80268887	     -7.15906645	      1.84193584	    103.39815632	      1.80463827	     26.47217077	     -7.94298704	     -7.49999990	    -35.82163863	     -0.96335072	      4.43276119	      0.87752058	    -26.36062054	     -7.51671477	     73.25834583	     98.22646519	      9.00791482	    -18.62785555	      1.51555286	     64.59743161	     92.43693824
      2.38000000	     -0.18233697	     -0.18896055	     -3.01970238	     -0.55341491	      0.62988358	     -0.61957872	     82.48691580	     -0.75692512	      6.07610066	    101.92478201	      1.77892304	     21.32904534	    -12.13865601	     -7.49999990	     80.32783414	     -7.14956621	      1.81916566	    103.25284744	      1.80210215	     26.27767859	     -7.93979946	     -7.49999990	    -35.80912196	     -0.93529958	      4.21064789	      0.27755397	    -25.89032660	     -7.38585660	     72.90843425	     97.80675070	      8.37631750	    -18.46112455	      1.38703131	     64.44654941	     91.93074559
      2.39000000	      0.31168438	     -0.35762933	     -3.09773011	     -0.55670045	      0.63057011	     -0.61914018	     81.97290127	     -0.71769999	      5.88460688	    101.68296362	      1.77470251	     21.07282873	    -12.15714560	     -7.49999989	     79.88424684	     -7.29488752	      1.93765434	    103.15063447	      1.80031820	     26.28229192	     -7.65876843	     -7.49999989	    -35.65666453	     -0.79431428	      4.57994418	     -0.64534227	    -25.30800672	     -8.21950096	     72.44037719	    101.52876363	      8.39682163	    -17.86635990	      1.28346069	     63.21400589	     94.67447750
      2.40000000	      0.84106877	     -0.41188521	     -3.15058083	     -0.55822030	      0.63133490	     -0.61979974	     81.45279759	     -0.72633037	      5.84236401	    101.50423218	      1.77158306	     20.85063706	    -12.19915817	     -7.49999989	     79.36947219	     -7.32269632	      1.94251431	    103.03768528	      1.79834686	     26.10373742	     -7.71018697	     -7.49999989	    -35.65690954	     -0.72615147	      4.41204990	     -1.19661636	    -24.84559556	     -8.05229439	     72.13912893	    101.13175359	      7.68348297	    -17.73074016	      1.15123341	     63.24028047	     94.09347576
      2.41000000	      1.34314396	     -0.53667181	     -3.33187340	     -0.55857989	      0.63235218	     -0.62124826	     80.91714511	     -0.59601056	      5.75699598	    101.28464598	      1.76775055	     20.59398970	    -12.25653703	     -7.49999989	     78.85746260	     -7.49490221	      1.99625460	    102.97414382	      1.79723785	     26.20335668	     -7.43373627	     -7.49999989	    -35.50844544	     -0.66400191	      4.49331958	     -1.79153485	    -24.49634269	     -7.79014769	     71.52365158	     99.53346965	      7.18921016	    -17.28589292	      0.88088897	     62.71142902	     92.64333442
      2.42000000	      2.04251567	     -0.61643260	     -3.34446707	     -0.55968253	      0.63358086	     -0.62278364	     80.18217668	     -0.67472590	      5.70827655	    101.12736736	      1.76500552	     20.45128279	    -12.25391947	     -7.49999989	     78.12885404	     -7.46260198	      1.98861833	    102.84225244	      1.79493592	     25.98491239	     -7.77711989	     -7.49999989	    -35.70686132	     -0.49113716	      4.30655822	     -2.25442291	    -24.06857806	     -7.58465007	     71.21025583	     97.23977502	      6.45140522	    -17.13864606	      0.82494283	     62.76482561	     90.64993794
      2.43000000	      2.53351118	     -0.66069828	     -3.45273207	     -0.56144197	      0.63390935	     -0.62378785	     79.71960941	     -0.67790619	      5.69229605	    100.97357216	      1.76232129	     20.15873559	    -12.24771850	     -7.49999989	     77.66424051	     -7.52136588	      1.95407548	    102.77761452	      1.79380777	     25.87379720	     -7.74179302	     -7.49999989	    -35.59318028	     -0.38283175	      4.27357094	     -2.67479413	    -23.68049809	     -7.42393490	     70.88340242	     97.12254267	      5.83081787	    -16.93040717	      0.74470256	     62.58387115	     90.31066033
      2.44000000	      3.07391127	     -0.92819177	     -3.56083979	     -0.56303353	      0.63378179	     -0.62465685	     79.13464723	     -0.59474522	      5.47010891	    100.76339206	      1.75865296	     19.79907989	    -12.34672497	     -7.49999989	     77.20227687	     -7.66526805	      2.15057363	    102.75808322	      1.79346689	     25.78783617	     -7.70721478	     -7.49999989	    -35.28805863	     -0.04595363	      4.64142602	     -2.92032699	    -23.38514111	     -7.50599912	     69.76587180	    101.04680120	      6.03257036	    -16.34416875	      0.93016390	     60.80764919	     92.97115746
      2.45000000	      3.74436712	     -1.03341464	     -3.63390978	     -0.56409594	      0.63301038	     -0.62505320	     78.51125557	     -0.57426009	      5.42805598	    100.68488175	      1.75728269	     19.55805471	    -12.42073067	     -7.49999989	     76.62213766	     -7.73952734	      2.18960686	    102.78207428	      1.79388561	     25.75129271	     -7.60190168	     -7.49999989	    -35.45509339	      0.09698964	      4.68649549	     -3.36278804	    -22.94039087	     -7.81523449	     69.75356270	    102.55731342	      5.50926595	    -15.96008321	      0.46895292	     61.00033418	     94.07455703
      2.46000000	      4.36156429	     -1.07804907	     -3.68260881	     -0.56485965	      0.63235539	     -0.62490117	     77.96450194	     -0.57513027	      5.45539285	    100.65285738	      1.75672376	     19.36429229	    -12.40388025	     -7.49999988	     76.09637959	     -7.76166740	      2.19060966	    102.80431916	      1.79427385	     25.67498105	     -7.62201940	     -7.49999988	    -35.40977267	      0.18784453	      4.62372650	     -3.67215552	    -22.55069778	     -7.63555942	     69.23786902	    103.01099590	      5.11287037	    -15.82882001	      0.73486754	     60.84320961	     92.77427226
      2.47000000	      4.93951020	     -1.28487140	     -3.76186528	     -0.56608047	      0.63208707	     -0.62439021	     77.42726210	     -0.44927120	      5.31864938	    100.58291427	      1.75550303	     19.02243464	    -12.62471336	     -7.49999988	     75.65269047	     -7.89601630	      2.34238055	    102.88937774	      1.79575841	     25.73347721	     -7.45417476	     -7.49999988	    -35.29195596	      0.41145926	      4.70504091	     -4.21785788	    -22.27608651	     -7.17156294	     68.79861927	    100.81576151	      4.67184284	    -15.54348155	      0.72359152	     60.64322484	     91.30071849
      2.48000000	      5.49249926	     -1.32487329	     -3.76117516	     -0.56771443	      0.63167738	     -0.62413764	     76.95747481	     -0.46348191	      5.32723010	    100.59350143	      1.75568781	     18.91257898	    -12.56248712	     -7.49999988	     75.20123681	     -7.85741132	      2.36060209	    102.91879281	      1.79627180	     25.60133729	     -7.58238947	     -7.49999988	    -35.15701008	      0.48993498	      4.52426817	     -4.86717501	    -21.82733830	     -6.97441792	     68.60273033	    100.08131879	      4.10516232	    -15.42838962	      0.71996295	     60.67805421	     90.70557097
      2.49000000	      6.15521076	     -1.49532882	     -3.82427399	     -0.56919062	      0.63119908	     -0.62448444	     76.33189031	     -0.36933673	      5.20840563	    100.54940723	      1.75491822	     18.70859788	    -12.61670338	     -7.49999988	     74.63527583	     -7.96138218	      2.47563581	    102.97324352	      1.79722214	     25.52507696	     -7.42566532	     -7.49999988	    -35.16502345	      0.66701622	      4.62311335	     -5.41245495	    -21.44507654	     -7.05792155	     68.14846002	    101.99262103	      3.96597668	    -15.12120718	      0.66772399	     60.24156879	     91.88389820
      2.50000000	      6.68719360	     -1.66138727	     -3.92157756	     -0.56988155	      0.63018582	     -0.62508281	     75.86665934	     -0.20433974	      5.13172988	    100.54253480	      1.75479827	     18.34154475	    -12.84393142	     -7.49999988	     74.21800268	     -8.08798755	      2.60357608	    103.08496817	      1.79917210	     25.70043535	     -7.21301956	     -7.49999988	    -35.05214509	      0.80641626	      4.63388895	     -5.78067165	    -21.24883841	     -6.32763696	     67.66665057	     99.27547886	      3.66670284	    -14.91416494	      0.79169868	     59.95757015	     89.59910172
      2.51000000	      7.42205863	     -1.79022393	     -3.95970940	     -0.57075191	      0.62953734	     -0.62538115	     75.19531382	     -0.11820462	      5.10710324	    100.59272021	      1.75567417	     18.23520662	    -12.80460755	     -7.49999988	     73.58243886	     -8.13163772	      2.69114692	    103.19816688	      1.80114779	     25.55399091	     -7.28092618	     -7.49999988	    -35.12341149	      0.94322554	      4.58821352	     -6.06366029	    -20.95129327	     -5.95031871	     67.08112204	     98.80503179	      3.50238582	    -14.64151230	      0.71973085	     59.49422517	     88.93545962
      2.52000000	      8.08465606	     -1.77363039	     -3.89558663	     -0.57201347	      0.62914149	     -0.62509232	     74.63452955	     -0.26064318	      5.10891139	    100.66956262	      1.75701532	     18.28787095	    -12.80357618	     -7.49999988	     72.99766493	     -7.99891693	      2.65743105	    103.22593201	      1.80163239	     25.34538864	     -7.70856886	     -7.49999988	    -35.36507759	      0.96910735	      4.29034210	     -6.41267702	    -20.51876462	     -5.64704100	     67.10730427	     95.62923288	      2.98017035	    -14.57098381	      0.68370995	     59.88506480	     86.43301552
      2.53000000	      8.46650403	     -1.96783876	     -3.99852121	     -0.57256325	      0.62887438	     -0.62402297	     74.31277464	     -0.04985875	      4.96804909	    100.68973893	      1.75736747	     17.97137297	    -12.85363581	     -7.49999988	     72.76681444	     -8.22596845	      2.81484090	    103.39609717	      1.80460233	     25.52527089	     -7.31188945	     -7.49999988	    -34.97805897	      1.13436248	      4.44173086	     -6.73920027	    -20.21518438	     -5.43078037	     66.41213107	    100.85886945	      3.04944448	    -14.24776960	      0.65124651	     58.55402457	     89.09393564
      2.54000000	      9.06397876	     -2.07539134	     -4.02176230	     -0.57291805	      0.62902488	     -0.62303605	     73.77241802	      0.03724757	      4.90737759	    100.73265045	      1.75811641	     17.86287819	    -13.00671974	     -7.49999988	     72.27221823	     -8.34734410	      2.88860125	    103.49034020	      1.80624718	     25.54344826	     -7.05034949	     -7.49999988	    -34.96417359	      1.23093372	      4.36910835	     -7.16399138	    -19.88530574	     -5.18134508	     66.30302168	    100.13139372	      2.77785622	    -13.97564792	      0.37258665	     58.25160129	     88.49017086
      2.55000000	      9.59963448	     -2.11172568	     -3.96345213	     -0.57370138	      0.62849266	     -0.62222542	     73.34117722	     -0.00537049	      4.85956811	    100.84512375	      1.76007944	     17.84810359	    -12.99207337	     -7.49999988	     71.88225178	     -8.34678007	      2.93355668	    103.57772681	      1.80777236	     25.37302578	     -7.19243293	     -7.49999988	    -34.87395072	      1.24469412	      4.20361264	     -7.56855933	    -19.48431806	     -4.96389483	     66.26972001	     98.76760968	      2.40430159	    -13.88223703	      0.31549168	     58.32452950	     87.49022082
      2.56000000	     10.23914655	     -2.35925732	     -4.00884993	     -0.57549817	      0.62798723	     -0.62177877	     72.71089140	      0.16643208	      4.63759297	    100.81249060	      1.75950989	     17.64882860	    -13.18123877	     -7.49999988	     71.38877425	     -8.61619929	      3.13096484	    103.69190782	      1.80976520	     25.52819260	     -6.70314818	     -7.49999988	    -34.85200710	      1.46290824	      4.21910691	     -7.51032920	    -19.26609111	     -4.32472700	     65.62135463	     99.24630498	      2.52233201	    -13.46254890	     -0.10786379	     57.08492975	     86.60389014
      2.57000000	     10.90244725	     -2.51534076	     -4.03633292	     -0.57705319	      0.62790712	     -0.62199379	     72.09375223	      0.25459450	      4.50739454	    100.81039658	      1.75947334	     17.49737642	    -13.28545289	     -7.49999987	     70.84423079	     -8.80784039	      3.22815064	    103.78533921	      1.81139588	     25.57664602	     -6.41417696	     -7.49999987	    -35.02665610	      1.59520886	      4.26163561	     -7.39541737	    -18.98691173	     -3.94968678	     65.19434819	     97.21554376	      2.49371448	    -13.12349815	     -0.39754352	     56.59723134	     84.91631434
      2.58000000	     11.39371871	     -2.65563706	     -4.00599040	     -0.57749001	      0.62871740	     -0.62236658	     71.62658148	      0.26543143	      4.35667285	    100.79965127	      1.75928580	     17.43357072	    -13.29425806	     -7.49999987	     70.45580478	     -8.91869808	      3.33706177	    103.84544188	      1.81244487	     25.45414595	     -6.33384032	     -7.49999987	    -34.98928186	      1.78416818	      4.25202129	     -7.17769568	    -18.67717938	     -3.72941759	     64.43418261	     98.31708003	      2.54147828	    -12.75110936	     -0.72804818	     55.64481199	     84.80381429
      2.59000000	     11.76100745	     -2.66952021	     -3.95382169	     -0.57837356	      0.62918427	     -0.62265510	     71.34006014	      0.19768900	      4.30916279	    100.84918298	      1.76015029	     17.49233969	    -13.17903261	     -7.49999987	     70.18272347	     -8.93806567	      3.33186061	    103.90571029	      1.81349676	     25.32259497	     -6.44037573	     -7.49999987	    -34.99365895	      1.84470762	      4.20824390	     -7.30256962	    -18.32568515	     -3.61547712	     64.36955727	     97.24599178	      2.26623489	    -12.63715204	     -0.76381778	     55.65746433	     84.12879157
      2.60000000	     12.23714683	     -2.89333661	     -3.93759323	     -0.58072687	      0.62942413	     -0.62296962	     70.83298559	      0.29666617	      4.07917139	    100.76496115	      1.75868034	     17.35992290	    -13.32886896	     -7.49999987	     69.77480200	     -9.13610370	      3.48556608	    103.98033946	      1.81479928	     25.52984091	     -6.05460129	     -7.49999987	    -35.07909739	      2.08196758	      4.24518595	     -6.93729386	    -18.06526829	     -3.12666724	     63.45612218	     94.69752894	      2.39629776	    -12.18323038	     -1.14850298	     54.57081236	     82.01419244
      2.61000000	     12.52614699	     -2.83000007	     -3.83152730	     -0.58230571	      0.62898436	     -0.62339080	     70.61422333	      0.15006853	      4.09609498	    100.79109315	      1.75913643	     17.34834240	    -13.35191918	     -7.49999987	     69.53905492	     -9.02404153	      3.41497038	    104.01014287	      1.81531945	     25.33120066	     -6.26416088	     -7.49999987	    -35.19833748	      2.08200354	      4.09153667	     -6.94275095	    -17.74931344	     -3.06224119	     63.61490510	     93.54487364	      2.06484744	    -12.09036336	     -1.17514912	     54.97566948	     81.07383434
      2.62000000	     12.93858612	     -3.00227958	     -3.90266622	     -0.58224466	      0.62945352	     -0.62345423	     70.12620922	      0.31314207	      3.96539330	    100.66408137	      1.75691966	     17.31860905	    -13.34119822	     -7.49999987	     69.11291457	     -9.25909996	      3.48946222	    104.07106612	      1.81638276	     25.57117810	     -5.83479502	     -7.49999987	    -35.17401368	      2.24547066	      4.20544542	     -6.63116382	    -17.44100857	     -2.96043343	     62.73978709	     93.52618256	      2.20750228	    -11.68684785	     -1.50371349	     53.61310591	     80.83110020
      2.63000000	     13.21422536	     -3.05522077	     -3.87618120	     -0.58223637	      0.62917161	     -0.62386002	     69.84347794	      0.28174942	      3.89942738	    100.59784754	      1.75576366	     17.24057443	    -13.33557547	     -7.49999987	     68.86502968	     -9.27920900	      3.51210240	    104.10343118	      1.81694764	     25.51585080	     -5.81960793	     -7.49999987	    -35.07876098	      2.34078579	      4.19670732	     -6.60246096	    -17.18746143	     -2.83538546	     62.40684559	     93.28832042	      2.12218254	    -11.40398664	     -1.66272124	     52.94794720	     80.40039746
      2.64000000	     13.53364714	     -2.94149360	     -3.76838158	     -0.58328299	      0.62844866	     -0.62460259	     69.60219828	      0.06128619	      3.96913405	    100.62628109	      1.75625992	     17.25510986	    -13.29952350	     -7.49999987	     68.59155310	     -9.10203001	      3.39782298	    104.10784146	      1.81702461	     25.24855246	     -6.17263934	     -7.49999987	    -35.19915258	      2.28793090	      3.97209390	     -6.73763026	    -16.91392923	     -2.74998540	     62.69460317	     91.33290665	      1.71196355	    -11.36008232	     -1.68318082	     53.54725238	     79.05060786
      2.65000000	     13.76451817	     -3.13837579	     -3.86010353	     -0.58407498	      0.62839989	     -0.62488537	     69.36905656	      0.22086013	      3.81162349	    100.53429451	      1.75465445	     17.05392459	    -13.38493114	     -7.49999987	     68.45303350	     -9.37689934	      3.49561814	    104.21082200	      1.81882196	     25.41353208	     -5.73555264	     -7.49999987	    -34.96130713	      2.48314902	      4.16849205	     -6.69030956	    -16.80447687	     -2.48474832	     62.18010363	     91.46795553	      1.99033894	    -10.97525568	     -1.85849762	     52.09643287	     78.85918368
      2.66000000	     14.01492490	     -3.08535682	     -3.80892495	     -0.58468074	      0.62849921	     -0.62518890	     69.19659610	      0.07224157	      3.82605886	    100.55991582	      1.75510163	     17.12067821	    -13.27365675	     -7.49999987	     68.28889134	     -9.30970270	      3.43146970	    104.24517200	      1.81942148	     25.20542705	     -5.91176578	     -7.49999987	    -34.99890143	      2.43667258	      4.05493211	     -6.73126834	    -16.60483178	     -2.43148239	     62.36902626	     90.31995685	      1.77782190	    -10.91646959	     -1.84203515	     52.40538181	     78.11691643
      2.67000000	     14.20044793	     -3.05903368	     -3.79642678	     -0.58567463	      0.62853800	     -0.62548073	     69.05905494	      0.03030572	      3.86096970	    100.52692505	      1.75452583	     16.98399347	    -13.30416187	     -7.49999987	     68.16153614	     -9.30369399	      3.38182428	    104.24247807	      1.81937446	     25.08491420	     -5.91332927	     -7.49999987	    -35.04882969	      2.41156477	      3.96767247	     -6.73959976	    -16.40368304	     -2.39583027	     62.49762624	     89.89986181	      1.55102143	    -10.86618132	     -1.85407518	     52.63633172	     77.69080185
      2.68000000	     14.53291018	     -3.27268693	     -3.80736460	     -0.58669110	      0.62909440	     -0.62599561	     68.64019411	      0.10098756	      3.62746918	    100.38594713	      1.75206530	     16.94056832	    -13.37633171	     -7.49999987	     67.84895015	     -9.51056975	      3.50206813	    104.28326363	      1.82008631	     25.37744462	     -5.35354270	     -7.49999987	    -35.02895495	      2.64181408	      4.05396719	     -6.42045945	    -16.32883503	     -2.21847775	     61.83848126	     89.87548459	      1.99949798	    -10.60058817	     -1.99165979	     50.99160898	     77.46834838
      2.69000000	     14.65811912	     -3.25911306	     -3.77200640	     -0.58653194	      0.62923566	     -0.62638797	     68.53488484	      0.01676898	      3.61382013	    100.36716542	      1.75173750	     16.93425716	    -13.34214728	     -7.49999987	     67.74223332	     -9.47757796	      3.45885906	    104.28429837	      1.82010436	     25.24405383	     -5.44558303	     -7.49999987	    -34.99331169	      2.64058309	      4.02104608	     -6.39786337	    -16.20136018	     -2.18840022	     61.93845815	     89.36673976	      1.86160617	    -10.54958245	     -1.97869334	     51.15198755	     77.10679572
      2.70000000	     14.89123741	     -3.31939038	     -3.79082734	     -0.58553617	      0.62992129	     -0.62618268	     68.22276092	      0.03708268	      3.55711146	    100.26585543	      1.74996930	     16.87897746	    -13.36732836	     -7.49999987	     67.48160554	     -9.57233531	      3.45453714	    104.26120346	      1.81970128	     25.35557777	     -5.14031917	     -7.49999987	    -34.96217699	      2.70751937	      4.08416698	     -6.22132714	    -16.10051838	     -2.05675079	     61.53360722	     89.16270441	      2.14854026	    -10.36706442	     -2.01774667	     50.14870877	     76.79355941
      2.71000000	     14.99385547	     -3.28176298	     -3.76479554	     -0.58498361	      0.63011754	     -0.62585704	     68.10613632	     -0.02235933	      3.57838680	    100.24065186	      1.74952942	     16.80575455	    -13.38438000	     -7.49999987	     67.38653884	     -9.54521912	      3.40061523	    104.23360117	      1.81921953	     25.24248686	     -5.19204498	     -7.49999987	    -34.97277279	      2.67399742	      4.03808830	     -6.23163719	    -15.97160206	     -2.04547395	     61.68385698	     88.74703241	      1.94061678	    -10.36011242	     -2.02777640	     50.44246707	     76.41782691
      2.72000000	     15.18904901	     -3.33991810	     -3.77041236	     -0.58564898	      0.63036180	     -0.62549709	     67.85647023	      0.00535772	      3.50069864	    100.18466622	      1.74855229	     16.84465119	    -13.35794628	     -7.49999987	     67.16771852	     -9.64014296	      3.40369011	    104.23578668	      1.81925768	     25.46136311	     -4.81718136	     -7.49999987	    -34.92281075	      2.72237961	      4.12853083	     -6.12040599	    -15.92519662	     -1.98595573	     61.38144124	     88.41733650	      2.18917039	    -10.24045267	     -2.09665599	     49.61904265	     76.08946352
      2.73000000	     15.29269642	     -3.30459347	     -3.70665625	     -0.58663860	      0.62996382	     -0.62494742	     67.76738023	     -0.06946437	      3.49211949	    100.18880506	      1.74862452	     16.86136458	    -13.29950416	     -7.49999987	     67.10579788	     -9.59792857	      3.35739646	    104.23354300	      1.81921852	     25.32577441	     -4.93129120	     -7.49999987	    -34.94981558	      2.67264399	      4.13084361	     -6.12732842	    -15.81437699	     -1.96665858	     61.51500471	     87.86867636	      2.01505559	    -10.24457914	     -2.10054696	     49.84470334	     75.72663835
      2.74000000	     15.42857142	     -3.22999356	     -3.66831372	     -0.58702051	      0.62951949	     -0.62433605	     67.66187111	     -0.18697658	      3.50706285	    100.21813567	      1.74913644	     17.06829546	    -13.12159524	     -7.49999987	     67.00595461	     -9.50756247	      3.29871613	    104.22592597	      1.81908557	     25.17762997	     -5.14616604	     -7.49999987	    -35.00173065	      2.59382991	      4.08689127	     -6.14323924	    -15.71583167	     -1.93508742	     61.65823385	     86.79062807	      1.90007502	    -10.27895408	     -2.11297336	     50.08916644	     75.15612195
      2.75000000	     15.57622897	     -3.23662672	     -3.66530982	     -0.58696923	      0.62919690	     -0.62382774	     67.54185635	     -0.17616316	      3.48771612	    100.24612202	      1.74962489	     17.02004592	    -13.24022844	     -7.49999987	     66.92061806	     -9.57186791	      3.28818254	    104.27883010	      1.82000893	     25.19227772	     -5.10897454	     -7.49999987	    -35.05280615	      2.55764761	      4.08539676	     -6.08038634	    -15.65759272	     -1.93145784	     61.73058517	     86.28390338	      1.80597736	    -10.35384269	     -2.16445213	     50.20603518	     74.77386885
      2.76000000	     15.75529301	     -3.42000537	     -3.71898889	     -0.58720010	      0.62942711	     -0.62367154	     67.32179680	      0.00574837	      3.32476449	    100.17718221	      1.74842166	     16.74813288	    -13.52820652	     -7.49999987	     66.79949028	     -9.82929795	      3.43868518	    104.35221608	      1.82128975	     25.46305417	     -4.47920263	     -7.49999987	    -35.09349631	      2.68105761	      4.36641195	     -5.84850329	    -15.65935662	     -1.72846913	     61.17095126	     85.60559631	      2.23919719	    -10.19258632	     -2.14617293	     49.15255346	     74.30395005
      2.77000000	     15.82356263	     -3.46639270	     -3.68496607	     -0.58732357	      0.62950548	     -0.62395208	     67.28420348	     -0.00277922	      3.25647347	    100.19542359	      1.74874004	     16.68537305	    -13.60918112	     -7.49999987	     66.80295485	     -9.86035793	      3.51064633	    104.39166348	      1.82197824	     25.37087880	     -4.45551364	     -7.49999987	    -35.06267677	      2.70326434	      4.51556398	     -5.75086365	    -15.64517290	     -1.70456951	     60.94308636	     85.27992908	      2.48423791	    -10.19166422	     -1.94153771	     48.68060068	     74.13819078
      2.78000000	     15.90601154	     -3.44353348	     -3.65368451	     -0.58687666	      0.62984039	     -0.62431601	     67.22620221	     -0.04953185	      3.26766011	    100.21695235	      1.74911578	     16.75040570	    -13.50867114	     -7.49999987	     66.74988912	     -9.83065892	      3.50198938	    104.39890371	      1.82210461	     25.20602355	     -4.58631580	     -7.49999987	    -35.11392711	      2.66506963	      4.50181830	     -5.71642915	    -15.61063333	     -1.72409793	     61.05434687	     84.83547560	      2.37046440	    -10.25491801	     -1.95490432	     48.90039402	     73.87000662
      2.79000000	     16.01838665	     -3.43782054	     -3.64696585	     -0.58622090	      0.63012547	     -0.62463707	     67.10556269	     -0.05873537	      3.27595384	    100.20847706	      1.74896786	     16.76516862	    -13.50284100	     -7.49999987	     66.64135710	     -9.82683545	      3.50444102	    104.39255931	      1.82199387	     25.11655842	     -4.62387720	     -7.49999987	    -35.14561679	      2.63913258	      4.49153967	     -5.67607573	    -15.57811615	     -1.74048908	     61.10331343	     84.47684390	      2.23991193	    -10.29625513	     -1.97241608	     49.05869103	     73.61023895
      2.80000000	     16.25290011	     -3.53792754	     -3.67612292	     -0.58635309	      0.63017155	     -0.62463965	     66.82057750	      0.05819321	      3.21916830	    100.17687450	      1.74841629	     16.75572215	    -13.51044651	     -7.49999987	     66.41958542	     -9.98004719	      3.56752225	    104.41876875	      1.82245132	     25.27174267	     -4.28222627	     -7.49999987	    -35.25381508	      2.67285656	      4.67355763	     -5.43586053	    -15.60313643	     -1.61153106	     60.65543993	     84.19239939	      2.46312220	    -10.21994475	     -1.91822265	     48.49477425	     73.33133692
      2.81000000	     16.31517741	     -3.49707675	     -3.62959749	     -0.58710648	      0.62949564	     -0.62452337	     66.79953609	     -0.00319178	      3.23888184	    100.24666034	      1.74963429	     16.76613935	    -13.51118540	     -7.49999987	     66.41823299	     -9.93461683	      3.55694448	    104.44690153	      1.82294233	     25.15523881	     -4.39742981	     -7.49999987	    -35.29734823	      2.63804711	      4.66523146	     -5.34393751	    -15.58325969	     -1.62756576	     60.79350268	     83.82857803	      2.36212673	    -10.23754286	     -1.90985171	     48.73502661	     73.09992774
      2.82000000	     16.35030157	     -3.46745377	     -3.60001606	     -0.58786487	      0.62913568	     -0.62450594	     66.79773142	     -0.04781915	      3.24135393	    100.29623296	      1.75049949	     16.73451440	    -13.58669217	     -7.49999987	     66.42569296	     -9.89322892	      3.55219960	    104.46943430	      1.82333560	     25.10800826	     -4.46007106	     -7.49999987	    -35.37900485	      2.60556983	      4.66764179	     -5.20513906	    -15.56728328	     -1.65273962	     60.94490997	     83.52032294	      2.25127211	    -10.27804810	     -1.91397798	     48.99205646	     72.86666442
      2.83000000	     16.36162506	     -3.45095649	     -3.55235332	     -0.58822791	      0.62906668	     -0.62499929	     66.81433299	     -0.08274088	      3.24068286	    100.35241542	      1.75148006	     16.75201223	    -13.60289304	     -7.49999987	     66.46502547	     -9.83858608	      3.56186777	    104.50609502	      1.82397545	     25.05253608	     -4.53306357	     -7.49999987	    -35.50884196	      2.58724374	      4.68959589	     -5.01022694	    -15.61546319	     -1.68049393	     61.07468792	     83.13757426	      2.19712571	    -10.33087480	     -1.90672332	     49.22102923	     72.60602233
      2.84000000	     16.34001702	     -3.43349452	     -3.55257687	     -0.58875802	      0.62906315	     -0.62574757	     66.86341837	     -0.11326740	      3.23420439	    100.36907128	      1.75177076	     16.77758600	    -13.65145942	     -7.49999987	     66.51236588	     -9.79153786	      3.55706394	    104.53448523	      1.82447095	     25.06933107	     -4.58491084	     -7.49999987	    -35.65457519	      2.56952594	      4.72158573	     -4.80638425	    -15.65839280	     -1.69076766	     61.17787015	     82.80145042	      2.16267938	    -10.36816976	     -1.88391565	     49.41427253	     72.36972276
      2.85000000	     16.30729733	     -3.41279809	     -3.53672606	     -0.58985102	      0.62874459	     -0.62607714	     66.94170337	     -0.11275879	      3.26345493	    100.39646236	      1.75224883	     16.68679958	    -13.70449309	     -7.49999987	     66.58584610	     -9.73795818	      3.56688231	    104.55149135	      1.82476776	     25.04528558	     -4.56624087	     -7.49999987	    -35.81173209	      2.53250378	      4.74147629	     -4.59060581	    -15.70127687	     -1.71290219	     61.29229106	     82.56101200	      2.14473014	    -10.39684830	     -1.86689655	     49.63175997	     72.17555437
      2.86000000	     16.03266347	     -3.53051031	     -3.54950338	     -0.59056912	      0.62804801	     -0.62610037	     67.22854439	     -0.05049439	      3.12317276	    100.34410380	      1.75133500	     16.75036806	    -13.63675731	     -7.49999987	     66.94874608	     -9.79554537	      3.70200969	    104.61970439	      1.82595830	     25.22703141	     -4.28124808	     -7.49999987	    -35.54240811	      2.68120307	      5.07454420	     -4.31778694	    -16.00062834	     -1.32724780	     60.77988550	     83.32675360	      2.65679147	    -10.41805835	     -1.06940087	     48.60427677	     72.67873336
      2.87000000	     15.96791900	     -3.43849329	     -3.50434985	     -0.59083938	      0.62770421	     -0.62617145	     67.34638228	     -0.16713391	      3.17252989	    100.36372403	      1.75167743	     16.93097253	    -13.46391845	     -7.49999987	     67.00900532	     -9.62763281	      3.62935574	    104.61216083	      1.82582664	     25.09066597	     -4.56544887	     -7.49999987	    -35.79649372	      2.60516591	      5.04398930	     -4.10901905	    -16.06117387	     -1.38979766	     61.03535217	     82.60635543	      2.64382790	    -10.46649671	     -1.04488413	     49.04997621	     72.30707400
      2.88000000	     15.68387483	     -3.44213223	     -3.58115888	     -0.59036878	      0.62767066	     -0.62593760	     67.66537641	     -0.07413395	      3.15985514	    100.34428386	      1.75133814	     16.80827999	    -13.62353954	     -7.49999987	     67.26444797	     -9.69406280	      3.60752731	    104.67194109	      1.82687001	     25.45717663	     -4.20565467	     -7.49999987	    -35.75529298	      2.57810385	      5.21274533	     -4.01268060	    -16.20696829	     -1.35829566	     61.21980381	     83.06549946	      2.62203258	    -10.63894873	     -0.59568466	     49.21111914	     72.60362776
      2.89000000	     15.53904899	     -3.39629063	     -3.56780777	     -0.59002232	      0.62821995	     -0.62621618	     67.79826239	     -0.10948996	      3.17551795	    100.32524019	      1.75100576	     16.88251152	    -13.64392512	     -7.49999987	     67.32474955	     -9.59180002	      3.55631794	    104.69066720	      1.82719684	     25.55227740	     -4.32002946	     -7.49999987	    -35.95309035	      2.53785682	      5.26946185	     -3.77830685	    -16.28518306	     -1.40994651	     61.32538878	     82.94902755	      2.67085675	    -10.66550722	     -0.58376455	     49.32618286	     72.53773525
      2.90000000	     15.30867570	     -3.29535358	     -3.56959314	     -0.58972205	      0.62856868	     -0.62716272	     68.03983850	     -0.20246389	      3.24428091	    100.30578162	      1.75066615	     16.96966192	    -13.49859239	     -7.49999987	     67.45585794	     -9.45453070	      3.43737300	    104.70438511	      1.82743626	     25.70678291	     -4.52673138	     -7.49999987	    -36.21137488	      2.48091479	      5.25629776	     -3.48629807	    -16.46535493	     -1.45377637	     61.62837127	     82.35359876	      2.61569549	    -10.75840771	     -0.46936546	     49.80293003	     72.21681220
      2.91000000	     15.08155720	     -3.24411691	     -3.54795898	     -0.58941060	      0.62868595	     -0.62823639	     68.25770074	     -0.25613422	      3.26412422	    100.29719413	      1.75051627	     17.02900340	    -13.57965181	     -7.49999987	     67.62070709	     -9.36607967	      3.36660604	    104.75584490	      1.82833440	     25.86085326	     -4.60592218	     -7.49999987	    -36.45440617	      2.43744317	      5.29864701	     -3.21832526	    -16.63138312	     -1.48644442	     61.81786156	     82.14522376	      2.61443719	    -10.83770920	     -0.39515145	     50.08108167	     72.08564556
      2.92000000	     14.55027909	     -3.19468926	     -3.61417826	     -0.58869791	      0.62811311	     -0.62847432	     68.84005262	     -0.25869548	      3.27946583	    100.32082836	      1.75092876	     17.10328721	    -13.45568014	     -7.49999987	     68.16811034	     -9.35844776	      3.32151648	    104.87267199	      1.83037342	     26.11768478	     -4.46181439	     -7.49999987	    -36.34491011	      2.40863911	      5.70683754	     -3.46113003	    -16.79494326	     -2.36506664	     62.25460301	     89.33763706	      2.80161790	    -11.15683315	      0.59543174	     50.07439145	     76.59321855
      2.93000000	     14.34782503	     -3.12500447	     -3.56973997	     -0.58819054	      0.62790262	     -0.62773259	     69.04637537	     -0.37620512	      3.30432741	    100.33453091	      1.75116792	     17.18244664	    -13.52666659	     -7.49999987	     68.37339540	     -9.25018100	      3.25858763	    104.90572738	      1.83095035	     26.16989113	     -4.59577321	     -7.49999987	    -36.68677277	      2.34154737	      5.65725259	     -3.26786979	    -16.95710627	     -2.38911359	     62.45541337	     88.86971032	      2.76449758	    -11.27727609	      0.59124277	     50.44641719	     76.26230880
      2.94000000	     13.74085674	     -2.97631261	     -3.58622653	     -0.58749305	      0.62692111	     -0.62665756	     69.75207791	     -0.46352268	      3.40432101	    100.43204078	      1.75286979	     17.23773753	    -13.48795585	     -7.49999987	     69.03184646	     -9.19799959	      3.12912657	    104.98630850	      1.83235675	     26.38395272	     -4.42944479	     -7.49999987	    -36.59460692	      2.19151398	      5.59258222	     -3.25934020	    -17.26975388	     -2.00564686	     62.96728151	     88.63112333	      2.53600897	    -11.64520619	      1.05840018	     51.07003428	     76.18420190
      2.95000000	     13.47322312	     -2.93813260	     -3.54444169	     -0.58763158	      0.62701453	     -0.62659327	     69.99687141	     -0.52717142	      3.40109833	    100.44764877	      1.75314220	     17.32011738	    -13.58198608	     -7.49999987	     69.26291793	     -9.13876791	      3.08168936	    105.00272918	      1.83264335	     26.45870220	     -4.55509696	     -7.49999987	    -37.04336628	      2.11772977	      5.58712802	     -2.94319193	    -17.42040909	     -2.04840160	     63.14710082	     88.35033924	      2.60052574	    -11.80458361	      1.05389517	     51.43686257	     75.92585717
      2.96000000	     12.64059397	     -2.76261999	     -3.53282690	     -0.58704802	      0.62657197	     -0.62677064	     70.90869278	     -0.64720750	      3.48404584	    100.54686924	      1.75487392	     17.59937501	    -13.36664396	     -7.49999987	     70.09490451	     -9.02317866	      2.93845842	    105.04430422	      1.83336897	     26.64682982	     -4.55507780	     -7.49999987	    -36.90319581	      1.95136009	      5.54760785	     -2.65584368	    -17.90528475	     -1.34439290	     63.27987500	     88.82763186	      2.60676722	    -12.48318094	      2.35098630	     52.02874059	     76.37594563
      2.97000000	     12.03276268	     -2.61972667	     -3.52925631	     -0.58611811	      0.62656967	     -0.62645253	     71.54012191	     -0.72312103	      3.55711046	    100.60546085	      1.75589654	     17.76462944	    -13.29930089	     -7.49999987	     70.65770910	     -8.93976588	      2.81037345	    105.05415221	      1.83354085	     26.85216387	     -4.48769625	     -7.49999987	    -37.04842766	      1.74839132	      5.57068238	     -2.40545844	    -18.22045000	     -1.13723913	     63.41297572	     89.10178333	      2.75211232	    -12.87180636	      2.81088072	     52.37366649	     76.56885179
      2.98000000	     11.71979341	     -2.55137351	     -3.49534359	     -0.58537948	      0.62675816	     -0.62603479	     71.81299599	     -0.77818636	      3.58209611	    100.60639578	      1.75591285	     17.81669930	    -13.42762598	     -7.49999987	     70.91688148	     -8.86584304	      2.74331629	    105.06430874	      1.83371811	     26.95202776	     -4.58216962	     -7.49999987	    -37.54820892	      1.61819415	      5.57280667	     -2.01958186	    -18.42431687	     -1.23415806	     63.60026051	     88.87729393	      2.88942419	    -13.08767803	      2.74626512	     52.73017244	     76.30928959
      2.99000000	     10.83517384	     -2.33883699	     -3.52233421	     -0.58411290	      0.62617137	     -0.62594528	     72.76495714	     -0.87803775	      3.73427651	    100.67452748	      1.75710198	     18.04735606	    -13.21524279	     -7.49999987	     71.77044029	     -8.78171288	      2.53625982	    105.06552989	      1.83373943	     27.03181861	     -4.61740840	     -7.49999987	    -37.35845643	      1.37372414	      5.94378294	     -2.07805351	    -18.89495070	     -1.58640323	     63.99359948	     93.73369472	      3.22743102	    -13.72598143	      4.12647742	     52.93166864	     80.37953064
      3.00000000	     10.12146438	     -2.17461296	     -3.55641470	     -0.58273208	      0.62619924	     -0.62611435	     73.47678979	     -0.91842551	      3.85157037	    100.70641000	      1.75765843	     18.23257815	    -13.13663298	     -7.49999987	     72.41489695	     -8.75541074	      2.36262595	    105.05826002	      1.83361254	     27.23978536	     -4.60036872	     -7.49999987	    -37.55164215	      1.14406951	      5.95843253	     -1.70466175	    -19.30677931	     -1.32350504	     64.41019476	     93.16127659	      3.18363470	    -14.12176369	      4.26822359	     53.75844837	     79.78986840
      3.01000000	      9.28593558	     -1.99850662	     -3.54149141	     -0.58088119	      0.62588976	     -0.62666533	     74.29387707	     -1.02654172	      3.97009838	    100.75401077	      1.75848922	     18.43993951	    -13.06605352	     -7.49999987	     73.18640044	     -8.63984044	      2.19518977	    105.05578166	      1.83356929	     27.41124745	     -4.63163019	     -7.49999987	    -37.59997573	      0.95106844	      5.97281750	     -1.32510714	    -19.82045540	     -1.01451602	     64.63226975	     93.33219018	      3.30521218	    -14.59147441	      4.77548585	     54.27902419	     79.93336266
      3.02000000	      8.43552269	     -1.81455895	     -3.54283160	     -0.57866834	      0.62567663	     -0.62721858	     75.09097373	     -1.12562878	      4.08953772	    100.79593922	      1.75922101	     18.67604924	    -12.97309932	     -7.49999987	     73.93540286	     -8.54861329	      1.99071800	    105.03904736	      1.83327722	     27.58852399	     -4.64070764	     -7.49999987	    -37.68174236	      0.73778209	      5.99446661	     -0.89917820	    -20.37061602	     -0.74966028	     64.81129645	     93.56209509	      3.48804425	    -15.04540904	      5.25985712	     54.73115412	     80.14202948
      3.03000000	      7.53991426	     -1.62670315	     -3.57182436	     -0.57595686	      0.62611609	     -0.62738254	     75.91023529	     -1.17906602	      4.22541549	    100.83818061	      1.75995826	     18.95084641	    -12.87180941	     -7.49999987	     74.68150083	     -8.48757548	      1.78574502	    104.98308348	      1.83230047	     27.81992883	     -4.60503834	     -7.49999987	    -37.73700714	      0.49557977	      6.01143259	     -0.43017850	    -20.99677410	     -0.34681353	     65.06245126	     93.32316431	      3.57475432	    -15.49422551	      5.73218386	     55.31766674	     79.84805328
      3.04000000	      6.62209164	     -1.43470547	     -3.54569417	     -0.57294154	      0.62667482	     -0.62697767	     76.71465981	     -1.28282814	      4.36152600	    100.87256133	      1.76055832	     19.28164314	    -12.75215934	     -7.49999987	     75.41906101	     -8.35983743	      1.60366290	    104.89938341	      1.83083962	     27.96943024	     -4.69131444	     -7.49999987	    -37.67823357	      0.29423437	      6.06138309	     -0.05196324	    -21.72496864	     -0.00797245	     65.40432815	     93.48579265	      3.71589963	    -15.96528635	      6.40619192	     55.79633825	     80.24207694
      3.05000000	      5.61087752	     -1.20172547	     -3.52462095	     -0.56977252	      0.62638494	     -0.62585848	     77.60718412	     -1.39631623	      4.51315221	    100.92808076	      1.76152732	     19.64622883	    -12.62563125	     -7.49999987	     76.22964142	     -8.26501706	      1.37031233	    104.83749267	      1.82975943	     28.24657396	     -4.71945777	     -7.49999987	    -37.49821881	      0.03649169	      6.07611181	     -0.00213782	    -22.41867026	      0.35533991	     66.02448762	     94.07573139	      3.62624177	    -16.54026696	      6.93289958	     56.68592136	     80.64091017
      3.06000000	      4.55785356	     -0.95445230	     -3.51663066	     -0.56631180	      0.62611485	     -0.62453144	     78.51796342	     -1.46533033	      4.68688689	    100.98677338	      1.76255170	     20.03624195	    -12.52261450	     -7.49999987	     77.04202606	     -8.22736519	      1.11391616	    104.76926489	      1.82856863	     28.57703383	     -4.61379298	     -7.49999987	    -37.31559738	     -0.29095505	      6.02519370	     -0.05870431	    -23.12524214	      0.78524166	     66.84790364	     93.70619247	      3.36882047	    -17.15959574	      7.31419114	     57.83788550	     80.25332699
      3.07000000	      3.55739813	     -0.71504471	     -3.41293312	     -0.56236174	      0.62689397	     -0.62362880	     79.31755407	     -1.62302706	      4.84787102	    101.03452741	      1.76338516	     20.47110649	    -12.37762474	     -7.49999987	     77.76178414	     -8.06858480	      0.88175741	    104.64781874	      1.82644899	     28.70865974	     -4.80003482	     -7.49999987	    -37.18745937	     -0.55613723	      6.09306663	     -0.42022739	    -23.63224674	      0.11695151	     67.66549434	    100.19823468	      3.41251843	    -17.71557718	      7.50389422	     58.57527787	     87.80033680
      3.08000000	      2.46554967	     -0.47159965	     -3.33408823	     -0.55802355	      0.62788813	     -0.62284714	     80.18384455	     -1.75365377	      5.00845437	    101.06499304	      1.76391689	     20.95269803	    -12.24146403	     -7.49999987	     78.54002950	     -7.94039404	      0.64617035	    104.51292753	      1.82409470	     28.96121962	     -4.81323493	     -7.49999987	    -36.92954156	     -0.83383772	      5.88312900	     -0.45775191	    -24.36254796	      0.81141202	     68.17073102	    100.01344067	      3.17392247	    -18.37640577	      8.01433793	     59.41169780	     87.76983471
      3.09000000	      1.39138544	     -0.22318139	     -3.33790638	     -0.55409588	      0.62856779	     -0.62218746	     81.01366277	     -1.78837495	      5.18981399	    101.05896083	      1.76381161	     21.37704890	    -12.11411361	     -7.49999987	     79.25260201	     -7.91936882	      0.38865236	    104.35866949	      1.82140239	     29.38820589	     -4.59920115	     -7.49999987	    -36.70679121	     -1.19362585	      5.82086005	     -0.57325269	    -25.03407799	      1.34832281	     68.64837624	     98.78016517	      2.97762098	    -18.83734827	      8.22947371	     60.10503572	     86.76219363
      3.10000000	      0.21172292	      0.04389751	     -3.26250102	     -0.55106689	      0.62861237	     -0.62190610	     81.94422651	     -1.91972209	      5.37820268	    101.04743379	      1.76361042	     21.81556338	    -11.95084983	     -7.49999987	     80.07194632	     -7.80427266	      0.13309380	    104.16528623	      1.81802721	     29.65656768	     -4.61316124	     -7.49999987	    -36.33323818	     -1.46041288	      5.69351733	     -0.66571228	    -25.77984198	      1.98399506	     69.14914564	     98.40344430	      2.84598340	    -19.43811047	      8.73180724	     60.79726401	     86.40760320
      3.11000000	     -0.94247341	      0.31015164	     -3.13871173	     -0.54910517	      0.62866543	     -0.62122381	     82.82848797	     -2.08797543	      5.55769446	    100.99218775	      1.76264619	     22.24969263	    -11.86614916	     -7.49999987	     80.86472622	     -7.65749849	     -0.11424807	    103.91897060	      1.81372819	     29.74685821	     -4.73409009	     -7.49999987	    -35.97547941	     -1.73574382	      5.61858926	     -0.74695347	    -26.52316631	      2.39578350	     69.61140192	    100.90311255	      2.96114546	    -20.10596220	      9.32163772	     61.31874281	     91.07984385
      3.12000000	     -2.19900959	      0.46737999	     -3.01387123	     -0.54707870	      0.62913201	     -0.61986501	     83.81011161	     -2.19738156	      5.62909026	    100.89409487	      1.76093415	     22.65237141	    -11.70739646	     -7.49999987	     81.84178977	     -7.57133106	     -0.22354349	    103.71262620	      1.81012680	     30.03043512	     -4.60665197	     -7.49999987	    -35.54138246	     -1.90570352	      5.49584260	     -0.88218756	    -27.28761015	      2.84886207	     70.28673242	    100.87582214	      2.89961294	    -20.69858841	      9.65340933	     62.11516220	     91.04103455
      3.13000000	     -3.36661328	      0.63876206	     -2.90353356	     -0.54384476	      0.63150663	     -0.61851887	     84.65154253	     -2.29067202	      5.70817140	    100.73039206	      1.75807700	     23.07049195	    -11.55826876	     -7.49999987	     82.65917931	     -7.49477868	     -0.35017270	    103.38936443	      1.80448482	     30.11586469	     -4.56126976	     -7.49999987	    -35.15224481	     -2.10090452	      5.40487723	     -0.86954414	    -28.02304509	      3.47048545	     70.91440529	    100.57474451	      2.94618680	    -21.33599706	     10.06636254	     62.90975488	     90.73338944
      3.14000000	     -4.48431757	      0.77725163	     -2.72286184	     -0.53954721	      0.63537474	     -0.61816948	     85.32652682	     -2.47247732	      5.77545318	    100.43906849	      1.75299244	     23.40295410	    -11.44489349	     -7.49999987	     83.33302644	     -7.29022157	     -0.41669975	    102.92701629	      1.79641532	     30.19941139	     -4.67346551	     -7.49999987	    -34.76960647	     -2.21165206	      5.34260205	     -0.83432615	    -28.87537419	      4.27118637	     71.34451672	    100.49237005	      3.30785766	    -22.00390992	     10.87716873	     63.49775696	     91.03057310
      3.15000000	     -5.48616963	      0.93014695	     -2.71647127	     -0.53549373	      0.63900500	     -0.61811466	     85.83771358	     -2.47139606	      5.87778085	    100.04467470	      1.74610897	     23.63188301	    -11.28700149	     -7.49999987	     83.84397407	     -7.24372375	     -0.53144442	    102.46486530	      1.78834927	     30.27586385	     -4.63170442	     -7.49999987	    -34.49836494	     -2.39568985	      5.30581878	     -0.73584499	    -29.54264228	      5.09412327	     71.64445531	    100.12393246	      3.53897512	    -22.58923378	     11.50763975	     64.03956100	     90.84219353
      3.16000000	     -6.40365462	      1.03268190	     -2.61370888	     -0.53210342	      0.64170895	     -0.61827474	     86.22710568	     -2.55184345	      5.94245312	     99.65880492	      1.73937427	     23.80910026	    -11.22477807	     -7.49999987	     84.25580121	     -7.07419419	     -0.58817272	    101.95779579	      1.77949923	     30.24955298	     -4.79930843	     -7.49999987	    -34.15640478	     -2.45024009	      5.22720031	     -0.57897304	    -30.22755846	      6.04024219	     71.79846259	     99.94045452	      3.88048732	    -23.20294781	     12.44728724	     64.40196520	     91.10850269
      3.17000000	     -6.97586958	      1.08375142	     -2.55371145	     -0.52890496	      0.64485534	     -0.61833369	     86.18588270	     -2.53934119	      5.99310090	     99.21310386	      1.73159532	     23.91720386	    -11.35768023	     -7.49999987	     84.24437111	     -6.92969940	     -0.60118151	    101.41813671	      1.77008041	     30.37207902	     -4.87800920	     -7.49999987	    -34.23962985	     -2.45019560	      5.12919533	     -0.36390102	    -30.42224274	      5.91166255	     71.80373218	     99.81391830	      4.07550003	    -23.40805622	     12.20888135	     64.65243657	     90.76977762
      3.18000000	     -8.15051759	      1.31765251	     -2.52628971	     -0.52434632	      0.64714290	     -0.61845932	     86.86818830	     -2.54087197	      6.19679290	     98.87475604	      1.72569004	     24.13906681	    -11.14524611	     -7.49999987	     84.82563132	     -6.75136304	     -0.75912895	    100.89757835	      1.76099495	     30.36253335	     -5.13919477	     -7.49999987	    -33.29948257	     -2.65805127	      5.09598168	     -0.54545117	    -31.22654187	      7.28015731	     72.27758912	     99.65678216	      4.21330511	    -24.05266357	     13.45795220	     65.15690740	     91.03760935
      3.19000000	     -8.71951655	      1.34734338	     -2.49938471	     -0.51894747	      0.65136887	     -0.61821245	     86.70076580	     -2.47253363	      6.24916515	     98.38018063	      1.71705807	     24.29173321	    -11.20789090	     -7.49999987	     84.64817389	     -6.60206934	     -0.73975957	    100.31355481	      1.75080182	     30.57740377	     -5.24484946	     -7.49999987	    -33.09844106	     -2.65355553	      5.04238413	     -0.50419809	    -31.42010776	      7.39870815	     72.29192617	     99.61191319	      4.36240256	    -24.22433014	     13.60564500	     65.22320217	     91.10738297
      3.20000000	     -9.40026540	      1.57533343	     -2.41664954	     -0.51311034	      0.65550605	     -0.61732519	     86.70070778	     -2.45966115	      6.52570585	     97.96028920	      1.70972958	     24.47808618	    -11.17897546	     -7.49999987	     84.50902177	     -6.34387781	     -0.89551153	     99.69446500	      1.73999666	     30.70492766	     -5.58037365	     -7.49999987	    -32.36227666	     -2.81282736	      4.89389866	     -0.20747613	    -31.89283153	      9.01771278	     71.74526103	     98.92722690	      4.84525745	    -25.00028661	     15.60681999	     64.82732091	     91.85078351
      3.21000000	     -9.87204960	      1.59198996	     -2.36757559	     -0.50781723	      0.66105125	     -0.61683615	     86.36094778	     -2.39396007	      6.58989533	     97.43736977	      1.70060292	     24.59422316	    -11.23089581	     -7.49999987	     84.14003635	     -6.17708294	     -0.85194565	     99.07098527	      1.72911489	     30.93810619	     -5.67952258	     -7.49999987	    -32.02132672	     -2.75708983	      4.86510982	     -0.40049222	    -31.93121922	      9.12991319	     71.67403635	     98.86793461	      4.72545208	    -25.05802446	     15.69266226	     64.78315529	     91.88815399
      3.22000000	    -10.32921203	      1.78474078	     -2.31358834	     -0.50243694	      0.66738307	     -0.61725274	     86.00420819	     -2.37159749	      6.84107442	     96.90227123	      1.69126369	     24.64737160	    -11.39939103	     -7.49999987	     83.65810043	     -5.93208956	     -0.98547248	     98.36087527	      1.71672113	     31.09360825	     -6.06853766	     -7.49999987	    -31.34352028	     -2.85401851	      4.75008820	     -0.21415555	    -31.97706123	     10.16168209	     70.69266212	     98.16775785	      4.93935852	    -25.25920981	     16.83948887	     63.72323340	     92.22365833
      3.23000000	    -10.71069043	      1.81015821	     -2.32617569	     -0.49629804	      0.67360646	     -0.61820140	     85.49682532	     -2.27640660	      6.90101719	     96.32468644	      1.68118293	     24.78169738	    -11.48427184	     -7.49999987	     83.10649651	     -5.78429963	     -0.95680253	     97.69743764	      1.70514196	     31.38917532	     -6.22147219	     -7.49999987	    -30.95701868	     -2.76817726	      4.74051194	     -0.49492898	    -31.95089677	     10.28344127	     70.57327162	     98.11869503	      4.56258844	    -25.23032919	     16.99416585	     63.57886512	     92.25128779
      3.24000000	    -10.81501385	      1.92119346	     -2.32423903	     -0.49032008	      0.68072255	     -0.61924199	     84.62077994	     -2.25692367	      7.04776578	     95.67401598	      1.66982659	     24.83192605	    -11.77177583	     -7.49999987	     82.14568557	     -5.55830227	     -1.04844564	     96.93738589	      1.69187655	     31.66505129	     -6.61117851	     -7.49999987	    -30.69553840	     -2.72713294	      4.60998286	     -0.17486418	    -31.73483373	     10.77340042	     69.43444623	     97.75746202	      4.77101193	    -25.05394370	     17.53705244	     62.25234654	     92.39561817
      3.25000000	    -11.15469498	      2.00590383	     -2.32714967	     -0.48596914	      0.68813434	     -0.61995519	     83.95731655	     -2.22930540	      7.14759294	     94.95021759	      1.65719392	     24.98111690	    -11.85393847	     -7.49999987	     81.42403760	     -5.37309479	     -1.12082028	     96.12590700	      1.67771357	     32.03787617	     -6.78531937	     -7.49999987	    -30.15727040	     -2.65410801	      4.46518932	      0.13975633	    -31.58976039	     11.54250576	     68.28321060	     96.67756633	      5.00378423	    -24.88422893	     18.18300455	     60.94638403	     92.03864991
      3.26000000	    -11.41168969	      2.03097786	     -2.31225303	     -0.48305348	      0.69532950	     -0.61994957	     83.20635506	     -2.21736248	      7.16763150	     94.19161267	      1.64395377	     25.08779584	    -11.99832481	     -7.49999987	     80.66468408	     -5.19315060	     -1.12628427	     95.28867306	      1.66310108	     32.26748700	     -7.04065794	     -7.49999987	    -29.71716691	     -2.52266615	      4.21829805	      0.40716181	    -31.41582318	     12.16118445	     67.43094834	     95.15217125	      5.01366958	    -24.70411893	     18.50071378	     60.03214423	     90.93331136
      3.27000000	    -11.59293562	      2.03686595	     -2.28394601	     -0.47997173	      0.70180702	     -0.61874420	     82.40671835	     -2.20082526	      7.15686344	     93.43168582	      1.63069054	     25.14018171	    -12.18562501	     -7.49999987	     79.86389995	     -5.05881113	     -1.13451297	     94.44603526	      1.64839428	     32.52716634	     -7.13399000	     -7.49999987	    -29.52532982	     -2.40341245	      3.96713139	      0.20414946	    -31.09513097	     11.86052647	     67.35043459	     94.71634642	      4.65464995	    -24.55002326	     18.10886388	     60.11192509	     90.40058098
      3.28000000	    -11.63905137	      2.12968131	     -2.24390665	     -0.47592921	      0.70931875	     -0.61670151	     81.41966729	     -2.23418948	      7.20414355	     92.62725951	      1.61665066	     25.39470364	    -12.18051509	     -7.49999987	     78.82046743	     -4.91718106	     -1.25714703	     93.48468438	      1.63161554	     32.68644356	     -7.36022525	     -7.49999987	    -29.15652170	     -2.36756511	      3.66090628	      0.58315490	    -30.53286827	     12.12106701	     66.24871171	     94.30823013	      4.99640876	    -24.13659924	     18.33282080	     58.31025883	     90.27273542
      3.29000000	    -11.89069033	      2.09426497	     -2.18145254	     -0.47199509	      0.71775364	     -0.61455573	     80.57840270	     -2.20367043	      7.12841682	     91.71254382	      1.60068586	     25.40806591	    -12.34339629	     -7.49999987	     78.00799533	     -4.82590569	     -1.22506344	     92.49121778	      1.61427628	     32.83237292	     -7.49026109	     -7.49999987	    -28.50275262	     -2.25920262	      3.53061257	      0.86334623	    -30.24443119	     12.98700194	     64.98689306	     92.31776037	      5.51407479	    -23.91561910	     19.37120402	     56.86337284	     89.46722170
      3.30000000	    -12.01118616	      2.13240852	     -2.05679239	     -0.46918324	      0.72680990	     -0.61320941	     79.61291322	     -2.29498002	      7.08442498	     90.76805317	      1.58420138	     25.56703210	    -12.31998728	     -7.49999987	     77.04886909	     -4.66784550	     -1.27722971	     91.40920047	      1.59539151	     33.03047487	     -7.34839955	     -7.49999987	    -28.25587645	     -2.23490348	      3.16981548	      0.91087688	    -29.59106268	     12.65377454	     64.55225969	     90.36511782	      5.42825246	    -23.50692625	     18.75844664	     56.29923902	     87.90414507
      3.31000000	    -12.01309284	      2.04115669	     -2.11676383	     -0.46659695	      0.73582151	     -0.61309427	     78.47966188	     -2.15060520	      6.95925210	     89.68099216	      1.56522859	     25.46572636	    -12.51771214	     -7.49999987	     75.96851466	     -4.72575389	     -1.25245139	     90.27594468	      1.57561247	     32.81921734	     -7.74820330	     -7.49999987	    -27.95608375	     -2.14972343	      3.51053422	      0.82879313	    -28.99067442	     11.85453483	     63.50500058	     93.48510242	      6.31947887	    -23.05826287	     19.57833089	     54.43200416	     92.08073542
      3.32000000	    -12.04756413	      2.05763081	     -2.12746494	     -0.46215923	      0.74437583	     -0.61389423	     77.38319036	     -2.13113088	      6.92609020	     88.58920592	      1.54617332	     25.46538767	    -12.55453652	     -7.49999987	     74.85137762	     -4.66288711	     -1.32306351	     89.07325768	      1.55462162	     32.73485783	     -7.93796359	     -7.49999987	    -27.59330024	     -2.13768234	      3.33428390	      1.08890320	    -28.36761067	     11.92509165	     62.37455732	     92.76106941	      6.30428988	    -22.59724891	     19.42011711	     53.29483476	     91.39131202
      3.33000000	    -12.33225578	      2.03638811	     -2.13865985	     -0.45554699	      0.75237344	     -0.61390115	     76.47767752	     -2.09151690	      6.86007099	     87.43151414	      1.52596779	     25.47431388	    -12.49081781	     -7.49999987	     73.93172943	     -4.62126664	     -1.35398424	     87.82827686	      1.53289261	     32.76339146	     -7.97957397	     -7.49999987	    -26.93204094	     -2.06191120	      3.29855441	      0.68766627	    -28.00143948	     12.01206489	     62.17350621	     92.77168439	      5.83485264	    -22.38147599	     19.52026909	     53.08531967	     91.41260848
      3.34000000	    -11.76778052	      1.99351544	     -2.13006702	     -0.44919369	      0.76214032	     -0.61271318	     74.53184659	     -2.06679910	      6.82059711	     86.14854163	      1.50357570	     25.38804455	    -12.61055355	     -7.49999987	     71.96640493	     -4.48092161	     -1.35956233	     86.39719208	      1.50791547	     32.51440530	     -8.46513279	     -7.49999987	    -26.98623958	     -2.01089497	      3.18910024	      1.03554251	    -27.03762045	     11.48881703	     60.30762814	     92.74134716	      6.01064160	    -21.80297023	     19.22423121	     51.50717333	     91.44498260
      3.35000000	    -11.72351422	      2.00430368	     -2.15195358	     -0.44393894	      0.77047969	     -0.61141274	     73.20256297	     -2.02088845	      6.79674336	     84.91962600	      1.48212707	     25.41525333	    -12.55353128	     -7.49999987	     70.58686129	     -4.42787300	     -1.43900311	     85.03490373	      1.48413905	     32.58089896	     -8.47030109	     -7.49999987	    -26.34051021	     -2.01643995	      3.13677634	      1.10110275	    -26.16074621	     11.35227409	     58.59864172	     92.02329441	      5.91826170	    -21.23550356	     18.90156046	     50.09598125	     90.79303380
      3.36000000	    -11.66044189	      1.92067252	     -2.15321766	     -0.43897675	      0.77852763	     -0.61135686	     71.86482332	     -1.96132753	      6.69170143	     83.68383391	      1.46055843	     25.35512163	    -12.57548468	     -7.49999987	     69.24037264	     -4.36739091	     -1.40656516	     83.71011337	      1.46101710	     32.49011106	     -8.63798380	     -7.49999987	    -25.74195292	     -1.88178167	      3.05437206	      1.16069705	    -25.51978068	     11.59252338	     57.19255297	     91.75175632	      5.79472972	    -20.90483805	     19.19959248	     48.91657793	     90.68526226
      3.37000000	    -11.31810781	      1.88309307	     -2.20774451	     -0.43362284	      0.78712087	     -0.61192178	     70.22330859	     -1.90416562	      6.65509688	     82.40969322	      1.43832048	     25.30679424	    -12.55731194	     -7.49999987	     67.55664916	     -4.32813110	     -1.46737402	     82.34194976	      1.43713814	     32.35091114	     -8.85769831	     -7.49999987	    -25.52030896	     -1.82635250	      2.98843304	      1.09674928	    -24.79303508	     11.25490182	     55.93007783	     90.94871151	      5.56454986	    -20.34855472	     18.70491505	     47.90926170	     89.93790411
      3.38000000	    -11.13787581	      1.81424457	     -2.20262278	     -0.42899553	      0.79550479	     -0.61244134	     68.75987057	     -1.89198697	      6.56451870	     81.11287747	      1.41568678	     25.21325423	    -12.52114320	     -7.49999987	     66.09241827	     -4.23779807	     -1.46488357	     80.98022677	      1.41337159	     32.17462498	     -9.05996726	     -7.49999987	    -25.01597559	     -1.68967410	      2.84465165	      1.06648936	    -24.16898632	     11.25826015	     54.58753940	     90.51984748	      5.46309184	    -19.89622843	     18.84486113	     46.63487545	     89.61214914
      3.39000000	    -10.92716203	      1.77918538	     -2.27445743	     -0.42544223	      0.80405618	     -0.61251482	     67.29039791	     -1.81801185	      6.53790591	     79.77771105	      1.39238373	     25.13292685	    -12.51090158	     -7.49999987	     64.60923224	     -4.21485736	     -1.53152204	     79.61324546	      1.38951326	     31.94135423	     -9.23568227	     -7.49999987	    -24.58011767	     -1.64493195	      2.78153387	      0.93176237	    -23.58936649	     11.10338734	     53.48839374	     89.76184787	      5.29212015	    -19.46721249	     18.65313516	     45.72549436	     88.92152979
      3.40000000	    -11.09850679	      1.72043289	     -2.24136859	     -0.42168759	      0.81204905	     -0.61270516	     66.26873577	     -1.81795663	      6.45450333	     78.46833769	      1.36953085	     25.00631344	    -12.41745648	     -7.49999987	     63.62236083	     -4.11718949	     -1.49789406	     78.29347019	      1.36647884	     31.80953819	     -9.25696128	     -7.49999987	    -23.75029804	     -1.47256758	      2.62865753	      0.23491757	    -23.31562006	     10.97616477	     53.77378556	     89.07353732	      4.57231033	    -19.35155173	     18.41947438	     46.15772826	     88.24808501
      3.41000000	    -10.68543158	      1.70784269	     -2.27351214	     -0.41766856	      0.82213536	     -0.61275247	     64.54108243	     -1.86487990	      6.40194388	     76.97529540	      1.34347235	     24.64693471	    -12.48558124	     -7.49999987	     61.91141772	     -4.03584625	     -1.60027147	     76.77556014	      1.33998631	     31.35371020	     -9.53371372	     -7.49999987	    -23.24624880	     -1.46145332	      2.63696962	      0.69828150	    -22.73991088	     11.49281068	     51.05045973	     89.54282062	      5.14643213	    -18.83850230	     19.33386121	     43.59643666	     89.04293353
      3.42000000	    -10.34049721	      1.63243566	     -2.27167368	     -0.41519668	      0.83229269	     -0.61310826	     62.91801455	     -1.90262282	      6.28377675	     75.43726989	      1.31662874	     24.39690667	    -12.37332938	     -7.49999987	     60.36732274	     -3.97220612	     -1.60820153	     75.25927347	      1.31352211	     30.96580800	     -9.59873139	     -7.49999987	    -23.05376513	     -1.34823893	      2.68971932	      0.40036854	    -22.15606740	     10.40193560	     50.28624389	     91.76457626	      5.17990356	    -18.33982878	     18.63715813	     42.77006234	     91.62829550
      3.43000000	    -10.18260363	      1.59125861	     -2.25235983	     -0.41440385	      0.84211598	     -0.61429241	     61.52291664	     -1.99288747	      6.16369994	     73.83530340	      1.28866915	     24.04892397	    -12.21909385	     -7.49999987	     59.02781167	     -3.85726993	     -1.62396744	     73.67016706	      1.28578698	     30.48671710	     -9.69432998	     -7.49999987	    -22.66400687	     -1.24326594	      2.46623349	      0.60981920	    -21.78153697	     10.71745950	     49.07997465	     90.72866416	      5.24334106	    -18.04439844	     18.56159416	     41.95158763	     90.68976403
      3.44000000	    -10.47715971	      1.57670865	     -2.25748536	     -0.41317795	      0.85058597	     -0.61523071	     60.66271405	     -2.06129547	      6.06362031	     72.26499245	      1.26126205	     23.78194748	    -11.94392102	     -7.49999987	     58.18889746	     -3.78386659	     -1.70076169	     72.11660275	      1.25867216	     30.17417982	     -9.55219895	     -7.49999987	    -21.84122625	     -1.14960982	      2.34488892	      0.26215869	    -21.62112133	     10.71591277	     48.97807791	     90.61989417	      5.00121212	    -17.92396381	     18.55868479	     41.90777519	     90.58847962
      3.45000000	     -9.70169019	      1.57016986	     -2.26573446	     -0.41023509	      0.86076608	     -0.61467604	     58.55143845	     -2.13993370	      6.03711849	     70.53673762	      1.23109832	     23.23037016	    -12.05386268	     -7.49999987	     56.07004551	     -3.57979634	     -1.73274128	     70.31875842	      1.22729386	     29.32014374	    -10.15032937	     -7.49999987	    -22.12739535	     -1.13699685	      2.13811787	      0.72430674	    -21.02827965	     10.28889054	     47.41688231	     90.04350016	      5.52615588	    -17.43913958	     18.10655510	     40.47472209	     90.06445092
      3.46000000	     -9.48994983	      1.55039204	     -2.29345261	     -0.40564233	      0.86911082	     -0.61332929	     57.08559822	     -2.17243639	      5.97668047	     68.90129366	      1.20255443	     22.89328375	    -11.89305769	     -7.49999987	     54.61375336	     -3.49422568	     -1.82028023	     68.65493235	      1.19825462	     28.83754908	    -10.18994093	     -7.49999987	    -21.63065333	     -1.13696199	      2.01903194	      0.74083173	    -20.64709275	     10.25897324	     46.34881809	     89.46847863	      5.62310536	    -17.11591148	     17.91427712	     39.48852227	     89.55679669
      3.47000000	     -9.30894263	      1.47093654	     -2.32790534	     -0.40019639	      0.87679797	     -0.61295148	     55.63030924	     -2.17142796	      5.85613987	     67.26302179	      1.17396120	     22.54930633	    -11.76732794	     -7.49999987	     53.17684462	     -3.46271325	     -1.88791917	     67.00514429	      1.16946038	     28.29989391	    -10.24870508	     -7.49999987	    -21.00013124	     -1.03530160	      1.88277271	      0.66456617	    -20.34766358	     10.51488576	     45.44035795	     88.50351236	      5.52875344	    -16.84809207	     17.94497594	     38.61048578	     88.72490489
      3.48000000	     -9.05620069	      1.41865987	     -2.39146743	     -0.39410533	      0.88441948	     -0.61361713	     54.04661503	     -2.17388449	      5.78508149	     65.55700633	      1.14418561	     22.18094771	    -11.66758275	     -7.49999987	     51.59675057	     -3.37910096	     -1.93680586	     65.30913341	      1.13985941	     27.69036850	    -10.43707973	     -7.49999987	    -20.40254067	     -1.01942934	      1.87613872	      0.43530121	    -20.15065552	     10.64268078	     44.75836506	     88.31109561	      5.32925158	    -16.70416724	     18.01618922	     37.98520134	     88.62062082
      3.49000000	     -9.28819431	      1.32818231	     -2.37554955	     -0.38880381	      0.89119093	     -0.61408950	     53.03062430	     -2.16691252	      5.67168839	     63.97732567	      1.11661498	     21.93607154	    -11.36894309	     -7.49999987	     50.58357066	     -3.35918663	     -1.95999847	     63.68048153	      1.11143407	     27.32262316	    -10.26913309	     -7.49999987	    -19.33967630	     -0.87473153	      1.73841646	     -0.39751445	    -20.05421701	     10.58662130	     45.08072920	     87.51595454	      4.51284740	    -16.70061768	     17.87779411	     38.40087999	     87.83814312
      3.50000000	     -8.54015345	      1.26945005	     -2.36998691	     -0.38550218	      0.90049119	     -0.61391158	     50.86628721	     -2.22333354	      5.59788865	     62.14126012	      1.08456959	     21.29367116	    -11.43983448	     -7.49999987	     48.45718628	     -3.24360101	     -1.99345030	     61.84789670	      1.07944943	     26.50507530	    -10.63985111	     -7.49999987	    -19.25573868	     -0.86268205	      1.68034018	     -0.12134896	    -19.65556638	     10.70141122	     43.33137730	     87.80164590	      4.87014718	    -16.27912651	     17.98500566	     36.56676001	     88.22044312
      3.51000000	     -8.22854959	      1.15836152	     -2.30624198	     -0.38166779	      0.90914654	     -0.61372295	     49.16542913	     -2.27672564	      5.43139386	     60.30302937	      1.05248641	     20.76881089	    -11.28475962	     -7.49999987	     46.86680309	     -3.16887038	     -1.94351101	     60.10572300	      1.04904277	     25.93258704	    -10.63083722	     -7.49999987	    -18.77524656	     -0.74938126	      1.59832339	     -0.38478072	    -19.40532895	     10.68493555	     42.66206178	     87.19542234	      4.55046343	    -16.05784065	     17.82308026	     35.89912825	     87.73599430
      3.52000000	     -7.95607924	      1.05073850	     -2.22466867	     -0.37624504	      0.91793771	     -0.61389105	     47.43446270	     -2.34552512	      5.25366240	     58.37324513	      1.01880532	     20.20159490	    -11.11180536	     -7.49999987	     45.23505096	     -3.08651935	     -1.88606050	     58.24653388	      1.01659379	     25.26981170	    -10.65600792	     -7.49999987	    -18.15490758	     -0.62665987	      1.50032213	     -0.66731979	    -19.15819640	     10.82074324	     41.82057887	     86.85774070	      4.21141897	    -15.82108641	     17.78579577	     35.07059177	     87.58264413
      3.53000000	     -7.60600923	      0.97031731	     -2.19698787	     -0.37121452	      0.92666581	     -0.61442502	     45.60193630	     -2.40734820	      5.11925865	     56.37764286	      0.98397549	     19.59310267	    -10.97629163	     -7.49999987	     43.46967901	     -3.01163021	     -1.88531436	     56.31740118	      0.98292408	     24.49388354	    -10.74981114	     -7.49999987	    -17.60366323	     -0.54202210	      1.43291609	     -1.00154598	    -18.91429095	     10.86238907	     41.11219950	     85.83039269	      3.76082659	    -15.61016778	     17.61277572	     34.43716706	     86.64792648
      3.54000000	     -7.40391556	      0.84509440	     -2.13477902	     -0.36742465	      0.93390188	     -0.61575058	     43.98935079	     -2.48551590	      4.87791514	     54.43370895	      0.95004745	     19.05625101	    -10.73046384	     -7.49999987	     41.96146841	     -2.94594593	     -1.81484019	     54.51273592	      0.95142673	     23.75106743	    -10.83411065	     -7.49999987	    -16.86962173	     -0.36848815	      1.33870156	     -1.25342888	    -18.67988315	     10.95213499	     40.30183047	     85.77734242	      3.39879731	    -15.28449513	     17.52224968	     33.65996903	     86.81022314
      3.55000000	     -7.21109830	      0.77037903	     -2.06845286	     -0.36364097	      0.93959481	     -0.61745499	     42.48261737	     -2.60597790	      4.67678225	     52.60610178	      0.91814968	     18.50348171	    -10.46494693	     -7.49999987	     40.54965870	     -2.87008052	     -1.85958390	     52.82663465	      0.92199871	     23.00575339	    -10.84790133	     -7.49999987	    -16.09440732	     -0.22595397	      1.05297281	     -1.53239997	    -18.52660663	     10.86706984	     39.55775184	     88.65111712	      2.79108430	    -14.99010364	     16.27885486	     33.09615059	     91.51468699
      3.56000000	     -6.94531456	      0.71764795	     -2.02179342	     -0.35936615	      0.94533075	     -0.61825306	     40.92203614	     -2.70656917	      4.53717462	     50.78796254	      0.88641717	     17.88600252	    -10.33628008	     -7.49999987	     39.07249189	     -2.76810671	     -1.89510758	     51.14151136	      0.89258776	     22.27338194	    -10.92563451	     -7.49999987	    -15.47492002	     -0.14243446	      0.90067278	     -1.98139795	    -18.33711560	     10.64693625	     39.24052066	     87.10769905	      2.30637707	    -14.71960934	     15.89681407	     32.65573217	     89.90687094
      3.57000000	     -6.80822830	      0.62224914	     -1.90353872	     -0.35444595	      0.95254717	     -0.61804682	     39.43053008	     -2.80521897	      4.29774587	     48.91215187	      0.85367809	     17.31183621	    -10.09503191	     -7.49999987	     37.71182049	     -2.68478551	     -1.86414942	     49.42619230	      0.86264979	     21.53643348	    -10.91772348	     -7.49999987	    -14.61025249	      0.02044764	      0.72244787	     -2.35763434	    -18.20966624	     10.80612154	     38.67706618	     87.22622102	      1.97194326	    -14.50224198	     16.07649470	     31.90120652	     90.12536812
      3.58000000	     -6.54279880	      0.54840297	     -1.82471700	     -0.34919406	      0.96136598	     -0.61788872	     37.73441175	     -2.89303507	      4.08403360	     46.91409205	      0.81880537	     16.63408016	     -9.92498825	     -7.49999987	     36.14595899	     -2.61640798	     -1.88650897	     47.59457165	      0.83068198	     20.73473083	    -10.87313153	     -7.49999987	    -13.91742216	      0.12590904	      0.57935032	     -2.63273095	    -17.97403113	     10.69015245	     38.04740272	     86.85314809	      1.59776822	    -14.20160399	     15.74087486	     31.13867613	     89.73038683
      3.59000000	     -6.14360246	      0.51562340	     -1.76415174	     -0.34428683	      0.96947636	     -0.61840921	     35.88604914	     -3.00978756	      3.89016622	     44.85652073	      0.78289398	     15.90490835	     -9.79866769	     -7.49999987	     34.42519860	     -2.51914599	     -1.95037286	     45.70688065	      0.79773556	     19.81869583	    -10.93215845	     -7.49999987	    -13.46095431	      0.18402688	      0.40219913	     -2.83648082	    -17.74232776	     10.77213123	     37.59896790	     84.37312441	      1.20566381	    -13.97859920	     15.68392013	     30.60050173	     87.02843042
      3.60000000	     -6.09710517	      0.42504689	     -1.63389912	     -0.33994507	      0.97477856	     -0.61935991	     34.46386183	     -3.12234823	      3.52921260	     42.86816718	      0.74819066	     15.23510182	     -9.44508912	     -7.49999987	     33.19812617	     -2.45755059	     -1.94063257	     43.97213683	      0.76745857	     18.98480067	    -10.85465059	     -7.49999987	    -12.47985779	      0.33908116	      0.25759251	     -2.99117334	    -17.60015590	     11.21137883	     36.78732218	     84.79271838	      0.95033331	    -13.81208904	     16.10129679	     29.68446216	     87.59408490
      3.61000000	     -5.93416248	      0.38488574	     -1.52931344	     -0.33567898	      0.97950736	     -0.62034344	     32.96736480	     -3.24769196	      3.23761863	     40.92045797	      0.71419672	     14.56419294	     -9.15242329	     -7.49999987	     31.86905560	     -2.37039643	     -1.99401000	     42.22473648	      0.73696068	     18.14311920	    -10.80775210	     -7.49999987	    -11.71350388	      0.41171608	      0.08085076	     -3.20188308	    -17.40220455	     11.32518942	     36.34628087	     84.22842298	      0.60935642	    -13.63029607	     16.06890341	     29.10731245	     87.13920366
      3.62000000	     -5.84092525	      0.33936107	     -1.40972811	     -0.33136847	      0.98503577	     -0.62126583	     31.57322280	     -3.39038776	      2.85817334	     39.00902538	      0.68083593	     13.97655843	     -8.72062483	     -7.49999987	     30.65239465	     -2.31466430	     -2.07398070	     40.50785921	      0.70699552	     17.37106008	    -10.59795183	     -7.49999987	    -10.81299495	      0.48151557	     -0.07732892	     -3.24349208	    -17.20734220	     11.81579354	     35.47343759	     84.05393748	      0.40728612	    -13.42045225	     16.26805702	     28.18830088	     86.90025434
      3.63000000	     -6.00522394	      0.33805019	     -1.33986667	     -0.32788966	      0.99047807	     -0.62147264	     30.56963814	     -3.50797016	      2.57599054	     37.26885111	      0.65046416	     13.68277626	     -8.20026867	     -7.49999987	     29.78101623	     -2.30235230	     -2.29227728	     38.92560319	      0.67937994	     17.03563632	    -10.03603887	     -7.49999987	     -9.72782504	      0.50056147	     -0.12524567	     -3.67582301	    -17.07287198	     11.95180087	     35.41480946	     83.99011570	     -0.12631817	    -13.42742270	     16.40261328	     28.34664339	     86.78106291
      3.64000000	     -5.66616903	      0.34659452	     -1.16167356	     -0.32514913	      0.99624015	     -0.62165928	     28.95057765	     -3.69001650	      2.19717949	     35.32978593	      0.61662109	     12.67593069	     -8.13367825	     -7.49999987	     28.30888129	     -2.14587424	     -2.30989109	     37.11722380	      0.64781776	     15.76038161	    -10.27268191	     -7.49999987	     -9.30444802	      0.53016975	     -0.54358083	     -3.53246966	    -16.68422356	     11.90191044	     34.54109582	     83.53027984	     -0.14247231	    -13.16782866	     16.22774400	     27.23627441	     86.48266384
      3.65000000	     -5.64372361	      0.34617987	     -1.10063361	     -0.32162748	      1.00026440	     -0.62213285	     27.76956803	     -3.80668379	      1.82673213	     33.54751877	      0.58551466	     12.11879085	     -7.71136013	     -7.49999987	     27.25154370	     -2.09908089	     -2.46856523	     35.52349173	      0.62000189	     15.04840723	     -9.97426223	     -7.49999987	     -8.46221944	      0.50632975	     -0.62443588	     -3.58892552	    -16.44702968	     12.04200271	     33.86122543	     83.74508805	     -0.35455473	    -13.02362839	     16.19951738	     26.52800859	     86.88721217
      3.66000000	     -5.59400550	      0.35361683	     -1.01618880	     -0.31747183	      1.00431097	     -0.62331071	     26.54709752	     -3.93215636	      1.47281209	     31.74083870	      0.55398214	     11.52129547	     -7.30451667	     -7.49999987	     26.17279057	     -2.00374851	     -2.56832529	     33.93019752	      0.59219366	     14.27076031	     -9.80180211	     -7.49999987	     -7.69179134	      0.50174873	     -0.73312479	     -3.73513449	    -16.22407412	     12.12294037	     33.34897230	     83.18628537	     -0.57850737	    -12.82555101	     15.99402680	     25.94397779	     86.58472435
      3.67000000	     -5.59276133	      0.36800365	     -0.92955655	     -0.31354877	      1.00892273	     -0.62420731	     25.38561166	     -4.05749134	      1.07850457	     29.95146061	      0.52275160	     10.90368326	     -6.87252152	     -7.49999987	     25.17129520	     -1.91400705	     -2.70092774	     32.37149495	      0.56498917	     13.53910382	     -9.54649235	     -7.49999987	     -6.85274574	      0.48879228	     -0.81873273	     -3.85911887	    -16.01130961	     12.26060377	     32.68850851	     83.18209653	     -0.71849052	    -12.64819458	     15.91335183	     25.24128799	     86.97055855
      3.68000000	     -5.53551533	      0.40787787	     -0.82381776	     -0.30989651	      1.01380848	     -0.62396582	     24.17137914	     -4.18719424	      0.69844383	     28.19689630	      0.49212868	     10.23160585	     -6.54049031	     -7.49999987	     24.11543878	     -1.78582218	     -2.78476723	     30.82002030	      0.53791083	     12.80567872	     -9.34853538	     -7.49999987	     -6.15597361	      0.45727257	     -0.96898102	     -3.99483457	    -15.77416912	     12.40344453	     32.13922514	     82.83739443	     -0.93847157	    -12.53445301	     15.84082106	     24.78540962	     86.86903129
      3.69000000	     -5.84019442	      0.46684768	     -0.75398893	     -0.30579688	      1.01734348	     -0.62224679	     23.41397208	     -4.27794037	      0.39034643	     26.58744300	      0.46403842	      9.57911941	     -6.26696927	     -7.49999987	     23.48778585	     -1.69236037	     -2.90521196	     29.37556419	      0.51270031	     12.09313880	     -9.11623458	     -7.49999987	     -4.92684112	      0.35342293	     -0.96306113	     -4.33457369	    -15.53310667	     12.41771306	     31.66519926	     83.02098740	     -1.12799117	    -12.40057428	     15.73789445	     24.04790543	     87.26391199
      3.70000000	     -5.58340696	      0.49653145	     -0.64021251	     -0.30149911	      1.02066432	     -0.61979254	     22.00966157	     -4.34550228	     -0.02249821	     24.92252377	      0.43498010	      9.00398202	     -5.84045953	     -7.49999987	     22.23273511	     -1.63757548	     -3.05027292	     27.88867190	      0.48674915	     11.44443477	     -8.80689856	     -7.49999987	     -4.51405630	      0.23470109	     -1.03019085	     -4.42822118	    -15.21095970	     12.50108553	     30.97390106	     82.87554136	     -1.27086011	    -12.34974861	     15.60738610	     23.62279993	     87.45680103
      3.71000000	     -5.56631691	      0.53383407	     -0.53943909	     -0.29740207	      1.02312701	     -0.61764201	     20.92433999	     -4.38967656	     -0.38596359	     23.35952342	      0.40770060	      8.49047917	     -5.40204292	     -7.49999987	     21.26274894	     -1.59734446	     -3.20377618	     26.47239180	      0.46203040	     10.82202272	     -8.47126651	     -7.49999987	     -3.79847442	      0.09578067	     -1.09468123	     -4.69017178	    -14.88184017	     12.58441838	     30.50359857	     82.35104856	     -1.51876924	    -12.31604212	     15.42452046	     23.25245793	     87.34490872
      3.72000000	     -5.54304835	      0.56259887	     -0.46973546	     -0.29370094	      1.02630173	     -0.61644923	     19.87513692	     -4.41123219	     -0.77025914	     21.85019266	      0.38135780	      7.97509748	     -4.92910813	     -7.49999987	     20.30015797	     -1.57906041	     -3.38070098	     25.07941519	      0.43771837	     10.24563665	     -8.04188179	     -7.49999987	     -3.11769205	     -0.04050819	     -1.15309564	     -4.80709975	    -14.55025445	     13.16106344	     29.89785168	     79.30805018	     -1.72656073	    -12.28885179	     15.65339469	     22.83435677	     84.37646481
      3.73000000	     -5.47802476	      0.61261760	     -0.37383928	     -0.29024941	      1.03052310	     -0.61606487	     18.80265218	     -4.43804100	     -1.10440327	     20.37987062	      0.35569584	      7.39237036	     -4.66102592	     -7.49999987	     19.29501641	     -1.51743157	     -3.49829389	     23.65621628	      0.41287886	      9.54754548	     -7.73003401	     -7.49999987	     -2.56520020	     -0.18326030	     -1.41256877	     -4.88541125	    -14.28830199	     13.64615958	     29.59563266	     79.53446956	     -2.10167192	    -12.44133618	     15.97249360	     22.84308831	     84.68085512
      3.74000000	     -5.86774662	      0.66305555	     -0.35258901	     -0.28764607	      1.03368045	     -0.61603750	     18.31611610	     -4.43059145	     -1.36436879	     19.03601783	      0.33224119	      6.79083855	     -4.39732501	     -7.49999987	     18.85541492	     -1.49136257	     -3.68086360	     22.36074679	      0.39026865	      8.90690989	     -7.33771609	     -7.49999987	     -1.43717256	     -0.33317325	     -1.31506069	     -5.30348632	    -14.01369090	     13.64435778	     29.48651578	     79.18896703	     -2.36258559	    -12.39679265	     15.87205916	     22.55002156	     84.45157692
      3.75000000	     -5.87701683	      0.71935022	     -0.28940934	     -0.28641035	      1.03592170	     -0.61628924	     17.46899565	     -4.45513587	     -1.74475461	     17.71145222	      0.30912316	      6.22160868	     -4.05128449	     -7.49999987	     18.07134545	     -1.43018168	     -3.81230512	     21.10670736	      0.36838154	      8.30884727	     -6.94010916	     -7.49999987	     -0.91787646	     -0.47613660	     -1.26678503	     -5.45740591	    -13.65588029	     13.56203910	     29.13443848	     78.62556299	     -2.43178082	    -12.34166128	     15.77145326	     22.24094029	     84.13645279
      3.76000000	     -5.87731682	      0.76780473	     -0.27883849	     -0.28512614	      1.03717302	     -0.61651142	     16.70490235	     -4.45759107	     -2.07391539	     16.48933922	      0.28779326	      5.78239070	     -3.67184817	     -7.49999987	     17.34339895	     -1.38708839	     -3.95609481	     19.95158677	      0.34822088	      7.84590119	     -6.52240649	     -7.49999987	     -0.46372164	     -0.62241652	     -1.24691495	     -5.45546978	    -13.31102769	     13.54345737	     28.63676522	     78.50724669	     -2.43001463	    -12.27545289	     15.79566733	     21.84576639	     84.37464361
      3.77000000	     -6.15677220	      0.81830797	     -0.31778849	     -0.28300652	      1.03758902	     -0.61690548	     16.33189219	     -4.43349528	     -2.18492372	     15.39821832	      0.26874961	      5.40512157	     -3.47828064	     -7.49999987	     16.96733182	     -1.32833892	     -4.02164357	     18.89001480	      0.32969295	      7.42854425	     -6.27765403	     -7.49999987	      0.33188437	     -0.72416449	     -1.20444562	     -5.67139230	    -13.04739652	     13.45282456	     28.50549663	     78.36617879	     -2.58874267	    -12.20134659	     15.68142728	     21.64095899	     84.35029089
      3.78000000	     -5.96113956	      0.85244899	     -0.30640932	     -0.28120412	      1.03815714	     -0.61797634	     15.46782063	     -4.45966579	     -2.63794682	     14.31622166	      0.24986520	      5.05749712	     -2.88501442	     -7.49999987	     16.11723901	     -1.28781337	     -4.26040871	     17.83994924	      0.31136585	      7.03488462	     -5.68140818	     -7.49999987	      0.42121793	     -0.82743664	     -1.13819355	     -5.56952258	    -12.71428448	     13.28504763	     27.95559647	     77.73656313	     -2.52897419	    -12.16237512	     15.70218626	     21.45476342	     84.28040993
      3.79000000	     -6.59123296	      0.85575562	     -0.28119923	     -0.27932086	      1.03747526	     -0.61970019	     15.59422231	     -4.42395913	     -2.73186261	     13.43857804	      0.23454743	      4.75683258	     -2.77189902	     -7.49999987	     16.27742357	     -1.23227007	     -4.19402433	     17.03608134	      0.29733571	      6.77171025	     -5.59206849	     -7.49999987	      1.55659423	     -0.83449762	     -1.13900587	     -6.07644346	    -12.54961942	     12.84911975	     28.42074999	     76.69836530	     -2.90664980	    -12.00543662	     15.22055444	     21.56301555	     83.26387676
      3.80000000	     -6.02670804	      0.92398568	     -0.30330230	     -0.27706300	      1.03909053	     -0.62132904	     14.44159239	     -4.48418603	     -3.05143376	     12.53830310	      0.21883467	      4.49842196	     -2.30537239	     -7.49999987	     15.08942729	     -1.12340349	     -4.35253169	     16.09559104	      0.28092106	      6.46937886	     -5.07394909	     -7.49999987	      1.13424864	     -0.94889526	     -1.03277079	     -5.66772682	    -12.24119940	     12.97696330	     27.40749497	     76.15526907	     -2.57046818	    -11.90498554	     15.56632779	     21.06809163	     83.14488244
      3.81000000	     -6.01026914	      0.96324842	     -0.30303438	     -0.27411195	      1.03981508	     -0.62248939	     13.91729507	     -4.51131024	     -3.25189140	     11.74853826	      0.20505067	      4.31112351	     -1.97786463	     -7.49999987	     14.54712372	     -1.03134501	     -4.38378997	     15.31308979	      0.26726384	      6.27664544	     -4.74646994	     -7.49999987	      1.43069376	     -0.99251939	     -1.01702781	     -5.59546476	    -12.06259174	     13.18457181	     27.02254457	     75.61978409	     -2.62874068	    -11.82263640	     15.95024711	     20.98588482	     82.94807354
      3.82000000	     -5.93255568	      1.01105665	     -0.29752680	     -0.27210391	      1.03961203	     -0.62290427	     13.37377132	     -4.53831762	     -3.36951444	     11.03587941	      0.19261243	      4.08858224	     -1.82680783	     -7.49999987	     13.96314738	     -0.91081448	     -4.29656348	     14.56955343	      0.25428668	      6.00765192	     -4.62771627	     -7.49999987	      1.58937488	     -1.05093297	     -1.03541516	     -5.58840371	    -11.88154895	     13.14565991	     26.92284542	     73.83657017	     -2.79457495	    -11.72727801	     15.97885197	     21.15453321	     80.84299803
      3.83000000	     -6.04712691	      1.03157303	     -0.32107513	     -0.27128665	      1.03869682	     -0.62287733	     13.14622357	     -4.54137410	     -3.50426770	     10.49840374	      0.18323171	      3.98711896	     -1.56474327	     -7.49999987	     13.68607717	     -0.86008713	     -4.36236832	     14.00848985	      0.24449427	      5.99081266	     -4.26572998	     -7.49999987	      2.03986911	     -1.07300963	     -0.99941771	     -5.38335191	    -11.81125072	     14.10258630	     26.24016543	     73.30191220	     -2.69813887	    -11.68683557	     17.14252585	     20.74674168	     80.71611868
      3.84000000	     -6.08145075	      1.07091183	     -0.34653578	     -0.27041322	      1.03853209	     -0.62300669	     12.85755593	     -4.55704995	     -3.56964461	      9.97982560	      0.17418082	      3.76863261	     -1.49826796	     -7.49999987	     13.33529609	     -0.77455445	     -4.28959925	     13.42056874	      0.23423311	      5.77913004	     -4.17089712	     -7.49999987	      2.27838631	     -1.17008726	     -0.86212344	     -5.50658268	    -11.69850440	     13.92653927	     26.21853549	     72.52091645	     -2.73263419	    -11.55345280	     16.95576175	     20.76311764	     79.85775580
      3.85000000	     -5.90973416	      1.08632351	     -0.37395018	     -0.26876190	      1.03895544	     -0.62357602	     12.34923535	     -4.56164028	     -3.66076283	      9.48519956	      0.16554796	      3.76779899	     -1.25008912	     -7.49999987	     12.79758179	     -0.71741760	     -4.25292960	     12.90633574	      0.22525805	      5.82564415	     -3.94456412	     -7.49999987	      2.29207290	     -1.14570525	     -0.83246851	     -5.29040491	    -11.54975827	     14.19432831	     25.77604877	     72.00769052	     -2.68892476	    -11.45321189	     17.35927718	     20.61884956	     79.43588384
      3.86000000	     -6.15963822	      1.09930612	     -0.35419533	     -0.26675236	      1.03803172	     -0.62430749	     12.30986519	     -4.56492865	     -3.70097779	      9.04545634	      0.15787300	      3.66983275	     -1.22917790	     -7.49999987	     12.74010061	     -0.64925839	     -4.08680672	     12.45124570	      0.21731523	      5.79036738	     -3.90031907	     -7.49999987	      2.85450071	     -1.13904495	     -0.80439550	     -5.48545667	    -11.47688806	     14.03377704	     25.92900806	     71.64654464	     -2.86916772	    -11.31572728	     17.17561734	     20.65567240	     78.99051738
      3.87000000	     -5.88890641	      1.14605933	     -0.41324505	     -0.26546841	      1.03737695	     -0.62506585	     11.75557420	     -4.60685625	     -3.78941839	      8.63587538	      0.15072446	      3.68085631	     -0.96740854	     -7.49999987	     12.09130899	     -0.56761192	     -4.13410032	     11.92416824	      0.20811600	      5.76762642	     -3.58432733	     -7.49999987	      2.74920524	     -1.18458905	     -0.75682307	     -5.01756764	    -11.41613685	     15.25123682	     25.06428045	     70.56351893	     -2.66607438	    -11.32967647	     18.67985051	     20.34043955	     77.70590668
      3.88000000	     -6.10551648	      1.18369730	     -0.44091243	     -0.26409640	      1.03688795	     -0.62615899	     11.75014304	     -4.63858333	     -3.71208008	      8.30767835	      0.14499634	      3.68911619	     -0.93159254	     -7.49999987	     12.01138310	     -0.47558048	     -4.00056055	     11.50274137	      0.20076071	      5.80637493	     -3.50563654	     -7.49999987	      3.26077637	     -1.18950354	     -0.68761827	     -5.29076958	    -11.41784095	     15.07748637	     25.46027856	     70.26340262	     -3.00239351	    -11.30633457	     18.48895427	     20.84147355	     77.28949250
      3.89000000	     -6.43167951	      1.18085637	     -0.44138287	     -0.26353932	      1.03679838	     -0.62676383	     12.07939936	     -4.64793035	     -3.70505543	      8.35509606	      0.14582394	      3.69681146	     -1.02180794	     -7.49999987	     12.29407147	     -0.45564728	     -3.91148843	     11.47914172	      0.20034882	      5.87228844	     -3.46359314	     -7.49999987	      3.64313278	     -1.17910847	     -0.65405036	     -5.61695480	    -11.44164374	     14.78002374	     26.24562959	     69.70600424	     -3.35767659	    -11.25994376	     18.16341984	     21.60441819	     76.46610044
      3.90000000	     -5.58688380	      1.22518139	     -0.44411859	     -0.26293421	      1.03827707	     -0.62638608	     10.75530030	     -4.69566547	     -3.87991622	      7.64258437	      0.13338826	      3.56398546	     -0.67442237	     -7.49999987	     10.92927089	     -0.33369262	     -3.80048645	     10.68080274	      0.18641517	      5.66950665	     -3.31077696	     -7.49999987	      2.85930213	     -1.23581071	     -0.61829851	     -4.90699098	    -11.18060229	     15.26918464	     24.74196629	     69.87515871	     -2.70459870	    -11.06608811	     18.85687569	     20.43915822	     77.02585468
      3.91000000	     -5.87538155	      1.19627530	     -0.44474026	     -0.26319578	      1.03778812	     -0.62590504	     11.12573502	     -4.68235382	     -3.87394076	      7.78405238	      0.13585734	      3.62250196	     -0.74197059	     -7.49999987	     11.28864400	     -0.36333490	     -3.79742317	     10.81187187	      0.18870276	      5.73249462	     -3.31247717	     -7.49999987	      3.13768260	     -1.17664197	     -0.62456980	     -5.02613926	    -11.24455493	     15.03343982	     25.36617780	     69.53638844	     -2.79739345	    -11.09933869	     18.58172578	     21.03176251	     76.50473109
      3.92000000	     -5.41653639	      1.23536852	     -0.48885299	     -0.26226430	      1.03900097	     -0.62606132	     10.23583629	     -4.70579300	     -3.90874548	      7.12941789	      0.12443182	      3.53351969	     -0.49152134	     -7.49999987	     10.30275179	     -0.25571667	     -3.62038323	      9.99658464	      0.17447332	      5.61608663	     -3.14512841	     -7.49999987	      2.87783603	     -1.23782259	     -0.53721121	     -4.86843810	    -11.03946962	     15.22290450	     24.62151818	     69.14056582	     -2.70863779	    -10.93236315	     18.92590796	     20.57260156	     76.09435616
      3.93000000	     -5.47745008	      1.24634719	     -0.50561947	     -0.26246178	      1.03908316	     -0.62660380	     10.17650562	     -4.72411111	     -3.92243958	      6.93443714	      0.12102876	      3.48232064	     -0.41885743	     -7.49999987	     10.18177774	     -0.21268698	     -3.55722673	      9.70760800	      0.16942972	      5.58960842	     -3.00982642	     -7.49999987	      3.09294026	     -1.24620427	     -0.49517924	     -4.78499790	    -11.08578745	     16.01149467	     24.34941147	     69.13652811	     -2.58193656	    -10.96933176	     19.91348248	     20.35757589	     76.52889797
      3.94000000	     -6.16991360	      1.23890791	     -0.53460321	     -0.26314705	      1.03740231	     -0.62667225	     11.06916235	     -4.71788012	     -3.69854311	      7.23751960	      0.12631855	      3.68705212	     -0.67176491	     -7.49999987	     11.04502575	     -0.22670869	     -3.45403428	      9.99831744	      0.17450356	      5.89750275	     -3.06376855	     -7.49999987	      3.81246857	     -1.20710722	     -0.50919238	     -5.54990807	    -11.30346499	     15.44986940	     26.13803896	     68.35049202	     -3.37188911	    -11.20051262	     19.26539439	     22.23099446	     75.22250734
      3.95000000	     -5.27453451	      1.28520623	     -0.55051556	     -0.26289449	      1.03816795	     -0.62630066	      9.75536365	     -4.76202690	     -3.86696042	      6.58740399	      0.11497189	      3.46095950	     -0.41958584	     -7.49999987	      9.65030113	     -0.11112784	     -3.38989492	      9.17928996	      0.16020883	      5.57199198	     -2.90058124	     -7.49999987	      2.92852046	     -1.29393001	     -0.46871892	     -4.80083622	    -10.94572972	     15.61079792	     24.43164746	     68.38570932	     -2.58487945	    -10.86405819	     19.51966682	     20.63497667	     75.40842784
      3.96000000	     -5.66685268	      1.28433795	     -0.54237848	     -0.26327771	      1.03737794	     -0.62593458	     10.33205765	     -4.77556777	     -3.85237473	      6.89398212	      0.12032269	      3.63746986	     -0.52623947	     -7.49999987	     10.15964378	     -0.09720433	     -3.19023813	      9.35539209	      0.16328239	      5.63745945	     -3.05364413	     -7.49999987	      3.24349743	     -1.29050096	     -0.50186600	     -5.19299379	    -11.04998963	     15.14900283	     25.69352322	     67.25502085	     -3.12573994	    -11.06871331	     19.14613679	     22.16703500	     73.49132842
      3.97000000	     -5.32375724	      1.28591511	     -0.58471012	     -0.26307123	      1.03832505	     -0.62573340	      9.67522288	     -4.75973465	     -3.97023849	      6.36298849	      0.11105510	      3.59121615	     -0.13368388	     -7.49999987	      9.48344659	     -0.08559974	     -3.32396161	      8.82513568	      0.15402767	      5.65355436	     -2.67021645	     -7.49999987	      3.13890025	     -1.32788391	     -0.38344831	     -4.66678982	    -10.94570814	     16.50043531	     24.02034031	     67.83928073	     -2.34148574	    -10.89667687	     20.86398584	     20.33186482	     74.51797793
      3.98000000	     -5.59460775	      1.28138419	     -0.62366919	     -0.26333354	      1.03806255	     -0.62590125	     10.13915859	     -4.76622153	     -3.91547392	      6.67639097	      0.11652500	      3.73263650	     -0.19470629	     -7.49999987	      9.86141066	     -0.11711812	     -3.39410009	      9.00621021	      0.15718802	      5.80704197	     -2.46970143	     -7.49999987	      3.27196158	     -1.31181155	     -0.45447056	     -5.04235352	    -11.02238243	     15.79735264	     25.24644122	     66.75426247	     -2.89821610	    -11.11254116	     20.30060349	     21.93817749	     72.61155853
      3.99000000	     -5.20401958	      1.27154141	     -0.57821270	     -0.26233474	      1.03858756	     -0.62618982	      9.40739022	     -4.75144370	     -4.09569701	      6.10471372	      0.10654735	      3.61354275	      0.03129959	     -7.49999987	      9.14007395	     -0.08558640	     -3.26576739	      8.43970036	      0.14730056	      5.58537434	     -2.39099375	     -7.49999987	      3.07072008	     -1.36229830	     -0.45643220	     -4.59469662	    -10.79244714	     16.30425848	     23.92288939	     67.04474936	     -2.25344068	    -10.88279583	     21.04328417	     20.29300724	     73.06756100
      4.00000000	     -5.57059007	      1.28897292	     -0.61583243	     -0.26239103	      1.03748319	     -0.62645613	     10.01577230	     -4.78717483	     -3.99673017	      6.47632325	      0.11303316	      3.75997916	     -0.08517777	     -7.49999987	      9.66535498	     -0.08015629	     -3.23309100	      8.68102870	      0.15151253	      5.73415953	     -2.38467892	     -7.49999987	      3.32672767	     -1.36494884	     -0.43772895	     -4.99074195	    -11.03983737	     16.29860582	     25.13468583	     66.39654521	     -2.80908101	    -11.21315801	     21.22423549	     21.98728702	     71.86905563
      4.01000000	     -4.92256268	      1.27397797	     -0.60944242	     -0.26211955	      1.03793911	     -0.62686801	      8.96633060	     -4.75549975	     -4.05751722	      5.78553460	      0.10097663	      3.51403872	     -0.01839759	     -7.49999987	      8.64839342	     -0.05040010	     -3.17136494	      8.07508710	      0.14093686	      5.58243553	     -2.28804508	     -7.49999987	      2.75155321	     -1.36393147	     -0.40161683	     -4.56815227	    -10.82768412	     16.39399521	     24.04193832	     66.59787708	     -2.26031976	    -10.90108547	     21.37550341	     20.61942144	     72.33569921
      4.02000000	     -4.87143270	      1.28631311	     -0.60684062	     -0.26230554	      1.03738323	     -0.62736273	      8.87020362	     -4.77010545	     -4.04353906	      5.68848314	      0.09928276	      3.56109357	      0.07401116	     -7.49999987	      8.51619026	     -0.02141704	     -3.12857303	      7.93486979	      0.13848960	      5.57402894	     -2.19151576	     -7.49999987	      2.70169731	     -1.40582197	     -0.37694824	     -4.58348434	    -10.83426816	     16.32426289	     24.02556648	     66.59466878	     -2.22860851	    -10.91057034	     21.35299696	     20.59994296	     72.41273713
      4.03000000	     -4.89453299	      1.28864022	     -0.60863697	     -0.26227947	      1.03674531	     -0.62771077	      8.87108828	     -4.78249129	     -4.09224965	      5.63203545	      0.09829756	      3.60804055	      0.16892697	     -7.49999987	      8.47892078	     -0.00114603	     -3.09169182	      7.83536506	      0.13675292	      5.63105232	     -2.07443442	     -7.49999987	      2.77867985	     -1.42093571	     -0.31320206	     -4.56245768	    -10.85833918	     16.54011769	     23.87976951	     66.88684125	     -2.13083608	    -10.91243617	     21.73203192	     20.42466863	     73.08670455
      4.04000000	     -5.02936113	      1.28967384	     -0.60901839	     -0.26219374	      1.03627343	     -0.62783606	      8.98857337	     -4.78658408	     -4.08274182	      5.57494036	      0.09730106	      3.55404845	      0.17012392	     -7.49999987	      8.56723299	      0.01387100	     -3.10402716	      7.74941730	      0.13525285	      5.62752860	     -2.01588225	     -7.49999987	      2.95926289	     -1.42684523	     -0.31644331	     -4.83211281	    -10.93158211	     16.49951314	     24.25562382	     66.83185085	     -2.33389879	    -11.00759211	     21.70495810	     20.93037619	     73.02110998
      4.05000000	     -4.71917727	      1.27610241	     -0.65094190	     -0.26280256	      1.03677312	     -0.62799883	      8.64800879	     -4.78023663	     -4.05972604	      5.51950242	      0.09633349	      3.62459298	      0.25904908	     -7.49999987	      8.19920243	      0.01978292	     -3.05166916	      7.67505227	      0.13395493	      5.67792549	     -1.97540109	     -7.49999987	      2.53681307	     -1.40591772	     -0.29233440	     -4.71025657	    -10.89654431	     16.31126144	     24.06460254	     66.72177623	     -2.13989828	    -10.94607710	     21.54572211	     20.76672362	     72.90970037
      4.06000000	     -5.35362103	      1.23055381	     -0.64458992	     -0.26382537	      1.03584329	     -0.62835691	      9.59679946	     -4.74833763	     -3.99076915	      5.99427693	      0.10461987	      3.72837585	      0.04200393	     -7.49999987	      9.15139750	     -0.04675669	     -3.02644354	      8.17791370	      0.14273152	      5.85344272	     -2.05925272	     -7.49999987	      3.10753980	     -1.34123635	     -0.33217209	     -5.42657726	    -11.12110615	     15.66685118	     25.64455482	     66.15457300	     -2.83021154	    -11.16004554	     20.75456800	     22.36961244	     71.90163236
      4.07000000	     -4.65563214	      1.25234726	     -0.68266967	     -0.26388237	      1.03668270	     -0.62883279	      8.60458210	     -4.76864078	     -4.06076615	      5.49867356	      0.09596996	      3.64088921	      0.27470045	     -7.49999987	      8.12256871	      0.01611340	     -3.00859250	      7.64502785	      0.13343091	      5.69508667	     -1.90812232	     -7.49999987	      2.47041657	     -1.37555236	     -0.30266835	     -4.87405396	    -10.95066020	     16.10524174	     24.20065302	     66.53801797	     -2.20453978	    -10.96353020	     21.35045027	     20.98351474	     72.62039695
      4.08000000	     -4.58989226	      1.23666260	     -0.69452318	     -0.26384604	      1.03649527	     -0.62945249	      8.57416240	     -4.76572243	     -4.09335307	      5.53225477	      0.09655606	      3.70853324	      0.31050723	     -7.49999987	      8.07885130	      0.00898376	     -3.01774521	      7.69537981	      0.13430971	      5.83051814	     -1.81100477	     -7.49999987	      2.35123904	     -1.36589933	     -0.28202180	     -4.82814737	    -10.99036496	     16.24423123	     24.01541816	     66.66609118	     -2.07714401	    -10.95665671	     21.58403679	     20.77035603	     72.91624620
      4.09000000	     -4.61370300	      1.23101537	     -0.72994517	     -0.26350681	      1.03641273	     -0.62984242	      8.64125894	     -4.77095769	     -4.11432431	      5.56895450	      0.09719659	      3.72693433	      0.34673028	     -7.49999987	      8.11283465	      0.01041102	     -3.02043795	      7.72710026	      0.13486334	      5.89200104	     -1.70734810	     -7.49999987	      2.38452390	     -1.36009112	     -0.22805247	     -4.88739881	    -11.05233092	     16.36225475	     24.05236505	     66.81575890	     -2.07412261	    -10.99621798	     21.77605927	     20.80437280	     73.28513267
      4.10000000	     -4.59588445	      1.22402366	     -0.75722740	     -0.26317278	      1.03650501	     -0.62979122	      8.65631296	     -4.77764292	     -4.10627508	      5.61977295	      0.09808354	      3.78744580	      0.40964910	     -7.49999987	      8.10855534	      0.01186633	     -3.05613996	      7.77655057	      0.13572641	      6.01297037	     -1.61894920	     -7.49999987	      2.38417603	     -1.34006890	     -0.19626766	     -4.96152346	    -11.11885818	     16.49067894	     23.90618235	     67.06592574	     -2.00785416	    -11.00924326	     21.97863718	     20.66611898	     73.89868413
      4.11000000	     -4.47728494	      1.21206259	     -0.79948115	     -0.26308756	      1.03668500	     -0.62944482	      8.55018140	     -4.76622935	     -4.02102925	      5.64018286	      0.09843976	      3.76265521	      0.36051277	     -7.49999987	      7.97860203	      0.01017951	     -3.00691220	      7.77886785	      0.13576686	      6.05071759	     -1.60883520	     -7.49999987	      2.19498147	     -1.31475172	     -0.18155408	     -5.07738550	    -11.16296944	     16.23605148	     24.08005139	     66.89546132	     -2.08275973	    -11.04602350	     21.68729567	     20.94167738	     73.65042779
      4.12000000	     -4.33598384	      1.19834876	     -0.84285941	     -0.26366659	      1.03664409	     -0.62977406	      8.43778960	     -4.75419058	     -3.91673806	      5.67433876	      0.09903589	      3.71953618	      0.22904841	     -7.49999987	      7.84139901	      0.00354693	     -2.98397110	      7.80533535	      0.13622880	      6.11489529	     -1.56578499	     -7.49999987	      1.96995052	     -1.29025029	     -0.18305803	     -5.13385162	    -11.18838663	     15.99653778	     24.21115155	     66.57269800	     -2.17126572	    -11.09748603	     21.47667938	     21.23453003	     73.06748678
      4.13000000	     -4.72894845	      1.19965662	     -0.87805073	     -0.26485131	      1.03576713	     -0.63098485	      8.95317608	     -4.76252546	     -3.81932967	      5.80311744	      0.10128351	      3.84788469	      0.17550520	     -7.49999987	      8.34029028	      0.00487106	     -2.92974551	      7.96383588	      0.13899516	      6.23619307	     -1.61510585	     -7.49999987	      2.41540774	     -1.26744533	     -0.21606222	     -5.59012645	    -11.32069371	     15.60838946	     24.96657433	     66.25554916	     -2.60617052	    -11.21875500	     20.99223724	     21.99381172	     72.48779968
      4.14000000	     -4.43619639	      1.18288356	     -0.90530902	     -0.26647388	      1.03659032	     -0.63178870	      8.73856612	     -4.77774534	     -3.93368781	      5.88331300	      0.10268318	      3.87372713	      0.36019468	     -7.49999987	      8.09703602	      0.00035656	     -2.95702692	      8.03215618	      0.14018757	      6.25220383	     -1.48196005	     -7.49999987	      2.01643727	     -1.24630484	     -0.17830782	     -5.17748812	    -11.31513093	     16.27085878	     24.05713468	     66.70786871	     -2.03787588	    -11.14027482	     21.86730204	     21.03698272	     73.26976598
      4.15000000	     -4.76189407	      1.19437678	     -0.94710208	     -0.26691568	      1.03757895	     -0.63130113	      9.22630956	     -4.79789539	     -3.84113084	      6.06779368	      0.10590298	      3.92739696	      0.24875295	     -7.49999987	      8.57294680	      0.00513524	     -2.94113169	      8.22389138	      0.14353398	      6.33978109	     -1.57640975	     -7.49999987	      2.30300013	     -1.22360668	     -0.19927111	     -5.56293212	    -11.47895400	     15.91794824	     24.78083388	     66.39994967	     -2.37301706	    -11.26704441	     21.42538813	     21.76294072	     72.71687742
      4.16000000	     -4.27684543	      1.21321711	     -1.03657123	     -0.26742493	      1.03953970	     -0.63087131	      8.80107286	     -4.83057095	     -3.76450744	      6.12314778	      0.10686909	      3.87659253	      0.27311474	     -7.49999987	      8.08384886	      0.03599951	     -2.91662156	      8.20183244	      0.14314898	      6.30128025	     -1.50469354	     -7.49999987	      1.55552237	     -1.24104754	     -0.13777721	     -5.40392145	    -11.43261759	     15.79022391	     24.56343279	     66.33048521	     -2.14606316	    -11.24294107	     21.35314739	     21.73198413	     72.64518570
      4.17000000	     -4.26091183	      1.21006760	     -1.07070931	     -0.26834692	      1.03948769	     -0.63212814	      8.92773014	     -4.86079813	     -3.75323593	      6.28403396	      0.10967708	      3.91643276	      0.32196244	     -7.49999987	      8.19665378	      0.03855391	     -2.95766906	      8.37799373	      0.14622358	      6.39195329	     -1.37758440	     -7.49999987	      1.43447535	     -1.21000263	     -0.12851967	     -5.42784359	    -11.50423764	     15.97468643	     24.50041904	     66.50728947	     -2.05130028	    -11.27400599	     21.68373144	     21.67752978	     73.02788868
      4.18000000	     -4.59747022	      1.21658340	     -1.09688922	     -0.26938874	      1.03768955	     -0.63416811	      9.47851855	     -4.90478769	     -3.66796384	      6.50871517	      0.11359851	      3.99876279	      0.20447462	     -7.49999987	      8.74144401	      0.04724823	     -2.96640647	      8.67429511	      0.15139501	      6.48553593	     -1.43957257	     -7.49999987	      1.71254834	     -1.15022577	     -0.18361525	     -5.80901172	    -11.66740017	     15.60215492	     25.25055692	     66.20052178	     -2.37591016	    -11.39776918	     21.21952778	     22.43353229	     72.47033886
      4.19000000	     -4.24859886	      1.19623780	     -1.11418919	     -0.27033492	      1.03653019	     -0.63556478	      9.26970180	     -4.93956409	     -3.66652562	      6.66567341	      0.11633795	      3.95883040	      0.15748155	     -7.49999987	      8.51120074	      0.05811990	     -2.92192183	      8.87146114	      0.15483621	      6.62711909	     -1.33471440	     -7.49999987	      1.10448400	     -1.08350246	     -0.21310276	     -5.74311252	    -11.68314589	     15.58021538	     25.16386937	     66.16021575	     -2.15301940	    -11.37295317	     21.27875864	     22.45594446	     72.41941958
      4.20000000	     -4.11963858	      1.20608478	     -1.16766713	     -0.27116549	      1.03545070	     -0.63600573	      9.37668583	     -5.00136869	     -3.62679211	      6.96103320	      0.12149295	      4.06965754	      0.08905102	     -7.49999987	      8.58137792	      0.08820851	     -2.97434953	      9.18431932	      0.16029661	      6.84660703	     -1.30368811	     -7.49999987	      0.78761869	     -1.05313728	     -0.21735043	     -5.76783793	    -11.78518153	     15.48301772	     25.34265421	     65.97074976	     -2.09549864	    -11.41920468	     21.31085758	     22.70683252	     72.08684161
      4.21000000	     -4.20211049	      1.20292029	     -1.18715767	     -0.27239290	      1.03460125	     -0.63629352	      9.74740672	     -5.04957186	     -3.62139861	      7.33784215	      0.12806951	      4.22042685	      0.09999329	     -7.49999987	      8.94535109	      0.09445936	     -3.03269680	      9.61512846	      0.16781565	      7.10877032	     -1.22353553	     -7.49999987	      0.76215812	     -1.00888993	     -0.15822345	     -5.84644576	    -11.96015863	     15.94384707	     25.42937880	     66.39878115	     -1.87981793	    -11.55239012	     22.19240865	     22.69391460	     73.02414822
      4.22000000	     -4.20366907	      1.18675909	     -1.20196232	     -0.27404700	      1.03398037	     -0.63657697	     10.04929949	     -5.08888786	     -3.58146928	      7.74299466	      0.13514075	      4.38239525	      0.02918167	     -7.49999987	      9.24154041	      0.08172354	     -3.14347036	     10.07427699	      0.17582930	      7.41470527	     -1.05844668	     -7.49999987	      0.58270683	     -0.94498921	     -0.15577977	     -5.93852485	    -12.03885748	     15.72361823	     25.62911372	     66.13511492	     -1.80440129	    -11.56149439	     22.12633252	     22.96916124	     72.38549000
      4.23000000	     -4.65298840	      1.14977646	     -1.23196859	     -0.27617120	      1.03236410	     -0.63655483	     11.09202891	     -5.10483150	     -3.50294188	      8.57620754	      0.14968306	      4.56183134	     -0.16242921	     -7.49999987	     10.24895291	      0.02453682	     -3.14159907	     10.92695808	      0.19071140	      7.56655389	     -1.23102503	     -7.49999987	      0.72672136	     -0.83396051	     -0.23663831	     -6.32979589	    -12.29498668	     15.31036413	     26.97507741	     65.74328252	     -2.10206930	    -11.79333607	     21.59866544	     24.38953623	     71.65533143
      4.24000000	     -4.68127189	      1.15792601	     -1.22481331	     -0.27705336	      1.03134215	     -0.63671337	     11.26841115	     -5.15551384	     -3.45663212	      8.70448580	      0.15192194	      4.61772816	     -0.23595522	     -7.49999987	     10.44256448	      0.05936768	     -3.12626996	     11.15479946	      0.19468798	      7.77392898	     -1.32513544	     -7.49999987	      0.73484153	     -0.81959908	     -0.28525092	     -6.56871252	    -12.42899857	     15.16921181	     27.25892451	     65.61690152	     -2.28324709	    -11.86635076	     21.43658351	     24.70854921	     71.42932038
      4.25000000	     -4.09310323	      1.08945158	     -1.20084427	     -0.27895550	      1.03038924	     -0.63766545	     11.00836337	     -5.16565201	     -3.49063975	      9.19312786	      0.16045035	      4.81401389	     -0.29938669	     -7.49999987	     10.23310037	     -0.00563142	     -3.21907974	     11.82761732	      0.20643086	      8.35768246	     -1.03057923	     -7.49999987	     -0.30790374	     -0.71115780	     -0.31579071	     -6.16928350	    -12.45435194	     15.32313715	     27.01690257	     65.71689594	     -1.80260214	    -11.88005780	     21.73399228	     24.61230749	     71.68344966
      4.26000000	     -3.99318514	      1.06518495	     -1.25239403	     -0.28062388	      1.02770929	     -0.63881337	     11.37973622	     -5.19538211	     -3.28372102	      9.85457558	      0.17199479	      4.97187257	     -0.63292329	     -7.49999987	     10.59582519	     -0.04246187	     -3.35811900	     12.60905643	      0.22006955	      8.82446960	     -0.91152577	     -7.49999987	     -0.75534679	     -0.62141294	     -0.34277094	     -6.18387952	    -12.51488428	     14.68229130	     27.52295813	     65.64646895	     -1.86953698	    -11.91494635	     20.98141155	     25.34326084	     71.51638893
      4.27000000	     -4.13967379	      1.02257976	     -1.23772824	     -0.28261347	      1.02430145	     -0.63950621	     12.06562062	     -5.24383653	     -3.32910515	     10.62804557	      0.18549439	      5.31309767	     -0.67499626	     -7.49999987	     11.31810513	     -0.10496738	     -3.51101720	     13.53428676	      0.23621787	      9.40381722	     -0.71723572	     -7.49999987	     -0.84078638	     -0.52804343	     -0.28808415	     -6.18448846	    -12.87207341	     15.46625113	     27.97076695	     66.11197240	     -1.61867147	    -12.16360200	     21.89988189	     25.67124904	     72.36942772
      4.28000000	     -4.14004902	      0.98350751	     -1.24626766	     -0.28578746	      1.02231191	     -0.63947005	     12.62040659	     -5.28378806	     -3.30277478	     11.40180371	      0.19899902	      5.60738342	     -0.82647193	     -7.49999987	     11.92255527	     -0.16687761	     -3.60882513	     14.48638413	      0.25283510	      9.91956451	     -0.66566259	     -7.49999987	     -1.23895792	     -0.42831631	     -0.31860535	     -6.21274805	    -13.02374744	     15.13596543	     28.67905447	     65.76312533	     -1.59456633	    -12.30605204	     21.51533497	     26.50748224	     71.79097865
      4.29000000	     -4.24679373	      0.96138644	     -1.30938287	     -0.29050786	      1.02175400	     -0.63918309	     13.37668204	     -5.32711256	     -3.22138898	     12.24182485	      0.21366015	      5.89619933	     -0.96412203	     -7.49999987	     12.71739045	     -0.24228016	     -3.76709367	     15.52608884	      0.27098137	     10.44403245	     -0.56159577	     -7.49999987	     -1.55461148	     -0.35285989	     -0.28696961	     -6.14330630	    -13.20354257	     15.06900943	     29.27063258	     65.62223696	     -1.48613230	    -12.50020203	     21.40793389	     27.22358787	     71.52450009
      4.30000000	     -4.53133321	      0.93353574	     -1.36494261	     -0.29628791	      1.02109515	     -0.63884240	     14.42538543	     -5.36609055	     -3.15892045	     13.16183568	      0.22971737	      6.16079044	     -1.16667866	     -7.49999987	     13.79270667	     -0.31979232	     -3.78640439	     16.64505034	      0.29051093	     10.89471121	     -0.78030938	     -7.49999987	     -1.78579153	     -0.32814567	     -0.32326567	     -6.14917599	    -13.43824519	     14.81931052	     30.28946718	     65.38986986	     -1.41032549	    -12.71557759	     21.06911490	     28.32374956	     71.06779425
      4.31000000	     -4.76921960	      0.87018694	     -1.38036879	     -0.30196778	      1.01940588	     -0.63827624	     15.49433253	     -5.37487580	     -3.08701079	     14.15644902	      0.24707665	      6.40691848	     -1.34516527	     -7.49999987	     14.94799978	     -0.49890260	     -4.11553880	     17.98413344	      0.31388234	     11.70649305	     -0.27536544	     -7.49999987	     -2.11394717	     -0.17278962	     -0.27960052	     -5.84341503	    -13.59610101	     14.86757655	     30.63919264	     65.40242189	     -1.08838433	    -12.90911633	     21.00542795	     28.83523020	     70.97098584
      4.32000000	     -5.05449221	      0.84113432	     -1.43205546	     -0.30650258	      1.01660969	     -0.63791892	     16.71156930	     -5.41030583	     -2.95001092	     15.28206881	      0.26672242	      6.74323632	     -1.58981014	     -7.49999987	     16.19677963	     -0.63066912	     -4.33758812	     19.38688646	      0.33836500	     12.40462629	     -0.19742206	     -7.49999987	     -2.47323520	     -0.08813575	     -0.24766992	     -5.65027502	    -13.84017577	     14.83874202	     31.41166625	     65.33601496	     -0.87560835	    -13.17870475	     20.82054491	     29.74391260	     70.68537828
      4.33000000	     -5.41220416	      0.78895967	     -1.50285441	     -0.30978459	      1.01333917	     -0.63821572	     18.06225885	     -5.40989294	     -2.77869410	     16.49965646	      0.28797333	      7.15354323	     -1.76876990	     -7.49999987	     17.56924586	     -0.81514687	     -4.56649504	     20.88315220	      0.36447976	     13.15590728	      0.08169628	     -7.49999987	     -2.75402511	      0.00389650	     -0.15712915	     -5.45576714	    -14.08592237	     14.84077123	     32.24578036	     65.36378504	     -0.70430645	    -13.43764393	     20.61445923	     30.72093446	     70.52197390
      4.34000000	     -5.69075840	      0.73092619	     -1.57086564	     -0.31257347	      1.00991814	     -0.63852156	     19.38267339	     -5.41128570	     -2.60924169	     17.83042715	      0.31119966	      7.61393115	     -2.01993636	     -7.49999987	     18.90906888	     -1.00168899	     -4.76790054	     22.48090183	      0.39236576	     13.90306372	      0.20089154	     -7.49999987	     -3.20167137	      0.11981410	     -0.07162559	     -5.23470142	    -14.33338750	     14.75468372	     33.09844669	     65.37398567	     -0.52619953	    -13.67700743	     20.28396264	     31.72323237	     70.31497291
      4.35000000	     -6.00598454	      0.67646980	     -1.64914490	     -0.31535454	      1.00601639	     -0.63784281	     20.81228650	     -5.40133315	     -2.40569946	     19.30267818	      0.33689529	      8.13738475	     -2.27338848	     -7.49999987	     20.34024359	     -1.21122024	     -4.96930564	     24.17851498	      0.42199469	     14.70555103	      0.34449462	     -7.49999987	     -3.61831726	      0.20673549	      0.03546177	     -5.05555688	    -14.59702391	     14.64669492	     34.03338223	     65.37127343	     -0.38932565	    -13.96271174	     19.87913463	     32.81517822	     70.05668399
      4.36000000	     -6.49487556	      0.60270182	     -1.70706932	     -0.31782923	      1.00189593	     -0.63681094	     22.46870426	     -5.36750403	     -2.21626151	     20.89719390	      0.36472484	      8.66677874	     -2.63900005	     -7.49999987	     22.00736218	     -1.47294257	     -5.16719256	     25.96550814	      0.45318361	     15.50105621	      0.54299836	     -7.49999987	     -3.77663422	      0.30967436	      0.15855076	     -4.86230411	    -14.87773788	     14.79357519	     34.73294658	     65.87096826	     -0.29256937	    -14.21380433	     19.47086119	     33.68616519	     70.44737478
      4.37000000	     -6.74716139	      0.56149896	     -1.69370189	     -0.32032853	      0.99887750	     -0.63630830	     23.81753453	     -5.39664821	     -2.09242554	     22.43479696	      0.39156107	      9.14798807	     -2.93691028	     -7.49999987	     23.37764402	     -1.60700473	     -5.05875333	     27.62936811	      0.48222344	     16.06717686	      0.19027772	     -7.49999987	     -4.34937221	      0.34554010	      0.19223767	     -4.84831909	    -15.15668486	     14.49028870	     36.07805855	     65.60719153	     -0.27786281	    -14.49298433	     18.99031818	     35.12120461	     69.92649106
      4.38000000	     -7.09323826	      0.51917422	     -1.74230630	     -0.32361951	      0.99642537	     -0.63553281	     25.31112407	     -5.36688171	     -1.84377764	     24.06068499	      0.41993817	      9.63809739	     -3.29111881	     -7.49999987	     24.85502270	     -1.87945173	     -5.31804871	     29.36007591	      0.51242999	     16.87997386	      0.65979382	     -7.49999987	     -4.71295358	      0.38854798	     -0.02488559	     -4.19699867	    -15.24452980	     14.29449966	     36.15351071	     70.48824167	     -0.57324749	    -14.38719529	     16.06145628	     36.03834789	     76.00786699
      4.39000000	     -7.25825501	      0.48564919	     -1.69758883	     -0.32798769	      0.99394417	     -0.63456198	     26.59577741	     -5.40750535	     -1.74072151	     25.68625535	      0.44830973	     10.07464589	     -3.59945471	     -7.49999987	     26.14811345	     -2.00348256	     -5.19266830	     31.03721827	      0.54170165	     17.35573946	      0.24949937	     -7.49999987	     -5.43660375	      0.42423509	      0.03738008	     -4.10892630	    -15.52364557	     13.99966876	     37.39804581	     69.89752072	     -0.45424105	    -14.70180945	     15.68529252	     37.31974186	     75.13787750
      4.40000000	     -7.58061118	      0.43598593	     -1.75099205	     -0.33237771	      0.98954288	     -0.63326547	     28.16508663	     -5.34416076	     -1.45404956	     27.51989653	      0.48031280	     10.74756428	     -3.90450071	     -7.49999987	     27.64430521	     -2.27630604	     -5.32453117	     32.82445279	      0.57289478	     18.19095325	      0.54126255	     -7.49999987	     -5.97436798	      0.38450352	      0.26252652	     -4.01430503	    -15.75434532	     13.88999870	     38.39177256	     69.43412770	     -0.30484590	    -14.92697825	     15.30716386	     38.36507870	     74.33899088
      4.41000000	     -7.96164414	      0.42714249	     -1.78013157	     -0.33597638	      0.98299760	     -0.63295868	     29.86038401	     -5.33590399	     -1.17751384	     29.46501790	      0.51426158	     11.40458141	     -4.26446888	     -7.49999987	     29.25663586	     -2.48580374	     -5.39602891	     34.69092276	      0.60547082	     19.03711035	      0.63612522	     -7.49999987	     -6.33109304	      0.36544643	      0.33510443	     -3.58300329	    -16.03784884	     14.40114639	     38.69977067	     71.30042168	     -0.05615568	    -15.07747256	     14.71504562	     38.84008570	     76.27313946
      4.42000000	     -8.14504914	      0.37928152	     -1.78207675	     -0.33879933	      0.97623337	     -0.63365455	     31.37670180	     -5.29680994	     -0.92348958	     31.49009629	      0.54960586	     12.16186594	     -4.66375979	     -7.49999987	     30.66920273	     -2.70026933	     -5.37800114	     36.56585798	      0.63819462	     19.80419357	      0.64206305	     -7.49999987	     -7.08698473	      0.36456701	      0.48269517	     -3.49919443	    -16.14477449	     13.61307756	     39.68525382	     71.15995292	      0.02274237	    -15.13152268	     13.52012852	     39.94616660	     75.88503922
      4.43000000	     -8.26068855	      0.34204614	     -1.69752539	     -0.34141262	      0.97078953	     -0.63488512	     32.79694645	     -5.32539590	     -0.72047968	     33.50851907	      0.58483399	     12.89455391	     -5.12024773	     -7.49999987	     32.00694081	     -2.74702200	     -5.03733419	     38.39940424	      0.67019603	     20.42349708	      0.09706970	     -7.49999987	     -7.96332900	      0.41186973	      0.50866529	     -3.54117410	    -16.45769050	     13.32564423	     41.14594008	     70.42120668	     -0.02689638	    -15.35611695	     13.16336770	     41.44169461	     74.83724809
      4.44000000	     -8.70810457	      0.37533806	     -1.77492189	     -0.34460194	      0.96532614	     -0.63500401	     34.70751747	     -5.30309668	     -0.37579536	     35.72434889	      0.62350751	     13.67954170	     -5.45996799	     -7.49999987	     33.71035194	     -2.95527900	     -5.17516592	     40.34122056	      0.70408712	     21.40265125	      0.47742924	     -7.49999987	     -8.29198245	      0.32442834	      0.77670908	     -3.21741281	    -16.67285698	     13.66937353	     41.33651782	     71.03408131	      0.39148394	    -15.40507618	     12.90006223	     41.68508850	     75.30979895
      4.45000000	     -8.88584471	      0.37691317	     -1.72870531	     -0.34812801	      0.95941775	     -0.63475289	     36.27177598	     -5.32424927	     -0.12720447	     37.88414771	      0.66120311	     14.41253108	     -5.87758563	     -7.49999987	     35.14512394	     -3.00694060	     -4.94125063	     42.29216064	      0.73813745	     22.12200903	      0.10577426	     -7.49999987	     -9.09880132	      0.29909703	      0.61611795	     -3.01020552	    -16.78257714	     12.68018310	     42.13959863	     76.63835399	      0.05009252	    -15.31041727	     10.55053075	     42.93701779	     81.61069920
      4.46000000	     -9.04646357	      0.40031211	     -1.71900372	     -0.35141149	      0.95318193	     -0.63406329	     37.83627435	     -5.31854344	      0.19402164	     40.08126882	      0.69955011	     15.18934200	     -6.22950570	     -7.49999987	     36.55139018	     -3.06857266	     -4.78024618	     44.23576455	      0.77205974	     22.96576186	     -0.05141119	     -7.49999987	     -9.86095050	      0.22544312	      0.79771302	     -2.96437576	    -16.98412846	     12.42181445	     42.96326240	     76.06384919	      0.17680623	    -15.40886123	     10.20847067	     43.75767156	     80.67407725
      4.47000000	     -8.95694442	      0.35167457	     -1.59971137	     -0.35497760	      0.94784827	     -0.63318825	     39.08001666	     -5.30498377	      0.40053706	     42.21311531	      0.73675785	     15.85931241	     -6.70848415	     -7.49999987	     37.73877276	     -3.06313343	     -4.36404652	     46.14603898	      0.80540032	     23.54353032	     -0.70176815	     -7.49999987	    -11.03385185	      0.24859123	      0.80405450	     -2.87699204	    -17.26658409	     12.20005749	     44.18170118	     75.09582217	      0.24491640	    -15.60695914	      9.98112976	     44.93959606	     79.46671645
      4.48000000	     -9.37062495	      0.45810220	     -1.57006883	     -0.35905554	      0.94151295	     -0.63139511	     40.96324329	     -5.34775590	      0.70769033	     44.48704579	      0.77644542	     16.67952047	     -6.97137343	     -7.49999987	     39.49699930	     -3.09274761	     -4.27146840	     48.13640917	      0.84013883	     24.31653895	     -0.74112675	     -7.49999987	    -11.42527729	      0.04774793	      0.93072444	     -2.87015100	    -17.36180588	     11.56719204	     44.90266843	     79.52674890	      0.33280023	    -15.62198922	      8.94740344	     45.49137344	     84.08674875
      4.49000000	     -9.21496635	      0.39993466	     -1.44558435	     -0.36344890	      0.93524791	     -0.62989905	     42.12437273	     -5.28994068	      0.89047389	     46.58981737	      0.81314571	     17.33672858	     -7.44503002	     -7.49999987	     40.64221689	     -3.11803359	     -3.87491864	     50.03951103	      0.87335422	     24.84508270	     -1.37570632	     -7.49999987	    -12.66928808	      0.06329998	      0.93191575	     -2.72280238	    -17.59202996	     11.33178882	     45.96614543	     78.38954778	      0.46465614	    -15.80535941	      8.70684929	     46.52455296	     82.75071055
      4.50000000	     -9.62132414	      0.50562963	     -1.39002345	     -0.36693341	      0.92752577	     -0.62898739	     43.98300961	     -5.31127290	      1.20994101	     48.85348764	      0.85265421	     18.25003141	     -7.56951467	     -7.49999987	     42.34849494	     -3.11731542	     -3.74666407	     51.93447754	      0.90642763	     25.56061204	     -1.46771102	     -7.49999987	    -13.03299440	     -0.14620659	      1.09436259	     -2.70242092	    -17.68069498	     10.77139516	     46.50059021	     81.24837290	      0.62405315	    -15.78698887	      7.95626973	     46.92007449	     85.58367653
      4.51000000	     -9.39468609	      0.47658877	     -1.29263487	     -0.37057222	      0.92141184	     -0.62872113	     45.02627928	     -5.24675151	      1.43098786	     50.87529454	      0.88794140	     18.82680286	     -7.98325909	     -7.49999987	     43.32638150	     -3.10154590	     -3.38329149	     53.68480050	      0.93697653	     26.09911164	     -2.10115879	     -7.49999987	    -14.29683001	     -0.17716637	      1.09952345	     -2.50760068	    -17.86800084	     10.54263513	     47.35461927	     80.24856688	      0.75558247	    -15.98407627	      7.73374234	     47.73419192	     84.44310256
      4.52000000	     -9.71523107	      0.54124454	     -1.30067870	     -0.37438641	      0.91454869	     -0.62793948	     46.71865608	     -5.16644608	      1.76208311	     52.97028620	      0.92450590	     19.71854235	     -7.92985917	     -7.49999987	     44.89698880	     -3.16361989	     -3.26596009	     55.47966845	      0.96830288	     26.81837914	     -2.14491496	     -7.49999987	    -14.75625148	     -0.35047173	      1.29024363	     -2.45734250	    -18.03999842	     10.50396491	     48.02779014	     80.02511231	      0.84223853	    -16.14955976	      7.57037566	     48.32199981	     84.15462739
      4.53000000	     -9.82492727	      0.56744881	     -1.23775460	     -0.37816792	      0.90746772	     -0.62709538	     48.13258390	     -5.10722558	      2.00169997	     54.96188678	      0.95926589	     20.34596642	     -8.15838374	     -7.49999987	     46.24713784	     -3.13596260	     -2.98648830	     57.21654779	      0.99861715	     27.34364991	     -2.57635909	     -7.49999987	    -15.51170152	     -0.44892499	      1.43328480	     -2.46506175	    -18.02917432	      9.32528980	     48.78585923	     84.25008864	      0.99872670	    -16.14559080	      6.66327871	     48.88036124	     88.27596248
      4.54000000	     -9.88462638	      0.62190561	     -1.22437576	     -0.38202551	      0.89963102	     -0.62637408	     49.52750292	     -5.03145538	      2.28048138	     56.95992431	      0.99413822	     21.07339832	     -8.23671309	     -7.49999987	     47.55245498	     -3.14340890	     -2.80431188	     58.95692207	      1.02899241	     27.98617508	     -2.77287178	     -7.49999987	    -16.33002929	     -0.59407542	      1.49462359	     -2.28867596	    -18.17700477	      9.14909236	     49.59420423	     82.68243840	      1.10367054	    -16.32007602	      6.50461559	     49.59472774	     86.38994283
      4.55000000	    -10.01254894	      0.65431010	     -1.16936922	     -0.38628530	      0.89179637	     -0.62624183	     50.99981924	     -4.96840576	      2.51938396	     58.92407369	      1.02841909	     21.60966946	     -8.40787729	     -7.49999987	     48.95260031	     -3.10569665	     -2.54829869	     60.66679996	      1.05883541	     28.40179101	     -3.25493507	     -7.49999987	    -17.05795962	     -0.68645808	      1.70164997	     -2.19588878	    -18.29586077	      8.41735785	     50.28175878	     85.69122886	      1.50805220	    -16.44635612	      6.35116139	     49.91000532	     89.48197668
      4.56000000	     -9.78105758	      0.64059941	     -1.08915281	     -0.39025376	      0.88550005	     -0.62645786	     52.00163693	     -4.89554288	      2.70845893	     60.73569054	      1.06003777	     22.03656328	     -8.76259280	     -7.49999987	     49.90890503	     -3.06877937	     -2.27076361	     62.26705142	      1.08676506	     28.81162715	     -3.65234961	     -7.49999987	    -18.29616229	     -0.70547965	      1.69524364	     -1.84121329	    -18.51193665	      8.15437802	     51.01132425	     84.68387262	      1.73771177	    -16.57322029	      6.13693894	     50.62186834	     88.44885108
      4.57000000	    -10.18215698	      0.80499581	     -1.13087435	     -0.39305826	      0.87838835	     -0.62631021	     53.72674969	     -4.86041434	      3.07735738	     62.61227766	      1.09279040	     22.70891785	     -8.65790310	     -7.49999987	     51.45978494	     -3.01847287	     -2.24089010	     63.82065989	      1.11388065	     29.30184028	     -3.79341058	     -7.49999987	    -18.52937830	     -0.96275290	      1.84945816	     -1.71374517	    -18.75460172	      8.21598464	     51.50175735	     83.92541212	      1.94348244	    -16.70326334	      6.22098929	     50.90001297	     87.60422814
      4.58000000	    -10.19317670	      0.83404814	     -1.13907177	     -0.39596124	      0.87129948	     -0.62580481	     54.93016833	     -4.74266236	      3.32546187	     64.35474549	      1.12320220	     23.21048695	     -8.79911672	     -7.49999987	     52.59916331	     -3.03105518	     -2.09435062	     65.34826542	      1.14054239	     29.73994278	     -4.01590103	     -7.49999987	    -19.21466564	     -1.04708477	      1.94401854	     -1.40274615	    -18.97788725	      8.16807121	     51.84279804	     83.63230499	      2.34258230	    -16.81236404	      6.43109240	     50.92521153	     87.13945080
      4.59000000	    -10.14239986	      0.85889041	     -1.12798801	     -0.39938830	      0.86317758	     -0.62486691	     56.09545356	     -4.63599173	      3.53860024	     66.10144298	      1.15368782	     23.54163261	     -9.04368362	     -7.49999987	     53.74386557	     -3.02807260	     -1.90889844	     66.90943135	      1.16778988	     30.06054700	     -4.43982673	     -7.49999987	    -20.02016389	     -1.12824149	      2.44744418	     -1.63767715	    -19.07853779	      6.74350874	     52.71200411	     87.90169779	      3.11076213	    -16.91941528	      6.80501602	     50.94833854	     91.44087767
      4.60000000	    -10.37771879	      0.91084545	     -1.11416656	     -0.40261481	      0.85415226	     -0.62367277	     57.62156964	     -4.48939854	      3.82038981	     67.90617470	      1.18518633	     23.98914407	     -9.21573142	     -7.49999987	     55.25294662	     -3.03921493	     -1.74439945	     68.53522568	      1.19616534	     30.41893522	     -4.68717058	     -7.49999987	    -20.40083950	     -1.26194092	      2.41872136	     -1.32243780	    -19.34012082	      6.85379225	     53.13054579	     87.01938228	      3.41429007	    -17.07669181	      6.88201677	     51.16497586	     90.24880793
      4.61000000	    -10.38746675	      0.96308963	     -1.13865636	     -0.40552186	      0.84617191	     -0.62270695	     58.84879611	     -4.32781520	      4.08781867	     69.62298493	      1.21515032	     24.42487026	     -9.40157801	     -7.49999987	     56.42884637	     -3.10831885	     -1.67286013	     70.07098673	      1.22296943	     30.73832215	     -4.92515990	     -7.49999987	    -21.07279798	     -1.35049801	      2.58870034	     -1.20558331	    -19.62056036	      6.34520095	     53.83172376	     88.22151542	      3.78623055	    -17.29670185	      7.20962780	     51.44160785	     91.26685797
      4.62000000	    -10.52352262	      1.02820406	     -1.10305954	     -0.40899006	      0.83914383	     -0.62205299	     60.15820544	     -4.18958268	      4.34380701	     71.25663675	      1.24366293	     24.84710673	     -9.53168800	     -7.49999987	     57.65428073	     -3.10323791	     -1.55167907	     71.49054180	      1.24774534	     31.14631088	     -5.08716995	     -7.49999987	    -21.63582899	     -1.50588987	      2.58254440	     -1.03895027	    -19.71039348	      6.14325353	     54.46811458	     87.78253094	      4.06503428	    -17.45612472	      6.99848984	     51.92148729	     90.78921427
      4.63000000	    -10.58873282	      1.05349998	     -1.06808634	     -0.41293701	      0.83306964	     -0.62174236	     61.30913510	     -4.04299153	      4.55166935	     72.74790271	      1.26969043	     25.17164068	     -9.68731440	     -7.49999987	     58.75369375	     -3.09584476	     -1.39735203	     72.84639792	      1.27140949	     31.41610182	     -5.33687532	     -7.49999987	    -22.18749977	     -1.59014436	      2.58564040	     -0.76209896	    -19.91432392	      5.97047835	     54.86323624	     87.86903322	      4.42296168	    -17.60177182	      7.02785811	     52.12133920	     90.84223372
      4.64000000	    -10.38528656	      1.02553631	     -1.03162605	     -0.41599539	      0.82728941	     -0.62141937	     62.07641979	     -3.85471932	      4.72124613	     74.10765021	      1.29342250	     25.42682021	     -9.96708328	     -7.49999987	     59.51465365	     -3.10486436	     -1.21392931	     74.12915602	      1.29379784	     31.62705714	     -5.68600993	     -7.49999987	    -23.03452818	     -1.60140288	      2.58206287	     -0.28981367	    -20.11846214	      5.86287255	     54.93611681	     87.71664805	      4.90278549	    -17.69543121	      7.02570310	     52.14470638	     90.62439788
      4.65000000	    -10.65551522	      1.09789347	     -1.01744271	     -0.41741734	      0.81945181	     -0.62041613	     63.37765973	     -3.68787778	      4.97586925	     75.53303755	      1.31830020	     25.68710941	    -10.15780824	     -7.49999987	     60.76773419	     -3.10915123	     -1.13546974	     75.44323648	      1.31673287	     31.95773443	     -5.80711748	     -7.49999987	    -23.22331688	     -1.75135180	      2.94641827	     -0.51519362	    -20.39978036	      5.40525927	     55.57340841	     89.34474419	      5.55408428	    -17.98699713	      7.95888711	     52.00666478	     92.08966326
      4.66000000	    -10.64412075	      1.08446468	     -0.98593840	     -0.41905664	      0.81143260	     -0.61865180	     64.31835901	     -3.48894258	      5.14096982	     76.90726398	      1.34228498	     26.04481204	    -10.33068615	     -7.49999987	     61.71896160	     -3.16257597	     -0.99383143	     76.74731411	      1.33949332	     32.31539451	     -5.90993724	     -7.49999987	    -23.78867192	     -1.80319272	      3.09807819	     -0.51387395	    -20.57832043	      4.89272566	     56.20926233	     90.23529800	      5.92476346	    -18.15015953	      8.03076121	     52.22374640	     92.62163871
      4.67000000	    -10.63633211	      1.05273598	     -0.95555085	     -0.42189964	      0.80356622	     -0.61711675	     65.26804826	     -3.29354984	      5.27906410	     78.27138763	      1.36609342	     26.49547888	    -10.37182333	     -7.49999987	     62.70375186	     -3.25886148	     -0.86162121	     78.05464109	      1.36231048	     32.71801749	     -5.88188572	     -7.49999987	    -24.35622115	     -1.84112107	      3.02212763	     -0.32295397	    -20.65083309	      4.57933443	     56.76895815	     89.59619572	      6.03017303	    -18.26939090	      7.56339507	     52.74301338	     91.80431076
      4.68000000	    -10.71591877	      0.97380404	     -0.93931808	     -0.42515615	      0.79599551	     -0.61713039	     66.31039069	     -3.08013724	      5.36920895	     79.59412148	      1.38917949	     26.83983933	    -10.49182812	     -7.49999987	     63.82023654	     -3.38891248	     -0.69407308	     79.37764332	      1.38540123	     32.97741578	     -5.98376176	     -7.49999987	    -24.75858667	     -1.82116619	      3.02385972	     -0.12019183	    -20.92077872	      4.62370523	     57.22993620	     89.28137572	      6.24275247	    -18.48207114	      7.60447623	     53.08676045	     91.33393340
      4.69000000	    -10.72489696	      1.02170158	     -0.94362396	     -0.42856037	      0.78877290	     -0.61799506	     67.32840910	     -2.92749289	      5.58241365	     80.91040428	      1.41215295	     27.00747493	    -10.74231376	     -7.49999987	     64.82700269	     -3.41620400	     -0.62359745	     80.61786801	      1.40704723	     33.03452603	     -6.30546539	     -7.49999987	    -25.25773518	     -1.95374990	      3.47834160	     -0.39002610	    -21.08269369	      3.48027395	     57.92507373	     92.94282193	      7.06748411	    -18.68448583	      8.23896032	     53.00489445	     94.54530778
      4.70000000	    -10.77790379	      1.05698340	     -0.94470755	     -0.43261979	      0.78136488	     -0.61803495	     68.42104069	     -2.77698183	      5.76216334	     82.20550247	      1.43475668	     27.22116294	    -10.93307029	     -7.49999987	     65.90346332	     -3.47345646	     -0.55129174	     81.87116431	      1.42892138	     33.22341272	     -6.44051446	     -7.49999987	    -25.68047960	     -2.04594856	      3.40528309	     -0.14614666	    -21.34888803	      3.52745880	     58.44034526	     92.43120323	      7.31310606	    -18.93031406	      8.25811428	     53.44099692	     93.94060830
      4.71000000	    -10.83975112	      1.08784320	     -0.94323813	     -0.43715874	      0.77391455	     -0.61702122	     69.55565116	     -2.62382433	      5.93022654	     83.47771051	      1.45696090	     27.39362721	    -11.12119437	     -7.49999987	     67.00570733	     -3.53397523	     -0.47169307	     83.09431936	      1.45026946	     33.33747528	     -6.57395134	     -7.49999987	    -26.09854505	     -2.12922333	      3.36066581	      0.07303112	    -21.63466351	      3.59591655	     59.02218769	     91.81278327	      7.58667732	    -19.18113960	      8.36117460	     53.93920531	     93.22242348
      4.72000000	    -10.90705877	      1.01836020	     -0.90869786	     -0.44129298	      0.76606541	     -0.61628768	     70.69110281	     -2.46982972	      5.99046814	     84.71681357	      1.47858733	     27.61546830	    -11.21224390	     -7.49999987	     68.18924402	     -3.60288720	     -0.28779185	     84.38088319	      1.47272424	     33.41602705	     -6.65495564	     -7.49999987	    -26.45205501	     -2.07123284	      3.26116574	      0.25357809	    -21.96732976	      3.60350455	     59.71050039	     91.11838110	      7.74221132	    -19.39479035	      8.26153828	     54.58055197	     92.37117714
      4.73000000	    -10.80649939	      1.14102418	     -0.93749618	     -0.44472791	      0.75830237	     -0.61626942	     71.69443742	     -2.35303268	      6.25622692	     85.95312106	      1.50016496	     27.61030267	    -11.41972304	     -7.49999987	     69.11873895	     -3.59871377	     -0.31083294	     85.56607975	      1.49340982	     33.34784161	     -7.02776911	     -7.49999987	    -26.89865415	     -2.28337393	      3.55628048	      0.12763833	    -22.23350690	      2.97882155	     60.40791634	     93.45498256	      8.51571721	    -19.69405865	      9.03886984	     54.76297322	     94.30457417
      4.74000000	    -10.49932183	      1.12713220	     -0.93092479	     -0.44751545	      0.75177898	     -0.61670197	     72.35290574	     -2.22230901	      6.37784006	     87.05203092	      1.51934456	     27.67557307	    -11.62416952	     -7.49999987	     69.76773108	     -3.59501415	     -0.18876843	     86.65182766	      1.51235970	     33.22119768	     -7.40852102	     -7.49999987	    -27.60665873	     -2.29782024	      3.48966201	      0.54949796	    -22.43876728	      2.82137190	     60.65057345	     92.97289905	      8.91834988	    -19.79743311	      8.87116977	     54.99956359	     93.78418620
      4.75000000	    -10.74334902	      1.06841284	     -0.96007922	     -0.44984802	      0.74523886	     -0.61686514	     73.56520248	     -2.07633230	      6.42258350	     88.10001721	      1.53763537	     27.68300669	    -11.72285740	     -7.49999987	     70.97515858	     -3.67492037	     -0.05549640	     87.74087272	      1.53136712	     33.33872534	     -7.45728945	     -7.49999987	    -27.59439347	     -2.23415609	      3.49056769	      0.44885774	    -22.82364492	      2.77160884	     61.63435183	     92.92142347	      8.94292880	    -19.97349741	      8.78028274	     55.66884490	     93.60649761
      4.76000000	    -10.45055267	      0.99597288	     -0.98020226	     -0.45321559	      0.73994701	     -0.61653004	     74.11393107	     -1.91942855	      6.47555252	     89.01613868	      1.55362471	     27.67634011	    -11.91101411	     -7.49999987	     71.54593562	     -3.72705664	      0.12089770	     88.69460886	      1.54801295	     33.18102504	     -7.81612212	     -7.49999987	    -28.22551635	     -2.17468082	      3.47741958	      0.88064244	    -23.07791306	      2.63855781	     61.81765611	     92.37932931	      9.36301847	    -20.06066818	      8.69164975	     55.87413783	     93.01989069
      4.77000000	    -10.60371349	      1.02609173	     -0.98247704	     -0.45756141	      0.73267201	     -0.61621463	     75.24008867	     -1.81442206	      6.61379614	     90.00388413	      1.57086412	     27.56612378	    -12.01620370	     -7.49999987	     72.67995928	     -3.78210961	      0.18217684	     89.74696511	      1.56638003	     33.32630831	     -7.67356693	     -7.49999987	    -28.36404381	     -2.20828744	      3.46283935	      0.77635040	    -23.53968041	      2.57855139	     62.99593947	     92.12968584	      9.49141153	    -20.31876471	      8.71720443	     56.70633572	     92.57322223
      4.78000000	    -10.43355377	      0.97297099	     -0.99240248	     -0.46201697	      0.72590894	     -0.61649400	     75.98414081	     -1.70942919	      6.65556019	     90.91099932	      1.58669626	     27.43201004	    -12.15620959	     -7.49999987	     73.47464703	     -3.82725242	      0.32561384	     90.74539943	      1.58380600	     33.20440597	     -7.92352447	     -7.49999987	    -28.91537470	     -2.16690372	      3.74342670	      0.49588738	    -23.73317915	      1.07526702	     64.20382264	     96.11338623	      9.94141307	    -20.28515934	      8.38260230	     57.33127054	     95.33523589
      4.79000000	    -10.33445691	      0.95712432	     -1.04904712	     -0.46484509	      0.71945470	     -0.61706188	     76.77931904	     -1.58381164	      6.73323107	     91.80005652	      1.60221324	     27.32660291	    -12.30863159	     -7.49999987	     74.27696595	     -3.89746514	      0.40301553	     91.69026112	      1.60029695	     33.13360161	     -8.06132175	     -7.49999987	    -29.17981981	     -2.17611802	      3.73753353	      0.68390592	    -24.18410755	      1.10353499	     64.83661152	     95.77496975	     10.13852233	    -20.44324389	      8.34659118	     57.79052281	     94.97330283
      4.80000000	    -10.20184453	      0.95005178	     -1.11130743	     -0.46642352	      0.71300862	     -0.61740630	     77.49116694	     -1.45871776	      6.82801386	     92.66730050	      1.61734950	     27.26094027	    -12.43025623	     -7.49999987	     74.98346986	     -3.97064920	      0.45233493	     92.60237764	      1.61621638	     33.05930090	     -8.21756701	     -7.49999987	    -29.48078322	     -2.19129096	      3.68828221	      0.72334336	    -24.66461078	      1.11376909	     65.60896297	     94.49526608	     10.10985789	    -20.61048075	      8.15371586	     58.49538403	     93.64653781
      4.81000000	    -10.13546655	      0.93794730	     -1.11983133	     -0.46842131	      0.70611337	     -0.61720998	     78.27379268	     -1.40196965	      6.90121423	     93.55099845	      1.63277294	     27.22551790	    -12.49885662	     -7.49999987	     75.75559938	     -4.01404509	      0.51607263	     93.49992176	      1.63188149	     32.99462526	     -8.30107830	     -7.49999987	    -29.66484285	     -2.12892921	      3.61943021	      0.79410288	    -25.14264610	      1.23777190	     66.35108148	     92.48410266	     10.04648209	    -20.72023459	      7.88744358	     59.22008126	     91.64221423
      4.82000000	     -9.75707457	      0.86738955	     -1.15058787	     -0.47142426	      0.70055018	     -0.61692455	     78.64886754	     -1.30179012	      6.92861506	     94.32342237	      1.64625428	     27.21099605	    -12.61621752	     -7.49999987	     76.14792021	     -4.09386224	      0.63920821	     94.31346089	      1.64608042	     32.76317642	     -8.63808732	     -7.49999987	    -30.16211408	     -2.04939626	      3.60248452	      1.16954238	    -25.46619342	      1.10355193	     66.50234100	     91.76782569	     10.33972935	    -20.80642941	      7.83200456	     59.40843163	     90.95067814
      4.83000000	     -9.87108769	      0.94551543	     -1.24783692	     -0.47400120	      0.69521969	     -0.61718141	     79.58404872	     -1.20563458	      7.07948497	     95.08883854	      1.65961331	     27.04745323	    -12.70917505	     -7.49999987	     77.00378756	     -4.20622725	      0.59707593	     95.08976893	      1.65962955	     32.78416317	     -8.55638484	     -7.49999987	    -30.13166712	     -2.14264268	      3.67230978	      0.94630803	    -26.03111414	      1.24945071	     67.47333903	     91.53694680	     10.27279564	    -20.98470135	      7.88914501	     60.05539975	     90.60699339
      4.84000000	     -9.55561858	      0.89339100	     -1.26724909	     -0.47633034	      0.69108744	     -0.61775243	     79.95994346	     -1.15608327	      7.09822145	     95.74912334	      1.67113746	     26.92513105	    -12.81068082	     -7.49999987	     77.35946947	     -4.25507730	      0.69563910	     95.76899265	      1.67148424	     32.66452930	     -8.65113344	     -7.49999987	    -30.66919232	     -2.07318730	      3.94463279	      0.54919366	    -26.19937601	     -0.30610939	     68.42010082	     97.43304791	     10.53526597	    -20.81421952	      7.35572139	     60.39393506	     95.45048719
      4.85000000	     -9.21277556	      0.85304141	     -1.26291682	     -0.47857621	      0.68604335	     -0.61772288	     80.30989967	     -1.14043608	      7.11507634	     96.41970664	      1.68284134	     26.89665165	    -12.83946619	     -7.49999987	     77.68850505	     -4.28662932	      0.76847304	     96.44050450	      1.68320434	     32.49745002	     -8.86207137	     -7.49999987	    -31.02072264	     -2.02831385	      3.89837870	      0.76272373	    -26.47889522	     -0.37062642	     68.50399582	     96.48415169	     10.68825175	    -20.86299755	      7.35793856	     60.44100968	     94.62114585
      4.86000000	     -9.15159258	      0.90740697	     -1.30686430	     -0.48070596	      0.67970361	     -0.61724915	     81.02159869	     -1.09398320	      7.23644243	     97.14194360	      1.69544676	     26.85369118	    -12.83538385	     -7.49999987	     78.32955985	     -4.38669514	      0.72169273	     97.15570458	      1.69568693	     32.60858190	     -8.59617884	     -7.49999987	    -31.06215054	     -2.08482206	      3.71790831	      0.71435617	    -26.85936249	      0.00274013	     69.20735095	     94.00655364	     10.42490088	    -20.96962782	      7.08004302	     60.97413081	     92.28468981
      4.87000000	     -8.87332281	      0.90628681	     -1.33629316	     -0.48368705	      0.67419173	     -0.61688103	     81.44798851	     -1.04859324	      7.29618991	     97.80402878	      1.70700232	     26.72365275	    -12.92991101	     -7.49999987	     78.74494187	     -4.47571645	      0.74382149	     97.84616879	      1.70773781	     32.46486258	     -8.71780062	     -7.49999987	    -31.39398998	     -2.10521711	      3.81524933	      0.53880111	    -27.06011322	     -0.65819783	     69.85684137	     98.23449243	     10.62076355	    -21.02272380	      6.94216387	     61.28151567	     95.61815388
      4.88000000	     -8.51570582	      0.90205806	     -1.31902950	     -0.48803699	      0.66965159	     -0.61647523	     81.76983650	     -1.07101264	      7.32844268	     98.40645397	      1.71751663	     26.64640919	    -12.98253644	     -7.49999987	     79.07106608	     -4.51567005	      0.77669492	     98.48114340	      1.71882020	     32.22682886	     -8.89407841	     -7.49999987	    -31.78141136	     -2.10962395	      3.71821648	      0.83877845	    -27.21274088	     -0.74493665	     69.98217933	     97.48502456	     10.87227418	    -21.07974892	      6.81573668	     61.46514292	     94.96488555
      4.89000000	     -8.16434681	      0.92268566	     -1.29517630	     -0.49184549	      0.66623579	     -0.61633504	     82.05714254	     -1.14834164	      7.35456379	     98.93041759	      1.72666152	     26.56477125	    -13.03624120	     -7.49999987	     79.35074715	     -4.52061364	      0.78280328	     99.02054093	      1.72823447	     31.98428557	     -9.05480291	     -7.49999987	    -32.17099258	     -2.13635310	      3.58048943	      1.11801167	    -27.26360834	     -0.84866722	     70.09262942	     96.89484750	     11.09570685	    -21.10527242	      6.61601462	     61.67806388	     94.43641714
      4.90000000	     -7.74964685	      0.87305170	     -1.29484144	     -0.49343429	      0.66382835	     -0.61692073	     82.18362714	     -1.17888290	      7.31757738	     99.35524061	      1.73407608	     26.44225916	    -13.03043040	     -7.49999987	     79.49754942	     -4.56617862	      0.83960878	     99.47289488	      1.73612953	     31.75475024	     -9.16420683	     -7.49999987	    -32.63094025	     -2.08960789	      3.49635310	      1.28755724	    -27.31694967	     -0.88693438	     70.20878138	     95.95185295	     11.17168876	    -21.15560888	      6.47670753	     61.92970292	     93.54522791
      4.91000000	     -7.95669745	      0.89704207	     -1.46786037	     -0.49412002	      0.65968380	     -0.61770431	     83.02252995	     -1.02600820	      7.39091686	     99.81505561	      1.74210136	     26.13510276	    -13.10040051	     -7.49999987	     80.30412014	     -4.78608439	      0.80820506	    100.01947768	      1.74566920	     31.86862329	     -8.75653825	     -7.49999987	    -32.23828652	     -2.14099463	      3.60412212	      0.70649842	    -27.82234543	     -0.12522642	     71.15697611	     95.04071056	     10.72974531	    -21.49357178	      6.89956882	     62.38425845	     92.48553728
      4.92000000	     -7.69338124	      0.90955332	     -1.54613253	     -0.49714657	      0.65557095	     -0.61850218	     83.32551364	     -0.99517604	      7.44211289	    100.22797519	      1.74930817	     25.94318059	    -13.15286331	     -7.49999987	     80.61127361	     -4.87040945	      0.79346406	    100.50395003	      1.75412484	     31.70873370	     -8.77737394	     -7.49999987	    -32.40331647	     -2.14617526	      3.61616038	      0.57324404	    -27.92161020	      0.03125430	     71.38066258	     94.35574896	     10.66394554	    -21.58413905	      7.04636851	     62.45617851	     91.71359280
      4.93000000	     -7.30700983	      0.86464414	     -1.58969023	     -0.50116430	      0.65119851	     -0.61888455	     83.50270562	     -1.00159178	      7.42697448	    100.63082258	      1.75633918	     25.73919168	    -13.17971253	     -7.49999987	     80.81765535	     -4.91849218	      0.85452744	    100.96787709	      1.76222189	     31.40384609	     -8.96264802	     -7.49999987	    -32.71849114	     -2.10475864	      3.97991290	     -0.03623168	    -27.77164468	     -1.17211465	     71.81381758	     98.91434660	     10.99238548	    -21.52036957	      7.39572414	     62.26609077	     95.15981586
      4.94000000	     -6.81887744	      0.80211149	     -1.63764487	     -0.50321792	      0.64706660	     -0.61891004	     83.54196316	     -1.00070738	      7.40648668	    101.03665334	      1.76342227	     25.65747167	    -13.14485161	     -7.49999987	     80.88368828	     -4.97140575	      0.92741731	    101.43070241	      1.77029972	     31.13483595	     -9.18533078	     -7.49999987	    -33.00346886	     -2.04178473	      3.97631733	     -0.16000279	    -27.73134775	     -1.09781974	     71.83741804	     97.37264263	     10.78285389	    -21.50410467	      7.42940884	     62.27706331	     93.92809476
      4.95000000	     -6.64532505	      0.88346293	     -1.74396930	     -0.50317370	      0.64277960	     -0.61860395	     83.94208851	     -0.95498281	      7.52969205	    101.47518300	      1.77107605	     25.41930945	    -13.19362884	     -7.49999987	     81.21089494	     -5.07734418	      0.85351647	    101.89549202	      1.77841183	     31.17476562	     -8.93336883	     -7.49999987	    -32.85379442	     -2.12494328	      3.85383863	     -0.54125844	    -27.66622730	     -0.70646564	     72.32531691	     95.00712280	     10.08657039	    -21.59908149	      7.27931123	     62.63461620	     91.51583202
      4.96000000	     -6.07059873	      0.85429970	     -1.77599353	     -0.50436960	      0.64033400	     -0.61876476	     83.83565674	     -0.98246653	      7.53610911	    101.84101581	      1.77746104	     25.26039805	    -13.21064210	     -7.49999987	     81.08952521	     -5.09540464	      0.89130034	    102.27692201	      1.78506904	     30.94915370	     -9.07056372	     -7.49999987	    -33.15351905	     -2.09870381	      3.73625957	     -0.64989245	    -27.40410239	     -0.76530763	     72.21733176	     94.62299012	      9.69771588	    -21.54999084	      7.05368421	     62.71620845	     91.04372140
      4.97000000	     -5.54740344	      0.84175349	     -1.84100120	     -0.50712520	      0.63872737	     -0.61902297	     83.76861490	     -0.99744961	      7.53936854	    102.15201293	      1.78288896	     25.10212502	    -13.22345849	     -7.49999987	     80.99199525	     -5.12610605	      0.91637454	    102.61194131	      1.79091623	     30.75219919	     -9.17569988	     -7.49999987	    -33.35390204	     -2.08952461	      3.63164134	     -0.77993537	    -27.16259824	     -0.78828935	     72.19364714	     94.28679749	      9.34373917	    -21.50987159	      6.84676103	     62.78710179	     90.62770466
      4.98000000	     -5.05619212	      0.82490264	     -1.90519890	     -0.50949545	      0.63696297	     -0.61911957	     83.69547482	     -0.98926683	      7.56128739	    102.43128438	      1.78776317	     24.93877345	    -13.20963379	     -7.49999987	     80.88214077	     -5.15282102	      0.94038583	    102.92763002	      1.79642604	     30.53736114	     -9.29246050	     -7.49999987	    -33.42907899	     -2.07789009	      3.53844844	     -1.01197292	    -26.94420320	     -0.80103423	     72.21724267	     93.93461024	      8.90695438	    -21.48732974	      6.63591709	     62.79684148	     90.22985578
      4.99000000	     -4.76872011	      0.68977151	     -2.12405128	     -0.51132849	      0.63390160	     -0.61939888	     83.83330081	     -0.80716948	      7.45261253	    102.67744327	      1.79205945	     24.55283367	    -13.38191821	     -7.49999987	     81.02140029	     -5.38303496	      1.05424030	    103.33262420	      1.80349452	     30.34168391	     -9.35778883	     -7.49999987	    -33.24454194	     -1.95626424	      4.23415688	     -2.45834730	    -26.71924280	     -2.51156933	     73.60377631	    100.04992676	      8.92624487	    -21.02728112	      6.46486800	     62.32092474	     95.03117049
      5.00000000	     -4.16892113	      0.69501532	     -2.24500050	     -0.51458476	      0.63097503	     -0.62060324	     83.67151385	     -0.76200720	      7.51714185	    102.94315030	      1.79669692	     24.29043876	    -13.44717571	     -7.49999987	     80.81348049	     -5.43198518	      1.04137665	    103.68362158	      1.80962058	     30.13074132	     -9.58426482	     -7.49999987	    -33.34974885	     -1.96987635	      4.16153077	     -2.61444551	    -26.59798855	     -2.29681217	     73.71328038	     97.90330089	      8.46017781	    -21.00301363	      6.42280375	     62.42485389	     93.22455906
      5.01000000	     -3.33113385	      0.63703488	     -2.32169963	     -0.51896993	      0.62895557	     -0.62225107	     83.23192179	     -0.81256462	      7.49235609	    103.18304230	      1.80088382	     24.08881699	    -13.46620276	     -7.49999987	     80.38424807	     -5.42750499	      1.08445787	    103.99731004	      1.81509547	     29.80699555	     -9.85532288	     -7.49999987	    -33.77211935	     -1.91546105	      4.02879638	     -2.55312643	    -26.44864732	     -2.21388820	     73.66601362	     95.27735157	      7.99873436	    -20.92765762	      6.15275723	     62.71934711	     90.84140763
      5.02000000	     -2.77673993	      0.64208718	     -2.36812325	     -0.52312949	      0.62749784	     -0.62272762	     83.07552089	     -0.81912847	      7.55758262	    103.37218124	      1.80418492	     23.83139098	    -13.54797745	     -7.49999987	     80.25029360	     -5.39819610	      1.09138220	    104.25898883	      1.81966263	     29.64370500	     -9.89390302	     -7.49999987	    -33.84151675	     -1.91702631	      3.94962565	     -2.52539055	    -26.24402902	     -2.18857994	     73.62879656	     94.97783292	      7.72311179	    -20.79734543	      5.96853408	     62.82655391	     90.41251068
      5.03000000	     -2.22511823	      0.61933101	     -2.51977670	     -0.52691518	      0.62684635	     -0.62188515	     82.89875369	     -0.73528560	      7.54851954	    103.51912699	      1.80674960	     23.50627561	    -13.69211958	     -7.49999987	     80.07753714	     -5.50247234	      1.10392264	    104.48353979	      1.82358178	     29.41155453	    -10.03990304	     -7.49999987	    -33.99691716	     -1.91084624	      3.86118471	     -2.65916279	    -26.20820584	     -1.97769854	     73.70252221	     93.74487801	      7.43177362	    -20.75976352	      5.84665114	     62.76318046	     89.21955758
      5.04000000	     -1.96764760	      0.58623188	     -2.68697262	     -0.53002268	      0.62604238	     -0.62084575	     83.01948096	     -0.57505450	      7.52615553	    103.60681422	      1.80828004	     23.01886075	    -13.95610496	     -7.49999987	     80.20077224	     -5.69744216	      1.13823126	    104.65360868	      1.82655005	     29.25024526	     -9.93748608	     -7.49999987	    -33.73732828	     -1.90472331	      3.97680677	     -2.84246545	    -26.33419038	     -1.35497269	     73.99883859	     93.66835543	      7.35593130	    -20.59111210	      5.90581757	     62.27910807	     88.89422653
      5.05000000	     -1.33712464	      0.54247251	     -2.66326428	     -0.53224468	      0.62614345	     -0.62133013	     82.65336990	     -0.69932503	      7.45565851	    103.64391552	      1.80892758	     22.77445025	    -14.01774488	     -7.49999987	     79.83716243	     -5.64792175	      1.18948450	    104.71276329	      1.82758249	     29.03973805	    -10.00657797	     -7.49999987	    -34.01058882	     -1.85644712	      3.85790748	     -2.85656029	    -26.07805064	     -1.40853885	     73.72092329	     93.14234107	      7.06965797	    -20.46632704	      5.73529102	     62.42019435	     88.24159273
      5.06000000	     -0.70957564	      0.40653393	     -2.74258973	     -0.53387824	      0.62694974	     -0.62240892	     82.17614979	     -0.68966158	      7.31869098	    103.54256992	      1.80715876	     22.44254056	    -14.05316315	     -7.49999987	     79.38002718	     -5.74348975	      1.28329010	    104.70628303	      1.82746939	     28.71918776	    -10.09375986	     -7.49999987	    -34.20211699	     -1.73155078	      4.31886078	     -3.39914792	    -25.72883030	     -2.76072843	     73.49586196	    102.05819497	      7.32798757	    -20.02502502	      5.55747581	     61.37565042	     95.55585024
      5.07000000	      0.36788996	      0.21698545	     -2.73331659	     -0.53589506	      0.62918586	     -0.62353829	     81.10245028	     -0.80977114	      7.11772036	    103.37243285	      1.80418931	     22.31479078	    -14.16590819	     -7.49999987	     78.39107252	     -5.71616925	      1.41130513	    104.66629266	      1.82677142	     28.48091623	    -10.42687865	     -7.49999987	    -35.07157613	     -1.52251136	      4.04022856	     -3.19328400	    -25.48259044	     -2.67494954	     73.02914122	     97.82897443	      6.64127026	    -19.97463480	      5.08214379	     61.94986613	     91.48060247
      5.08000000	      0.42675082	      0.27365181	     -3.00764111	     -0.53710048	      0.63006651	     -0.62364993	     81.22100655	     -0.62929061	      7.18927802	    103.26911033	      1.80238599	     21.84107134	    -14.23809212	     -7.49999987	     78.39603565	     -5.98792652	      1.26914485	    104.61091041	      1.82580482	     28.52770636	     -9.99273728	     -7.49999987	    -34.34864591	     -1.64757431	      4.22039509	     -3.39609097	    -25.41820761	     -1.90524802	     72.20596578	     98.59722508	      6.64198783	    -19.46712542	      5.12852933	     60.36367824	     91.91362508
      5.09000000	      1.01200038	      0.18852719	     -3.08264335	     -0.53876661	      0.63130394	     -0.62440999	     80.66548156	     -0.65907235	      7.10275791	    103.11677949	      1.79972732	     21.63191244	    -14.24974555	     -7.49999987	     77.83171403	     -6.01030571	      1.29464790	    104.52155848	      1.82424533	     28.37041078	    -10.15179746	     -7.49999987	    -34.45488649	     -1.51648205	      4.11573640	     -3.64480901	    -25.14921477	     -1.94587414	     71.82861264	     98.25346005	      6.02833570	    -19.33325206	      5.04181776	     60.32062082	     91.40985406
      5.10000000	      1.70790841	      0.00954319	     -3.17778415	     -0.54095634	      0.63185871	     -0.62524526	     79.96083556	     -0.63686918	      6.93773237	    102.93788211	      1.79660497	     21.35277326	    -14.26301548	     -7.49999987	     77.19588356	     -6.11393386	      1.39131117	    104.48113593	      1.82353983	     28.18707081	    -10.21766947	     -7.49999987	    -34.53762120	     -1.34338243	      4.37332838	     -3.87641545	    -24.78012047	     -2.66468561	     71.22592157	    102.93406498	      6.02183714	    -18.78185151	      4.69180115	     59.35682305	     95.46971722
      5.11000000	      2.57757950	     -0.17042618	     -3.12554774	     -0.54355218	      0.63227301	     -0.62578978	     79.08722164	     -0.79140632	      6.73788292	    102.81070234	      1.79438526	     21.45558310	    -14.05647980	     -7.49999987	     76.44152937	     -6.04569928	      1.53973157	    104.40828324	      1.82226831	     27.80924691	    -10.65012857	     -7.49999987	    -35.05514570	     -1.08789860	      4.20670038	     -3.98973648	    -24.57898795	     -2.48313903	     71.08043508	     97.18203364	      5.37886495	    -18.57862587	      4.70128305	     59.79519116	     91.12518604
      5.12000000	      2.87832577	     -0.25524907	     -3.39047547	     -0.54563413	      0.63215597	     -0.62542791	     78.90119135	     -0.56405627	      6.70326021	    102.67789818	      1.79206739	     20.87355990	    -14.28154555	     -7.49999987	     76.29147715	     -6.39373180	      1.53641277	    104.40799607	      1.82226330	     27.77809511	    -10.18403579	     -7.49999987	    -34.50226559	     -1.02532862	      4.47812198	     -4.29233417	    -24.41372342	     -2.70177934	     70.51778554	    102.57366655	      5.29756392	    -18.14894202	      4.82760418	     58.22965311	     94.97519093
      5.13000000	      3.57519392	     -0.36014730	     -3.34284204	     -0.54820970	      0.63294288	     -0.62600145	     78.25159460	     -0.69081093	      6.59036172	    102.55773011	      1.78997006	     20.66754099	    -14.24263291	     -7.49999987	     75.69837817	     -6.33926237	      1.62819122	    104.30643335	      1.82049069	     27.58675357	    -10.29988565	     -7.49999987	    -34.83752285	     -0.88722120	      4.18160585	     -4.41856304	    -24.16803755	     -2.73046709	     70.34735560	    100.74538596	      4.64319012	    -18.02781321	      4.45804191	     58.70910808	     93.00843683
      5.14000000	      4.01995811	     -0.41402888	     -3.42019077	     -0.55020139	      0.63274616	     -0.62625387	     77.91481834	     -0.68399115	      6.54192293	    102.46938351	      1.78842812	     20.45214947	    -14.21156375	     -7.49999987	     75.37026225	     -6.43345278	      1.64055740	    104.25104184	      1.81952393	     27.41935476	    -10.26824955	     -7.49999987	    -34.76494680	     -0.83357244	      4.11044848	     -4.59326831	    -23.94310242	     -2.69272828	     70.22974401	    100.11950933	      4.22061125	    -17.85257261	      4.31346100	     58.75213532	     92.37199521
      5.15000000	      4.41015797	     -0.59897489	     -3.57950483	     -0.55136496	      0.63202706	     -0.62589975	     77.59606179	     -0.54703633	      6.36975644	    102.33210273	      1.78603212	     20.04760792	    -14.34758935	     -7.49999987	     75.14034307	     -6.69703480	      1.75619308	    104.26879050	      1.81983370	     27.40229891	     -9.90620343	     -7.49999987	    -34.40901163	     -0.66251406	      4.63143960	     -5.21206629	    -23.71282053	     -3.36883153	     69.84227432	    103.07320511	      4.59941288	    -17.29481681	      4.42155490	     57.14785547	     93.89613261
      5.16000000	      4.95942956	     -0.73781961	     -3.66389726	     -0.55262217	      0.63174700	     -0.62579297	     77.11572330	     -0.50038610	      6.24868533	    102.23458478	      1.78433011	     19.83542750	    -14.35973125	     -7.49999987	     74.73224269	     -6.83884258	      1.84359118	    104.25762329	      1.81963880	     27.19654435	     -9.86404100	     -7.49999987	    -34.35643988	     -0.52573079	      4.58917948	     -5.36859489	    -23.51183390	     -3.41010027	     69.46588255	    103.02564910	      4.25391922	    -17.07292762	      4.13658364	     56.91592342	     93.68368476
      5.17000000	      5.45520611	     -0.81184098	     -3.71032471	     -0.55451028	      0.63191805	     -0.62624937	     76.70037596	     -0.51455514	      6.19186069	    102.13831011	      1.78264980	     19.67007602	    -14.33584487	     -7.49999987	     74.33864503	     -6.89191767	      1.88427887	    104.18981512	      1.81845532	     26.96580313	     -9.91027098	     -7.49999987	    -34.34388122	     -0.42643254	      4.46114704	     -5.56127945	    -23.28847595	     -3.42912149	     69.29308944	    102.21371036	      3.75697114	    -16.95382367	      3.96502756	     57.11695427	     92.94345177
      5.18000000	      5.97428937	     -0.88118831	     -3.77467660	     -0.55649568	      0.63189809	     -0.62649842	     76.26730408	     -0.49805150	      6.16514671	    102.04082104	      1.78094830	     19.48680608	    -14.30079832	     -7.49999987	     73.91291808	     -6.91365854	      1.96556166	    104.12136000	      1.81726055	     26.74372990	     -9.90825060	     -7.49999987	    -34.28916888	     -0.30882401	      4.39600299	     -5.77757338	    -23.10885923	     -3.44156933	     69.08280605	    101.34435679	      3.23811939	    -16.83558623	      3.82356526	     57.20322160	     92.19265268
      5.19000000	      6.46881131	     -1.12821123	     -3.89303390	     -0.55783691	      0.63149928	     -0.62643405	     75.78957107	     -0.31748941	      5.95979860	    101.88780047	      1.77827759	     18.94970465	    -14.69629207	     -7.49999987	     73.55283752	     -7.20552909	      2.11293527	    104.13253167	      1.81745554	     26.80651049	     -9.44467634	     -7.49999987	    -34.14360652	     -0.11171737	      4.62940382	     -5.81656038	    -23.00351296	     -3.08279845	     68.22883775	     99.40029438	      3.16844069	    -16.38075751	      3.70251528	     56.24369569	     90.41410608
      5.20000000	      6.91533459	     -1.26404158	     -3.88489081	     -0.55871620	      0.63097030	     -0.62716689	     75.36537467	     -0.34532444	      5.84498554	    101.81371157	      1.77698449	     18.92146210	    -14.47789996	     -7.49999987	     73.18413520	     -7.19741748	      2.22575090	    104.10741486	      1.81701717	     26.59390788	     -9.57430193	     -7.49999987	    -34.03255350	      0.09666753	      4.75097305	     -6.03177896	    -22.72513778	     -3.41405394	     67.66328728	    101.42348527	      3.12293749	    -16.22013106	      4.10191877	     55.57300139	     91.48880218
      5.21000000	      7.42160451	     -1.30848026	     -3.83252288	     -0.56022031	      0.63024506	     -0.62768388	     74.90959945	     -0.41703368	      5.82427937	    101.80403366	      1.77681558	     19.00435197	    -14.32922054	     -7.49999987	     72.74206253	     -7.10622516	      2.25709853	    104.11545329	      1.81715746	     26.44551699	     -9.78376454	     -7.49999987	    -34.21098862	      0.18989762	      4.58754741	     -6.28073909	    -22.49808901	     -3.32839280	     67.59787217	     98.16365264	      2.62338389	    -16.16812024	      3.99459446	     56.00521792	     89.25736312
      5.22000000	      7.76418878	     -1.47534790	     -3.93614145	     -0.56259035	      0.62919657	     -0.62705183	     74.62895885	     -0.21857987	      5.72446995	    101.70955918	      1.77516669	     18.56358966	    -14.61402421	     -7.49999987	     72.51416677	     -7.30287609	      2.36982795	    104.19859252	      1.81860852	     26.57283921	     -9.41645289	     -7.49999987	    -34.07962221	      0.32207960	      4.76164957	     -6.47515599	    -22.14924057	     -3.71533378	     67.07865485	    101.88215695	      2.59593511	    -15.86869665	      3.72182323	     55.39052325	     91.15276352
      5.23000000	      8.17742948	     -1.58136200	     -3.91818257	     -0.56475407	      0.62848351	     -0.62663642	     74.29661545	     -0.20352575	      5.63046999	    101.66737040	      1.77443036	     18.30190487	    -14.79199096	     -7.49999987	     72.23111529	     -7.33607494	      2.47445119	    104.26244084	      1.81972288	     26.57464410	     -9.33426299	     -7.49999987	    -34.04001579	      0.45016658	      4.68651155	     -6.61365786	    -21.98487943	     -3.24841301	     66.63391315	     99.99607080	      2.42928447	    -15.72937154	      3.73014991	     55.17491302	     89.40299768
      5.24000000	      8.57632597	     -1.61801204	     -3.90446373	     -0.56507089	      0.62829241	     -0.62747080	     74.00055410	     -0.23294174	      5.62853632	    101.68076782	      1.77466418	     18.30066259	    -14.65687807	     -7.49999987	     71.93299123	     -7.29889202	      2.50117856	    104.31179790	      1.82058432	     26.42345436	     -9.44782262	     -7.49999987	    -33.98403259	      0.51741736	      4.57530335	     -6.92951145	    -21.73002605	     -3.15198702	     66.50948552	     99.05590737	      2.11309570	    -15.67320311	      3.68997104	     55.25612222	     88.79669005
      5.25000000	      9.10425801	     -1.80578633	     -3.99114023	     -0.56401233	      0.62884593	     -0.62888501	     73.45556786	     -0.09339603	      5.52115136	    101.57674462	      1.77284864	     17.98344635	    -14.83176580	     -7.49999987	     71.45091783	     -7.42870565	      2.62251267	    104.36070388	      1.82143789	     26.35953953	     -9.41128866	     -7.49999987	    -34.01045761	      0.66986233	      4.69070715	     -6.98513962	    -21.58612317	     -2.84736534	     65.77433278	     99.72625087	      2.14203809	    -15.38205111	      3.60935645	     54.47250931	     88.72854417
      5.26000000	      9.49679610	     -1.86652334	     -3.99871538	     -0.56358101	      0.62857322	     -0.62952222	     73.11205365	     -0.09788487	      5.51771051	    101.57577425	      1.77283170	     17.91159773	    -14.73010898	     -7.49999987	     71.13025168	     -7.39897798	      2.67377244	    104.39978630	      1.82212001	     26.24327632	     -9.47934784	     -7.49999987	    -33.96827600	      0.79742039	      4.59163277	     -7.19177695	    -21.33778707	     -2.79305183	     65.69097936	     98.99624323	      1.78033628	    -15.27742124	      3.50877026	     54.59412657	     88.18173906
      5.27000000	     10.22157054	     -2.04342161	     -4.04207853	     -0.56530009	      0.62850522	     -0.62884366	     72.39061105	      0.01715214	      5.41141319	    101.53281729	      1.77208196	     17.57006099	    -14.97184355	     -7.49999987	     70.47734805	     -7.55380362	      2.77074812	    104.47970638	      1.82351488	     26.37570365	     -9.22424590	     -7.49999987	    -34.19311802	      0.96531107	      4.63905541	     -7.06530806	    -21.23971995	     -2.38024890	     65.11988025	     98.23104173	      1.86292491	    -14.93746644	      3.21759394	     53.84164434	     87.06062166
      5.28000000	     10.54673533	     -2.04399713	     -4.01234196	     -0.56709024	      0.62787577	     -0.62820710	     72.16342711	     -0.05590776	      5.38639582	    101.56820998	      1.77269968	     17.52160216	    -14.95718685	     -7.49999987	     70.27960939	     -7.54352798	      2.76058465	    104.54482499	      1.82465141	     26.26250622	     -9.31519871	     -7.49999987	    -34.16344620	      0.98447154	      4.50557001	     -7.25439010	    -20.99280618	     -2.30057422	     65.10670007	     97.70454254	      1.59383338	    -14.83586715	      3.19383812	     53.96958282	     86.59675840
      5.29000000	     11.09782869	     -1.97773408	     -3.90102888	     -0.56798947	      0.62789299	     -0.62868356	     71.67266496	     -0.28503032	      5.41884456	    101.60568010	      1.77335366	     17.64447904	    -14.53548723	     -7.49999987	     69.77834757	     -7.35667237	      2.70517747	    104.52741820	      1.82434761	     25.80950740	     -9.59145382	     -7.49999987	    -34.52292325	      0.97374705	      4.20394178	     -7.28386285	    -20.66599309	     -2.19992144	     65.31556244	     94.04875933	      1.07892165	    -14.77583084	      3.00837377	     54.82512495	     83.90116052
      5.30000000	     11.49390855	     -2.37766636	     -4.08103800	     -0.56784832	      0.62785463	     -0.62929237	     71.21142924	      0.13923897	      5.14458887	    101.48240872	      1.77120217	     17.08114023	    -15.30547337	     -7.49999987	     69.47807902	     -7.78266392	      2.99285417	    104.71559052	      1.82763183	     26.30997375	     -9.05995741	     -7.49999987	    -34.31573867	      1.33923782	      4.59880836	     -6.98803958	    -20.81649893	     -1.36787527	     64.27175735	     94.66192752	      1.56269993	    -14.19117345	      2.98505910	     52.78184386	     83.87170616
      5.31000000	     11.85435561	     -2.50984776	     -4.10885386	     -0.56834418	      0.62770467	     -0.63021191	     70.87483791	      0.17898971	      5.04353037	    101.46225791	      1.77085047	     16.95516632	    -15.33106396	     -7.49999987	     69.19702561	     -7.86772435	      3.07498848	    104.80743717	      1.82923486	     26.27819850	     -9.08922306	     -7.49999987	    -34.21642597	      1.50724941	      4.64571198	     -6.68970088	    -20.71241771	     -0.97626882	     63.69954872	     94.25411224	      1.56437851	    -13.90546858	      3.08425739	     52.13663741	     83.07651393
      5.32000000	     12.12336330	     -2.49671734	     -4.08565795	     -0.56959963	      0.62752969	     -0.63037932	     70.69062862	      0.12297934	      5.06882978	    101.49593045	      1.77143816	     16.91310699	    -15.33139678	     -7.49999987	     69.02388866	     -7.84207574	      3.05025475	    104.86216102	      1.83018997	     26.16946431	     -9.17603672	     -7.49999987	    -34.26014599	      1.57729385	      4.60010208	     -6.57638885	    -20.46852845	     -0.99342420	     63.78959965	     93.86370282	      1.33169751	    -13.74395997	      3.03087247	     52.43847368	     82.62683544
      5.33000000	     12.67540757	     -2.64588148	     -4.05209720	     -0.57073636	      0.62818312	     -0.62978127	     70.09995685	      0.14806143	      4.93449441	    101.41824269	      1.77008226	     16.80028141	    -15.44201558	     -7.49999987	     68.51075082	     -7.92258122	      3.16538565	    104.89488539	      1.83076112	     26.22209539	     -9.04630515	     -7.49999987	    -34.47818385	      1.76501634	      4.70985849	     -5.98370314	    -20.32601976	     -0.70742523	     62.96862190	     93.39125896	      1.60607696	    -13.34093596	      2.98686389	     51.44867709	     81.97772475
      5.34000000	     13.06009646	     -2.75244901	     -4.00927123	     -0.57082457	      0.62843774	     -0.62925759	     69.69695430	      0.15355429	      4.83413057	    101.35763300	      1.76902442	     16.72931288	    -15.47148876	     -7.49999987	     68.17194757	     -7.99715523	      3.24452569	    104.92627564	      1.83130898	     26.18069304	     -8.99329546	     -7.49999987	    -34.56172006	      1.92672474	      4.73093143	     -5.59132575	    -20.12368308	     -0.57269954	     62.60939334	     93.65410378	      1.60974726	    -13.02479862	      2.99061545	     50.96840186	     81.82187489
      5.35000000	     13.28967547	     -2.74335196	     -3.96115403	     -0.57084233	      0.62824203	     -0.62957978	     69.50648876	      0.06643882	      4.81707443	    101.35348198	      1.76895197	     16.69776815	    -15.41518192	     -7.49999987	     68.00360503	     -7.96683723	      3.23484721	    104.94010106	      1.83155028	     26.05764018	     -9.03914617	     -7.49999987	    -34.54017860	      1.97438360	      4.74966110	     -5.43880820	    -19.91575221	     -0.57054316	     62.70775274	     93.20588328	      1.35329520	    -12.83742176	      2.96057847	     51.19716035	     81.40188713
      5.36000000	     13.77154991	     -2.88472807	     -3.98106323	     -0.57209699	      0.62878137	     -0.63003445	     68.96115898	      0.14322982	      4.69907483	    101.23661167	      1.76691220	     16.53719441	    -15.57392759	     -7.49999987	     67.53717652	     -8.10655383	      3.30790787	    104.93863169	      1.83152464	     26.13305475	     -8.80870010	     -7.49999987	    -34.76536170	      2.11005543	      4.89390846	     -4.89819605	    -19.74416296	     -0.30967924	     62.00316279	     93.08895562	      1.61089840	    -12.45278728	      2.83887109	     50.32191197	     80.89381049
      5.37000000	     13.97636858	     -2.95864275	     -3.90441696	     -0.57313362	      0.62916878	     -0.62973751	     68.73104678	      0.09932325	      4.57984421	    101.18352811	      1.76598571	     16.45975684	    -15.66991650	     -7.49999987	     67.39381564	     -8.11180559	      3.39225039	    104.95131693	      1.83174603	     26.16991429	     -8.65578221	     -7.49999987	    -34.63856928	      2.23503047	      4.92102761	     -4.53257203	    -19.61183554	      0.09983325	     61.48933883	     92.30338874	      1.83607486	    -12.17693000	      2.94336736	     49.62052359	     80.00699134
      5.38000000	     14.26457858	     -2.98889768	     -3.85693377	     -0.57318867	      0.63021436	     -0.62868830	     68.38561187	      0.07931466	      4.51645954	    101.10602317	      1.76463300	     16.53244669	    -15.59667804	     -7.49999987	     67.08215098	     -8.14820234	      3.39735100	    104.91204359	      1.83106059	     26.18454987	     -8.57814832	     -7.49999987	    -34.71477410	      2.28667138	      4.88133273	     -4.35870715	    -19.33524194	      0.10824506	     61.24432329	     92.31689524	      1.86212554	    -12.00166903	      2.91626735	     49.39152596	     79.75392917
      5.39000000	     14.40749077	     -2.94528228	     -3.78877859	     -0.57289531	      0.63065751	     -0.62798753	     68.22940651	     -0.00717067	      4.49434441	    101.05734038	      1.76378332	     16.51396370	    -15.58564455	     -7.49999987	     66.91516276	     -8.10665029	      3.36452500	    104.84831578	      1.82994833	     26.11366645	     -8.62679231	     -7.49999987	    -34.68675481	      2.26890303	      4.82063394	     -4.36505974	    -19.05141888	      0.13306059	     61.40511343	     91.83155999	      1.69017367	    -11.92059007	      2.84979950	     49.73372697	     79.28884807
      5.40000000	     14.69362576	     -3.08071199	     -3.73095413	     -0.57404811	      0.63065269	     -0.62821457	     67.85005879	      0.02040930	      4.32767369	    100.92066381	      1.76139787	     16.44731263	    -15.61486138	     -7.49999987	     66.62144224	     -8.20752276	      3.47835361	    104.81328833	      1.82933698	     26.37832836	     -8.17662429	     -7.49999987	    -34.70095344	      2.40533706	      4.90518427	     -4.10271197	    -18.85460540	      0.47125477	     60.74886931	     91.03965804	      2.04532231	    -11.60655628	      2.77815995	     48.77398707	     78.41829696
      5.41000000	     14.83372447	     -3.00600806	     -3.68037909	     -0.57611142	      0.62973232	     -0.62894519	     67.75591706	     -0.09214554	      4.35203887	    100.91454687	      1.76129111	     16.52576920	    -15.48100593	     -7.49999987	     66.51804516	     -8.13944323	      3.41193464	    104.77832047	      1.82872668	     26.26068667	     -8.27270888	     -7.49999987	    -34.78955665	      2.35944870	      4.79602722	     -4.11705581	    -18.60444771	      0.47172905	     60.98299768	     90.14459762	      1.86510557	    -11.59588511	      2.69812684	     49.27172930	     77.76218114
      5.42000000	     14.96169665	     -2.93864647	     -3.60057013	     -0.57747299	      0.62923385	     -0.62939915	     67.67891263	     -0.22585289	      4.37730025	    100.92246398	      1.76142929	     16.60282090	    -15.32860336	     -7.49999987	     66.43426802	     -8.02125107	      3.38117771	    104.74796969	      1.82819696	     26.15403511	     -8.32398944	     -7.49999987	    -34.91971028	      2.32064882	      4.66864387	     -4.07982926	    -18.35155072	      0.44744723	     61.21012212	     89.29206280	      1.70866919	    -11.54748586	      2.58970471	     49.78377727	     77.12500383
      5.43000000	     15.08139252	     -2.93548049	     -3.56878719	     -0.57748125	      0.62914057	     -0.62907090	     67.60557705	     -0.24246906	      4.36914327	    100.91549046	      1.76130757	     16.52588679	    -15.25487184	     -7.49999987	     66.36158091	     -8.01717654	      3.37441447	    104.74227046	      1.82809749	     26.01251644	     -8.28913696	     -7.49999987	    -35.00504377	      2.31302410	      4.64901177	     -4.05758196	    -18.17572727	      0.44269341	     61.29594068	     88.84963281	      1.58190628	    -11.52462389	      2.50243013	     50.01429126	     76.75654094
      5.44000000	     15.38154275	     -3.17598052	     -3.61261226	     -0.57713413	      0.62965801	     -0.62836553	     67.20665340	     -0.04363380	      4.13546710	    100.75708708	      1.75854291	     16.28493421	    -15.66031346	     -7.49999987	     66.06188753	     -8.29932102	      3.54134588	    104.76334573	      1.82846532	     26.32936155	     -7.69855671	     -7.49999987	    -34.96045373	      2.49398746	      4.98941085	     -3.69190124	    -18.05689816	      0.63970568	     60.17220019	     89.44373967	      2.24835411	    -11.12190635	      2.28717441	     48.25555105	     76.73290724
      5.45000000	     15.50601534	     -3.14868831	     -3.57194769	     -0.57731658	      0.62953396	     -0.62818441	     67.13464916	     -0.09673863	      4.12632713	    100.77556873	      1.75886548	     16.25249212	    -15.68953226	     -7.49999987	     65.98113978	     -8.28457602	      3.51748245	    104.78401061	      1.82882599	     26.21868351	     -7.76766641	     -7.49999987	    -34.92575131	      2.45940778	      4.91945963	     -3.74893414	    -17.88899387	      0.62792638	     60.29222942	     89.13661771	      2.11920564	    -11.14083708	      2.21194098	     48.51922440	     76.43342416
      5.46000000	     15.62620420	     -3.11033880	     -3.50173273	     -0.57855827	      0.63011688	     -0.62845381	     67.05399836	     -0.16866533	      4.13694757	    100.76996156	      1.75876762	     16.17999506	    -15.69367299	     -7.49999987	     65.91155681	     -8.21758618	      3.50968391	    104.77667535	      1.82869796	     26.08787132	     -7.82804070	     -7.49999987	    -35.01917225	      2.43098205	      4.82818048	     -3.81539401	    -17.71348339	      0.61868387	     60.46461631	     88.56048525	      1.96277603	    -11.15473661	      2.12847109	     48.91458657	     75.95502118
      5.47000000	     15.87578025	     -3.18874156	     -3.47968693	     -0.58023250	      0.63121681	     -0.62866140	     66.77441160	     -0.14342656	      4.03316472	    100.70016461	      1.75754943	     16.17409108	    -15.67821240	     -7.49999987	     65.68013228	     -8.29947553	      3.57462425	    104.75557756	      1.82832974	     26.30392470	     -7.43863625	     -7.49999987	    -35.11265840	      2.47373305	      4.95393251	     -3.60957843	    -17.58020308	      0.64821610	     59.81150443	     88.70211056	      2.38208704	    -10.97278195	      1.93758807	     48.04306783	     75.77133076
      5.48000000	     15.95902934	     -3.11033870	     -3.38968319	     -0.58135780	      0.63093229	     -0.62889907	     66.74670521	     -0.29291615	      4.04332609	    100.70243488	      1.75758905	     16.13192266	    -15.69236000	     -7.49999987	     65.66123718	     -8.17339186	      3.53384084	    104.73110075	      1.82790254	     26.18848835	     -7.54253539	     -7.49999987	    -35.25655539	      2.41278817	      4.76516574	     -3.65136130	    -17.38758850	      0.58180167	     60.17214524	     87.81011464	      2.15677276	    -11.03689830	      1.80262172	     48.75296277	     75.06144703
      5.49000000	     16.04662455	     -3.06163843	     -3.33485053	     -0.58175721	      0.63006421	     -0.62901453	     66.71280929	     -0.38172263	      4.07532985	    100.71331994	      1.75777903	     16.30940074	    -15.41913047	     -7.49999987	     65.63743102	     -8.08205594	      3.50800814	    104.70075009	      1.82737282	     26.00960977	     -7.65212693	     -7.49999987	    -35.37684689	      2.37194444	      4.69933390	     -3.67530513	    -17.28961924	      0.60779266	     60.32404982	     86.83143727	      2.11356889	    -11.05286981	      1.76952118	     49.09268987	     74.52104026
      5.50000000	     16.14096767	     -3.07064829	     -3.35709675	     -0.58167868	      0.62965421	     -0.62894335	     66.67549445	     -0.35257905	      4.07424905	    100.71568250	      1.75782027	     16.23783290	    -15.43854916	     -7.49999987	     65.60933566	     -8.11525412	      3.50525405	    104.71391948	      1.82760267	     25.92475629	     -7.66412519	     -7.49999987	    -35.46970354	      2.35304251	      4.67507075	     -3.70108364	    -17.16020796	      0.60301926	     60.41242285	     86.47965101	      1.99675929	    -11.07121427	      1.69211375	     49.30482323	     74.23256381
      5.51000000	     16.31314662	     -3.18915891	     -3.52595269	     -0.58177609	      0.63028419	     -0.62870815	     66.50714594	     -0.10931769	      4.01485842	    100.62529265	      1.75624267	     15.94302090	    -15.78279973	     -7.49999987	     65.45687910	     -8.40797491	      3.51276323	    104.74281381	      1.82810697	     26.06986586	     -7.28358501	     -7.49999987	    -35.53451740	      2.33202043	      5.01289748	     -3.51159727	    -17.14938317	      0.80406236	     59.80519084	     86.24882573	      2.41756897	    -10.89603632	      1.65545796	     48.39524096	     74.02459265
      5.52000000	     16.35045137	     -3.15417072	     -3.45108727	     -0.58186456	      0.63039137	     -0.62906048	     66.51694376	     -0.23220175	      4.01002727	    100.65236926	      1.75671524	     16.20541026	    -15.50210002	     -7.49999987	     65.48119932	     -8.29200353	      3.51320625	    104.74047666	      1.82806618	     25.93180042	     -7.43201814	     -7.49999987	    -35.60708504	      2.34256483	      4.96961138	     -3.53671881	    -17.11500066	      0.82109694	     59.89172367	     85.59039699	      2.41085673	    -10.91532332	      1.66844003	     48.60978238	     73.71347574
      5.53000000	     16.32253641	     -3.22563970	     -3.48948029	     -0.58175537	      0.63019895	     -0.62912683	     66.54682852	     -0.16198146	      3.94390166	    100.58911156	      1.75561119	     15.89882323	    -15.76874582	     -7.49999987	     65.54659504	     -8.36100844	      3.57632338	    104.75508735	      1.82832118	     25.92103161	     -7.34081624	     -7.49999987	    -35.46667477	      2.41794438	      5.41690561	     -3.79634573	    -16.91657601	     -0.25637641	     59.67458907	     91.36800675	      2.93310431	    -10.91146327	      2.29942041	     47.63928856	     76.39202747
      5.54000000	     16.35733326	     -3.19769621	     -3.45178559	     -0.58163395	      0.62983720	     -0.62907806	     66.53892419	     -0.21911070	      3.95305335	    100.60287999	      1.75585149	     15.92561245	    -15.71305713	     -7.49999987	     65.54144777	     -8.29895501	      3.56345473	    104.76319270	      1.82846265	     25.81907156	     -7.44334187	     -7.49999987	    -35.60102832	      2.39732151	      5.34873407	     -3.78630712	    -16.87189626	     -0.28792631	     59.85805086	     90.69501095	      2.78726141	    -10.94977793	      2.19049505	     48.07614692	     75.92011641
      5.55000000	     16.35949094	     -3.28198275	     -3.49932688	     -0.58177806	      0.62951128	     -0.62913427	     66.53475345	     -0.12251122	      3.87810515	    100.56779381	      1.75523912	     15.83514824	    -15.79488247	     -7.49999987	     65.57609650	     -8.42891522	      3.60621863	    104.84114598	      1.82982319	     25.99666453	     -7.20781707	     -7.49999987	    -35.65707161	      2.43933655	      5.45636619	     -3.62468456	    -16.90733643	     -0.06591514	     59.60763049	     89.27024041	      2.83359995	    -10.85274058	      2.01732059	     48.03465602	     75.09142705
      5.56000000	     16.36275516	     -3.19574473	     -3.42545506	     -0.58228174	      0.62881474	     -0.63010317	     66.59554946	     -0.26763782	      3.91581724	    100.62017828	      1.75615341	     15.89948548	    -15.74962567	     -7.49999987	     65.61466623	     -8.29357747	      3.54162968	    104.89379378	      1.83074207	     25.93480375	     -7.40813305	     -7.49999987	    -35.89544915	      2.40356098	      5.29286264	     -3.56432750	    -16.87390059	     -0.13535240	     59.92910917	     88.36069415	      2.66747495	    -10.93703483	      1.91579080	     48.67908255	     74.47000428
      5.57000000	     16.23764298	     -3.28350980	     -3.52058189	     -0.58216515	      0.62820940	     -0.63086199	     66.75370962	     -0.13313870	      3.87200874	    100.60529551	      1.75589365	     15.80425564	    -15.80351831	     -7.49999987	     65.78570310	     -8.44196279	      3.58061544	    105.02016537	      1.83294767	     26.16880819	     -7.21310862	     -7.49999987	    -35.86593527	      2.48913910	      5.39499759	     -3.33772643	    -17.01422516	      0.16315996	     59.62231346	     87.09777253	      2.79333253	    -10.88818467	      1.97169026	     48.41390308	     73.76625337
      5.58000000	     16.17266293	     -3.23783482	     -3.48573016	     -0.58123185	      0.62827228	     -0.63078496	     66.85047282	     -0.21487797	      3.88616216	    100.64666983	      1.75661577	     15.85765992	    -15.80517034	     -7.49999987	     65.85388361	     -8.34549476	      3.54900817	    105.08719230	      1.83411751	     26.15441754	     -7.35009140	     -7.49999987	    -36.07017635	      2.48154437	      5.34328164	     -3.22470472	    -17.05142403	      0.09967447	     59.76784230	     86.76044180	      2.73223090	    -10.93178319	      1.93403828	     48.69391044	     73.52569042
      5.59000000	     15.85997761	     -3.21014309	     -3.47022619	     -0.57994893	      0.62808805	     -0.63020028	     67.19617784	     -0.25167687	      3.89071038	    100.70421014	      1.75762004	     16.03369932	    -15.65815627	     -7.49999987	     66.18276873	     -8.29233842	      3.54118969	    105.18123711	      1.83575890	     26.29795823	     -7.28938889	     -7.49999987	    -35.86662607	      2.53043317	      5.37117903	     -3.08614385	    -17.13076109	      0.20295746	     59.36327266	     87.34819292	      2.98954573	    -10.91101551	      2.22553807	     48.09137255	     73.89493521
      5.60000000	     15.76380118	     -3.17968003	     -3.44942265	     -0.57985391	      0.62778896	     -0.63022414	     67.30573954	     -0.28926864	      3.90211528	    100.74384464	      1.75831179	     16.15627755	    -15.64940774	     -7.49999987	     66.26962442	     -8.22113675	      3.52804191	    105.26233579	      1.83717434	     26.38706796	     -7.44662045	     -7.49999987	    -36.07974587	      2.49543439	      5.33334705	     -2.97167030	    -17.18447151	      0.13908390	     59.50866164	     87.00007110	      3.02339651	    -10.99147351	      2.20051819	     48.32872217	     73.72673979
      5.61000000	     15.62206469	     -3.13669005	     -3.42567526	     -0.58028018	      0.62801485	     -0.63068250	     67.44677075	     -0.34633573	      3.91754982	    100.76202165	      1.75862904	     16.16350132	    -15.66514619	     -7.49999987	     66.39523876	     -8.16506022	      3.48426549	    105.32516709	      1.83827095	     26.46632116	     -7.52546344	     -7.49999987	    -36.33764493	      2.46613770	      5.22952658	     -2.89159339	    -17.19663092	      0.06507661	     59.72933953	     86.62699118	      3.00776768	    -11.07475071	      2.13606639	     48.70652833	     73.45965054
      5.62000000	     15.39674124	     -3.06636273	     -3.40111707	     -0.58051710	      0.62875353	     -0.63093851	     67.67127302	     -0.42217439	      3.94658490	    100.78633532	      1.75905339	     16.25578133	    -15.71057381	     -7.49999987	     66.59378989	     -8.08975972	      3.41623294	    105.36488338	      1.83896413	     26.64600862	     -7.56714115	     -7.49999987	    -36.59251660	      2.41247201	      5.13929357	     -2.76823512	    -17.28255866	      0.00512456	     59.97330113	     86.09548775	      3.06754662	    -11.19701493	      2.10767468	     49.07026755	     73.15951265
      5.63000000	     14.76611820	     -2.98644379	     -3.47623364	     -0.58021031	      0.62825718	     -0.63105365	     68.38075941	     -0.42269552	      3.99053270	    100.86772362	      1.76047389	     16.41885932	    -15.55614521	     -7.49999987	     67.26917336	     -8.11868114	      3.34189197	    105.48365120	      1.84103702	     27.07025881	     -7.12227908	     -7.49999987	    -36.29803172	      2.35532569	      5.51748934	     -3.06644313	    -17.22426578	     -1.15423572	     60.25929918	     91.92200777	      3.53867309	    -11.26454266	      2.46345287	     48.52155020	     77.69286575
      5.64000000	     14.41016340	     -2.89321422	     -3.53311818	     -0.58037991	      0.62743583	     -0.63134865	     68.79636303	     -0.43939189	      4.06861416	    100.92818482	      1.76152913	     16.53664571	    -15.51182379	     -7.49999987	     67.64234089	     -8.10991256	      3.24047641	    105.55511268	      1.84228426	     27.27014328	     -6.99819515	     -7.49999987	    -36.45885996	      2.25059723	      5.43761110	     -2.78587906	    -17.40695867	     -0.94915770	     60.44222429	     91.01301237	      3.62741151	    -11.42982725	      2.48001781	     48.86840491	     77.08638220
      5.65000000	     14.17788716	     -2.83837373	     -3.51850890	     -0.58015387	      0.62706033	     -0.63137589	     69.03215492	     -0.51421813	      4.08329601	    100.95833047	      1.76205527	     16.65338578	    -15.48319894	     -7.49999987	     67.87450200	     -8.06741920	      3.17998064	    105.58895921	      1.84287499	     27.32275543	     -7.09446876	     -7.49999987	    -36.79243069	      2.19650567	      5.43894493	     -2.48856511	    -17.53576833	     -0.99325088	     60.57102974	     90.74145413	      3.84156553	    -11.53322812	      2.46011953	     49.05606641	     76.93732607
      5.66000000	     13.53853299	     -2.69839541	     -3.54204187	     -0.57841437	      0.62618014	     -0.63062592	     69.75264677	     -0.55960657	      4.19011745	    101.06539052	      1.76392382	     16.72042833	    -15.44391439	     -7.49999987	     68.55513955	     -8.03693740	      3.07689760	    105.67357806	      1.84435187	     27.52228058	     -6.94196321	     -7.49999987	    -36.63566293	      2.05968208	      5.40225593	     -2.36142609	    -17.80538296	     -0.69392943	     60.85213039	     90.72137046	      3.91504946	    -11.83888274	      2.79864423	     49.44912811	     76.90600189
      5.67000000	     13.04613519	     -2.60543836	     -3.52843533	     -0.57610466	      0.62570209	     -0.62964847	     70.27395741	     -0.62167339	      4.22047541	    101.18487140	      1.76600916	     16.97887210	    -15.34986483	     -7.49999987	     69.05816341	     -8.03090619	      3.00531587	    105.74479821	      1.84559490	     27.69289923	     -6.90787633	     -7.49999987	    -36.62948812	      1.95054444	      5.38675576	     -2.13954738	    -18.02967706	     -0.48496620	     60.96333164	     90.77717656	      4.11470470	    -12.10398168	      3.12088175	     49.72227104	     76.93624288
      5.68000000	     12.50750234	     -2.47356557	     -3.49327883	     -0.57391137	      0.62591859	     -0.62886985	     70.78954871	     -0.70006356	      4.30746275	    101.27396240	      1.76756409	     17.19685741	    -15.21598158	     -7.49999987	     69.56552139	     -7.96235453	      2.91854614	    105.75937846	      1.84584937	     27.83910010	     -6.84139487	     -7.49999987	    -36.66557066	      1.85744686	      5.33072602	     -1.90727482	    -18.23355871	     -0.28269348	     60.92174358	     91.13209827	      4.39502033	    -12.42836474	      3.56821263	     49.77532506	     77.23766994
      5.69000000	     12.23385470	     -2.42954094	     -3.44691859	     -0.57222690	      0.62680524	     -0.62826801	     70.97157786	     -0.74299656	      4.30599995	    101.31504279	      1.76828108	     17.22092418	    -15.41713809	     -7.49999987	     69.77411705	     -7.94010058	      2.88517823	    105.76059368	      1.84587058	     27.88067736	     -6.92393332	     -7.49999987	    -37.14546629	      1.79950854	      5.27626902	     -1.62515745	    -18.40905879	     -0.38614881	     61.11518081	     90.68745083	      4.60658941	    -12.65990298	      3.45591349	     50.17986881	     76.87203244
      5.70000000	     11.41011984	     -2.23256419	     -3.51914692	     -0.56966066	      0.62614965	     -0.62772272	     71.79677396	     -0.77881367	      4.44863733	    101.45070272	      1.77064879	     17.68783548	    -15.08666781	     -7.49999987	     70.53269713	     -7.96405639	      2.68658289	    105.82648341	      1.84702057	     28.21607169	     -6.57990876	     -7.49999987	    -36.85978087	      1.57298434	      5.29310665	     -1.62344743	    -18.65766882	     -0.14981257	     61.12278863	     90.98081875	      4.74959104	    -12.96612118	      3.78519420	     50.29190076	     77.07726014
      5.71000000	     11.02634760	     -2.16149878	     -3.53067348	     -0.56775279	      0.62543953	     -0.62766704	     72.10275398	     -0.79530798	      4.46610610	    101.55413951	      1.77245410	     17.85896699	    -15.22547342	     -7.49999987	     70.80454645	     -7.97255583	      2.60537314	    105.86273929	      1.84765336	     28.35467382	     -6.68116040	     -7.49999987	    -37.19407565	      1.49912621	      5.17743850	     -1.48547139	    -18.82863545	     -0.21088443	     61.29430756	     90.75120633	      4.85407062	    -13.24236286	      3.74734895	     50.64338577	     76.82823574
      5.72000000	     10.01302835	     -1.92060264	     -3.58558040	     -0.56562608	      0.62383166	     -0.62760701	     73.17763452	     -0.86302442	      4.62521876	    101.78108238	      1.77641500	     18.33219056	    -14.89053291	     -7.49999987	     71.78263982	     -7.96505651	      2.38733094	    105.96317119	      1.84940622	     28.68943639	     -6.47844598	     -7.49999987	    -36.65208295	      1.26259349	      5.12538315	     -1.60918183	    -19.11670957	      0.09503036	     61.45457786	     91.12392251	      4.88604963	    -13.65208602	      4.33478231	     50.78673512	     77.21477578
      5.73000000	      9.21200317	     -1.73492876	     -3.61726108	     -0.56377942	      0.62366009	     -0.62711179	     73.96485350	     -0.89025419	      4.75106803	    101.93842141	      1.77916109	     18.63657110	    -14.79493873	     -7.49999987	     72.51308110	     -7.97276132	      2.21755583	    106.02072572	      1.85041074	     28.95861278	     -6.37522800	     -7.49999987	    -36.47688715	      1.08888776	      5.11325205	     -1.42832759	    -19.42198645	      0.30677756	     61.51019227	     91.42703630	      5.06925087	    -14.05489749	      4.84723467	     50.93587217	     77.45530556
      5.74000000	      8.85398803	     -1.70502794	     -3.56366819	     -0.56203208	      0.62492403	     -0.62638280	     74.15440800	     -0.91203660	      4.73383564	    102.00108116	      1.78025471	     18.77040428	    -15.00074348	     -7.49999987	     72.71551199	     -7.94737307	      2.21149979	    106.01106933	      1.85024220	     29.10141757	     -6.48867943	     -7.49999987	    -36.96497171	      1.05838944	      5.13069407	     -1.08804910	    -19.63234304	      0.18825984	     61.62496909	     91.20143336	      5.29270599	    -14.22866920	      4.78166359	     51.11859393	     77.30406566
      5.75000000	      7.67592088	     -1.30009350	     -3.50566706	     -0.55994933	      0.62490789	     -0.62572235	     75.31044294	     -1.15194020	      4.99658045	    102.10681733	      1.78210015	     19.33987097	    -14.56971144	     -7.49999987	     73.69500356	     -7.78385538	      1.84120412	    105.88296806	      1.84800641	     29.31929440	     -6.40212581	     -7.49999987	    -36.48477972	      0.70263995	      5.08386594	     -0.54480785	    -19.95290550	      0.13123756	     61.19115830	     94.43710851	      5.99516034	    -14.91047171	      6.12564483	     50.55435300	     80.32673135
      5.76000000	      6.78202174	     -1.13025779	     -3.51020212	     -0.55844331	      0.62514819	     -0.62545737	     76.05834623	     -1.20426619	      5.07893850	    102.11042448	      1.78216311	     19.83225691	    -14.33852065	     -7.49999987	     74.37117459	     -7.79656188	      1.67279553	    105.79647706	      1.84649686	     29.75209850	     -6.06207203	     -7.49999987	    -36.59105705	      0.50583765	      5.05503697	     -0.23168282	    -20.29946370	      0.00410285	     61.83160193	     94.14268742	      6.06399565	    -15.16864859	      5.83199198	     51.19753029	     79.97101034
      5.77000000	      5.74102078	     -0.92469531	     -3.46816376	     -0.55651032	      0.62516401	     -0.62528784	     76.97060762	     -1.34000248	      5.15507169	    102.11571388	      1.78225543	     20.20174871	    -14.23102377	     -7.49999987	     75.23785877	     -7.75548817	      1.46153810	    105.68598560	      1.84456842	     29.94939083	     -5.94366875	     -7.49999987	    -36.41457482	      0.32943056	      5.00901975	      0.22272549	    -20.79017399	      0.26264379	     62.16979313	     93.38282227	      6.29251501	    -15.50685909	      6.07884500	     51.51064964	     79.60079815
      5.78000000	      5.17349152	     -0.85967426	     -3.43044272	     -0.55406467	      0.62629074	     -0.62478059	     77.29710471	     -1.39283211	      5.13491584	    102.00871709	      1.78038798	     20.38573611	    -14.40907983	     -7.49999987	     75.61430397	     -7.74346757	      1.39378645	    105.53162407	      1.84187430	     30.01317905	     -5.99527996	     -7.49999987	    -36.86940889	      0.22640819	      5.03938027	      0.82783363	    -21.21080106	      0.10711330	     62.47262854	     93.16946752	      6.62162140	    -15.74783680	      6.01368847	     51.87562510	     79.38452949
      5.79000000	      4.54038980	     -0.73315975	     -3.42834352	     -0.55045559	      0.62791103	     -0.62400554	     77.67181362	     -1.44488149	      5.17427182	    101.89687593	      1.77843598	     20.61140124	    -14.52506407	     -7.49999987	     75.97351453	     -7.71655380	      1.27409687	    105.35154476	      1.83873133	     30.15663500	     -6.02934937	     -7.49999987	    -37.14915015	      0.07899336	      5.03866787	      1.21839668	    -21.56718717	      0.02470114	     62.75640844	     93.07932663	      6.81791265	    -16.00986161	      5.94530664	     52.21166060	     79.20213941
      5.80000000	      2.92284448	     -0.32648552	     -3.44968022	     -0.54568698	      0.62807339	     -0.62303104	     79.19078223	     -1.56521450	      5.48175685	    101.93781761	      1.77915055	     21.40979607	    -13.69149832	     -7.49999987	     77.30945556	     -7.64423590	      0.89146456	    105.16649927	      1.83550168	     30.39204824	     -5.92271419	     -7.49999987	    -35.99094223	     -0.34023096	      5.01167730	      1.01970024	    -22.19818662	      0.85758326	     63.15886269	     93.99080671	      6.82340287	    -16.53846076	      6.86321159	     52.25057165	     80.09557160
      5.81000000	      1.92869012	     -0.10002264	     -3.42417611	     -0.54186285	      0.62917867	     -0.62198050	     79.89189045	     -1.60944985	      5.64470999	    101.83164722	      1.77729753	     21.80538947	    -13.45750232	     -7.49999987	     77.92643557	     -7.58157521	      0.68026450	    104.89892167	      1.83083156	     30.56361078	     -5.88873450	     -7.49999987	    -35.62186519	     -0.60668376	      4.87927164	      1.12940919	    -22.64959993	      1.21966207	     63.38343623	     94.86251485	      6.98143978	    -17.05896873	      7.43276928	     52.25276978	     80.85794298
      5.82000000	      1.10434653	      0.04794554	     -3.35997514	     -0.53849986	      0.63048773	     -0.62143020	     80.35680853	     -1.71333303	      5.71173602	    101.66515226	      1.77439164	     22.04355595	    -13.38401632	     -7.49999987	     78.39340647	     -7.49160691	      0.55389230	    104.62722960	      1.82608964	     30.62080730	     -5.96970942	     -7.49999987	    -35.49358504	     -0.78753604	      5.14427612	      0.80028988	    -22.89533268	      0.10510711	     64.01640315	    101.00669676	      7.51134200	    -17.32860791	      7.67042839	     52.09219606	     88.27475835
      5.83000000	      0.11433842	      0.20515879	     -3.35147441	     -0.53506622	      0.63222467	     -0.62153431	     81.00162232	     -1.76321263	      5.79915588	    101.49621297	      1.77144309	     22.35604118	    -13.24278098	     -7.49999987	     79.02892342	     -7.45243668	      0.42977790	    104.35784151	      1.82138793	     30.79636466	     -5.94487678	     -7.49999987	    -35.17501470	     -0.96452386	      4.94020182	      0.80195295	    -23.39103647	      0.48664684	     64.71956723	    100.11616715	      7.38676425	    -17.72038153	      7.64108777	     52.60783928	     87.41127412
      5.84000000	     -0.90529572	      0.36240514	     -3.30146936	     -0.53162329	      0.63438170	     -0.62188165	     81.63837682	     -1.85293605	      5.88928130	    101.28245822	      1.76771237	     22.69731673	    -13.08349898	     -7.49999987	     79.65440276	     -7.33383811	      0.31412178	    104.02114884	      1.81551154	     30.75151638	     -6.16798859	     -7.49999987	    -34.73865484	     -1.09694534	      4.75391715	      0.88344510	    -23.96249529	      1.04729661	     65.10431632	    100.17566031	      7.57343060	    -18.19494398	      8.18091220	     52.57588968	     87.81311367
      5.85000000	     -1.87210917	      0.57420540	     -3.28708941	     -0.52816920	      0.63570180	     -0.62136137	     82.24747626	     -1.88037241	      6.05237397	    101.10230399	      1.76456809	     23.00905255	    -12.93188040	     -7.49999987	     80.21121732	     -7.26379018	      0.12565268	    103.70041463	      1.80991367	     30.94918770	     -6.01990823	     -7.49999987	    -34.37761578	     -1.34608080	      4.51090150	      0.80495671	    -24.30885508	      1.09774512	     65.90501212	     99.96518057	      7.45906838	    -18.57313719	      7.90633224	     53.17270799	     87.21616195
      5.86000000	     -2.85646908	      0.78302357	     -3.25784055	     -0.52501768	      0.63655693	     -0.62048672	     82.86632115	     -1.89629511	      6.22400232	    100.91876751	      1.76136477	     23.30424969	    -12.84426793	     -7.49999987	     80.80113115	     -7.16781937	     -0.05801720	    103.37841038	      1.80429364	     31.09461803	     -5.99314101	     -7.49999987	    -33.90886789	     -1.57865018	      4.30010577	      0.75707600	    -24.70995732	      1.37434246	     66.58898099	     98.69030293	      7.48175979	    -18.97658442	      7.93929036	     53.55424491	     86.17943095
      5.87000000	     -3.93892376	      0.96827033	     -3.17019761	     -0.52280780	      0.63800741	     -0.62003186	     83.58147158	     -1.96041284	      6.35732081	    100.74174043	      1.75827506	     23.56810754	    -12.77075589	     -7.49999987	     81.49866961	     -7.00334701	     -0.18408912	    103.02650261	      1.79815169	     31.13247265	     -6.12815290	     -7.49999987	    -33.25882239	     -1.73817028	      4.15829683	      0.74902714	    -25.13536680	      1.73136854	     67.08418980	     97.84831787	      7.71919130	    -19.36160997	      8.27135638	     53.66711120	     85.65472370
      5.88000000	     -4.97224693	      1.11260624	     -3.07473967	     -0.52132669	      0.64084222	     -0.61996519	     84.18134585	     -2.00243417	      6.46046602	    100.46789365	      1.75349554	     23.81612568	    -12.70388322	     -7.49999987	     82.09810982	     -6.84942837	     -0.28803505	    102.59719234	      1.79065881	     31.00738979	     -6.41380930	     -7.49999987	    -32.70294056	     -1.85168388	      4.07977195	      0.76529052	    -25.52861085	      1.92308145	     67.45691813	     98.26941699	      8.14577907	    -19.72607302	      8.74871541	     53.61908163	     86.22442966
      5.89000000	     -5.91739601	      1.27040114	     -3.00413206	     -0.51834324	      0.64498945	     -0.62018870	     84.58229406	     -2.02830027	      6.58310466	    100.09168134	      1.74692939	     24.04265623	    -12.66414063	     -7.49999987	     82.46336084	     -6.65090015	     -0.40815491	    102.08616488	      1.78173970	     31.01661414	     -6.64444314	     -7.49999987	    -32.14911763	     -2.03038333	      4.03170827	      0.73569615	    -25.92055769	      2.09560382	     67.76046239	     98.65766727	      8.58048479	    -20.02034263	      9.23787772	     53.49698129	     86.97197037
      5.90000000	     -6.51765534	      1.30595911	     -2.98942440	     -0.51314854	      0.65063212	     -0.62069023	     84.45588883	     -1.94126256	      6.63809780	     99.57582685	      1.73792603	     24.25678704	    -12.72626145	     -7.49999987	     82.32844620	     -6.49541121	     -0.43424471	    101.52731449	      1.77198592	     31.14883056	     -6.81703357	     -7.49999987	    -31.89874024	     -2.08270252	      3.98507947	      0.82537166	    -26.16985946	      2.03863452	     67.85323411	     98.65474214	      8.81265298	    -20.17464060	      9.25099267	     53.53460478	     87.09153304
      5.91000000	     -7.27983976	      1.54332293	     -2.95044631	     -0.50735551	      0.65618335	     -0.62135753	     84.51334599	     -1.95177806	      6.89451792	     99.06998492	      1.72909743	     24.45282109	    -12.67245144	     -7.49999987	     82.25165621	     -6.19612266	     -0.64408157	    100.87536798	      1.76060731	     31.15022288	     -7.26803627	     -7.49999987	    -31.12049891	     -2.31286509	      4.16562772	      0.52267703	    -26.52128940	      2.11689354	     67.62793458	     99.92656218	      9.51435519	    -20.40126960	     10.46051086	     52.48722354	     90.24178165
      5.92000000	     -7.90132864	      1.72441502	     -2.95819210	     -0.50261089	      0.66163851	     -0.62141121	     84.40322992	     -1.89506604	      7.10510999	     98.52746530	      1.71962867	     24.55472012	    -12.76765840	     -7.49999987	     82.04109516	     -5.96732154	     -0.78763449	    100.23475057	      1.74942642	     31.29835537	     -7.60326687	     -7.49999987	    -30.61603000	     -2.45167449	      4.01731587	      0.31084651	    -26.74565828	      2.21596287	     67.95743456	     99.34549135	      9.24718158	    -20.47072197	     10.05797223	     52.69358505	     89.67384751
      5.93000000	     -8.31846995	      1.73355112	     -2.96022484	     -0.49770891	      0.66761627	     -0.62079985	     83.99340852	     -1.79703968	      7.14857771	     97.93503950	      1.70928889	     24.65304997	    -12.79142240	     -7.49999987	     81.63138939	     -5.79477267	     -0.76084059	     99.59153117	      1.73820013	     31.46287233	     -7.68952442	     -7.49999987	    -30.19164292	     -2.42845044	      4.02177370	      0.15215797	    -26.88249636	      2.20781475	     67.93684835	     99.36120840	      9.08001830	    -20.57820577	     10.06468436	     52.65301515	     89.71132272
      5.94000000	     -8.70308002	      1.77329852	     -2.96003753	     -0.49165170	      0.67453201	     -0.62014034	     83.47990823	     -1.71860217	      7.20263721	     97.30302046	      1.69825808	     24.80993653	    -12.88054086	     -7.49999987	     81.07828676	     -5.61270699	     -0.77213440	     98.85737634	      1.72538671	     31.68144363	     -7.95275211	     -7.49999987	    -29.75085133	     -2.41617459	      4.02828842	     -0.11279820	    -26.98816371	      2.27419471	     67.81857786	     99.22892611	      8.81184626	    -20.59039448	     10.11963608	     52.55740755	     89.68489053
      5.95000000	     -8.93299968	      1.99225624	     -2.98952174	     -0.48576061	      0.68236736	     -0.62007633	     82.74546417	     -1.66097554	      7.47084356	     96.61345562	      1.68622290	     24.95060323	    -13.01461057	     -7.49999987	     80.20556129	     -5.36564138	     -0.98207194	     97.99157054	      1.71027555	     31.79788359	     -8.54311257	     -7.49999987	    -29.07203261	     -2.62383435	      3.99177304	      0.04974037	    -27.06942255	      3.00513355	     66.52946078	     99.54685044	      9.06450924	    -20.46287426	     10.59143237	     51.14198419	     90.71318237
      5.96000000	     -9.08466212	      1.95772071	     -2.98189220	     -0.48173372	      0.68948333	     -0.62039343	     81.88965090	     -1.65141344	      7.40943093	     95.87000288	      1.67324720	     25.02723631	    -13.22222641	     -7.49999987	     79.35469456	     -5.19086598	     -0.93629110	     97.19260644	      1.69633099	     32.04608012	     -8.81762056	     -7.49999987	    -28.81408435	     -2.53304562	      3.88071171	     -0.14028101	    -26.94271061	      2.78295228	     66.57919204	     98.71957317	      8.50270976	    -20.48179454	     10.16405981	     51.70827110	     89.77806987
      5.97000000	     -9.32552837	      2.13382837	     -3.04666899	     -0.47932990	      0.69595838	     -0.62029692	     81.18675796	     -1.61455129	      7.60451297	     95.10709269	      1.65993191	     25.17181648	    -13.14801635	     -7.49999987	     78.53696866	     -5.04018736	     -1.12667701	     96.28167868	      1.68043230	     32.12495820	     -9.21371814	     -7.49999987	    -28.01287128	     -2.68921847	      3.88745972	      0.08889673	    -27.03992650	      3.75015185	     65.15901412	     98.77893584	      8.90306951	    -20.16421462	     10.35832546	     49.91491100	     89.90913370
      5.98000000	     -9.46840040	      2.06894419	     -3.02123397	     -0.47736325	      0.70260081	     -0.61982276	     80.36473993	     -1.59480248	      7.52192236	     94.30962389	      1.64601345	     25.13986977	    -13.34611237	     -7.49999987	     77.73480172	     -4.92626634	     -1.05480504	     95.44706507	      1.66586555	     32.34437452	     -9.33358821	     -7.49999987	    -27.79030070	     -2.57526090	      3.71555110	     -0.03046260	    -26.90236414	      3.54874285	     65.27489479	     98.42668926	      8.55846013	    -20.24136894	     10.03551374	     50.50956376	     89.21530058
      5.99000000	     -9.52643213	      1.98177024	     -2.93657316	     -0.47377577	      0.71038561	     -0.61909756	     79.40078868	     -1.63320907	      7.40463328	     93.46154211	      1.63121163	     25.18211080	    -13.51170607	     -7.49999987	     76.82702212	     -4.76490355	     -0.96543812	     94.54497423	      1.65012109	     32.45701813	     -9.60929737	     -7.49999987	    -27.61044619	     -2.43573166	      3.51906132	     -0.17093128	    -26.65342197	      3.38111870	     65.37759391	     97.18118588	      8.17148255	    -20.23279537	      9.66885790	     51.14475864	     87.98231343
      6.00000000	     -9.71898366	      2.02285849	     -2.99680670	     -0.46842406	      0.71930273	     -0.61789563	     78.48873513	     -1.56663174	      7.42658026	     92.49740053	      1.61438419	     25.43065432	    -13.39590498	     -7.49999987	     75.91181868	     -4.67051926	     -1.02577246	     93.46751580	      1.63131589	     32.22065954	    -10.18456026	     -7.49999987	    -26.48690667	     -2.48280147	      3.48755480	      0.49395175	    -26.65464241	      5.38847811	     62.90097773	     95.26360893	      8.92444594	    -20.05194256	     11.02256846	     48.20122531	     87.94908125
      6.01000000	     -9.69726065	      1.97642521	     -2.97875689	     -0.46355044	      0.72908562	     -0.61662788	     77.29218542	     -1.58190694	      7.32697453	     91.47388841	      1.59652053	     25.57192483	    -13.29868462	     -7.49999987	     74.75270604	     -4.58883121	     -1.02455590	     92.36373546	      1.61205129	     32.28733522	    -10.29220785	     -7.49999987	    -26.16309067	     -2.43176624	      3.57059348	      0.01885035	    -26.07536169	      4.32619151	     62.61606409	     99.44678630	      8.62717693	    -19.80025180	      9.98539485	     48.03382602	     93.87542131
      6.02000000	     -9.65429864	      1.88379426	     -2.97503379	     -0.45857830	      0.73943287	     -0.61548309	     75.95674989	     -1.55328952	      7.19077514	     90.31365229	      1.57627059	     25.65881903	    -13.30332834	     -7.49999987	     73.45159067	     -4.52497837	     -0.97321635	     91.12606451	      1.59044986	     32.31675665	    -10.54106286	     -7.49999987	    -25.60802366	     -2.31604665	      3.45044745	      0.22010672	    -25.70922471	      5.15120937	     61.25713625	     96.54486027	      8.37857717	    -19.70147179	     10.10940167	     47.19614616	     91.78032611
      6.03000000	     -9.42944152	      1.84625944	     -2.98550831	     -0.45195226	      0.74932157	     -0.61481858	     74.37714831	     -1.52755914	      7.14736792	     89.10770991	      1.55522293	     25.62690079	    -13.39474069	     -7.49999987	     71.85507545	     -4.41997720	     -0.98866053	     89.81101603	      1.56749793	     32.27802318	    -10.87075397	     -7.49999987	    -25.29367139	     -2.28062463	      3.54933314	      0.00608042	    -25.20580546	      5.09966557	     60.16949015	     96.61849971	      8.07774747	    -19.57965102	     10.10196111	     46.84298236	     91.93056937
      6.04000000	     -9.21486955	      1.75772058	     -3.01991393	     -0.44500051	      0.75775256	     -0.61502402	     72.78872778	     -1.46520972	      7.04922833	     87.86637291	      1.53355751	     25.67152540	    -13.40796827	     -7.49999987	     70.26812271	     -4.35828924	     -0.98455449	     88.49984077	      1.54461361	     32.24909432	    -11.15746634	     -7.49999987	    -24.78532615	     -2.17189669	      3.62376212	     -0.19013236	    -24.72916824	      5.09484967	     58.90282500	     96.77246195	      7.69852315	    -19.45328077	     10.07416631	     46.21180430	     92.15088106
      6.05000000	     -8.98519958	      1.72099228	     -3.06359817	     -0.44050569	      0.76569933	     -0.61575506	     71.25026356	     -1.44624997	      7.00732479	     86.63716637	      1.51210381	     25.69639124	    -13.37445885	     -7.49999987	     68.71927674	     -4.29571214	     -1.05128257	     87.20328183	      1.52198439	     32.20648468	    -11.36104292	     -7.49999987	    -24.18197264	     -2.10574596	      3.60373688	     -0.12520799	    -24.22987099	      5.42408997	     57.26220312	     96.27148851	      7.33760653	    -19.23883116	      9.94403311	     45.36023746	     91.74022854
      6.06000000	     -8.88420602	      1.61174836	     -3.04489665	     -0.43772761	      0.77491101	     -0.61599077	     69.81197199	     -1.46286939	      6.86005569	     85.28805342	      1.48855734	     25.63279573	    -13.33640931	     -7.49999987	     67.34236265	     -4.22783066	     -1.03129887	     85.85708836	      1.49848888	     32.02669166	    -11.59691863	     -7.49999987	    -23.48026355	     -1.92564905	      3.41754907	      0.01279680	    -23.95018818	      6.28369450	     55.81514074	     97.16134693	      6.87706185	    -19.25244564	     10.20183261	     44.81792436	     93.12804721
      6.07000000	     -8.59685385	      1.52848467	     -2.97901743	     -0.43410780	      0.78614072	     -0.61558125	     68.11833476	     -1.54370830	      6.72821810	     83.84836174	      1.46342998	     25.77416736	    -13.06514203	     -7.49999987	     65.68527294	     -4.11024206	     -1.02751281	     84.39112836	      1.47290305	     32.02918687	    -11.55140931	     -7.49999987	    -23.10762798	     -1.81559513	      3.31290585	     -0.06952901	    -23.42997111	      6.43119395	     54.57244854	     94.04786825	      6.48898615	    -18.92399440	      9.66603430	     44.33326160	     90.48087960
      6.08000000	     -8.36708739	      1.48079201	     -2.96050788	     -0.42916012	      0.79760403	     -0.61544886	     66.42142363	     -1.55244069	      6.69261605	     82.25678317	      1.43565170	     25.43795125	    -13.24186822	     -7.49999987	     64.00298119	     -3.98951830	     -1.05741189	     82.78260085	      1.44482895	     31.56826680	    -12.16726000	     -7.49999987	    -22.52875477	     -1.71299150	      3.09781978	      0.30234151	    -23.10919421	      7.65845566	     52.72652474	     93.91930737	      6.31838067	    -19.07066479	     10.72345802	     43.34051134	     91.14410773
      6.09000000	     -7.98606403	      1.38490289	     -2.93415281	     -0.42436707	      0.80856064	     -0.61555082	     64.51961586	     -1.55668040	      6.61096495	     80.61233321	      1.40695063	     25.30623584	    -13.19394107	     -7.49999987	     62.14089471	     -3.92590278	     -1.08609726	     81.15132210	      1.41635776	     31.42178832	    -12.19169980	     -7.49999987	    -22.26993698	     -1.58828918	      2.97390699	      0.32721203	    -22.53843058	      7.37392202	     51.34343291	     96.18515283	      5.99291365	    -18.69201256	      9.72756444	     42.72752796	     94.44833279
      6.10000000	     -7.65578391	      1.26409425	     -2.89602430	     -0.42054324	      0.81902784	     -0.61525543	     62.66496569	     -1.56877590	      6.48247224	     78.90526173	      1.37715661	     25.05693484	    -13.17132390	     -7.49999987	     60.33503341	     -3.87160280	     -1.08783278	     79.45146194	      1.38668961	     31.13060836	    -12.42731373	     -7.49999987	    -21.93888558	     -1.42559693	      2.93589739	      0.28596860	    -22.00062416	      7.27946889	     49.91304791	     95.38216721	      5.86918871	    -18.34898173	      9.52189704	     41.92440027	     93.73652502
      6.11000000	     -7.34080473	      1.18149584	     -2.88170665	     -0.41732122	      0.82922403	     -0.61497590	     60.85586940	     -1.57844549	      6.40365538	     77.15311250	      1.34657584	     24.76209433	    -13.08273895	     -7.49999987	     58.55416756	     -3.81756433	     -1.13078254	     77.70386406	      1.35618827	     30.74080514	    -12.67493903	     -7.49999987	    -21.53747335	     -1.34503699	      2.84421148	      0.26523380	    -21.51328930	      7.42264421	     48.53544335	     94.68667962	      5.74174629	    -18.09751892	      9.61806647	     41.10796678	     93.13663265
      6.12000000	     -7.11845716	      1.09881090	     -2.79486749	     -0.41387675	      0.83911739	     -0.61572858	     59.16132891	     -1.67400797	      6.26928132	     75.38178823	      1.31566040	     24.49755522	    -12.95872884	     -7.49999987	     56.88900447	     -3.71533500	     -1.16892336	     75.91421304	      1.32495297	     30.29572235	    -12.82532143	     -7.49999987	    -20.91110561	     -1.21068811	      2.62214446	      0.26158730	    -21.11490963	      7.82693671	     47.07725580	     93.86444707	      5.60079873	    -17.89664525	      9.98488106	     40.09813749	     92.48863113
      6.13000000	     -7.03748884	      1.00480778	     -2.72593701	     -0.40998125	      0.84921966	     -0.61685322	     57.59471717	     -1.73822425	      6.14421457	     73.52110520	      1.28318536	     24.15270379	    -12.84339362	     -7.49999987	     55.37058060	     -3.64219783	     -1.20503868	     74.08950208	      1.29310575	     29.83606487	    -12.88982420	     -7.49999987	    -20.02599151	     -1.04560956	      2.36973768	      0.40090625	    -20.95856075	      9.35425960	     45.48334914	     92.13460860	      5.51102091	    -17.94939878	     11.50258610	     38.91862515	     91.47481581
      6.14000000	     -6.73458682	      0.97645732	     -2.72864597	     -0.40581477	      0.86024551	     -0.61716478	     55.79091425	     -1.80049199	      6.11337239	     71.59283409	      1.24953068	     23.83951403	    -12.60941474	     -7.49999987	     53.57055144	     -3.57459811	     -1.35738359	     72.17733229	      1.25973209	     29.38292274	    -12.91657387	     -7.49999987	    -19.54894759	     -1.01557453	      2.25777351	      0.27637643	    -20.41098283	      9.11531271	     44.23665095	     90.88228318	      5.30621296	    -17.56995464	     11.06843495	     38.00326547	     90.42423264
      6.15000000	     -6.38997473	      0.84214231	     -2.62132474	     -0.40112044	      0.87067061	     -0.61652989	     53.92853641	     -1.87315107	      5.92790952	     69.63916524	      1.21543272	     23.38709899	    -12.50913137	     -7.49999987	     51.78412436	     -3.48766988	     -1.34701696	     70.27633531	      1.22655344	     28.71879254	    -13.19729369	     -7.49999987	    -19.11495005	     -0.81679261	      2.01649402	      0.13452543	    -20.00591857	      9.13575926	     43.21368491	     90.42208483	      5.01371503	    -17.37491673	     11.26779976	     37.26672755	     90.17607311
      6.16000000	     -6.22754996	      0.75945676	     -2.50771765	     -0.39583593	      0.87910954	     -0.61543702	     52.32907030	     -1.96054243	      5.77490504	     67.77198206	      1.18284423	     22.99287367	    -12.24331032	     -7.49999987	     50.23308767	     -3.41707915	     -1.39066001	     68.41647967	      1.19409283	     28.18832994	    -13.16865497	     -7.49999987	    -18.32741525	     -0.71846411	      1.87082535	     -0.18733860	    -19.62949513	      9.12580810	     42.17260485	     92.33113044	      4.73934233	    -17.21246591	     11.56808105	     36.33579187	     93.45792031
      6.17000000	     -6.02996125	      0.68628904	     -2.45185838	     -0.39076880	      0.88740569	     -0.61544235	     50.67624322	     -1.99902541	      5.68498953	     65.84210987	      1.14916160	     22.51336795	    -12.03634695	     -7.49999987	     48.61508986	     -3.38280419	     -1.46550040	     66.49140197	      1.16049389	     27.49640607	    -13.26603916	     -7.49999987	    -17.67948694	     -0.64690025	      1.69244166	     -0.60058042	    -19.16422433	      8.88216019	     41.45920791	     91.48541637	      4.22990665	    -16.97159114	     11.35471100	     35.76778059	     92.70095963
      6.18000000	     -5.78489955	      0.63206014	     -2.34798903	     -0.38650353	      0.89754025	     -0.61741622	     48.90603611	     -2.13208790	      5.55334287	     63.80833031	      1.11366545	     21.98363528	    -11.86780442	     -7.49999987	     46.89045731	     -3.26243260	     -1.50300903	     64.45457398	      1.12494453	     26.80999240	    -13.24766712	     -7.49999987	    -17.03181667	     -0.54458273	      1.48936208	     -0.87028889	    -18.71045735	      8.80580644	     40.39597008	     90.68315395	      3.86991179	    -16.66785270	     11.41201814	     34.85234607	     92.08947481
      6.19000000	     -5.58043949	      0.60522315	     -2.28365512	     -0.38248356	      0.90907842	     -0.61955432	     47.10153665	     -2.28713511	      5.43831687	     61.61798427	      1.07543670	     21.47677196	    -11.46343121	     -7.49999987	     45.10076489	     -3.13193343	     -1.57563569	     62.24601666	      1.08639794	     26.13060339	    -13.08803320	     -7.49999987	    -16.31936589	     -0.49824709	      1.30285835	     -1.05315635	    -18.27316745	      9.03776951	     39.06569994	     88.40238194	      3.61959536	    -16.33314815	     11.62147752	     33.70903499	     89.85466526
      6.20000000	     -5.46002386	      0.45073546	     -2.12864565	     -0.37785461	      0.91995853	     -0.62040342	     45.28012994	     -2.39022920	      5.18207383	     59.23487540	      1.03384361	     20.64897953	    -11.33158320	     -7.49999987	     43.39624427	     -3.03955852	     -1.48131874	     59.97633368	      1.04678450	     25.28956099	    -13.10093389	     -7.49999987	    -15.55457055	     -0.26042398	      1.04663340	     -1.20588604	    -18.09926809	      9.77988066	     37.91439483	     89.08776945	      3.42239806	    -16.28156030	     12.94434009	     32.66765693	     91.02775948
      6.21000000	     -5.19567786	      0.37482787	     -2.00473184	     -0.37284888	      0.93001038	     -0.62007556	     43.29603115	     -2.53032952	      4.98098392	     56.81846531	      0.99166930	     19.85764296	    -11.11649870	     -7.49999987	     41.49639703	     -2.94026011	     -1.48184567	     57.60635502	      1.00542057	     24.44693064	    -12.97857077	     -7.49999987	    -14.95367482	     -0.16005616	      0.78631803	     -1.55125936	    -17.64722212	      9.46071434	     36.99757886	     88.71868714	      3.08025718	    -15.93321120	     12.75980788	     31.72087746	     90.79522700
      6.22000000	     -5.07411111	      0.31461124	     -1.86534049	     -0.36897439	      0.93949073	     -0.61991699	     41.47991873	     -2.68869522	      4.73854705	     54.37607425	      0.94904153	     19.07778351	    -10.76027100	     -7.49999987	     39.80287721	     -2.85353703	     -1.49862560	     55.23719201	      0.96407087	     23.61836710	    -12.73862203	     -7.49999987	    -14.17932732	     -0.08328964	      0.47086457	     -1.84507906	    -17.28455645	      9.50851470	     36.04925128	     88.80279693	      2.74165650	    -15.67123890	     13.03422922	     30.76344997	     90.89773888
      6.23000000	     -5.01135580	      0.25854667	     -1.73018149	     -0.36640123	      0.94876997	     -0.61988750	     39.77815339	     -2.84075086	      4.46971597	     51.94247452	      0.90656720	     18.23466384	    -10.42678778	     -7.49999987	     38.23904561	     -2.79284746	     -1.53840942	     52.89761820	      0.92323760	     22.65202941	    -12.50863036	     -7.49999987	    -13.43756013	     -0.02267584	      0.22829442	     -2.19507351	    -16.89696913	      9.30300419	     35.39427349	     88.70349952	      2.38249084	    -15.36708589	     13.00351805	     30.05904460	     90.95192916
      6.24000000	     -4.75077797	      0.22847455	     -1.64859042	     -0.36277201	      0.95800258	     -0.61960858	     37.89262554	     -2.95456365	      4.27898176	     49.52150178	      0.86431326	     17.35445850	    -10.22399869	     -7.49999987	     36.44288676	     -2.71707884	     -1.60882170	     50.52851322	      0.88188892	     21.68342213	    -12.42049302	     -7.49999987	    -12.90803663	      0.01193878	     -0.02611377	     -2.29915784	    -16.45804276	      9.20174168	     34.38234256	     88.13638765	      2.14680088	    -15.05434684	     13.11386042	     29.03617300	     90.41249501
      6.25000000	     -4.67400481	      0.19423027	     -1.55221531	     -0.35686858	      0.96632793	     -0.61944754	     36.20467680	     -3.06655041	      4.03017929	     47.13545243	      0.82266884	     16.55102849	     -9.88338268	     -7.49999987	     34.85544283	     -2.65793592	     -1.71314871	     48.21686801	      0.84154310	     20.68599342	    -12.23731419	     -7.49999987	    -12.11590124	      0.04661045	     -0.16253219	     -2.50707637	    -16.03304447	      9.09824157	     33.36131275	     88.09911071	      1.86679762	    -14.70223380	     13.18524828	     27.98275525	     90.54038517
      6.26000000	     -4.58210273	      0.17742734	     -1.48244692	     -0.35104443	      0.97418826	     -0.61988341	     34.49574390	     -3.17896155	      3.78795835	     44.71000346	      0.78033677	     15.67536539	     -9.59840569	     -7.49999987	     33.24589910	     -2.59946453	     -1.87072063	     45.90314389	      0.80116100	     19.58394068	    -12.09328841	     -7.49999987	    -11.35734980	      0.06963888	     -0.30658591	     -2.81952625	    -15.63165203	      8.95862977	     32.67406464	     86.95637857	      1.40506813	    -14.36919638	     13.15782611	     27.19567851	     89.58799675
      6.27000000	     -4.56717733	      0.18569015	     -1.41013899	     -0.34676441	      0.98207960	     -0.62126225	     32.87795137	     -3.33378917	      3.51107695	     42.23308013	      0.73710630	     14.71389665	     -9.25953072	     -7.49999987	     31.73923660	     -2.53437612	     -2.09680518	     43.58100211	      0.76063198	     18.46662750	    -11.82140282	     -7.49999987	    -10.48223195	      0.09269797	     -0.50867978	     -3.09895076	    -15.32659299	      9.07645286	     31.99664162	     86.76889807	      0.92960316	    -14.11511109	     13.42066444	     26.44137168	     89.44267119
      6.28000000	     -4.56999238	      0.19621861	     -1.30854287	     -0.34267216	      0.99034633	     -0.62320576	     31.27008518	     -3.52468358	      3.15105239	     39.71183889	      0.69310234	     13.72125104	     -8.87133200	     -7.49999987	     30.26942926	     -2.43247646	     -2.28410537	     41.24147736	      0.71979957	     17.31550210	    -11.57593926	     -7.49999987	     -9.60759777	      0.13507375	     -0.68321336	     -3.41508648	    -15.03800841	      8.98769534	     31.38921116	     86.60539062	      0.54229824	    -13.77522876	     13.44958346	     25.64879538	     89.51390733
      6.29000000	     -4.61446671	      0.23786324	     -1.24675882	     -0.33798133	      0.99789911	     -0.62450472	     29.71387729	     -3.69421510	      2.85170211	     37.18218245	      0.64895151	     12.69294621	     -8.50072849	     -7.49999987	     28.83331625	     -2.32672927	     -2.55362807	     38.89196267	      0.67879280	     16.19672032	    -11.22771805	     -7.49999987	     -8.73294952	      0.14856365	     -0.88876999	     -3.66243517	    -14.80144200	      9.04404027	     30.87116862	     86.41219274	      0.04697121	    -13.53487039	     13.64441027	     25.10928920	     89.29318866
      6.30000000	     -4.61792470	      0.23977622	     -1.11373135	     -0.33365096	      1.00366839	     -0.62521688	     28.13467261	     -3.85392487	      2.41318466	     34.70056667	      0.60563914	     11.73825486	     -8.10995443	     -7.49999987	     27.40484624	     -2.20800408	     -2.69914851	     36.62681027	      0.63925843	     15.10310866	    -10.92891883	     -7.49999987	     -7.83686988	      0.18158394	     -1.02712065	     -3.85266789	    -14.54184722	      9.24476750	     29.98812126	     85.32027333	     -0.20573712	    -13.15826717	     13.86868243	     24.14274324	     88.01727340
      6.31000000	     -4.69165807	      0.27470732	     -1.00897376	     -0.33020860	      1.00811486	     -0.62601226	     26.75263823	     -4.01076238	      2.03511395	     32.37983035	      0.56513465	     10.80710587	     -7.76193593	     -7.49999987	     26.13718437	     -2.06691583	     -2.87562025	     34.47785631	      0.60175211	     14.04972224	    -10.63550160	     -7.49999987	     -6.95858982	      0.20278854	     -1.26865566	     -4.07347661	    -14.35073656	      9.30372413	     29.57403072	     85.23077447	     -0.64815494	    -12.90779929	     14.05501863	     23.57302653	     88.03906850
      6.32000000	     -4.84484602	      0.30483612	     -0.93380269	     -0.32713355	      1.01282655	     -0.62663608	     25.56162227	     -4.14774320	      1.63058995	     30.20640079	      0.52720115	      9.94366021	     -7.30853498	     -7.49999987	     25.05515406	     -1.95671686	     -3.08570867	     32.46391796	      0.56660226	     13.08280737	    -10.28308741	     -7.49999987	     -6.01191614	      0.22209476	     -1.35542192	     -4.30776290	    -14.15143862	      9.25846527	     29.05297728	     85.01475654	     -0.91071262	    -12.57390433	     14.07285474	     22.80179962	     88.09249170
      6.33000000	     -4.95246096	      0.35988386	     -0.84918324	     -0.32418876	      1.01808168	     -0.62604958	     24.36501394	     -4.28536101	      1.21856270	     28.10620620	      0.49054584	      9.14089034	     -6.81248467	     -7.49999987	     23.97637682	     -1.82163890	     -3.26919370	     30.51058704	      0.53251020	     12.18773828	     -9.88965988	     -7.49999987	     -5.25184434	      0.20854289	     -1.51158825	     -4.47885236	    -13.92476088	      9.24761079	     28.68340860	     84.07290356	     -1.20082259	    -12.31428076	     14.11454566	     22.33091511	     87.41071053
      6.34000000	     -5.13656996	      0.45471394	     -0.77395818	     -0.32108551	      1.02209226	     -0.62462641	     23.32365065	     -4.43612188	      0.79992743	     26.14067263	      0.45624081	      8.39563744	     -6.26666196	     -7.49999987	     23.03243968	     -1.68607029	     -3.53301956	     28.66275731	      0.50025949	     11.37548924	     -9.35245964	     -7.49999987	     -4.38597744	      0.11241368	     -1.63038066	     -4.67698083	    -13.72729125	      9.50890371	     28.27316852	     82.36681972	     -1.45662511	    -12.16142599	     14.48323767	     21.83961172	     86.08287082
      6.35000000	     -5.52807216	      0.53661932	     -0.71458856	     -0.31766094	      1.02426630	     -0.62391196	     22.59076115	     -4.53618701	      0.42419528	     24.30905250	      0.42427300	      7.67834052	     -5.85407576	     -7.49999987	     22.40103086	     -1.57380495	     -3.77226031	     26.96777889	      0.47067653	     10.57262685	     -8.91767144	     -7.49999987	     -3.29359693	      0.02081944	     -1.68839170	     -5.02430816	    -13.55766757	      9.55290504	     28.10161499	     82.31363847	     -1.84750340	    -12.04354296	     14.53809044	     21.63961634	     86.11197880
      6.36000000	     -5.42024089	      0.64443991	     -0.67816616	     -0.31430939	      1.02728440	     -0.62402048	     21.35441038	     -4.66630372	      0.01464294	     22.51111453	      0.39289307	      7.06228636	     -5.38110555	     -7.49999987	     21.24474448	     -1.42415318	     -3.99215852	     25.25183488	      0.44072766	      9.73904924	     -8.59258262	     -7.49999987	     -2.85208071	     -0.09237250	     -1.83882498	     -4.94479697	    -13.25725266	      9.61307257	     27.47072358	     81.19098550	     -2.03977786	    -11.87568123	     14.59442966	     21.20154898	     85.18413249
      6.37000000	     -5.73535327	      0.73318300	     -0.61276121	     -0.31102685	      1.03047008	     -0.62400337	     20.60356980	     -4.76966290	     -0.41907857	     20.80876178	      0.36318141	      6.43786929	     -4.88708862	     -7.49999987	     20.61599434	     -1.29758151	     -4.18035956	     23.66336414	      0.41300362	      8.98689013	     -8.17897996	     -7.49999987	     -1.86166438	     -0.19733612	     -1.90727669	     -5.21394905	    -13.07150624	      9.69368381	     27.16204245	     80.66670827	     -2.29910344	    -11.72525428	     14.72937950	     20.79387936	     84.82196531
      6.38000000	     -6.31364060	      0.81063828	     -0.61424816	     -0.30805340	      1.03264211	     -0.62347368	     20.22068121	     -4.80105935	     -0.66827974	     19.25330175	      0.33603351	      6.00299791	     -4.51443942	     -7.49999987	     20.31958157	     -1.19370548	     -4.25734244	     22.19893239	      0.38744446	      8.54876822	     -7.74422250	     -7.49999987	     -0.59741040	     -0.29077208	     -1.87710970	     -5.69709905	    -12.89562295	      9.66211972	     27.34967736	     79.98962648	     -2.82252514	    -11.60072684	     14.67805369	     20.78274537	     84.19455848
      6.39000000	     -5.93893611	      0.90347883	     -0.57790113	     -0.30586176	      1.03505939	     -0.62336072	     18.78048289	     -4.91924617	     -1.32481254	     17.55071916	      0.30631784	      5.28741526	     -3.79413939	     -7.49999987	     18.92027193	     -1.06712000	     -4.55048039	     20.49046982	      0.35762616	      7.66437651	     -7.12438991	     -7.49999987	     -0.60921683	     -0.43667761	     -1.93353496	     -5.36698468	    -12.59834588	      9.90017142	     26.36312309	     79.80939178	     -2.68853209	    -11.53669903	     15.11304702	     20.23193760	     84.45933878
      6.40000000	     -6.08576451	      0.97950253	     -0.56523637	     -0.30391874	      1.03612105	     -0.62379729	     18.06092285	     -4.97936918	     -1.74825352	     16.11643465	      0.28128485	      4.80384374	     -3.24327536	     -7.49999987	     18.21321748	     -0.95466119	     -4.76213222	     19.04431935	      0.33238608	      7.09002893	     -6.60713048	     -7.49999987	      0.00120442	     -0.54619482	     -1.93624066	     -5.42535344	    -12.39604876	     10.01793595	     26.05973609	     78.89049218	     -2.84100569	    -11.45318987	     15.30758180	     20.03710805	     84.02604570
      6.41000000	     -6.47351928	      1.05699504	     -0.57055586	     -0.30201293	      1.03673600	     -0.62412486	     17.71011736	     -5.00672526	     -1.96514205	     14.84692071	      0.25912765	      4.29330220	     -2.99370141	     -7.49999987	     17.86637426	     -0.82069380	     -4.78643925	     17.79028807	      0.31049910	      6.55247238	     -6.35401383	     -7.49999987	      0.91863487	     -0.63183833	     -1.93801635	     -5.58938741	    -12.20710752	      9.97011356	     25.86934586	     78.66809099	     -3.02810463	    -11.31316427	     15.23206528	     19.70367278	     83.91428261
      6.42000000	     -6.42115252	      1.14236498	     -0.57615795	     -0.29973378	      1.03711565	     -0.62403284	     16.91241960	     -5.07699634	     -2.43835655	     13.61687226	      0.23765925	      3.89682254	     -2.41626206	     -7.49999987	     17.03600947	     -0.70937182	     -5.06519298	     16.52932006	      0.28849106	      6.11315760	     -5.74185559	     -7.49999987	      1.19996950	     -0.74918669	     -1.86785178	     -5.56244863	    -12.02362683	     10.02931871	     25.54437453	     77.95389289	     -3.11081313	    -11.28737000	     15.38629203	     19.60571732	     83.55473376
      6.43000000	     -7.00178781	      1.17561029	     -0.54906043	     -0.29686734	      1.03532846	     -0.62401723	     16.89084902	     -5.06146220	     -2.61584123	     12.60018745	      0.21991476	      3.53523105	     -2.21500913	     -7.49999987	     17.01261053	     -0.63532982	     -5.09131007	     15.55071957	      0.27141126	      5.81518289	     -5.47544613	     -7.49999987	      2.27134616	     -0.78180088	     -1.89118453	     -6.07411833	    -11.94612352	      9.80646053	     26.03678083	     76.74243329	     -3.50085559	    -11.18778658	     15.10413239	     19.78657541	     82.31322666
      6.44000000	     -6.82739762	      1.22560797	     -0.55449698	     -0.29452841	      1.03498490	     -0.62410400	     16.08218164	     -5.07728768	     -2.95146327	     11.60217559	      0.20249616	      3.26935901	     -1.89791569	     -7.49999987	     16.17685931	     -0.55518813	     -5.25475538	     14.56918773	      0.25428030	      5.49976094	     -5.13674203	     -7.49999987	      2.36799639	     -0.89031855	     -1.84592566	     -5.91707764	    -11.77086453	      9.99437740	     25.44945525	     76.81829141	     -3.45708234	    -11.14498061	     15.42368464	     19.56305475	     82.58351461
      6.45000000	     -6.71619944	      1.27906777	     -0.54095325	     -0.29271203	      1.03618757	     -0.62438026	     15.38389087	     -5.11125812	     -3.33661438	     10.70170086	      0.18677992	      3.18812519	     -1.33291965	     -7.49999987	     15.47876460	     -0.47170586	     -5.37177688	     13.72586264	      0.23956150	      5.40494951	     -4.58060000	     -7.49999987	      2.54331120	     -0.97332576	     -1.90736086	     -5.73507715	    -11.65415137	     10.73057577	     24.87219393	     74.98881095	     -3.52295204	    -11.29087994	     16.70861518	     19.69967723	     81.44686593
      6.46000000	     -6.94052833	      1.30768763	     -0.55938870	     -0.29070915	      1.03751057	     -0.62497594	     15.10048966	     -5.08359380	     -3.40605704	      9.87566546	      0.17236288	      2.86903213	     -1.28227598	     -7.49999987	     15.20373796	     -0.39947594	     -5.29700627	     12.99508751	      0.22680706	      5.14987068	     -4.49789093	     -7.49999987	      3.16539398	     -1.02028619	     -1.88482924	     -5.87982242	    -11.53301259	     10.65978840	     24.67288832	     74.70437122	     -3.51713466	    -11.07925215	     16.58324775	     19.21704585	     81.18533207
      6.47000000	     -6.74195482	      1.37696309	     -0.55997790	     -0.28844734	      1.03822023	     -0.62558918	     14.36903321	     -5.12668917	     -3.68754017	      9.04771439	      0.15791241	      2.62195548	     -0.99931505	     -7.49999987	     14.44132087	     -0.28213138	     -5.35196951	     12.17019694	      0.21241001	      4.85463656	     -4.20130150	     -7.49999987	      3.11327672	     -1.11457302	     -1.74145741	     -6.01652909	    -11.46828514	     10.65725314	     24.69677573	     73.94159465	     -3.55236332	    -11.13404304	     16.68709612	     19.63746531	     80.58230133
      6.48000000	     -6.73398194	      1.42100187	     -0.57214653	     -0.28636559	      1.03748950	     -0.62560155	     13.91956764	     -5.13134240	     -3.85351134	      8.36399351	      0.14597923	      2.47317308	     -0.81456892	     -7.49999987	     13.96677539	     -0.19632053	     -5.33341139	     11.52194754	      0.20109592	      4.72503301	     -3.99747875	     -7.49999987	      3.33722790	     -1.17681483	     -1.71252848	     -6.17732739	    -11.37804900	     10.61053530	     24.72404007	     72.83678105	     -3.65392985	    -11.10197537	     16.80260835	     19.81967702	     79.51686997
      6.49000000	     -6.83343405	      1.44891555	     -0.55375550	     -0.28463458	      1.03694800	     -0.62528969	     13.64412740	     -5.12804232	     -4.08976487	      7.80587847	      0.13623828	      2.34684090	     -0.58486315	     -7.49999987	     13.68816601	     -0.13027993	     -5.30311884	     11.01209367	      0.19219729	      4.67011611	     -3.73854620	     -7.49999987	      3.74178292	     -1.23539917	     -1.74943217	     -6.13944684	    -11.36416104	     11.65618963	     24.27080036	     70.31240710	     -3.65866626	    -11.18729525	     18.35857383	     19.73059791	     76.72045322
      6.50000000	     -6.81636095	      1.48164335	     -0.57920920	     -0.28281238	      1.03719425	     -0.62527414	     13.27038569	     -5.11584133	     -4.19700742	      7.27958674	      0.12705276	      2.17952811	     -0.51969341	     -7.49999987	     13.30984638	     -0.06204166	     -5.24092082	     10.53918213	      0.18394343	      4.58185277	     -3.63403678	     -7.49999987	      3.94674400	     -1.29193354	     -1.66795468	     -6.26175560	    -11.36464434	     12.04478661	     24.21556639	     69.44955640	     -3.67424936	    -11.22836307	     19.03194308	     19.77126344	     75.92868552
      6.51000000	     -6.97681475	      1.50620494	     -0.60473811	     -0.28081518	      1.03665550	     -0.62565947	     13.15012411	     -5.10474865	     -4.25820895	      6.87455295	      0.11998358	      1.95794363	     -0.50197950	     -7.49999987	     13.15756974	     -0.00101458	     -5.12138314	     10.11264838	      0.17649901	      4.45387823	     -3.57922104	     -7.49999987	      4.34096234	     -1.32317897	     -1.59116705	     -6.62458072	    -11.36855827	     11.84870344	     24.53801421	     69.07974970	     -3.92156080	    -11.20079097	     18.77142685	     20.13541784	     75.43093156
      6.52000000	     -6.60921591	      1.50766542	     -0.64253190	     -0.27918260	      1.03595260	     -0.62585411	     12.47238843	     -5.07922728	     -4.32563425	      6.47614763	      0.11303010	      1.98380438	     -0.43029623	     -7.49999987	     12.46196110	      0.04343992	     -4.99827739	      9.70040098	      0.16930394	      4.45703214	     -3.60121621	     -7.49999987	      4.03659202	     -1.33508125	     -1.49830601	     -6.58113960	    -11.29146746	     11.69561564	     24.36555695	     68.55446233	     -3.84763271	    -11.15759048	     18.76470849	     20.16805304	     74.84769367
      6.53000000	     -6.52574869	      1.51062457	     -0.64769050	     -0.27776635	      1.03521564	     -0.62584765	     12.14478726	     -5.06296056	     -4.40692454	      6.17984575	      0.10785866	      1.97403602	     -0.37639060	     -7.49999987	     12.12520848	      0.07217122	     -4.92813093	      9.38230151	      0.16375205	      4.50119815	     -3.49543543	     -7.49999987	      4.13447859	     -1.34959705	     -1.44233585	     -6.64339143	    -11.23997555	     11.66279191	     24.18543244	     68.19336925	     -3.86171535	    -11.12104757	     18.86701551	     20.12740135	     74.48718309
      6.54000000	     -6.51111664	      1.50769254	     -0.63437709	     -0.27692524	      1.03543379	     -0.62617515	     11.93453293	     -5.04847171	     -4.49546807	      5.96300281	      0.10407403	      1.98214966	     -0.28190979	     -7.49999987	     11.90393457	      0.09743624	     -4.82120297	      9.13037546	      0.15935511	      4.55118893	     -3.35837853	     -7.49999987	      4.28043675	     -1.34357096	     -1.40714846	     -6.69092329	    -11.21795351	     11.87540689	     23.94787481	     68.14832108	     -3.86583141	    -11.14545712	     19.30629374	     20.05006507	     74.73995400
      6.55000000	     -6.37261100	      1.49420895	     -0.67120498	     -0.27678949	      1.03658190	     -0.62692897	     11.61021655	     -5.01424367	     -4.42867946	      5.73082433	      0.10002175	      1.84930587	     -0.45410748	     -7.49999987	     11.55240113	      0.10599899	     -4.68466432	      8.88578701	      0.15508624	      4.58405214	     -3.30021994	     -7.49999987	      4.20593787	     -1.32620721	     -1.33068079	     -6.77263324	    -11.18257218	     11.52438797	     24.10757784	     67.51224125	     -3.98026239	    -11.09624607	     18.94351684	     20.35454417	     73.82595888
      6.56000000	     -6.28033283	      1.51080523	     -0.69544471	     -0.27691433	      1.03813055	     -0.62780564	     11.40011687	     -5.03693393	     -4.50449605	      5.62113546	      0.09810732	      1.86574542	     -0.32332066	     -7.49999987	     11.26381747	      0.15715808	     -4.53508991	      8.62106684	      0.15046600	      4.52227633	     -3.27296421	     -7.49999987	      4.17867538	     -1.32882074	     -1.25371482	     -6.78655366	    -11.17989388	     11.51948747	     24.00984440	     67.25659164	     -3.96801873	    -11.07116564	     18.99488866	     20.38919248	     73.51592733
      6.57000000	     -6.22744074	      1.50557031	     -0.72327944	     -0.27657985	      1.03920985	     -0.62826075	     11.24322258	     -5.03532824	     -4.56226345	      5.51524063	      0.09625911	      1.85458615	     -0.22406519	     -7.49999987	     11.06419559	      0.17646067	     -4.41842432	      8.43110265	      0.14715050	      4.55398181	     -3.18496569	     -7.49999987	      4.23169275	     -1.29516198	     -1.19009920	     -6.70959380	    -11.19644244	     11.78508246	     23.76459095	     67.12102277	     -3.88963856	    -11.04681081	     19.45813529	     20.27267814	     73.49822162
      6.58000000	     -6.22544310	      1.51286164	     -0.75860651	     -0.27569277	      1.03902870	     -0.62824913	     11.16594104	     -5.03946505	     -4.58814030	      5.43968725	      0.09494045	      1.85827480	     -0.18849539	     -7.49999987	     10.94362698	      0.20209618	     -4.34301922	      8.29353215	      0.14474944	      4.57158863	     -3.11993858	     -7.49999987	      4.32644865	     -1.28810470	     -1.08708569	     -6.70982342	    -11.24664517	     12.17693754	     23.62638997	     67.10594061	     -3.83173415	    -11.07404816	     20.01426736	     20.19970613	     73.71840849
      6.59000000	     -6.59230676	      1.50894734	     -0.80096932	     -0.27534225	      1.03781318	     -0.62811121	     11.79313488	     -5.05308504	     -4.54347943	      5.92649592	      0.10343687	      2.09259878	     -0.29253549	     -7.49999987	     11.48144977	      0.17786766	     -4.30361712	      8.64114952	      0.15081651	      4.77611630	     -3.12091281	     -7.49999987	      4.64361074	     -1.23297103	     -1.05955746	     -7.10385282	    -11.40581197	     11.90703833	     24.68480820	     66.70806340	     -4.23377123	    -11.18566623	     19.64215513	     21.30441241	     73.02334611
      6.60000000	     -6.02924710	      1.53069610	     -0.83998003	     -0.27415089	      1.03903054	     -0.62816563	     10.80580147	     -5.05041279	     -4.55819586	      5.26252935	      0.09184846	      1.86114967	     -0.13344402	     -7.49999987	     10.50356081	      0.25100592	     -4.17848514	      8.01344568	      0.13986101	      4.58758442	     -3.00951499	     -7.49999987	      4.17912486	     -1.26602368	     -0.98682445	     -6.79757638	    -11.25981759	     11.96580781	     23.78409703	     66.70436164	     -3.93503251	    -11.06234757	     19.79721991	     20.59481123	     73.17254866
      6.61000000	     -5.94014956	      1.55010978	     -0.88512739	     -0.27325640	      1.03962694	     -0.62863713	     10.63502032	     -5.07313025	     -4.54322900	      5.18934688	      0.09057119	      1.87565961	     -0.11726984	     -7.49999987	     10.29411697	      0.28589753	     -4.13114170	      7.87402854	      0.13742772	      4.63203056	     -2.91799694	     -7.49999987	      4.12160620	     -1.27185563	     -0.91755065	     -6.80997079	    -11.26710648	     11.99085576	     23.64800246	     66.61065601	     -3.90651591	    -11.00074210	     19.83640662	     20.55287678	     73.11472738
      6.62000000	     -6.08373882	      1.56095140	     -0.91323455	     -0.27237415	      1.03911527	     -0.62917789	     10.72082946	     -5.08366111	     -4.52177417	      5.12757796	      0.08949312	      1.82999294	     -0.12531319	     -7.49999987	     10.34844453	      0.31100194	     -4.07959180	      7.77211900	      0.13564907	      4.63331854	     -2.83313669	     -7.49999987	      4.35483247	     -1.27397601	     -0.88529299	     -7.04760677	    -11.33442463	     11.88313677	     23.96473607	     66.40159027	     -4.09302424	    -11.01542045	     19.67715815	     20.91746051	     72.77230892
      6.63000000	     -5.88052252	      1.54660017	     -0.93740153	     -0.27243910	      1.03862318	     -0.62936037	     10.46402874	     -5.07731860	     -4.53407425	      5.09668933	      0.08895401	      1.90785384	     -0.02668738	     -7.49999987	     10.06832189	      0.31593791	     -4.04073573	      7.72192753	      0.13477306	      4.73698121	     -2.74720775	     -7.49999987	      4.15990190	     -1.23611698	     -0.81126370	     -6.83684041	    -11.33660721	     12.42401768	     23.48639829	     66.53498513	     -3.83196789	    -10.99729171	     20.40152300	     20.49280668	     73.32144180
      6.64000000	     -6.21489718	      1.54771096	     -0.99632571	     -0.27336178	      1.03769235	     -0.62928305	     11.10698395	     -5.09412770	     -4.39584050	      5.62749048	      0.09821824	      2.20308815	     -0.17550106	     -7.49999987	     10.65416976	      0.28458158	     -4.06947813	      8.19119814	      0.14296338	      4.99334588	     -2.74905647	     -7.49999987	      4.39538187	     -1.18314963	     -0.79812650	     -7.12282324	    -11.49207472	     12.15848225	     24.42539136	     66.24636688	     -4.16140478	    -11.11637983	     20.02965263	     21.50817691	     72.79060150
      6.65000000	     -5.69157633	      1.54415482	     -1.01710414	     -0.27264800	      1.03863667	     -0.62926529	     10.20087249	     -5.07937687	     -4.51429685	      5.00825949	      0.08741062	      1.86735504	      0.01507904	     -7.49999987	      9.75593248	      0.32952296	     -3.96121680	      7.58588808	      0.13239872	      4.74275457	     -2.64916739	     -7.49999987	      3.92345449	     -1.19490703	     -0.76654159	     -6.82090680	    -11.37470156	     12.19984973	     23.64189832	     66.13102801	     -3.89502450	    -10.93741053	     20.10868692	     20.79163880	     72.73036500
      6.66000000	     -5.73176479	      1.54421357	     -1.01238665	     -0.27212829	      1.03829217	     -0.62938608	     10.22292699	     -5.09109024	     -4.57599533	      4.99766908	      0.08722578	      1.97263092	      0.14817218	     -7.49999987	      9.79101011	      0.33717322	     -3.87449461	      7.57575452	      0.13222186	      4.82755831	     -2.61488639	     -7.49999987	      4.01753332	     -1.18105490	     -0.80334684	     -6.74383464	    -11.41683418	     12.64882592	     23.40207201	     65.84664941	     -3.82131258	    -10.92233886	     20.60564734	     20.63880763	     72.15485853
      6.67000000	     -6.02655053	      1.52448153	     -1.04254528	     -0.27247862	      1.03713949	     -0.62966996	     10.82215793	     -5.08953563	     -4.50291407	      5.51961281	      0.09633542	      2.18252906	     -0.00017546	     -7.49999987	     10.35323079	      0.28343244	     -3.90276240	      8.01768810	      0.13993506	      4.97357483	     -2.65342164	     -7.49999987	      4.17297504	     -1.11478784	     -0.78579736	     -6.99480483	    -11.58028229	     12.44306832	     24.30615512	     65.58772123	     -4.07625111	    -11.04586807	     20.31415683	     21.56374707	     71.66368102
      6.68000000	     -5.53208814	      1.54938944	     -1.13869383	     -0.27197530	      1.03761560	     -0.63024242	      9.96383171	     -5.08627831	     -4.47379816	      4.89381343	      0.08541316	      2.07436182	      0.15600007	     -7.49999987	      9.50986780	      0.33877144	     -3.84586405	      7.47015179	      0.13037874	      4.91530478	     -2.44853407	     -7.49999987	      3.74818458	     -1.14251809	     -0.69024454	     -6.77630520	    -11.50143957	     12.57754429	     23.65819540	     65.63572002	     -3.86854259	    -10.92239640	     20.48279689	     20.97724023	     71.84821518
      6.69000000	     -5.70245780	      1.56564653	     -1.17395178	     -0.27206713	      1.03742417	     -0.63096742	     10.15541907	     -5.10407787	     -4.43811218	      4.89367643	      0.08541077	      2.11887812	      0.10410704	     -7.49999987	      9.70511199	      0.35262435	     -3.83878539	      7.50142190	      0.13092451	      4.96780929	     -2.46113509	     -7.49999987	      3.93332840	     -1.11363046	     -0.70169176	     -6.93553493	    -11.58964195	     12.44972084	     23.98578359	     65.50426418	     -4.01134773	    -10.95587680	     20.29852352	     21.29909807	     71.60221246
      6.70000000	     -5.81742164	      1.57772463	     -1.22566726	     -0.27198350	      1.03737749	     -0.63122147	     10.28298826	     -5.11504563	     -4.39400407	      4.88912263	      0.08533129	      2.13213811	      0.07325626	     -7.49999987	      9.81753970	      0.36729631	     -3.79208906	      7.50159614	      0.13092755	      5.00948242	     -2.44002802	     -7.49999987	      4.06964002	     -1.08237825	     -0.68930929	     -7.07144917	    -11.66060620	     12.34909935	     24.25074657	     65.39344998	     -4.16299538	    -10.96508397	     20.15618463	     21.56810278	     71.39609727
      6.71000000	     -5.29877583	      1.55845560	     -1.26854863	     -0.27216922	      1.03818429	     -0.63119232	      9.69512463	     -5.11350267	     -4.44313301	      4.80646589	      0.08388866	      2.07301455	      0.21821315	     -7.49999987	      9.18233862	      0.37294969	     -3.75281894	      7.34098323	      0.12812433	      4.96750445	     -2.29420710	     -7.49999987	      3.37118173	     -1.04320321	     -0.60560871	     -6.72667886	    -11.60535499	     12.51491174	     23.73376706	     65.38866199	     -3.82854575	    -10.83639503	     20.34553164	     21.20073937	     71.48096544
      6.72000000	     -5.26826958	      1.55786162	     -1.33506004	     -0.27240560	      1.03827453	     -0.63078478	      9.68603049	     -5.11009416	     -4.43111149	      4.82064459	      0.08413612	      2.08132905	      0.27820516	     -7.49999987	      9.13698710	      0.37174812	     -3.78590117	      7.32571891	      0.12785792	      5.01936786	     -2.19315113	     -7.49999987	      3.32605025	     -1.02158807	     -0.55638331	     -6.63600271	    -11.64896903	     12.74831388	     23.57543133	     65.40784046	     -3.75860401	    -10.80821066	     20.56050595	     21.05034710	     71.62762260
      6.73000000	     -5.19725514	      1.55297133	     -1.37486880	     -0.27293867	      1.03815631	     -0.62993123	      9.62662693	     -5.09531792	     -4.37795800	      4.81851255	      0.08409891	      2.01989976	      0.18147404	     -7.49999987	      9.06143779	      0.36248997	     -3.81582388	      7.32146911	      0.12778374	      5.04605101	     -2.10488376	     -7.49999987	      3.15763646	     -0.99823695	     -0.53062019	     -6.69899009	    -11.68814112	     12.69275686	     23.78411133	     65.15126057	     -3.83493673	    -10.82282046	     20.43499277	     21.33012431	     71.19917882
      6.74000000	     -5.16627242	      1.54372502	     -1.39919651	     -0.27372009	      1.03780793	     -0.62918264	      9.63889432	     -5.08393356	     -4.39244426	      4.86297181	      0.08487487	      2.10676452	      0.29713346	     -7.49999987	      9.05514650	      0.34963916	     -3.81162792	      7.34800623	      0.12824690	      5.11002340	     -2.04156693	     -7.49999987	      3.07905501	     -0.98117801	     -0.51152464	     -6.61025631	    -11.71820443	     12.91876448	     23.62961556	     65.16176857	     -3.71243095	    -10.80062340	     20.60053047	     21.12167955	     71.29789570
      6.75000000	     -5.15626777	      1.52364344	     -1.41450422	     -0.27459058	      1.03742597	     -0.62913150	      9.67401318	     -5.06431583	     -4.42978078	      4.88428271	      0.08524681	      2.12397428	      0.33168956	     -7.49999987	      9.09262699	      0.32041338	     -3.81825621	      7.39475723	      0.12906286	      5.12983545	     -1.98571671	     -7.49999987	      2.99676449	     -0.95087945	     -0.49437456	     -6.61590669	    -11.74502455	     13.07892526	     23.69671312	     65.11579946	     -3.69782729	    -10.80477444	     20.68393722	     21.16428109	     71.32197334
      6.76000000	     -5.10629524	      1.50838990	     -1.44437276	     -0.27564934	      1.03684032	     -0.62945885	      9.68684504	     -5.04819809	     -4.43581312	      4.91690931	      0.08581626	      2.18596164	      0.35521752	     -7.49999987	      9.10370492	      0.29356683	     -3.81181803	      7.45620346	      0.13013530	      5.19976855	     -1.89129605	     -7.49999987	      2.83489262	     -0.93719454	     -0.47343273	     -6.60469899	    -11.79009512	     13.10939198	     23.83164032	     64.98589572	     -3.70595103	    -10.84963743	     20.66116172	     21.31210256	     71.16261803
      6.77000000	     -5.19699964	      1.49703668	     -1.45661002	     -0.27685900	      1.03570328	     -0.62973411	      9.88980300	     -5.04324904	     -4.48927024	      5.01775382	      0.08757633	      2.23169209	      0.39692374	     -7.49999987	      9.30644025	      0.26623317	     -3.81315779	      7.57951332	      0.13228746	      5.30055800	     -1.79783340	     -7.49999987	      2.87652072	     -0.92018697	     -0.42811418	     -6.52895759	    -11.84700998	     13.59569327	     23.74090126	     65.08893293	     -3.55456401	    -10.88263891	     21.08378711	     21.10767017	     71.69797496
      6.78000000	     -5.04534341	      1.49630554	     -1.48199462	     -0.27812718	      1.03481831	     -0.63000527	      9.83265602	     -5.05448900	     -4.50786599	      5.09158721	      0.08886496	      2.35497525	      0.47421814	     -7.49999987	      9.24623821	      0.25976999	     -3.83672387	      7.69221134	      0.13425441	      5.36221162	     -1.73824676	     -7.49999987	      2.49297019	     -0.90544265	     -0.46505706	     -6.55088912	    -11.86471623	     13.27238550	     24.11397394	     64.60916434	     -3.66740809	    -10.94858255	     20.74714200	     21.69468880	     70.81759124
      6.79000000	     -5.17736753	      1.50566261	     -1.50049283	     -0.27872792	      1.03402905	     -0.63017258	     10.11863867	     -5.07394900	     -4.49127499	      5.25065161	      0.09164116	      2.42957856	      0.47185570	     -7.49999987	      9.52219506	      0.25482232	     -3.86049045	      7.88054448	      0.13754145	      5.52397161	     -1.61507533	     -7.49999987	      2.58925277	     -0.90309619	     -0.40547294	     -6.48034287	    -11.90880196	     13.71551557	     23.92950805	     64.75647380	     -3.43327595	    -10.93198989	     21.14804822	     21.30582092	     71.26801309
      6.80000000	     -5.08134742	      1.50874922	     -1.50761105	     -0.27838518	      1.03418634	     -0.62982019	     10.10305108	     -5.08468617	     -4.47818714	      5.32513471	      0.09294113	      2.49106091	      0.44035316	     -7.49999987	      9.51104362	      0.25109497	     -3.85350109	      8.01336676	      0.13985963	      5.62981325	     -1.54241112	     -7.49999987	      2.29125771	     -0.90939870	     -0.39896374	     -6.55350141	    -11.91458412	     13.44970817	     24.29586722	     64.53341697	     -3.50557368	    -10.98484352	     20.78441834	     21.73783136	     70.86704197
      6.81000000	     -5.03533004	      1.50834797	     -1.52952259	     -0.27775465	      1.03463117	     -0.62924694	     10.15755240	     -5.09016888	     -4.47107237	      5.44267080	      0.09499253	      2.58865199	      0.51187432	     -7.49999987	      9.54148698	      0.24064537	     -3.87938585	      8.14483645	      0.14215421	      5.77977820	     -1.41938969	     -7.49999987	      2.10411675	     -0.90360256	     -0.40102345	     -6.57374795	    -11.92870523	     13.36222372	     24.44475625	     64.41607992	     -3.51297138	    -11.01176420	     20.66774516	     21.92992222	     70.64892930
      6.82000000	     -5.24380050	      1.50314198	     -1.51565981	     -0.27841120	      1.03445736	     -0.62912614	     10.51211379	     -5.08703284	     -4.43290549	      5.61631296	      0.09802315	      2.66365211	      0.46282763	     -7.49999987	      9.89806600	      0.22125710	     -3.86430748	      8.36475304	      0.14599248	      5.87966928	     -1.42759685	     -7.49999987	      2.19166326	     -0.86378401	     -0.40314343	     -6.76875884	    -11.96476806	     13.25661877	     24.87746187	     64.31718165	     -3.68522536	    -11.07299759	     20.50062516	     22.36455225	     70.42902232
      6.83000000	     -5.07879092	      1.46254373	     -1.54682548	     -0.28109602	      1.03432558	     -0.62957582	     10.51412317	     -5.06557924	     -4.45048570	      5.80476619	      0.10131228	      2.73619903	      0.54404486	     -7.49999987	      9.89371179	      0.16101587	     -3.96689145	      8.61304021	      0.15032591	      6.03522877	     -1.21364582	     -7.49999987	      1.84369330	     -0.82145953	     -0.39547336	     -6.54566465	    -11.96989624	     13.50617364	     24.59782841	     64.39710184	     -3.40391131	    -11.06975221	     20.80722542	     22.10814210	     70.55716788
      6.84000000	     -5.35717104	      1.46033900	     -1.57627999	     -0.28332233	      1.03360229	     -0.62987548	     11.05482934	     -5.06803340	     -4.35946954	      6.10444747	      0.10654271	      2.84846348	      0.44544400	     -7.49999987	     10.41356089	      0.13366492	     -3.91797468	      8.94051625	      0.15604145	      6.18149322	     -1.29682684	     -7.49999987	      1.95729110	     -0.79524964	     -0.39688969	     -6.78566088	    -12.04276540	     13.30046297	     25.28819211	     64.24550579	     -3.67107590	    -11.17331935	     20.51008654	     22.79087898	     70.22009059
      6.85000000	     -5.05033723	      1.41637786	     -1.61117128	     -0.28388957	      1.03406771	     -0.62991196	     10.90319867	     -5.04319336	     -4.35037606	      6.27823240	      0.10957583	      2.86707834	      0.42139286	     -7.49999987	     10.26325778	      0.06874034	     -4.05310703	      9.18332449	      0.16027925	      6.39694182	     -1.08819400	     -7.49999987	      1.37410484	     -0.74430112	     -0.35914039	     -6.53569784	    -12.04001177	     13.46668123	     25.13408917	     64.23303045	     -3.41113203	    -11.20676696	     20.74475463	     22.76823988	     70.14885614
      6.86000000	     -5.25268599	      1.41137269	     -1.60871851	     -0.28383515	      1.03375357	     -0.63033232	     11.34237969	     -5.06262347	     -4.41211936	      6.55692919	      0.11444000	      3.00416822	      0.52050768	     -7.49999987	     10.71286384	      0.04113142	     -4.09812576	      9.53924691	      0.16649127	      6.57502849	     -0.98701502	     -7.49999987	      1.50207475	     -0.71811642	     -0.28711064	     -6.49736120	    -12.13916316	     14.09955712	     25.02640305	     64.46271988	     -3.22405579	    -11.27133915	     21.49208011	     22.58868685	     70.39839796
      6.87000000	     -5.21811461	      1.40895111	     -1.63194909	     -0.28506365	      1.03344631	     -0.63114842	     11.53574028	     -5.08354623	     -4.34080815	      6.82723372	      0.11915771	      3.07663122	      0.44495709	     -7.49999987	     10.89586967	      0.02102154	     -4.17621660	      9.86917822	      0.17224965	      6.82474568	     -0.86239934	     -7.49999987	      1.22627399	     -0.69349863	     -0.32206474	     -6.52361173	    -12.16260013	     14.05637898	     25.38674911	     64.43453356	     -3.20774299	    -11.32791209	     21.43041300	     22.91987202	     70.46294582
      6.88000000	     -5.15211559	      1.39308548	     -1.66519955	     -0.28701088	      1.03332863	     -0.63157565	     11.71975639	     -5.09713773	     -4.30125530	      7.12313016	      0.12432207	      3.15425284	      0.39621326	     -7.49999987	     11.09858060	     -0.01135318	     -4.19080721	     10.28179448	      0.17945117	      7.01456462	     -0.75079186	     -7.49999987	      0.85742636	     -0.64785390	     -0.32961816	     -6.48269860	    -12.17267833	     13.71092353	     25.70133494	     64.17413424	     -3.25843365	    -11.38485666	     21.01695370	     23.31745704	     69.91717668
      6.89000000	     -5.32746942	      1.40111058	     -1.67732281	     -0.28837371	      1.03316887	     -0.63124067	     12.22142736	     -5.13394640	     -4.25768183	      7.54818955	      0.13174076	      3.24572829	      0.36057514	     -7.49999987	     11.64014029	     -0.04626614	     -4.35701658	     10.83195814	      0.18905333	      7.33082518	     -0.59428077	     -7.49999987	      0.93984822	     -0.63010154	     -0.29102691	     -6.46040844	    -12.24245840	     14.11227175	     25.70401572	     64.40767639	     -3.12678208	    -11.46452252	     21.40705551	     23.28886579	     70.38838862
      6.90000000	     -5.33378491	      1.38049870	     -1.70935105	     -0.28945315	      1.03313484	     -0.63039079	     12.56741332	     -5.13957583	     -4.16708914	      7.99509863	      0.13954080	      3.34069563	      0.23422472	     -7.49999987	     12.01398802	     -0.09751248	     -4.32120693	     11.37290875	      0.19849470	      7.56537202	     -0.58331033	     -7.49999987	      0.57208471	     -0.57541286	     -0.28095184	     -6.43597579	    -12.30990473	     13.98356506	     26.13928285	     64.31051501	     -3.15667317	    -11.53981233	     21.17599429	     23.74997060	     70.19070667
      6.91000000	     -5.42110531	      1.36551693	     -1.73251420	     -0.29068648	      1.03259681	     -0.62947481	     13.03367365	     -5.15154352	     -4.11356989	      8.51193177	      0.14856124	      3.47477768	      0.18692339	     -7.49999987	     12.53577589	     -0.16807228	     -4.41963501	     12.02789743	      0.20992641	      7.87619208	     -0.46698854	     -7.49999987	      0.39933527	     -0.55774771	     -0.28931665	     -6.39548211	    -12.35009660	     14.03978878	     26.39903944	     64.28484556	     -3.15132806	    -11.61407579	     21.10224725	     24.00486136	     70.08498236
      6.92000000	     -5.66507679	      1.34873784	     -1.73588879	     -0.29243535	      1.03114835	     -0.62943792	     13.70136549	     -5.16834923	     -4.08726404	      9.07977931	      0.15847204	      3.59973670	      0.02088037	     -7.49999987	     13.25175978	     -0.23156809	     -4.45864856	     12.71767798	      0.22196535	      8.04132444	     -0.64691311	     -7.49999987	      0.36216919	     -0.50068558	     -0.29171255	     -6.63046364	    -12.49121574	     13.85175773	     27.25922661	     64.11445520	     -3.39255586	    -11.77997730	     20.82822130	     24.87513480	     69.70702012
      6.93000000	     -5.44303229	      1.27743645	     -1.75408318	     -0.29501638	      1.02943520	     -0.63039470	     13.90038671	     -5.14792605	     -4.06914861	      9.65904804	      0.16858219	      3.81510354	     -0.02748351	     -7.49999987	     13.54731301	     -0.36736881	     -4.66441662	     13.57076410	      0.23685452	      8.64094417	     -0.25776082	     -7.49999987	     -0.26403863	     -0.41826307	     -0.29543276	     -6.35352950	    -12.48449853	     13.87281925	     27.20424564	     64.08503984	     -3.11599893	    -11.76876435	     20.73692884	     24.86001339	     69.53904289
      6.94000000	     -5.70379306	      1.24691538	     -1.80778538	     -0.29759937	      1.02634687	     -0.63093879	     14.75466896	     -5.15928182	     -3.97625207	     10.45892264	      0.18254264	      4.07093582	     -0.13066999	     -7.49999987	     14.42975968	     -0.48438473	     -4.86155223	     14.53733065	      0.25372428	      9.09062007	     -0.18540575	     -7.49999987	     -0.26120790	     -0.35968676	     -0.20865632	     -6.23777982	    -12.66226962	     14.51153664	     27.30221328	     64.52371849	     -2.90120041	    -11.87567011	     21.24284736	     24.86217473	     70.21486389
      6.95000000	     -5.77835436	      1.18718010	     -1.84151288	     -0.29989882	      1.02326556	     -0.63029997	     15.45614743	     -5.14556962	     -3.88630321	     11.33934858	      0.19790897	      4.38055736	     -0.38275221	     -7.49999987	     15.18775570	     -0.62875465	     -5.00168383	     15.62677967	      0.27273876	      9.59494124	     -0.13783783	     -7.49999987	     -0.61403403	     -0.27999389	     -0.17295969	     -6.18827911	    -12.78927640	     14.42056926	     27.79077871	     64.85731020	     -2.86784328	    -11.96728282	     20.83344570	     25.38055540	     70.73620029
      6.96000000	     -5.88388712	      1.11748269	     -1.91613420	     -0.30187750	      1.02028098	     -0.62971351	     16.25538756	     -5.10354232	     -3.72810360	     12.32760141	      0.21515723	      4.72553708	     -0.63328503	     -7.49999987	     16.00034278	     -0.81962884	     -5.20676016	     16.76458472	      0.29259720	     10.19347453	     -0.00072192	     -7.49999987	     -0.95665181	     -0.20033288	     -0.12705055	     -6.10307705	    -12.84198649	     14.24289598	     28.25735577	     65.14662317	     -2.84456282	    -12.05495078	     20.28609804	     25.85985839	     71.15715204
      6.97000000	     -6.02760936	      1.04352781	     -1.95580204	     -0.30465508	      1.01776161	     -0.63009162	     17.14621428	     -5.07758350	     -3.61685639	     13.38866424	      0.23367627	      5.12673401	     -0.92414152	     -7.49999987	     16.91799612	     -0.99009329	     -5.25668457	     17.97895136	      0.31379190	     10.70855141	     -0.17349516	     -7.49999987	     -1.35111110	     -0.11944587	     -0.07386968	     -6.15627651	    -13.05209296	     14.14737368	     29.24703150	     64.98171949	     -2.92690637	    -12.29917656	     20.13268516	     26.90968410	     70.80435311
      6.98000000	     -6.24258661	      0.98898416	     -2.03924963	     -0.30852414	      1.01592525	     -0.62986079	     18.18047171	     -5.04899756	     -3.44328838	     14.51667992	      0.25336386	      5.43621008	     -1.29918300	     -7.49999987	     17.96608349	     -1.21552250	     -5.55538245	     19.28174227	      0.33652989	     11.41579866	      0.18694948	     -7.49999987	     -1.57066058	     -0.04826921	      0.06821677	     -5.87000247	    -13.16790289	     14.55564702	     29.36031453	     65.27025569	     -2.59626513	    -12.40601722	     20.34745654	     26.96831335	     71.22777067
      6.99000000	     -6.35997494	      0.93409882	     -2.10394124	     -0.31189543	      1.01447745	     -0.62889236	     19.12277174	     -5.02859861	     -3.29881999	     15.66833398	      0.27346402	      5.82569509	     -1.60337994	     -7.49999987	     18.92620737	     -1.42347379	     -5.73026397	     20.58639662	      0.35930040	     12.04808780	      0.27957215	     -7.49999987	     -2.06142955	      0.01724928	      0.15425510	     -5.80010396	    -13.29533936	     14.23547740	     30.21311929	     64.99534343	     -2.57547195	    -12.59253843	     19.89543712	     27.90975396	     70.64418736
      7.00000000	     -6.63514030	      0.88621001	     -2.15916200	     -0.31344790	      1.01214668	     -0.62856403	     20.26527588	     -5.00606961	     -3.09217404	     16.88447225	      0.29468963	      6.20907556	     -1.94311745	     -7.49999987	     20.07414608	     -1.63425456	     -5.91151876	     21.94364857	      0.38298892	     12.64182386	      0.35763777	     -7.49999987	     -2.24423458	      0.07280654	      0.28453222	     -5.55944974	    -13.41947483	     14.41838467	     30.53373694	     65.30719931	     -2.33626237	    -12.72463433	     19.84408050	     28.22699079	     70.89507642
      7.01000000	     -6.69061691	      0.80632933	     -2.18818042	     -0.31419457	      1.00917890	     -0.62933087	     21.16011627	     -4.97480519	     -2.92741897	     18.12655980	      0.31636815	      6.66132791	     -2.27691065	     -7.49999987	     20.98001032	     -1.85613204	     -6.05558473	     23.32216509	      0.40704857	     13.30595717	      0.51478396	     -7.49999987	     -2.78113112	      0.18133655	      0.37513918	     -5.44928978	    -13.57927521	     14.20868854	     31.27897180	     65.26837995	     -2.23031882	    -12.88359795	     19.48703850	     29.02865147	     70.70408215
      7.02000000	     -6.81815648	      0.72237256	     -2.20051499	     -0.31543278	      1.00576054	     -0.63000856	     22.16449344	     -4.93628123	     -2.76801119	     19.46347110	      0.33970165	      7.14920606	     -2.67939251	     -7.49999987	     21.98952180	     -2.07474815	     -6.12377836	     24.76689651	      0.43226389	     13.97553563	      0.59310031	     -7.49999987	     -3.17733502	      0.26519120	      0.49271077	     -5.32816698	    -13.74633975	     14.03739422	     31.92506596	     65.28514236	     -2.10003435	    -13.01476606	     19.15396226	     29.68768698	     70.55474333
      7.03000000	     -7.00627541	      0.65339053	     -2.20577191	     -0.31749835	      1.00263696	     -0.63008193	     23.28101200	     -4.90796011	     -2.59824538	     20.89388838	      0.36466715	      7.67450676	     -3.12073437	     -7.49999987	     23.09587560	     -2.26810264	     -6.12449294	     26.26624235	      0.45843241	     14.65764848	      0.57088229	     -7.49999987	     -3.50763430	      0.34371438	      0.61851465	     -5.20777071	    -13.94015859	     13.95590710	     32.53900282	     65.57971907	     -1.94294579	    -13.14180471	     18.88326395	     30.29102106	     70.75195658
      7.04000000	     -7.19191408	      0.58705130	     -2.21394986	     -0.32125945	      0.99969765	     -0.63012624	     24.47343258	     -4.89044614	     -2.43227023	     22.40881837	      0.39110766	      8.19076830	     -3.49007700	     -7.49999987	     24.27673996	     -2.45608519	     -6.07471179	     27.86262624	      0.48629457	     15.34931383	      0.50061570	     -7.49999987	     -3.97578446	      0.41845280	      0.67551156	     -5.16458860	    -14.01859260	     12.93186276	     33.43126166	     68.64137423	     -1.99718126	    -13.14496090	     17.15958829	     31.25302697	     74.68522862
      7.05000000	     -7.37958923	      0.53458869	     -2.18759560	     -0.32721039	      0.99616870	     -0.63053739	     25.79677210	     -4.91565032	     -2.30879100	     24.05876540	      0.41990467	      8.76481986	     -3.86491998	     -7.49999987	     25.57396785	     -2.58951550	     -5.89085041	     29.55507500	      0.51583337	     15.98133345	      0.14847420	     -7.49999987	     -4.61265665	      0.49215879	      0.68632422	     -5.11440206	    -14.25091239	     12.63803075	     34.77839725	     68.12327511	     -1.97494908	    -13.38856792	     16.76417577	     32.62831277	     73.82665044
      7.06000000	     -7.69248367	      0.49480046	     -2.25233468	     -0.33357971	      0.99168426	     -0.63024708	     27.39828948	     -4.89115270	     -2.07524458	     25.86725698	      0.45146880	      9.32424373	     -4.32894926	     -7.49999987	     27.11267493	     -2.86263756	     -6.07809172	     31.43133912	      0.54858036	     16.93796509	      0.57360546	     -7.49999987	     -5.09455978	      0.52010032	      0.81401211	     -4.79248543	    -14.38444697	     12.48967835	     35.49397157	     67.88132022	     -1.66189797	    -13.54436505	     16.37581723	     33.40475058	     73.26066765
      7.07000000	     -7.86647721	      0.45727890	     -2.19409265	     -0.33839382	      0.98721251	     -0.62938524	     28.88604250	     -4.92997648	     -1.93477342	     27.78288019	      0.48490273	     10.06400947	     -4.72833497	     -7.49999987	     28.54889990	     -2.97045173	     -5.80420003	     33.29085179	      0.58103497	     17.58684461	      0.06505420	     -7.49999987	     -5.89474561	      0.55874011	      0.81290710	     -4.63815585	    -14.64853297	     12.26464184	     36.98120594	     67.43062902	     -1.50484820	    -13.88526105	     16.04400699	     34.93429099	     72.45950973
      7.08000000	     -8.27651598	      0.44904447	     -2.21858984	     -0.34183965	      0.98256538	     -0.62808276	     30.66432055	     -4.90546833	     -1.63559957	     29.76437424	      0.51948633	     10.75388400	     -5.17472632	     -7.49999987	     30.22318865	     -3.22527833	     -5.92813982	     35.17976887	      0.61400280	     18.55462419	      0.45976144	     -7.49999987	     -6.22678223	      0.50137437	      0.94919923	     -4.28448610	    -14.77112303	     12.17947071	     37.60538101	     67.53199400	     -1.13031908	    -14.09629316	     15.67590012	     35.60835395	     72.28312099
      7.09000000	     -8.36790488	      0.40085554	     -2.13191350	     -0.34564597	      0.97789614	     -0.62768946	     32.08206142	     -4.93529155	     -1.48860518	     31.75830828	      0.55428704	     11.57332370	     -5.55724312	     -7.49999987	     31.58077414	     -3.31133635	     -5.55455828	     37.01372626	      0.64601139	     19.14778005	     -0.13401825	     -7.49999987	     -7.10869487	      0.49055756	      0.91381418	     -4.11360533	    -15.05277709	     11.91823992	     39.15036914	     67.10770586	     -0.90466570	    -14.44385152	     15.30231505	     37.20275217	     71.53643680
      7.10000000	     -8.76849188	      0.42603567	     -2.14215285	     -0.34955226	      0.97181944	     -0.62736898	     33.92932895	     -4.95004654	     -1.18142302	     33.90748282	      0.59179722	     12.39107508	     -5.83685096	     -7.49999987	     33.28282862	     -3.54852324	     -5.71786454	     38.95159745	      0.67983362	     20.09234512	      0.28887313	     -7.49999987	     -7.53292809	      0.40531121	      1.10115190	     -3.79887256	    -15.19887684	     11.84741224	     39.93844040	     67.52515558	     -0.46868593	    -14.67105453	     14.88886576	     38.00281300	     71.75106204
      7.11000000	     -8.94116251	      0.41854042	     -2.06898348	     -0.35279988	      0.96587256	     -0.62743897	     35.46495022	     -4.98302567	     -0.93636194	     35.97197971	      0.62782948	     13.23216448	     -6.21606250	     -7.49999987	     34.71998415	     -3.63127857	     -5.48816940	     40.80283762	      0.71214386	     20.73613736	     -0.03594866	     -7.49999987	     -8.30925926	      0.35898215	      1.11871367	     -3.55480735	    -15.38740609	     11.05617469	     41.09421941	     72.60915682	     -0.24302115	    -14.81557576	     13.45829075	     39.27444630	     77.21560692
      7.12000000	     -9.01278368	      0.38781987	     -1.94632353	     -0.35637155	      0.96065075	     -0.62780863	     36.86868703	     -5.01065296	     -0.72164756	     37.98225546	      0.66291542	     13.91766206	     -6.62560682	     -7.49999987	     36.03369619	     -3.64076691	     -5.06477985	     42.56440176	      0.74288895	     21.28545040	     -0.64963998	     -7.49999987	     -9.30233210	      0.35500958	      1.08580012	     -3.42365545	    -15.63522913	     10.68985604	     42.76880419	     71.60162952	     -0.02431399	    -15.15468767	     12.95421182	     41.01896126	     75.86279236
      7.13000000	     -9.32824893	      0.46170718	     -1.94185828	     -0.36162436	      0.95518055	     -0.62808843	     38.64934889	     -5.04384976	     -0.35713158	     40.11720649	      0.70017734	     14.61150479	     -6.88617173	     -7.49999987	     37.63806525	     -3.74279903	     -5.05546331	     44.40627774	      0.77503576	     22.07308750	     -0.42325568	     -7.49999987	     -9.88198063	      0.19180996	      1.22416649	     -3.11112335	    -15.75813615	     10.02929196	     43.57054410	     75.37790483	      0.37974521	    -15.20653333	     11.61446321	     41.91148685	     79.50792180
      7.14000000	     -9.51274653	      0.51769965	     -1.87922562	     -0.36780786	      0.94915269	     -0.62789636	     40.31172685	     -5.08383539	     -0.02128109	     42.26742648	      0.73770576	     15.32344629	     -7.14122167	     -7.49999987	     39.16254088	     -3.76870733	     -4.87567425	     46.25679892	      0.80733344	     22.73355665	     -0.55259631	     -7.49999987	    -10.79101683	      0.05549105	      1.26983988	     -2.96289208	    -16.02413570	      9.74822772	     45.15637083	     74.34871786	      0.67792439	    -15.51337245	     11.12286304	     43.54056051	     78.20532752
      7.15000000	     -9.64439629	      0.49636676	     -1.77764905	     -0.37269701	      0.94236330	     -0.62668986	     41.88193817	     -5.03557147	      0.29954945	     44.38091822	      0.77459315	     15.95640479	     -7.65485797	     -7.49999987	     40.69288365	     -3.80899361	     -4.53079836	     48.18432279	      0.84097508	     23.35364662	     -1.04489193	     -7.49999987	    -11.90422690	      0.04475657	      1.24660129	     -2.97582045	    -16.27375107	      8.94865515	     47.35848981	     73.00825219	      0.69167094	    -15.84905265	     10.09859859	     45.94864153	     76.46484043
      7.16000000	     -9.61099306	      0.48756266	     -1.64651587	     -0.37600294	      0.93625589	     -0.62532144	     43.18909480	     -5.04542171	      0.49948255	     46.41233981	      0.81004814	     16.62806603	     -7.93213940	     -7.49999987	     41.95217192	     -3.82200656	     -4.23701117	     49.96430810	      0.87204168	     23.81616552	     -1.49135649	     -7.49999987	    -12.99976262	     -0.01537176	      1.25079335	     -2.63578816	    -16.55715752	      8.84051023	     48.62121149	     72.20680450	      1.18998761	    -16.15654772	      9.82971705	     47.25800342	     75.42329475
      7.17000000	    -10.08676746	      0.65566231	     -1.66457907	     -0.37877383	      0.93028072	     -0.62454363	     45.07791276	     -5.09463141	      0.87620927	     48.50764384	      0.84661810	     17.52694044	     -7.80456575	     -7.49999987	     43.66750302	     -3.85525263	     -4.26144947	     51.70675264	      0.90245308	     24.47657096	     -1.42235873	     -7.49999987	    -13.26262786	     -0.30895553	      1.60311271	     -2.60324558	    -16.89154982	      8.32143202	     49.58656715	     79.86843616	      1.84885005	    -16.36040971	      9.21628291	     47.80432611	     82.75460544
      7.18000000	    -10.00873532	      0.60838765	     -1.56320820	     -0.38193177	      0.92586877	     -0.62488273	     46.15539673	     -5.02027393	      1.10693389	     50.27758186	      0.87750934	     17.94491310	     -8.25968011	     -7.49999987	     44.73514605	     -3.88665981	     -3.95539437	     53.29038621	      0.93009270	     24.92111263	     -1.75063836	     -7.49999987	    -14.36206845	     -0.31186066	      1.58953543	     -2.32969498	    -17.17062564	      8.02913277	     50.83984248	     78.80598621	      2.18331930	    -16.62771370	      8.77925183	     49.15222301	     81.62259819
      7.19000000	    -10.21182531	      0.72865437	     -1.60937141	     -0.38532623	      0.91991421	     -0.62497939	     47.62294480	     -5.01473174	      1.45592618	     52.13840140	      0.90998677	     18.70693661	     -8.11457619	     -7.49999987	     46.04080664	     -3.87535581	     -3.86841869	     54.83043035	      0.95697154	     25.42007917	     -2.02443789	     -7.49999987	    -14.98611511	     -0.53730616	      1.85998055	     -2.21615908	    -17.71629738	      8.39722021	     52.00518473	     78.39899415	      2.57027420	    -16.89175642	      8.70627618	     50.27304002	     80.99064831
      7.20000000	    -10.23861800	      0.73587560	     -1.55570259	     -0.38922785	      0.91296115	     -0.62481174	     48.84799911	     -4.94320069	      1.73324012	     53.93579195	      0.94135715	     19.22798796	     -8.32767825	     -7.49999987	     47.18831185	     -3.84263295	     -3.59213633	     56.38520497	      0.98410748	     25.87190428	     -2.47913183	     -7.49999987	    -15.87068838	     -0.57225728	      1.86345249	     -1.95984859	    -17.98047073	      7.67117860	     53.03683001	     83.48970691	      2.79278202	    -17.02093008	      7.69688060	     51.36849743	     85.54494353
      7.21000000	    -10.30971170	      0.78635384	     -1.53899746	     -0.39314056	      0.90562404	     -0.62449689	     50.15058243	     -4.87815910	      2.03743447	     55.76888841	      0.97335072	     19.88659646	     -8.41126287	     -7.49999987	     48.36748141	     -3.81442282	     -3.40094023	     57.94180651	      1.01127530	     26.47753851	     -2.73502962	     -7.49999987	    -16.65137445	     -0.67552703	      1.95081441	     -1.73118651	    -18.41041183	      7.79136227	     54.09863695	     82.25557476	      3.02655108	    -17.25738480	      7.50591849	     52.54542693	     84.11766300
      7.22000000	    -10.41449803	      0.79504018	     -1.52173047	     -0.39647097	      0.89848780	     -0.62396147	     51.46355078	     -4.75667705	      2.32039741	     57.59185175	      1.00516744	     20.49038599	     -8.56442032	     -7.49999987	     49.57670971	     -3.80387666	     -3.15288781	     59.49577713	      1.03839720	     27.00224836	     -3.11429405	     -7.49999987	    -17.34405700	     -0.71876758	      2.00809315	     -1.56161910	    -18.89567931	      7.91233538	     55.10654514	     81.59871965	      3.23235318	    -17.58549366	      7.51034200	     53.62412348	     83.31897199
      7.23000000	    -10.46893697	      0.79759109	     -1.48326509	     -0.39950811	      0.89117254	     -0.62325567	     52.72421716	     -4.64765206	      2.57522854	     59.40984924	      1.03689748	     21.08112787	     -8.75012075	     -7.49999987	     50.75824265	     -3.75770628	     -2.87409676	     61.06344031	      1.06575809	     27.38408407	     -3.66154894	     -7.49999987	    -18.11183028	     -0.75001617	      2.17373872	     -1.59251605	    -19.12153086	      6.90758682	     56.15021510	     86.60682881	      3.50419108	    -17.68981153	      6.74346754	     54.57549228	     88.32122925
      7.24000000	    -10.57678078	      0.80014544	     -1.50247582	     -0.40248813	      0.88361708	     -0.62339395	     54.04070645	     -4.50075901	      2.83804582	     61.21479973	      1.06839981	     21.75294539	     -8.83101469	     -7.49999987	     51.98649830	     -3.78202834	     -2.68298065	     62.65025948	      1.09345331	     27.95963709	     -3.96563834	     -7.49999987	    -18.72133571	     -0.80935060	      2.24685419	     -1.46228547	    -19.55522287	      7.07503336	     57.03277712	     85.02889580	      3.65410449	    -17.96954408	      6.73591944	     55.60794214	     86.58401689
      7.25000000	    -10.64929030	      0.78260358	     -1.51004368	     -0.40535393	      0.87650651	     -0.62518695	     55.27482008	     -4.38133356	      3.04759494	     62.94181709	      1.09854195	     22.36008658	     -8.98185832	     -7.49999987	     53.15549906	     -3.75678517	     -2.44331196	     64.19566491	      1.12042572	     28.44447743	     -4.32851539	     -7.49999987	    -19.34311437	     -0.78513829	      2.35667833	     -1.33319579	    -20.06415323	      7.19476331	     57.75275263	     84.24426960	      3.80750345	    -18.21198382	      6.80177341	     56.56141032	     85.69621014
      7.26000000	    -10.36780965	      0.75796288	     -1.45386295	     -0.40796934	      0.86987832	     -0.62653272	     56.08333730	     -4.28403032	      3.26190805	     64.59148383	      1.12733406	     22.70710721	     -9.58823427	     -7.49999987	     53.91701597	     -3.62009270	     -2.10172569	     65.64364054	      1.14569766	     28.63999999	     -5.20309104	     -7.49999987	    -20.41905397	     -0.70710227	      2.22439221	     -1.11595522	    -20.29789353	      6.72432133	     58.56989107	     82.40869324	      3.87973898	    -18.33683891	      6.39181658	     57.50366180	     83.76578548
      7.27000000	    -10.69037696	      0.89551522	     -1.54529645	     -0.40988110	      0.86131082	     -0.62532578	     57.64077563	     -4.19065596	      3.61366561	     66.37552626	      1.15847148	     23.34703659	     -9.46895892	     -7.49999987	     55.31443426	     -3.58903817	     -2.06756181	     67.15780207	      1.17212476	     29.08078896	     -5.32058889	     -7.49999987	    -20.57964289	     -0.86376791	      2.70302796	     -1.51006061	    -20.80286212	      5.88933346	     59.32910720	     89.88606136	      4.29557088	    -18.62289103	      6.66506156	     57.83122579	     91.58555924
      7.28000000	    -10.83748183	      0.94071310	     -1.54842734	     -0.41193402	      0.85273354	     -0.62297295	     58.93509857	     -4.04746541	      3.86042721	     68.10963239	      1.18873734	     23.97758418	     -9.54958541	     -7.49999987	     56.53445961	     -3.59218007	     -1.93618829	     68.68472963	      1.19877468	     29.69486730	     -5.50136849	     -7.49999987	    -20.96483157	     -0.96014100	      2.67162524	     -1.55974812	    -21.16662800	      6.21308963	     60.03602500	     88.35129690	      4.16431306	    -19.03544269	      6.81035547	     58.70807817	     89.93315699
      7.29000000	    -10.90841163	      0.94045821	     -1.53303345	     -0.41483521	      0.84472236	     -0.62235873	     60.11107537	     -3.90522640	      4.06981468	     69.75422228	      1.21744085	     24.42053239	     -9.70251079	     -7.49999987	     57.68092152	     -3.57150890	     -1.73488830	     70.18626307	      1.22498138	     30.14976614	     -5.86093734	     -7.49999987	    -21.51283743	     -0.96876344	      2.85926992	     -1.69317786	    -21.52486823	      5.68636663	     60.72933381	     90.86172924	      4.36805870	    -19.37914551	      7.01678263	     59.20115599	     92.61718694
      7.30000000	    -11.05271782	      0.98915277	     -1.53800745	     -0.41813692	      0.83699843	     -0.62369267	     61.39206393	     -3.79114733	      4.32344388	     71.38785211	      1.24595307	     24.90398869	     -9.84173046	     -7.49999987	     58.92356575	     -3.54616529	     -1.62176586	     71.70557569	      1.25149839	     30.57385674	     -6.07156005	     -7.49999987	    -21.98112128	     -1.02782352	      2.88748567	     -1.67343805	    -22.02602572	      5.93189611	     61.31714696	     90.25495524	      4.34873988	    -19.82698909	      7.32761716	     59.83733274	     91.97729914
      7.31000000	    -11.16108948	      1.04095704	     -1.54496759	     -0.42122546	      0.82980469	     -0.62523725	     62.62378179	     -3.70255114	      4.57072971	     72.93928055	      1.27303060	     25.26296392	    -10.02189678	     -7.49999987	     60.12268544	     -3.49739349	     -1.52150011	     73.16720640	      1.27700866	     30.96707960	     -6.32845500	     -7.49999987	    -22.45467371	     -1.06496901	      2.95359535	     -1.52014849	    -22.43929889	      6.02324842	     61.62237491	     90.47030931	      4.45045044	    -20.05300955	      7.65411434	     59.98796730	     92.16808632
      7.32000000	    -11.31903956	      1.09750292	     -1.54816580	     -0.42437820	      0.82281160	     -0.62540378	     63.90235050	     -3.60164586	      4.81953486	     74.44806359	      1.29936383	     25.57113847	    -10.20556332	     -7.49999987	     61.34863611	     -3.45604490	     -1.41637818	     74.53450322	      1.30087249	     31.23604761	     -6.55714974	     -7.49999987	    -22.90317842	     -1.09220566	      2.98276218	     -1.46975315	    -22.88887002	      6.07046914	     62.14738347	     90.55167258	      4.53613247	    -20.44952143	      8.01641964	     60.30553438	     92.24140172
      7.33000000	    -11.15318762	      1.12534728	     -1.53214554	     -0.42801964	      0.81642664	     -0.62476024	     64.74432987	     -3.50157474	      5.03991255	     75.80599465	      1.32306420	     25.81586694	    -10.46473703	     -7.49999987	     62.14851095	     -3.39527126	     -1.27803334	     75.77607763	      1.32254205	     31.38633656	     -6.96986244	     -7.49999987	    -23.73002981	     -1.10994871	      3.00148332	     -1.07751897	    -23.16897785	      6.02654673	     62.13049293	     90.40239175	      4.86057132	    -20.60089649	      8.10606486	     60.19919233	     92.04113654
      7.34000000	    -11.53971311	      1.25257731	     -1.52603893	     -0.43067768	      0.80799270	     -0.62371481	     66.23438994	     -3.39069129	      5.36279830	     77.26663412	      1.34855717	     26.13606956	    -10.49873598	     -7.49999987	     63.53196429	     -3.37031915	     -1.27659611	     77.09011240	      1.34547628	     31.82060435	     -6.92513289	     -7.49999987	    -23.92153285	     -1.24223109	      2.93314187	     -1.22209167	    -23.57476984	      6.13221440	     63.08706529	     89.82948469	      4.64096993	    -21.14628434	      8.49415066	     60.94664275	     91.47465162
      7.35000000	    -11.52530558	      1.25066555	     -1.49416190	     -0.43138430	      0.80017581	     -0.62295848	     67.14783763	     -3.23974083	      5.55105525	     78.58423724	      1.37155368	     26.37994263	    -10.72726127	     -7.49999987	     64.41785443	     -3.33639727	     -1.11814646	     78.32671446	      1.36705906	     32.05411229	     -7.25699203	     -7.49999987	    -24.39043864	     -1.23314581	      3.09266625	     -1.22050106	    -24.00089561	      6.26412591	     63.34970140	     90.46988817	      5.06473646	    -21.68445548	      9.74727023	     60.77781066	     92.28534708
      7.36000000	    -11.54440629	      1.28316765	     -1.52506487	     -0.43174664	      0.79292174	     -0.62274969	     68.07081915	     -3.04418409	      5.78064894	     79.86647793	      1.39393300	     26.62709267	    -10.92536917	     -7.49999987	     65.29190820	     -3.37584679	     -1.05150857	     79.52184993	      1.38791811	     32.35961275	     -7.37226479	     -7.49999987	    -24.82585316	     -1.28231282	      3.36457477	     -1.59061262	    -24.16939046	      5.51456487	     63.93926625	     92.29751785	      5.31497179	    -21.91440490	     10.19408564	     60.73088192	     94.19551571
      7.37000000	    -11.61342656	      1.23837476	     -1.51845562	     -0.43492499	      0.78567967	     -0.62308862	     69.05357954	     -2.89347195	      5.87398452	     81.08742753	      1.41524259	     26.89943848	    -11.02283527	     -7.49999987	     66.30152798	     -3.42189370	     -0.88921433	     80.75028596	      1.40935836	     32.67370028	     -7.42602393	     -7.49999987	    -25.28836077	     -1.19290737	      3.21824800	     -1.45450778	    -24.38642708	      5.48523941	     64.36619493	     91.24658222	      5.09474534	    -22.13290041	     10.07365919	     61.04123851	     93.02942965
      7.38000000	    -11.72009744	      1.39996113	     -1.51755861	     -0.44125439	      0.77713009	     -0.62265296	     70.24854545	     -2.81446915	      6.16978503	     82.38482137	      1.43788639	     26.96901494	    -11.31596833	     -7.49999987	     67.42889332	     -3.39783902	     -0.92674536	     81.97465476	      1.43072763	     32.76764105	     -7.66593681	     -7.49999987	    -25.68597450	     -1.40152104	      3.13068369	     -1.24060959	    -24.71256441	      5.78286113	     64.67392666	     91.31258454	      5.30502032	    -22.68544899	     10.74722448	     61.15718706	     93.09182765
      7.39000000	    -11.88555780	      1.45517811	     -1.46680648	     -0.44731716	      0.76786627	     -0.62189658	     71.55631535	     -2.74748052	      6.34130294	     83.68133945	      1.46051490	     27.06841600	    -11.46860838	     -7.49999987	     68.72655623	     -3.40326962	     -0.87701919	     83.27769454	      1.45346996	     32.94668166	     -7.76732372	     -7.49999987	    -26.08006119	     -1.43894200	      3.03480029	     -1.12499715	    -25.03729583	      5.78928763	     65.25985296	     90.89221406	      5.43408117	    -23.06169565	     11.05669891	     61.47250242	     92.61128567
      7.40000000	    -11.94741059	      1.49396418	     -1.46394500	     -0.45006562	      0.75995267	     -0.62153510	     72.70455895	     -2.61407930	      6.53031402	     84.89207006	      1.48164613	     27.18454765	    -11.64163403	     -7.49999987	     69.84278953	     -3.46014853	     -0.83794047	     84.50294907	      1.47485469	     33.00523689	     -7.93073575	     -7.49999987	    -26.52240926	     -1.51324038	      3.04909701	     -1.10708256	    -25.28590209	      5.61825308	     65.74806447	     91.05224721	      5.67924111	    -23.45444822	     11.59192736	     61.62682474	     92.66410060
      7.41000000	    -11.63722674	      1.45956492	     -1.43088923	     -0.45037335	      0.75390947	     -0.62197164	     73.32893978	     -2.51155576	      6.63952594	     85.97807959	      1.50060057	     27.25059638	    -11.84718850	     -7.49999987	     70.45882378	     -3.46722608	     -0.71253000	     85.60554759	      1.49409866	     32.95636677	     -8.20649498	     -7.49999987	    -27.36270750	     -1.48367103	      2.93444016	     -0.84080373	    -25.43670472	      5.43881680	     65.80984330	     90.69428532	      5.86826636	    -23.56623372	     11.47871746	     61.62943235	     92.28877504
      7.42000000	    -11.36470579	      1.47216378	     -1.40702753	     -0.45151611	      0.74775915	     -0.62201485	     73.95420311	     -2.44855427	      6.75688968	     87.01425182	      1.51868519	     27.33049892	    -12.02251880	     -7.49999987	     71.06696281	     -3.48643893	     -0.65716108	     86.65903726	      1.51248553	     32.92300666	     -8.48220008	     -7.49999987	    -28.06977943	     -1.50597169	      2.77741142	     -0.60410496	    -25.56855278	      5.28723968	     65.88976807	     90.39901914	      6.06523713	    -23.66683448	     11.38804294	     61.62885864	     91.97307772
      7.43000000	    -11.82259475	      1.57047512	     -1.47459899	     -0.45499126	      0.73949422	     -0.62088205	     75.46878282	     -2.25481465	      6.99775669	     88.13927725	      1.53832059	     27.26724064	    -12.02016552	     -7.49999987	     72.52716997	     -3.66200648	     -0.71399948	     87.82118527	      1.53276884	     33.18922574	     -8.23650515	     -7.49999987	    -27.78529182	     -1.64940843	      3.01493554	     -1.18955887	    -25.77740526	      4.88192220	     66.81392688	     91.62033236	      6.54542728	    -24.27650931	     12.99213539	     61.36190094	     92.99218380
      7.44000000	    -11.81933731	      1.39903051	     -1.40625223	     -0.45927493	      0.73209512	     -0.62012834	     76.37712460	     -2.15756530	      6.89448798	     89.14663519	      1.55590230	     27.32159098	    -12.10334233	     -7.49999987	     73.53142060	     -3.79716900	     -0.48576478	     88.94550098	      1.55239185	     33.27400498	     -8.22380833	     -7.49999987	    -28.21407241	     -1.44998188	      2.79870724	     -1.08958417	    -25.97706407	      4.77527235	     67.46206631	     90.68255517	      6.50089425	    -24.41066810	     12.67208127	     61.66347805	     91.89945803
      7.45000000	    -11.76402806	      1.42831782	     -1.43653959	     -0.46169520	      0.72479132	     -0.61995841	     77.24455965	     -2.00729624	      7.05732999	     90.15416899	      1.57348708	     27.30133690	    -12.17551813	     -7.49999987	     74.36814581	     -3.92581801	     -0.48805958	     89.98826998	      1.57059160	     33.33995784	     -8.26324528	     -7.49999987	    -28.60085867	     -1.51317565	      2.60948664	     -0.94816299	    -26.12475235	      4.80796780	     67.95628621	     89.85828232	      6.56103309	    -24.61973321	     12.61060349	     61.82496143	     90.93545373
      7.46000000	    -11.59770733	      1.44481853	     -1.42302170	     -0.46264028	      0.71780329	     -0.62024989	     77.93250405	     -1.93122687	      7.16721972	     91.13042221	      1.59052592	     27.26148131	    -12.38444766	     -7.49999987	     75.01826646	     -3.98767064	     -0.45572327	     90.95694644	      1.58749819	     33.34453674	     -8.41539834	     -7.49999987	    -28.98698458	     -1.61405209	      3.18771165	     -1.78773555	    -26.24724628	      3.50409022	     68.68132077	     93.11282029	      7.59470281	    -24.77385687	     14.03083628	     61.30931279	     93.37810780
      7.47000000	    -11.48696271	      1.39297509	     -1.42169182	     -0.46422212	      0.71066881	     -0.62022038	     78.67522501	     -1.82701908	      7.21357958	     92.11644080	      1.60773519	     27.32484140	    -12.42727556	     -7.49999987	     75.75831913	     -4.10601764	     -0.36329850	     91.98186994	      1.60538648	     33.44271905	     -8.40977754	     -7.49999987	    -29.28052559	     -1.57039400	      2.93334106	     -1.73533845	    -26.39917245	      3.70866715	     69.11081475	     91.71578373	      7.34733247	    -24.85036391	     13.70847317	     61.54622595	     91.89049506
      7.48000000	    -11.26255234	      1.36453022	     -1.45755708	     -0.46705193	      0.70396899	     -0.61989767	     79.30490435	     -1.69321688	      7.29400222	     93.06703659	      1.62432621	     27.23930126	    -12.57300515	     -7.49999987	     76.37751374	     -4.25920028	     -0.29174677	     92.98196616	      1.62284145	     33.44015178	     -8.53707989	     -7.49999987	    -29.67115497	     -1.61640419	      3.07884583	     -1.93242387	    -26.58339919	      3.34766745	     69.52227644	     93.61524125	      7.69230826	    -24.93291890	     14.14032899	     61.32684115	     93.24023457
      7.49000000	    -11.03369065	      1.33802310	     -1.48093625	     -0.46962739	      0.69758357	     -0.62014883	     79.91100910	     -1.60794911	      7.35296974	     93.96507749	      1.63999998	     27.18546164	    -12.67064931	     -7.49999987	     76.98207213	     -4.39825635	     -0.22439862	     93.93839834	      1.63953435	     33.42203369	     -8.57141921	     -7.49999987	    -30.06180069	     -1.64026506	      3.13685299	     -2.07471927	    -26.82607172	      3.20154961	     70.00034091	     93.89135573	      7.81919690	    -25.03896439	     14.39209903	     61.32318124	     93.05612631
      7.50000000	    -10.76328662	      1.41683866	     -1.50637046	     -0.47142106	      0.69163520	     -0.62086376	     80.49168286	     -1.57187648	      7.51954572	     94.85409218	      1.65551622	     27.17497339	    -12.69129147	     -7.49999987	     77.50261662	     -4.49381742	     -0.28388287	     94.84584191	      1.65537222	     33.59451814	     -8.36887609	     -7.49999987	    -30.48672211	     -1.74450702	      2.83612361	     -1.98229659	    -27.04627974	      3.80536215	     70.65116534	     88.74463921	      7.33559079	    -25.15929129	     14.24618907	     62.00732277	     87.94242732
      7.51000000	    -10.27424816	      1.34443788	     -1.49699018	     -0.47383443	      0.68668631	     -0.62124345	     80.75954599	     -1.54840067	      7.51989782	     95.64345340	      1.66929317	     27.10551849	    -12.83903367	     -7.49999987	     77.80747712	     -4.56411731	     -0.18221242	     95.69858951	      1.67025548	     33.36847442	     -8.63655726	     -7.49999987	    -31.11146476	     -1.70392989	      2.81827057	     -1.74549212	    -27.07375412	      3.71301413	     70.62141716	     88.22401866	      7.33487168	    -25.08714718	     14.12166742	     62.04432980	     87.42881967
      7.52000000	    -10.24732472	      1.27408107	     -1.54349777	     -0.47695731	      0.68068975	     -0.62036562	     81.54336717	     -1.42283029	      7.51250515	     96.42378949	      1.68291260	     26.94305929	    -12.92589073	     -7.49999987	     78.62389181	     -4.75767116	     -0.08424938	     96.57759011	      1.68559693	     33.32201762	     -8.57447223	     -7.49999987	    -31.17582047	     -1.68226740	      3.19828756	     -2.26137490	    -27.10086827	      2.79888594	     71.23830248	     94.75016124	      7.54873066	    -24.89862548	     14.15543624	     61.70476094	     93.42976894
      7.53000000	     -9.97774306	      1.25248569	     -1.54098382	     -0.47987553	      0.67440141	     -0.61941784	     82.07101950	     -1.35128290	      7.56318845	     97.22765155	      1.69694264	     26.89295896	    -12.99309160	     -7.49999987	     79.15655671	     -4.87034106	     -0.02475742	     97.41157171	      1.70015266	     33.23303020	     -8.60903354	     -7.49999987	    -31.49761773	     -1.70814622	      3.12381545	     -2.27114239	    -27.16238330	      2.96581007	     71.64605675	     92.45209088	      7.42117509	    -24.91586421	     14.14071103	     61.86988348	     91.25403131
      7.54000000	     -9.82223419	      1.14661140	     -1.48365101	     -0.48182612	      0.66784884	     -0.61989983	     82.67942077	     -1.35175968	      7.50981191	     97.99062499	      1.71025904	     26.82660929	    -13.06207861	     -7.49999987	     79.82328497	     -4.93481808	      0.12303522	     98.24050432	      1.71462026	     33.15204616	     -8.55937711	     -7.49999987	    -31.65917580	     -1.60320549	      2.97914775	     -2.38070093	    -27.16096604	      2.99703365	     72.10752021	     90.88617374	      7.12195273	    -24.76536781	     13.56754704	     62.18611855	     89.78096549
      7.55000000	     -9.45650555	      1.14949234	     -1.56793729	     -0.48363404	      0.66260740	     -0.62114530	     83.06698230	     -1.26731860	      7.59305955	     98.68003684	      1.72229155	     26.60657409	    -13.22165120	     -7.49999987	     80.17629928	     -5.07481189	      0.11467269	     98.96791179	      1.72731591	     32.93011073	     -8.71641306	     -7.49999987	    -32.13555778	     -1.70215474	      3.40341799	     -3.00672122	    -26.87434954	      1.45171194	     72.82424494	     95.36846179	      7.69630720	    -24.52345569	     13.54473810	     62.16398939	     93.63129455
      7.56000000	     -9.10203478	      1.28283714	     -1.61053515	     -0.48524480	      0.65798288	     -0.62176760	     83.46274590	     -1.28452307	      7.80394197	     99.37987788	      1.73450608	     26.47917394	    -13.26242984	     -7.49999987	     80.47215324	     -5.13549228	     -0.02732812	     99.66111279	      1.73941455	     32.95531245	     -8.60338961	     -7.49999987	    -32.54698603	     -1.88755584	      2.94454264	     -2.83274337	    -26.80932575	      2.02424093	     73.32203337	     89.72138833	      7.25860313	    -24.56042208	     12.83748383	     63.04894866	     87.98862842
      7.57000000	     -8.86242553	      1.10143893	     -1.62973731	     -0.48698836	      0.65358222	     -0.62166087	     83.81544940	     -1.23076390	      7.66919984	     99.92272277	      1.74398051	     26.33450681	    -13.40783451	     -7.49999987	     80.89005191	     -5.23418751	      0.18546440	    100.29988562	      1.75056324	     32.68680778	     -8.86383527	     -7.49999987	    -32.66119586	     -1.74921667	      3.28006241	     -3.32467258	    -26.42653361	      0.64692028	     73.49073389	     96.34009659	      7.68150018	    -24.16822575	     12.51248966	     62.63740794	     94.00719629
      7.58000000	     -8.25517598	      0.98078428	     -1.63672884	     -0.48985051	      0.64989475	     -0.62233296	     83.75626029	     -1.23951221	      7.60019911	    100.43714746	      1.75295891	     26.26501302	    -13.48837195	     -7.49999987	     80.88195547	     -5.25444526	      0.31232341	    100.87429970	      1.76058866	     32.38946947	     -9.24972783	     -7.49999987	    -33.25440688	     -1.63349777	      3.19136832	     -3.12995005	    -26.26134556	      0.61903740	     73.45558373	     94.57651883	      7.70573063	    -23.99559748	     12.30777296	     62.83861710	     92.40657517
      7.59000000	     -8.22889237	      1.08961737	     -1.75015692	     -0.49284795	      0.64535906	     -0.62384429	     84.42162832	     -1.18083324	      7.77610343	    100.99604698	      1.76271355	     26.03038493	    -13.51608276	     -7.49999987	     81.49278553	     -5.37795875	      0.17504647	    101.49277440	      1.77138308	     32.42488823	     -8.96068807	     -7.49999987	    -33.09377672	     -1.77903394	      3.11584556	     -3.38336781	    -26.19476413	      0.71404860	     73.92692878	     93.95853532	      7.40845447	    -23.92116059	     12.03013713	     63.12123966	     91.72750898
      7.60000000	     -7.63419485	      0.99870390	     -1.77288779	     -0.49598230	      0.64268137	     -0.62578121	     84.34964319	     -1.23316301	      7.73995919	    101.41567914	      1.77003751	     25.87653300	    -13.60004410	     -7.49999987	     81.48625400	     -5.37324743	      0.24815967	    102.01303146	      1.78046328	     32.14506217	     -9.19369368	     -7.49999987	    -33.70035609	     -1.66553721	      3.01994887	     -3.10108737	    -26.08475879	      0.63391899	     73.85236807	     92.32323817	      7.49423361	    -23.72735077	     11.74792842	     63.33766800	     90.16257393
      7.61000000	     -7.57447056	      1.11705445	     -1.86450883	     -0.49876360	      0.63925087	     -0.62663046	     84.92933492	     -1.23942094	      7.91340564	    101.86160057	      1.77782031	     25.59460046	    -13.64389336	     -7.49999987	     81.99892950	     -5.40279688	      0.12114064	    102.49745301	      1.78891803	     31.99649246	     -9.12087118	     -7.49999987	    -33.51194546	     -1.80779363	      3.01574825	     -3.11257889	    -26.05976676	      0.67505865	     74.02271652	     92.63869877	      7.67379644	    -23.48055133	     11.52779418	     63.21484175	     90.34286541
      7.62000000	     -7.17959142	      1.01082205	     -1.92226441	     -0.50162645	      0.63658309	     -0.62678899	     85.02075571	     -1.24986554	      7.84570948	    102.20119124	      1.78374729	     25.37921579	    -13.70033473	     -7.49999987	     82.14576472	     -5.41929496	      0.24070964	    102.94358291	      1.79670447	     31.72045103	     -9.31676642	     -7.49999987	    -33.69143426	     -1.68402561	      3.37966060	     -3.26463288	    -25.87187616	     -0.20399220	     73.99828482	     96.63809773	      8.31567665	    -23.05808199	     11.71865717	     62.56441203	     93.49869582
      7.63000000	     -6.81524685	      1.07681730	     -2.01024032	     -0.50394061	      0.63374381	     -0.62636321	     85.18000525	     -1.24222532	      7.96282372	    102.57271725	      1.79023164	     25.24517481	    -13.67702453	     -7.49999987	     82.25011667	     -5.48524246	      0.14747008	    103.32906988	      1.80343248	     31.61719375	     -9.35174437	     -7.49999987	    -33.93754906	     -1.79886233	      3.30861034	     -3.22645933	    -25.65759431	     -0.26856858	     74.20679745	     95.95395497	      8.17588954	    -22.83038793	     11.23078047	     62.93225601	     92.71848574
      7.64000000	     -6.32635852	      1.01044520	     -2.06375252	     -0.50581084	      0.63124600	     -0.62682001	     85.13183611	     -1.29000864	      7.91335242	    102.88443845	      1.79567220	     25.16595657	    -13.68323347	     -7.49999987	     82.21021970	     -5.51179411	      0.20926544	    103.70109280	      1.80992551	     31.42789732	     -9.48366165	     -7.49999987	    -34.21753725	     -1.72509112	      3.31039705	     -3.07231216	    -25.44022176	     -0.31824495	     74.12021321	     95.44241956	      8.08461691	    -22.58193612	     11.02801572	     63.04392821	     92.23182625
      7.65000000	     -5.87000212	      1.06918929	     -2.25378864	     -0.50811663	      0.62880748	     -0.62829899	     85.15367019	     -1.23006917	      8.01849565	    103.16817773	      1.80062438	     24.91304543	    -13.69427008	     -7.49999987	     82.15385282	     -5.63563072	      0.10094474	    104.04936179	      1.81600395	     31.31479685	     -9.52431843	     -7.49999987	    -34.43266577	     -1.83100132	      3.39541296	     -3.16811701	    -25.30740410	     -0.29480009	     74.14975840	     94.20393626	      7.78129195	    -22.17765062	     10.48890208	     63.15186855	     90.94816436
      7.66000000	     -5.37954451	      1.05206367	     -2.31372229	     -0.51151403	      0.62660462	     -0.63031633	     85.12043695	     -1.33946928	      8.01339785	    103.39710044	      1.80461984	     24.59499711	    -13.73554746	     -7.49999987	     82.11280350	     -5.59081935	      0.10666869	    104.35858388	      1.82140089	     30.98941727	     -9.64923558	     -7.49999987	    -34.59273625	     -1.77859420	      3.48644337	     -3.14520881	    -25.00607162	     -0.97328439	     73.76189934	     98.74801111	      7.73290329	    -21.54934646	      9.58055516	     62.82580715	     94.43554598
      7.67000000	     -4.78073914	      1.05585062	     -2.39416034	     -0.51547371	      0.62480432	     -0.63083144	     84.96783050	     -1.40676027	      8.03987916	    103.61593581	      1.80843924	     24.38561114	    -13.72799283	     -7.49999987	     81.95705632	     -5.58548238	      0.07969154	    104.62996603	      1.82613740	     30.71968112	     -9.76639838	     -7.49999987	    -34.86144654	     -1.75802779	      3.41930742	     -3.04852520	    -24.79008966	     -1.08767958	     73.61101407	     98.16331719	      7.48933711	    -21.32553758	      9.28368118	     62.93835252	     93.87891445
      7.68000000	     -4.18036387	      0.84214054	     -2.50548275	     -0.51902660	      0.62353456	     -0.63000928	     84.73622925	     -1.35609168	      7.84044845	    103.74024542	      1.81060885	     24.08107148	    -13.91539594	     -7.49999987	     81.83336813	     -5.71758498	      0.27690128	    104.93601652	      1.83147899	     30.72596655	     -9.52120096	     -7.49999987	    -35.15427252	     -1.55652097	      3.40289466	     -3.02483768	    -24.97557738	     -0.24088910	     73.96350972	     91.29714551	      7.02243193	    -21.00013447	      8.80679912	     63.43905378	     87.50278670
      7.69000000	     -3.24526582	      0.78685957	     -2.54058834	     -0.52153195	      0.62406567	     -0.62985521	     84.08605551	     -1.43578789	      7.80530619	    103.81160191	      1.81185426	     23.79781183	    -14.04404700	     -7.49999987	     81.17565227	     -5.68631772	      0.29545442	    105.03367271	      1.83318341	     30.36858384	     -9.79799030	     -7.49999987	    -35.75259180	     -1.55893740	      3.28176907	     -2.71858069	    -24.64513570	     -0.40174272	     73.54736571	     89.30966675	      6.80469206	    -20.76468779	      8.42035334	     63.70185857	     85.58964893
      7.70000000	     -2.99795669	      0.91253324	     -2.68248005	     -0.52232787	      0.62457382	     -0.63089018	     84.15325655	     -1.39306603	      7.98101672	    103.84887083	      1.81250472	     23.46831098	    -13.98829509	     -7.49999987	     81.11461150	     -5.75167526	      0.11977943	    105.06915115	      1.83380263	     30.02910938	     -9.88221628	     -7.49999987	    -35.27789593	     -1.75401187	      3.77826386	     -3.32194259	    -24.02882514	     -2.16514792	     72.88607698	    100.48703873	      7.14009977	    -20.17125658	      7.99885908	     62.21710639	     95.09064850
      7.71000000	     -2.40843382	      0.84473069	     -2.77183784	     -0.52360847	      0.62627176	     -0.63195494	     83.71345130	     -1.40345068	      7.93271075	    103.78610798	      1.81140930	     23.15859126	    -14.00959342	     -7.49999987	     80.65460112	     -5.80712159	      0.12506734	    105.06193537	      1.83367669	     29.84479908	     -9.95613163	     -7.49999987	    -35.34291888	     -1.73368675	      3.62073598	     -2.97240899	    -23.80602785	     -1.83880469	     72.07054211	    100.78582237	      6.78420571	    -19.79825038	      7.24070154	     61.82241138	     95.17509372
      7.72000000	     -1.81609917	      0.77711471	     -2.80622106	     -0.52595698	      0.62753878	     -0.63143988	     83.22694146	     -1.46394753	      7.85933235	    103.69313272	      1.80978658	     22.88534311	    -14.08720734	     -7.49999987	     80.17695289	     -5.83665879	      0.13866337	    104.99652757	      1.83253511	     29.63486802	    -10.01068899	     -7.49999987	    -35.53046060	     -1.69966483	      3.58347719	     -2.94403045	    -23.55295548	     -1.91175219	     71.80969793	    100.04658737	      6.50215165	    -19.63752386	      6.95193877	     61.87707319	     94.31691489
      7.73000000	     -1.23415553	      0.60122295	     -2.90201767	     -0.52885620	      0.62821065	     -0.63033458	     82.69505117	     -1.41225806	      7.67656737	    103.53335725	      1.80699797	     22.51219929	    -14.16899544	     -7.49999987	     79.71086617	     -5.99750754	      0.24789143	    104.92472606	      1.83128194	     29.56477190	     -9.84375105	     -7.49999987	    -35.47515172	     -1.58527236	      3.81177301	     -2.75495676	    -23.25742204	     -2.11630474	     70.90584400	    101.37642516	      6.69760525	    -19.12259984	      6.56685196	     60.72087549	     94.75648134
      7.74000000	     -0.71160389	      0.54972912	     -2.92203871	     -0.53154101	      0.62888249	     -0.63056934	     82.25036801	     -1.50981152	      7.60090258	    103.40982919	      1.80484200	     22.35527665	    -14.15252958	     -7.49999987	     79.29767912	     -5.99939359	      0.26548553	    104.81898344	      1.82943638	     29.34563798	     -9.85469027	     -7.49999987	    -35.54578777	     -1.55045814	      3.73107992	     -2.77993115	    -22.96449056	     -2.20167922	     70.72139398	    100.82613851	      6.41065499	    -18.99590925	      6.25516744	     60.79568561	     94.14378746
      7.75000000	      0.01003167	      0.38396976	     -2.95308225	     -0.53416446	      0.63096901	     -0.63191712	     81.49396078	     -1.57594015	      7.40582805	    103.18303365	      1.80088367	     22.23416223	    -14.11289741	     -7.49999987	     78.63431435	     -6.01315918	      0.36956357	    104.64923865	      1.82647377	     29.05788764	    -10.04800323	     -7.49999987	    -35.94089376	     -1.41411234	      3.66248835	     -2.65256778	    -22.67848790	     -2.22605481	     70.55083060	     97.86440960	      6.12164008	    -18.78119089	      5.92459044	     61.13544901	     91.57559007
      7.76000000	      0.44749212	      0.35598254	     -3.00816757	     -0.53637627	      0.63228481	     -0.63248326	     81.08939171	     -1.59828630	      7.36768298	    102.99970752	      1.79768402	     21.94345997	    -14.15095533	     -7.49999987	     78.26833485	     -6.04411825	      0.35167975	    104.48833019	      1.82366539	     28.86220141	     -9.95066242	     -7.49999987	    -35.88971947	     -1.41772126	      3.58170283	     -2.73454328	    -22.43241658	     -2.26644114	     70.34717048	     97.41461571	      5.85365171	    -18.62963691	      5.63136649	     61.14159614	     90.97251886
      7.77000000	      1.15305631	      0.23791967	     -3.02788539	     -0.53880305	      0.63307362	     -0.63207546	     80.37986451	     -1.64424712	      7.21748538	    102.80706444	      1.79432177	     21.78426009	    -14.14327505	     -7.49999987	     77.63173755	     -6.05650189	      0.44122577	    104.29680810	      1.82032270	     28.55165405	    -10.05821046	     -7.49999987	    -36.24602054	     -1.34718356	      3.47827124	     -2.63282753	    -22.16283632	     -2.27623880	     70.13958330	     94.72168725	      5.62917669	    -18.41676096	      5.26938835	     61.32861418	     88.59692471
      7.78000000	      1.24857619	      0.03739960	     -3.24605861	     -0.54048155	      0.63264351	     -0.63144614	     80.30139502	     -1.37088076	      7.02746339	    102.56119910	      1.79003061	     21.26974775	    -14.32597390	     -7.49999987	     77.64077514	     -6.39816527	      0.59704700	    104.20868942	      1.81878474	     28.74867291	     -9.28727278	     -7.49999987	    -35.45282032	     -1.24972482	      4.08603636	     -2.91187095	    -21.78027716	     -3.15514963	     69.20902632	    102.06812195	      6.13452780	    -17.63320473	      4.75289877	     59.19832786	     94.24611880
      7.79000000	      1.65430610	     -0.11342849	     -3.35132489	     -0.54253076	      0.63280051	     -0.63236041	     79.90296694	     -1.29078283	      6.88692072	    102.34624771	      1.78627900	     20.97563089	    -14.32315299	     -7.49999987	     77.28344832	     -6.53402532	      0.69360731	    104.08197978	      1.81657324	     28.67257404	     -9.17456576	     -7.49999987	    -35.28938037	     -1.09976513	      4.07716031	     -2.83474698	    -21.66859097	     -2.85465315	     68.88050069	    100.52164329	      5.91224693	    -17.46070568	      4.55485885	     58.89524903	     92.74828789
      7.80000000	      2.06340876	     -0.15094264	     -3.43330856	     -0.54481510	      0.63284796	     -0.63366922	     79.53373475	     -1.26460258	      6.86915629	    102.17650769	      1.78331648	     20.70876555	    -14.45977461	     -7.49999987	     76.89933931	     -6.56095420	      0.70375106	    103.96935726	      1.81460761	     28.63142603	     -8.97969446	     -7.49999987	    -35.17387638	     -1.13338470	      4.01099967	     -3.06211662	    -21.49811277	     -2.66446041	     68.88449730	     98.81348790	      5.58800416	    -17.18702001	      4.32698199	     58.99212511	     91.00857385
      7.81000000	      2.36628332	     -0.14573283	     -3.52810332	     -0.54714927	      0.63251764	     -0.63386178	     79.32118107	     -1.20370223	      6.89089268	    102.05428403	      1.78118327	     20.30941196	    -14.63834820	     -7.49999987	     76.63166454	     -6.64394929	      0.61905369	    103.89395098	      1.81329152	     28.61166503	     -8.79455047	     -7.49999987	    -34.79632122	     -1.15236402	      3.84814690	     -3.38611458	    -21.38737846	     -2.12949525	     68.98945168	     95.16481021	      5.10230354	    -17.08309261	      4.16298319	     59.17670826	     87.43538356
      7.82000000	      3.02473079	     -0.39859910	     -3.51037596	     -0.54981358	      0.63299409	     -0.63341247	     78.62949298	     -1.21510933	      6.63630293	    101.85437972	      1.77769428	     20.27502803	    -14.46193955	     -7.49999987	     76.07609631	     -6.66109783	      0.86353311	    103.78979262	      1.81147361	     28.23344914	     -9.05101612	     -7.49999987	    -34.92870125	     -0.86820652	      4.20700381	     -4.07766107	    -20.75987744	     -3.96445469	     69.16241637	    101.93889387	      5.39205056	    -16.76584868	      3.99869401	     58.73192412	     92.52181656
      7.83000000	      3.54285453	     -0.60254432	     -3.50309085	     -0.55177272	      0.63274101	     -0.63311289	     78.17385606	     -1.20643920	      6.44513606	    101.73235042	      1.77556447	     19.98277689	    -14.53009302	     -7.49999987	     75.76204448	     -6.73435041	      1.06351035	    103.77446737	      1.81120614	     28.07342930	     -8.99577959	     -7.49999987	    -34.86088297	     -0.65063339	      4.11496514	     -4.43483610	    -20.55420725	     -3.97607093	     69.09401156	    101.38253348	      5.08405941	    -16.47769349	      3.37434223	     58.89592304	     92.07459972
      7.84000000	      4.00141063	     -0.61359677	     -3.60389646	     -0.55296233	      0.63161413	     -0.63316395	     77.88577117	     -1.10660517	      6.49913908	    101.69857163	      1.77497492	     19.56210972	    -14.77002754	     -7.49999987	     75.49354975	     -6.88066988	      1.03936571	    103.78898001	      1.81145943	     28.02660732	     -8.69515976	     -7.49999987	    -34.63007611	     -0.67671284	      3.99198293	     -4.89624933	    -20.42125776	     -3.38788161	     69.04470572	     97.61380880	      4.69673463	    -16.47729602	      3.31238956	     59.25092703	     88.61870523
      7.85000000	      4.56656374	     -0.69551434	     -3.61601761	     -0.55397955	      0.63027325	     -0.63362395	     77.45657599	     -1.10461742	      6.46700551	    101.70716436	      1.77512489	     19.49337240	    -14.56279806	     -7.49999987	     75.10065232	     -6.88926650	      1.11418495	    103.81707680	      1.81194981	     27.74351934	     -8.86543703	     -7.49999987	    -34.52062031	     -0.61372467	      3.87936088	     -5.28537394	    -20.15003361	     -3.34838532	     68.88744447	     96.78131529	      4.42567090	    -16.43513721	      3.23078833	     59.36366764	     87.99401138
      7.86000000	      5.21817717	     -0.95484247	     -3.66577607	     -0.55536935	      0.62956295	     -0.63407618	     76.86033989	     -0.98437283	      6.26887957	    101.65114973	      1.77414725	     19.28183821	    -14.54070071	     -7.49999987	     74.60322152	     -6.98869603	      1.35269562	    103.89227068	      1.81326219	     27.48492366	     -9.00198857	     -7.49999987	    -34.58222666	     -0.36211249	      4.18573772	     -5.81504345	    -19.74228560	     -4.32162493	     68.71614849	    101.45565149	      4.45147358	    -16.04161655	      2.70440550	     59.08602456	     90.77820942
      7.87000000	      5.75355501	     -1.00175856	     -3.70337798	     -0.55650387	      0.62928105	     -0.63446186	     76.46111006	     -0.95417717	      6.27343170	    101.67112138	      1.77449582	     19.05169367	    -14.59338185	     -7.49999987	     74.19587695	     -7.00229095	      1.38003009	    103.94782824	      1.81423185	     27.34691744	     -9.03211673	     -7.49999987	    -34.53815780	     -0.31331095	      4.08774458	     -6.08604808	    -19.52001722	     -4.26592057	     68.59434188	    101.23946063	      4.07660017	    -16.01394319	      2.50574567	     59.31089344	     90.23234004
      7.88000000	      6.39931968	     -1.11048653	     -3.82440612	     -0.55703346	      0.62967524	     -0.63442205	     75.90981207	     -0.82187846	      6.23363407	    101.64749847	      1.77408352	     18.79875962	    -14.71785651	     -7.49999987	     73.65911265	     -7.15330343	      1.43053008	    104.01044630	      1.81532474	     27.34323007	     -8.93721554	     -7.49999987	    -34.64694689	     -0.27142025	      4.23357762	     -6.28811856	    -19.44220212	     -3.89046708	     68.34022225	     98.36156943	      3.85166549	    -15.83861029	      2.35092935	     59.27723987	     88.37718789
      7.89000000	      6.93586634	     -1.21704895	     -3.80842781	     -0.55757515	      0.62971724	     -0.63379218	     75.46606549	     -0.82123336	      6.16408926	    101.67292433	      1.77452729	     18.69328300	    -14.70354871	     -7.49999987	     73.26960050	     -7.18493475	      1.53869394	    104.05950346	      1.81618095	     27.18981062	     -8.94766749	     -7.49999987	    -34.56303254	     -0.14904399	      4.22511574	     -6.45924810	    -19.28543326	     -3.73375838	     68.12150670	     97.90120342	      3.49987272	    -15.75294474	      2.23688690	     59.22552453	     87.90281073
      7.90000000	      7.46472162	     -1.49169307	     -3.83364087	     -0.55920383	      0.62965877	     -0.63288547	     74.95582903	     -0.70070384	      5.92451672	    101.60996347	      1.77342842	     18.48169714	    -14.79435783	     -7.49999987	     72.89028434	     -7.35914839	      1.81936385	    104.10662188	      1.81700332	     27.15064257	     -8.77783740	     -7.49999987	    -34.46500586	      0.13945296	      4.32456996	     -6.34247417	    -19.37590228	     -3.02933321	     67.53505223	     98.63271635	      3.34344684	    -15.59112552	      2.16056662	     58.54736521	     88.08649486
      7.91000000	      7.93223034	     -1.54215990	     -3.81506575	     -0.56100453	      0.62898338	     -0.63273118	     74.61041661	     -0.71605672	      5.91414039	    101.66858336	      1.77445153	     18.36721714	    -14.74885129	     -7.49999987	     72.58057616	     -7.38878972	      1.89605117	    104.15634351	      1.81787113	     26.95963489	     -8.81202514	     -7.49999987	    -34.40975719	      0.16345200	      4.32146052	     -6.55209761	    -19.11331582	     -2.94337020	     67.48996306	     98.07782686	      2.88057711	    -15.48422895	      2.11778940	     58.66043359	     87.56956637
      7.92000000	      8.52012032	     -1.68274907	     -3.88670707	     -0.56215421	      0.62893944	     -0.63301999	     74.09015461	     -0.59792133	      5.84113146	    101.67809125	      1.77461747	     18.18040283	    -14.82598417	     -7.49999987	     72.12102978	     -7.55604630	      2.01117796	    104.22558951	      1.81907970	     26.84969447	     -8.73736620	     -7.49999987	    -34.47850949	      0.24155936	      4.47753981	     -6.59638756	    -19.00704757	     -2.62469292	     67.05983052	     98.86913010	      2.64583803	    -15.29082483	      2.03811703	     58.29717405	     87.53411436
      7.93000000	      9.02416736	     -1.71313407	     -3.86256940	     -0.56278106	      0.62940120	     -0.63313625	     73.66014134	     -0.66554056	      5.80529284	    101.72631373	      1.77545911	     18.18522401	    -14.81846631	     -7.49999987	     71.72158164	     -7.53508292	      2.06806186	    104.25276652	      1.81955403	     26.67239552	     -8.93006690	     -7.49999987	    -34.55660200	      0.27501113	      4.41881354	     -6.77386138	    -18.74987130	     -2.52428463	     67.05511768	     97.08316065	      2.18888718	    -15.27422776	      1.97114990	     58.51169677	     86.14286795
      7.94000000	      9.52192097	     -1.96357040	     -3.94259491	     -0.56358208	      0.63020881	     -0.63302119	     73.12679192	     -0.49949404	      5.58335418	    101.64945406	      1.77411766	     17.95612002	    -14.94890669	     -7.49999987	     71.31573386	     -7.77924429	      2.28105437	    104.31010976	      1.82055486	     26.73668412	     -8.65967085	     -7.49999987	    -34.52037048	      0.47794436	      4.62623131	     -6.68729245	    -18.58299296	     -2.33627719	     66.36552727	     98.80976210	      2.09824352	    -15.03547379	      1.82268816	     57.66963068	     87.36950638
      7.95000000	      9.99204491	     -2.01088425	     -3.94509175	     -0.56427168	      0.63015259	     -0.63371233	     72.68608572	     -0.54302099	      5.53405022	    101.65181061	      1.77415879	     17.95939054	    -14.85982838	     -7.49999987	     70.91888897	     -7.81604445	      2.30096642	    104.32212311	      1.82076453	     26.55337838	     -8.76487132	     -7.49999987	    -34.60886128	      0.53761480	      4.60124566	     -6.72995968	    -18.35249102	     -2.26210711	     66.25585262	     97.41863538	      1.69490963	    -14.97046063	      1.70651120	     57.83636823	     86.24123058
      7.96000000	     10.53369125	     -2.26177790	     -4.04286138	     -0.56448452	      0.62992023	     -0.63428938	     72.09042380	     -0.36221765	      5.32736472	    101.55965391	      1.77255035	     17.74709181	    -15.02086854	     -7.49999987	     70.44220554	     -8.07121878	      2.48535483	    104.38355878	      1.82183679	     26.56482008	     -8.57714993	     -7.49999987	    -34.69074526	      0.71524714	      4.86357262	     -6.46365222	    -18.20658364	     -2.05652929	     65.44764316	     97.28727253	      1.67211337	    -14.70115436	      1.63090182	     57.18169527	     85.89422541
      7.97000000	     10.89832157	     -2.38550708	     -4.04856888	     -0.56431179	      0.62933941	     -0.63425040	     71.74162798	     -0.34540344	      5.19950533	    101.55419783	      1.77245512	     17.65697149	    -15.03850723	     -7.49999987	     70.15599821	     -8.16329014	      2.58220678	    104.46055111	      1.82318056	     26.52708702	     -8.49429473	     -7.49999987	    -34.59083124	      0.87679274	      4.95408723	     -6.26543564	    -18.05179247	     -1.84894000	     64.86629484	     96.90857211	      1.58682098	    -14.54707838	      1.67430743	     56.68066067	     85.49523797
      7.98000000	     11.22984728	     -2.40003844	     -4.03374889	     -0.56489461	      0.62891552	     -0.63375233	     71.45985626	     -0.39100674	      5.17987458	    101.57283098	      1.77278033	     17.73611501	    -14.84932320	     -7.49999987	     69.87380976	     -8.18119619	      2.58190753	    104.50925743	      1.82403064	     26.45008734	     -8.56279918	     -7.49999987	    -34.57543502	      0.91827698	      4.99531689	     -6.17482179	    -17.86654342	     -1.74833669	     64.68270493	     95.32398410	      1.40139329	    -14.48176253	      1.72854187	     56.61188463	     84.61826575
      7.99000000	     11.60049967	     -2.55120023	     -4.08405701	     -0.56663590	      0.62911727	     -0.63325471	     71.08953174	     -0.27993820	      5.02375225	    101.48314424	      1.77121500	     17.46175751	    -15.12895067	     -7.49999987	     69.54723152	     -8.38241718	      2.69118977	    104.55349994	      1.82480282	     26.60993755	     -8.12613081	     -7.49999987	    -34.61853092	      1.00232275	      5.13383936	     -5.63693164	    -17.70120127	     -1.35229024	     63.79566278	     93.63298543	      1.49393201	    -14.33778471	      1.79930481	     56.03529924	     83.25408285
      8.00000000	     11.84198047	     -2.55139193	     -4.01747362	     -0.56809867	      0.62905212	     -0.63316746	     70.92680416	     -0.38289093	      4.97109386	    101.49481705	      1.77141873	     17.38267787	    -15.16438961	     -7.49999987	     69.39239841	     -8.35572826	      2.70879338	    104.56859774	      1.82506632	     26.44510472	     -8.18548321	     -7.49999987	    -34.62384286	      1.02994572	      5.11428929	     -5.51430081	    -17.53653783	     -1.34605050	     63.86409847	     93.24499638	      1.33755100	    -14.29673316	      1.74505831	     56.26188093	     82.78455240
      8.01000000	     12.13442469	     -2.78301306	     -3.95601062	     -0.56843263	      0.62906637	     -0.63321297	     70.60026844	     -0.38174251	      4.69837224	    101.43511779	      1.77037678	     17.62583591	    -14.95050770	     -7.49999987	     69.20682284	     -8.45090826	      2.94504853	    104.62561004	      1.82606138	     26.35775027	     -8.11755045	     -7.49999987	    -34.53712331	      1.28168177	      5.22202384	     -4.98607212	    -17.37102516	     -1.12968406	     62.79501552	     93.34282766	      1.55398058	    -14.10496575	      1.92052772	     55.42213963	     82.73503177
      8.02000000	     12.25389578	     -2.82812114	     -3.93103061	     -0.56867933	      0.62842621	     -0.63349907	     70.51928375	     -0.42479118	      4.60972777	    101.41130384	      1.76996115	     17.55720361	    -15.06510532	     -7.49999987	     69.17617382	     -8.49616434	      2.97812194	    104.67356195	      1.82689830	     26.27430856	     -8.03343085	     -7.49999987	    -34.34267598	      1.34269380	      5.24103732	     -4.69080661	    -17.25024921	     -0.91931336	     62.26302189	     93.65589941	      1.65147264	    -14.04253803	      2.13541109	     54.98190510	     82.90993096
      8.03000000	     12.42985808	     -2.87955253	     -3.94514506	     -0.57042019	      0.62810417	     -0.63420154	     70.36564917	     -0.43259423	      4.53065657	    101.34146834	      1.76874229	     17.52252060	    -15.10917803	     -7.49999987	     69.07309273	     -8.57977993	      2.99699549	    104.72139541	      1.82773315	     26.34726133	     -7.79627647	     -7.49999987	    -34.36802819	      1.35801121	      5.23531813	     -4.37585043	    -17.13796724	     -0.66229313	     61.99369776	     91.83821592	      1.64228003	    -13.93927332	      2.21103858	     54.98293515	     81.37629741
      8.04000000	     12.59577370	     -2.85535879	     -3.90003634	     -0.57209043	      0.62799039	     -0.63466463	     70.27192469	     -0.54821105	      4.50903806	    101.34696777	      1.76883827	     17.48019214	    -15.09016514	     -7.49999987	     69.00482408	     -8.54672688	      2.96209197	    104.75655155	      1.82834674	     26.20988039	     -7.85904821	     -7.49999987	    -34.41452069	      1.36914831	      5.20608496	     -4.19367835	    -16.97797456	     -0.68987212	     62.16652798	     91.43555575	      1.55991714	    -13.85834522	      2.16691140	     55.27262182	     80.98182158
      8.05000000	     12.83334233	     -2.96591002	     -3.86739130	     -0.57201440	      0.62850991	     -0.63421274	     69.98623144	     -0.56868990	      4.36542899	    101.26303690	      1.76737340	     17.48684441	    -15.03799549	     -7.49999987	     68.80117193	     -8.60618483	      3.05472403	    104.76119035	      1.82842770	     26.28203405	     -7.60426574	     -7.49999987	    -34.42045334	      1.46448624	      5.29503144	     -3.87014668	    -16.86723792	     -0.61991152	     61.60987702	     91.63351895	      1.72285000	    -13.76401433	      2.44005422	     54.89258159	     81.05788133
      8.06000000	     12.95194734	     -2.94700485	     -3.85224174	     -0.57127778	      0.62863476	     -0.63360712	     69.85482094	     -0.62011079	      4.36431461	    101.23861077	      1.76694709	     17.47934543	    -14.97024123	     -7.49999987	     68.67503438	     -8.62489287	      3.00716856	    104.76336284	      1.82846562	     26.31359801	     -7.47535177	     -7.49999987	    -34.28672613	      1.41898737	      5.37623170	     -3.77638284	    -16.79831570	     -0.54687286	     61.39311851	     91.91676760	      1.77463646	    -13.70882594	      2.68704337	     54.69155663	     81.20940555
      8.07000000	     13.10403524	     -2.92479856	     -3.83660470	     -0.57160292	      0.62855782	     -0.63369879	     69.68642306	     -0.68389644	      4.35989840	    101.18496784	      1.76601084	     17.37631026	    -15.04409793	     -7.49999987	     68.50564543	     -8.61969314	      2.96034619	    104.75899554	      1.82838939	     26.32601900	     -7.44846439	     -7.49999987	    -34.34626384	      1.38342103	      5.37909768	     -3.58019474	    -16.66049631	     -0.55075982	     61.38134058	     91.10049370	      1.79884825	    -13.61471642	      2.80201190	     54.76534805	     80.79984933
      8.08000000	     13.29563859	     -2.97207889	     -3.86144710	     -0.57188717	      0.62835350	     -0.63393485	     69.47100741	     -0.66243341	      4.31572952	    101.17235906	      1.76579078	     17.41807548	    -14.96038296	     -7.49999987	     68.31058529	     -8.74850299	      2.94334922	    104.78285158	      1.82880576	     26.35931881	     -7.29562173	     -7.49999987	    -34.32478433	      1.38969027	      5.45632222	     -3.48739025	    -16.64640234	     -0.33403645	     61.18414287	     89.43228305	      1.72122805	    -13.52254467	      2.84174322	     54.88780220	     79.48024548
      8.09000000	     13.48434094	     -2.94634850	     -3.77990201	     -0.57198373	      0.62821744	     -0.63445420	     69.29749005	     -0.80821220	      4.30956793	    101.17630873	      1.76585971	     17.41199325	    -15.01066087	     -7.49999987	     68.17772843	     -8.64715429	      2.93849155	    104.80401544	      1.82917514	     26.20416099	     -7.45326781	     -7.49999987	    -34.40197588	      1.42280704	      5.35543694	     -3.42794175	    -16.59779555	     -0.34887659	     61.33474247	     88.60169449	      1.62579022	    -13.45976967	      2.81947269	     55.21632173	     78.83673320
      8.10000000	     13.53750858	     -3.06976326	     -3.76441575	     -0.57236514	      0.62828580	     -0.63499005	     69.22308526	     -0.84548356	      4.12376125	    101.10126795	      1.76455000	     17.35393067	    -15.03300564	     -7.49999987	     68.21007668	     -8.68931449	      3.06672947	    104.82610967	      1.82956076	     26.08147008	     -7.43578612	     -7.49999987	    -34.09209034	      1.58282586	      5.51836787	     -3.06422614	    -16.68904369	      0.04721773	     60.46386559	     90.04809788	      2.08519363	    -13.38107862	      3.59552240	     54.09137980	     79.65252071
      8.11000000	     13.74584786	     -3.00367572	     -3.74670708	     -0.57319054	      0.62803125	     -0.63551982	     69.05978005	     -0.94654371	      4.18054738	    101.11117049	      1.76472284	     17.34497081	    -14.95598632	     -7.49999987	     68.02917808	     -8.62083298	      2.99799469	    104.81247215	      1.82932274	     26.04371968	     -7.43162949	     -7.49999987	    -34.26508991	      1.54634648	      5.45645302	     -3.03400217	    -16.66690005	     -0.08647965	     60.65251578	     89.34800070	      1.97123064	    -13.35184442	      3.40722428	     54.60488390	     79.03213015
      8.12000000	     13.89335252	     -3.00541381	     -3.75150077	     -0.57383969	      0.62726132	     -0.63588048	     68.95060786	     -0.99548275	      4.16806687	    101.12868463	      1.76502852	     17.35616687	    -14.90551518	     -7.49999987	     67.90756337	     -8.59568254	      2.99648741	    104.83557337	      1.82972593	     26.06684397	     -7.43822506	     -7.49999987	    -34.36084253	      1.54921637	      5.51025879	     -2.95309764	    -16.64890142	     -0.11756481	     60.59050102	     88.95620410	      2.01662217	    -13.22741824	      3.39004929	     54.73822392	     78.77452358
      8.13000000	     13.99137256	     -3.00552760	     -3.72884456	     -0.57471979	      0.62651531	     -0.63584620	     68.88288794	     -1.01387081	      4.17757711	    101.14891439	      1.76538159	     17.38867225	    -14.85841313	     -7.49999987	     67.82545872	     -8.53014071	      3.01771666	    104.86755555	      1.83028412	     26.09349016	     -7.49659177	     -7.49999987	    -34.44580594	      1.55749788	      5.50904353	     -2.88610384	    -16.65696395	     -0.15263519	     60.55956630	     88.54661155	      2.06344371	    -13.15550454	      3.36356335	     54.87199205	     78.50633313
      8.14000000	     14.06824845	     -3.00730290	     -3.74013399	     -0.57566733	      0.62644258	     -0.63512705	     68.80677657	     -0.99846290	      4.15675142	    101.12134047	      1.76490034	     17.24762002	    -14.95277314	     -7.49999987	     67.72111729	     -8.53975776	      3.00305061	    104.89624734	      1.83078489	     26.26444958	     -7.29123447	     -7.49999987	    -34.40989259	      1.54619958	      5.76780092	     -2.86688754	    -16.50009313	     -0.91103393	     60.03852642	     93.48693692	      2.48732727	    -13.06224683	      3.59240155	     54.28012996	     81.56387912
      8.15000000	     14.03769742	     -3.06189374	     -3.70574633	     -0.57565582	      0.62644251	     -0.63423442	     68.83917262	     -0.97930046	      4.07733842	    101.11780340	      1.76483860	     17.22471873	    -15.02709020	     -7.49999987	     67.79070781	     -8.50357211	      3.09252693	    104.97247785	      1.83211536	     26.31522217	     -7.34375116	     -7.49999987	    -34.32426913	      1.59632151	      5.73124263	     -2.74851922	    -16.54236779	     -0.69403640	     59.83583479	     92.54210511	      2.53383283	    -12.97445126	      3.43298050	     54.20727023	     80.87677260
      8.16000000	     14.12399951	     -3.03473710	     -3.67314166	     -0.57452822	      0.62666057	     -0.63400825	     68.77046996	     -1.01647913	      4.09568898	    101.16153916	      1.76560193	     17.22127210	    -15.09244466	     -7.49999987	     67.70084387	     -8.45684173	      3.05981894	    105.04244362	      1.83333650	     26.29608268	     -7.43924763	     -7.49999987	    -34.42376145	      1.58628404	      5.64944525	     -2.83272128	    -16.47710397	     -0.71556873	     59.99876105	     92.12872957	      2.38777567	    -12.96701564	      3.34105157	     54.51886627	     80.46819784
      8.17000000	     14.20171606	     -3.02144375	     -3.66681727	     -0.57371337	      0.62682978	     -0.63464240	     68.69398805	     -1.03476123	      4.10895555	    101.17278120	      1.76579815	     17.27159176	    -15.06338493	     -7.49999987	     67.60223370	     -8.41036312	      3.05924479	    105.08646341	      1.83410479	     26.30441305	     -7.53130205	     -7.49999987	    -34.45568821	      1.57589743	      5.63677727	     -2.85285219	    -16.50063360	     -0.73799152	     60.08750946	     91.66566949	      2.28643877	    -12.94795574	      3.27464590	     54.73450633	     80.11053269
      8.18000000	     14.28707760	     -2.97915499	     -3.60588566	     -0.57445111	      0.62674228	     -0.63535267	     68.63352932	     -1.12068338	      4.14524725	    101.19523007	      1.76618995	     17.32159814	    -14.99108101	     -7.49999987	     67.52748584	     -8.27195818	      3.06428013	    105.11442916	      1.83459288	     26.27897177	     -7.63184335	     -7.49999987	    -34.62813844	      1.56978391	      5.50560690	     -2.81197618	    -16.44280487	     -0.78352311	     60.38918767	     90.84656458	      2.09798267	    -12.91073579	      3.14210011	     55.21778469	     79.38316069
      8.19000000	     14.24789958	     -3.03268849	     -3.71149978	     -0.57567747	      0.62674451	     -0.63526659	     68.68793877	     -0.97766732	      4.13022798	    101.14975134	      1.76539620	     17.21299381	    -15.03892344	     -7.49999987	     67.57597535	     -8.38940035	      3.08981104	    105.17916407	      1.83572272	     26.51872307	     -7.35640966	     -7.49999987	    -34.50952951	      1.58120958	      5.81031279	     -2.59895813	    -16.68503766	     -0.48670910	     59.86484431	     91.31409227	      2.37488919	    -12.81231410	      3.44121038	     54.55103497	     79.57683855
      8.20000000	     14.27397789	     -2.96620810	     -3.67775974	     -0.57622753	      0.62696379	     -0.63508363	     68.70392756	     -1.02639146	      4.16943160	    101.17707379	      1.76587307	     17.08035344	    -15.23341538	     -7.49999987	     67.55176115	     -8.29189435	      3.04141573	    105.21102329	      1.83627877	     26.51160993	     -7.47333952	     -7.49999987	    -34.69771160	      1.53625042	      5.72203995	     -2.48244613	    -16.68788894	     -0.56829573	     60.13458996	     90.95576365	      2.23917389	    -12.80272229	      3.35855226	     54.92131720	     79.12296987
      8.21000000	     14.22867256	     -2.93496888	     -3.66839119	     -0.57595522	      0.62707308	     -0.63490750	     68.77657724	     -1.04489934	      4.17488095	    101.20599637	      1.76637786	     17.16397149	    -15.17946263	     -7.49999987	     67.59942714	     -8.24992796	      3.00802331	    105.26337400	      1.83719246	     26.52599887	     -7.56761930	     -7.49999987	    -34.88504072	      1.51517906	      5.70701482	     -2.37983359	    -16.70676899	     -0.61047719	     60.28581849	     90.53542776	      2.14504206	    -12.77933918	      3.32568205	     55.14174188	     78.79020178
      8.22000000	     14.18702267	     -2.90539275	     -3.65138808	     -0.57547471	      0.62695192	     -0.63467891	     68.83229513	     -1.05427787	      4.19725549	    101.23013775	      1.76679921	     17.19051669	    -15.15637138	     -7.49999987	     67.64407568	     -8.17535038	      3.00089646	    105.31367343	      1.83807035	     26.54771665	     -7.63949869	     -7.49999987	    -35.07649829	      1.50241870	      5.65847993	     -2.33299198	    -16.70419394	     -0.64773951	     60.45100627	     90.13453227	      2.01977970	    -12.76437118	      3.27352797	     55.40021931	     78.42295211
      8.23000000	     14.10929706	     -2.88263839	     -3.65466883	     -0.57474735	      0.62707610	     -0.63445465	     68.90202002	     -1.08684685	      4.19121388	    101.23516488	      1.76688695	     17.22896397	    -15.19157848	     -7.49999987	     67.69724899	     -8.13999602	      2.95817884	    105.36413977	      1.83895115	     26.67966820	     -7.69018866	     -7.49999987	    -35.18323870	      1.49190345	      5.64732781	     -2.31386691	    -16.74488601	     -0.67550895	     60.57429301	     89.84954989	      1.88453420	    -12.77895946	      3.23211008	     55.60631861	     78.12357874
      8.24000000	     13.64276092	     -2.89469304	     -3.69070706	     -0.57399763	      0.62705519	     -0.63411802	     69.38633174	     -1.06055910	      4.15675467	    101.25528462	      1.76723810	     17.41743168	    -14.92968798	     -7.49999987	     68.18454458	     -8.15925615	      2.99015462	    105.46661029	      1.84073960	     27.09707094	     -7.25157195	     -7.49999987	    -34.77086361	      1.52491091	      5.84473073	     -2.43821465	    -16.89096478	     -0.48318447	     60.43385206	     90.01829853	      1.81788060	    -12.77827234	      3.53919032	     55.47557938	     78.21082572
      8.25000000	     13.58151745	     -2.78619741	     -3.61483053	     -0.57404713	      0.62779769	     -0.63355586	     69.42895324	     -1.17708268	      4.21461746	    101.27593896	      1.76759859	     17.53552875	    -14.85879745	     -7.49999987	     68.18965057	     -8.03741561	      2.87367066	    105.44321818	      1.84033133	     27.13292072	     -7.42094285	     -7.49999987	    -35.03559160	      1.45571203	      5.71605050	     -2.42072969	    -16.91914908	     -0.56163718	     60.73273570	     89.12261916	      1.54753135	    -12.89716923	      3.43807243	     55.86130405	     77.52020499
      8.26000000	     13.49982493	     -2.72985972	     -3.57372610	     -0.57320832	      0.62854810	     -0.63263349	     69.46464968	     -1.20417182	      4.24225014	    101.25692831	      1.76726679	     17.42410839	    -15.06006546	     -7.49999987	     68.22607818	     -7.96331195	      2.85311118	    105.41938881	      1.83991543	     27.14713778	     -7.49113470	     -7.49999987	    -35.31739309	      1.42605529	      5.64530435	     -2.43124309	    -16.83078104	     -0.57279573	     60.94222094	     88.71395155	      1.36964055	    -12.88856885	      3.38049918	     56.15856292	     77.09779932
      8.27000000	     12.99507370	     -2.76072992	     -3.60865039	     -0.57131801	      0.62847094	     -0.63190728	     69.96647139	     -1.13562933	      4.17281355	    101.28471788	      1.76775181	     17.52221224	    -14.98450500	     -7.49999987	     68.79283600	     -8.07211495	      2.92768234	    105.49374481	      1.84121319	     27.46980677	     -7.04791171	     -7.49999987	    -34.90811556	      1.45442733	      6.18312985	     -2.97957195	    -16.81956968	     -1.48636544	     61.03667902	     93.35793722	      1.73897372	    -13.11611315	      4.22948684	     55.62587388	     80.66944433
      8.28000000	     12.86141866	     -2.71610304	     -3.55750504	     -0.57111994	      0.62867710	     -0.63226613	     70.07252825	     -1.20518972	      4.16444463	    101.30374296	      1.76808386	     17.65271797	    -14.93364329	     -7.49999987	     68.94312630	     -8.04414963	      2.89638344	    105.48332990	      1.84103141	     27.46822834	     -7.13000435	     -7.49999987	    -35.18297183	      1.42628985	      6.15219271	     -2.99460739	    -16.85498829	     -1.48534607	     61.09567634	     92.77465460	      1.74430694	    -13.21067249	      4.17811986	     55.78423206	     80.35775089
      8.29000000	     12.73196177	     -2.65225984	     -3.51050809	     -0.57183643	      0.62841236	     -0.63289868	     70.20419775	     -1.27639965	      4.18283536	    101.34800494	      1.76885638	     17.79141871	    -14.91626073	     -7.49999987	     69.08770132	     -7.93790688	      2.89289246	    105.47009729	      1.84080046	     27.51079867	     -7.22366313	     -7.49999987	    -35.55540115	      1.40188310	      5.98022470	     -2.94425130	    -16.85402029	     -1.53060824	     61.36670501	     91.96444992	      1.69206894	    -13.31702091	      4.01080085	     56.26638309	     79.69815350
      8.30000000	     12.46976084	     -2.53277927	     -3.53621862	     -0.57148968	      0.62810251	     -0.63274283	     70.49363432	     -1.26587381	      4.29608121	    101.40739182	      1.76989287	     17.73892611	    -15.06699766	     -7.49999987	     69.34373439	     -7.90842514	      2.79109219	    105.47705191	      1.84092184	     27.60993035	     -7.13423253	     -7.49999987	    -35.83163607	      1.28010986	      5.89014918	     -2.87970852	    -16.96686726	     -1.57686256	     61.64760982	     91.63761033	      1.59305179	    -13.53296147	      3.86424106	     56.77559853	     79.17321427
      8.31000000	     11.66868322	     -2.44628694	     -3.62725715	     -0.56971965	      0.62759109	     -0.63206365	     71.34377777	     -1.20434198	      4.34893072	    101.48736310	      1.77128864	     18.00762884	    -14.85891150	     -7.49999987	     70.18686682	     -8.02194105	      2.70851882	    105.55555201	      1.84229193	     28.01084876	     -6.65735328	     -7.49999987	    -35.43951891	      1.15890781	      5.99111092	     -3.01075517	    -17.20016352	     -1.29478335	     61.92401966	     90.92436220	      1.27109309	    -13.83855736	      4.12906528	     57.51079239	     78.53435794
      8.32000000	     11.08746561	     -2.34543487	     -3.56746401	     -0.56864206	      0.62763759	     -0.63159232	     71.89867736	     -1.29342068	      4.38486753	    101.52650774	      1.77197184	     18.18128113	    -14.76776300	     -7.49999987	     70.74691876	     -7.94120924	      2.65657224	    105.54737203	      1.84214916	     28.17999630	     -6.52675406	     -7.49999987	    -35.38955851	      1.13356195	      5.94769372	     -2.91921927	    -17.40150447	     -1.20967922	     62.07777415	     91.12984807	      1.25342627	    -14.17403171	      4.48070779	     57.80538749	     78.69632027
      8.33000000	     10.51309339	     -2.19744276	     -3.54614167	     -0.56814169	      0.62679102	     -0.63102823	     72.48294263	     -1.34586963	      4.47032962	    101.58635798	      1.77301642	     18.33878721	    -14.71766727	     -7.49999987	     71.28840068	     -7.91450931	      2.53898576	    105.55123062	      1.84221650	     28.40710462	     -6.37124932	     -7.49999987	    -35.45321185	      1.00032011	      5.97806765	     -2.75321397	    -17.61858543	     -1.20348910	     62.31276616	     90.97239266	      1.27951637	    -14.52624775	      4.79108927	     58.17338984	     78.77319155
      8.34000000	      9.86292908	     -2.05591702	     -3.53970199	     -0.56755950	      0.62568069	     -0.63116494	     73.14603085	     -1.39180400	      4.54465039	    101.64607425	      1.77405867	     18.55237893	    -14.64164717	     -7.49999987	     71.92118706	     -7.90382969	      2.41022394	    105.57006551	      1.84254523	     28.68254864	     -6.14939730	     -7.49999987	    -35.53692795	      0.86888944	      6.03367873	     -2.50801737	    -17.87126214	     -1.07267729	     62.63613077	     89.60256982	      1.25345444	    -14.82572211	      5.02128935	     58.71074340	     78.01469742
      8.35000000	      9.55220322	     -1.99335417	     -3.45067861	     -0.56656336	      0.62645820	     -0.63211586	     73.35445846	     -1.49635176	      4.55622422	    101.64174636	      1.77398313	     18.73878437	    -14.63213921	     -7.49999987	     72.15892424	     -7.78337439	      2.37024703	    105.52605678	      1.84177714	     28.64046615	     -6.36395993	     -7.49999987	    -36.10236997	      0.85089933	      6.05608477	     -2.10067993	    -18.13266706	     -1.19659244	     62.82341214	     88.91282886	      1.41731043	    -14.94660526	      4.98817204	     58.91814303	     77.61506362
      8.36000000	      8.49097448	     -1.73991544	     -3.51024366	     -0.56329403	      0.62699287	     -0.63202567	     74.42130592	     -1.58232617	      4.71372292	    101.70958796	      1.77516719	     19.08577512	    -14.39853191	     -7.49999987	     73.15219906	     -7.79661802	      2.09187715	    105.52511908	      1.84176077	     28.92835690	     -6.14080686	     -7.49999987	    -35.71121310	      0.61150696	      6.14549322	     -2.00208451	    -18.51429790	     -1.14732937	     63.13924031	     89.36721707	      1.25460789	    -15.39628473	      5.44732611	     59.37103127	     78.12381614
      8.37000000	      7.83280985	     -1.55512103	     -3.51446663	     -0.55961787	      0.62787981	     -0.63118979	     74.95311395	     -1.64857469	      4.83406219	    101.71616183	      1.77528193	     19.32874328	    -14.33989122	     -7.49999987	     73.60973347	     -7.75307667	      1.87732386	    105.42805759	      1.84006673	     29.03416337	     -6.14917669	     -7.49999987	    -35.86933293	      0.43947477	      6.39420215	     -1.88286716	    -18.61050685	     -2.42285778	     63.42289340	     96.63089703	      1.47244279	    -15.56480260	      5.36240735	     59.37722320	     84.70639254
      8.38000000	      7.07030598	     -1.38720844	     -3.54773416	     -0.55646816	      0.62714771	     -0.63071043	     75.59602230	     -1.67464767	      4.93430537	    101.77787457	      1.77635902	     19.68526276	    -14.19649607	     -7.49999987	     74.16167976	     -7.76161257	      1.68048387	    105.40104165	      1.83959521	     29.36987191	     -6.05935442	     -7.49999987	    -35.84624569	      0.25574974	      6.45079249	     -1.63719703	    -19.00041187	     -2.35389815	     63.63730412	     96.35494240	      1.33755763	    -15.84224588	      5.38564825	     59.81492184	     84.45794250
      8.39000000	      6.39831547	     -1.24834140	     -3.53351860	     -0.55465464	      0.62593851	     -0.63083553	     76.14617464	     -1.76702017	      4.96472746	    101.85806147	      1.77775854	     20.05982704	    -14.15902052	     -7.49999987	     74.63701974	     -7.75418779	      1.48940797	    105.38773183	      1.83936291	     29.60619436	     -6.15404513	     -7.49999987	    -36.01855024	      0.11702249	      6.48462369	     -1.24553045	    -19.39616939	     -2.36245634	     63.88895790	     95.67997052	      1.36315821	    -16.08340011	      5.45702799	     60.15488791	     84.08029552
      8.40000000	      5.18886800	     -0.99292955	     -3.49397056	     -0.55212819	      0.62417919	     -0.63029124	     77.33609508	     -1.84341823	      5.16558813	    102.01294255	      1.78046173	     20.43735154	    -13.96612275	     -7.49999987	     75.73307370	     -7.64864791	      1.28507112	    105.42479666	      1.84000981	     29.80758661	     -6.05479003	     -7.49999987	    -35.39971951	     -0.11531018	      6.35901956	     -0.86575607	    -19.95131958	     -1.59399432	     63.74542049	     95.31206610	      1.25160503	    -16.67322029	      6.30234225	     60.47138104	     83.98400390
      8.41000000	      4.77749664	     -0.94143592	     -3.42625087	     -0.54907632	      0.62468942	     -0.62947906	     77.54184410	     -1.90133524	      5.15409535	    102.04432633	      1.78100948	     20.67825796	    -14.16419598	     -7.49999987	     75.93145648	     -7.60554876	      1.20232819	    105.40493069	      1.83966309	     29.95992347	     -6.23704001	     -7.49999987	    -35.93447026	     -0.17541964	      6.34287154	     -0.50800334	    -20.30522112	     -1.75775689	     64.00651258	     94.54189715	      1.36042433	    -16.87044801	      6.15939610	     60.74783477	     83.40827010
      8.42000000	      3.46194140	     -0.58754645	     -3.47806168	     -0.54474717	      0.62374646	     -0.62908579	     78.85485658	     -1.95111903	      5.44214015	    102.20837926	      1.78387274	     21.21439364	    -13.80237808	     -7.49999987	     77.08189062	     -7.61072702	      0.84042194	    105.43668027	      1.84021722	     30.37825555	     -5.81880093	     -7.49999987	    -35.31794030	     -0.56377924	      6.31064038	     -0.76462077	    -20.81208686	     -1.61139360	     64.73181023	     94.82526850	      1.03214335	    -17.33983710	      6.39575551	     61.48362915	     83.72896901
      8.43000000	      2.51609950	     -0.35629854	     -3.44390215	     -0.54185252	      0.62351209	     -0.62967675	     79.70694254	     -2.05824037	      5.61870198	    102.31683854	      1.78576571	     21.56218816	    -13.70013481	     -7.49999987	     77.83774817	     -7.52332511	      0.61161170	    105.42045010	      1.83993395	     30.52694913	     -5.93412880	     -7.49999987	    -35.07033254	     -0.77543278	      6.22652720	     -0.75731930	    -21.30819041	     -1.53032119	     65.25469777	     94.93864298	      0.88692430	    -17.79773819	      6.69751025	     62.09953694	     84.02056104
      8.44000000	      1.58037275	     -0.15708150	     -3.37961860	     -0.54044355	      0.62370915	     -0.62995363	     80.51050850	     -2.18383460	      5.75464948	    102.34637161	      1.78628116	     21.87603377	    -13.63198384	     -7.49999987	     78.56311782	     -7.41650952	      0.41655658	    105.34133020	      1.83855305	     30.61630962	     -6.08042675	     -7.49999987	    -34.91765596	     -0.95488647	      6.31221500	     -1.00141642	    -21.73721491	     -2.42131046	     66.14477175	    100.04798865	      0.89448940	    -18.14606644	      6.66993445	     62.64822916	     90.20062636
      8.45000000	      0.46811367	      0.03772523	     -3.30858065	     -0.53889981	      0.62415953	     -0.62900531	     81.46383505	     -2.28583409	      5.87262019	    102.33486194	      1.78608028	     22.20157807	    -13.54935317	     -7.49999987	     79.45616258	     -7.34593438	      0.23144909	    105.22447389	      1.83651352	     30.77187982	     -6.08013795	     -7.49999987	    -34.60076332	     -1.14235462	      6.18342579	     -1.04971578	    -22.42138946	     -2.19394865	     67.06727094	     99.84735593	      0.57382768	    -18.61420614	      6.84508758	     63.44992394	     89.93925250
      8.46000000	     -0.63994716	      0.23849941	     -3.19180745	     -0.53593449	      0.62509388	     -0.62732264	     82.34923071	     -2.40618391	      5.99589159	    102.27883644	      1.78510245	     22.59818491	    -13.43230621	     -7.49999987	     80.31064597	     -7.22024274	      0.06956993	    105.03634747	      1.83323010	     30.87310636	     -6.09666470	     -7.49999987	    -34.32526980	     -1.32030358	      5.98099807	     -1.04562443	    -23.13400315	     -1.91296691	     68.06531318	     99.24949898	      0.27279269	    -19.12337965	      6.95561535	     64.30812556	     89.26552119
      8.47000000	     -1.70860040	      0.43367750	     -3.06822753	     -0.53116258	      0.62663118	     -0.62648545	     83.12379363	     -2.53947707	      6.12113766	    102.17377806	      1.78326884	     22.99565656	    -13.30260370	     -7.49999987	     81.05556607	     -7.06425150	     -0.08980593	    104.79006624	      1.82893168	     30.91804047	     -6.19349440	     -7.49999987	    -34.01831735	     -1.49015745	      5.87594900	     -1.06840456	    -23.79609659	     -1.72511655	     68.83021658	     99.35634832	      0.28793376	    -19.56230260	      7.21559979	     64.74416627	     89.63217851
      8.48000000	     -2.73653892	      0.65324436	     -3.01714714	     -0.52563156	      0.62897067	     -0.62733089	     83.78947901	     -2.59762133	      6.30344550	    102.00385819	      1.78030318	     23.37267953	    -13.17097374	     -7.49999987	     81.63327513	     -6.93565722	     -0.29774208	    104.48768733	      1.82365417	     31.03382879	     -6.28297391	     -7.49999987	    -33.68853991	     -1.72200579	      5.82299948	     -1.10304527	    -24.41733935	     -1.56740948	     69.46034688	     99.47425036	      0.33767320	    -19.91950883	      7.42021149	     65.10761569	     90.02254334
      8.49000000	     -3.37586118	      0.69011048	     -3.00366403	     -0.52102798	      0.63271062	     -0.62890441	     83.87010612	     -2.56383682	      6.33604416	    101.67355225	      1.77453825	     23.55026753	    -13.20962888	     -7.49999987	     81.68804079	     -6.85342910	     -0.33994526	    104.10335460	      1.81694630	     31.17021097	     -6.30930513	     -7.49999987	    -33.75760455	     -1.79688232	      5.82290862	     -0.86735432	    -24.82518662	     -1.70502893	     69.57321901	     99.47873040	      0.45261993	    -20.07432581	      7.39125817	     65.17772593	     90.06024522
      8.50000000	     -4.74801031	      1.09124114	     -2.95254171	     -0.51681500	      0.63443535	     -0.62930253	     84.87620750	     -2.65539071	      6.72267124	    101.50143274	      1.77153420	     23.97661462	    -12.95535021	     -7.49999987	     82.50940084	     -6.63234518	     -0.72675802	    103.73980113	      1.81060110	     31.44031470	     -6.39387228	     -7.49999987	    -32.89670329	     -2.13410938	      5.65862942	     -1.17276086	    -25.61453331	     -1.14413120	     70.55377618	     99.16488022	      0.19182041	    -20.46013998	      7.63356565	     65.89624995	     89.77362192
      8.51000000	     -5.28841323	      1.15341358	     -2.87253942	     -0.51304070	      0.63768811	     -0.62792023	     84.79001096	     -2.65025587	      6.78318793	    101.18203424	      1.76595964	     24.14005219	    -13.18444901	     -7.49999987	     82.42270878	     -6.48498583	     -0.78635339	    103.34210089	      1.80365992	     31.71329775	     -6.53591284	     -7.49999987	    -32.97268311	     -2.19515656	      5.52070239	     -0.90659154	    -25.92703288	     -1.32140602	     70.64183699	     99.10740232	      0.22702783	    -20.57255229	      7.45084530	     66.03804679	     89.44653159
      8.52000000	     -6.61317105	      1.47072865	     -2.79266813	     -0.50839448	      0.63981606	     -0.62612230	     85.65480210	     -2.68519900	      7.07790634	    100.96623180	      1.76219318	     24.58730761	    -12.86376635	     -7.49999987	     83.13964434	     -6.28674760	     -1.05391681	    102.92584156	      1.79639482	     31.93668805	     -6.60621293	     -7.49999987	    -31.98180812	     -2.46421561	      5.43466360	     -1.26993557	    -26.70516678	     -0.49346599	     71.31563834	     99.03801516	      0.01344156	    -21.05085392	      7.98485045	     66.40331722	     89.49141475
      8.53000000	     -7.24803639	      1.59349063	     -2.67140522	     -0.50442172	      0.64419792	     -0.62521702	     85.65844180	     -2.69725812	      7.20289666	    100.65467351	      1.75675546	     24.83717530	    -12.99082916	     -7.49999987	     83.09818131	     -6.10230775	     -1.15966502	    102.45823019	      1.78823346	     32.15982662	     -6.79542688	     -7.49999987	    -31.77701407	     -2.56869133	      5.32171711	     -1.09464720	    -27.12513958	     -0.24097636	     71.40503110	     98.46596595	      0.07474040	    -21.30653932	      8.12957997	     66.44010253	     89.04994667
      8.54000000	     -8.13693377	      1.78417335	     -2.60435953	     -0.50068650	      0.64835131	     -0.62504283	     85.93296923	     -2.68795349	      7.39280710	    100.26544032	      1.74996206	     25.03402582	    -12.95646260	     -7.49999987	     83.31551994	     -5.91057561	     -1.29502418	    101.94247815	      1.77923189	     32.31116746	     -6.94960806	     -7.49999987	    -31.10735675	     -2.70813525	      5.26680847	     -1.05697165	    -27.89254501	      0.76031214	     71.39009254	     98.43578097	      0.31661118	    -21.83872439	      9.14912369	     66.03851970	     89.64677950
      8.55000000	     -8.72014097	      1.87894991	     -2.53418071	     -0.49655302	      0.65268715	     -0.62468802	     85.83195610	     -2.63840563	      7.52532539	     99.84756372	      1.74266874	     25.19772398	    -13.05070324	     -7.49999987	     83.19160299	     -5.73251656	     -1.33590958	    101.38963150	      1.76958290	     32.43418152	     -7.20586384	     -7.49999987	    -30.69099229	     -2.80566447	      5.22605356	     -0.91750387	    -28.41648656	      1.36086318	     71.25494175	     98.41328472	      0.52909081	    -22.14262273	      9.74235322	     65.60856831	     90.12562992
      8.56000000	     -9.25519830	      1.96355179	     -2.46498343	     -0.49161708	      0.65734975	     -0.62428612	     85.63295721	     -2.58014341	      7.65993809	     99.38597748	      1.73461254	     25.37694155	    -13.14551297	     -7.49999987	     82.95559263	     -5.56087408	     -1.38164361	    100.80217977	      1.75932993	     32.58235726	     -7.45954967	     -7.49999987	    -30.19806597	     -2.86149354	      5.15025718	     -0.83322041	    -28.82643532	      1.93933064	     71.06671943	     98.34282118	      0.70483232	    -22.35724179	     10.29177491	     65.02168408	     90.56727217
      8.57000000	     -9.64788326	      1.97065053	     -2.39958962	     -0.48704989	      0.66298813	     -0.62434788	     85.20035443	     -2.48955134	      7.72905971	     98.82657056	      1.72484904	     25.51319494	    -13.26948303	     -7.49999987	     82.51967997	     -5.38657013	     -1.34526944	    100.15043506	      1.74795484	     32.67745642	     -7.73864328	     -7.49999987	    -29.82046212	     -2.84359792	      5.34913114	     -1.01856675	    -29.02755470	      1.71554083	     70.89505297	     99.07450464	      1.18722346	    -22.42462679	     10.79410266	     64.11355787	     94.88842803
      8.58000000	     -9.93282722	      1.93467445	     -2.31924567	     -0.48357202	      0.66876521	     -0.62472239	     84.62825700	     -2.41922129	      7.73536634	     98.22737836	      1.71439117	     25.59390344	    -13.46517279	     -7.49999987	     81.98365216	     -5.21930931	     -1.27265767	     99.49412273	      1.73650003	     32.86511894	     -7.95016530	     -7.49999987	    -29.70544554	     -2.81888048	      5.19483246	     -0.92672543	    -29.01423470	      1.55398967	     70.87573885	     98.36514425	      1.02301247	    -22.38819740	     10.52435509	     64.19693771	     94.15375315
      8.59000000	    -10.22843600	      1.86755437	     -2.33485317	     -0.48063287	      0.67460299	     -0.62473987	     84.02832717	     -2.21370630	      7.74294052	     97.54810768	      1.70253566	     25.57070753	    -13.82994685	     -7.49999987	     81.43706552	     -5.15913825	     -1.17368779	     98.79584954	      1.72431286	     32.96403903	     -8.27712275	     -7.49999987	    -29.51362360	     -2.73885812	      5.10432177	     -0.88015438	    -29.14032351	      1.63606067	     70.85185765	     96.84461379	      0.84720499	    -22.43358818	     10.47221353	     64.07240759	     92.76431755
      8.60000000	    -10.92948631	      2.10459052	     -2.19186983	     -0.47701870	      0.68060069	     -0.62462814	     83.89987832	     -2.32545797	      7.98406031	     96.90679972	      1.69134272	     25.85708203	    -13.61524682	     -7.49999987	     81.19870560	     -4.84258570	     -1.36905925	     97.93899059	      1.70935785	     33.13989878	     -8.35608411	     -7.49999987	    -28.38996616	     -2.81379458	      4.79333596	     -0.51630992	    -29.58621808	      3.41746150	     70.06118901	     97.00146668	      1.63891649	    -22.47572766	     11.90648363	     61.62926230	     92.98786338
      8.61000000	    -11.25413536	      2.11257422	     -2.16128866	     -0.47306513	      0.68810911	     -0.62432409	     83.24252921	     -2.22961193	      8.02016517	     96.11128732	      1.67745841	     25.89941578	    -13.84511560	     -7.49999987	     80.54648326	     -4.69504138	     -1.35388145	     97.07020428	      1.69419467	     33.29062937	     -8.51846072	     -7.49999987	    -27.84980476	     -2.78632539	      4.59927792	     -0.21376020	    -29.52962099	      4.01844546	     69.37649152	     96.53562234	      2.00872598	    -22.39823334	     12.50361666	     60.30645717	     92.62345012
      8.62000000	    -11.40945382	      2.03582801	     -2.14868646	     -0.46886060	      0.69596105	     -0.62456383	     82.35801332	     -2.12969027	      7.96467068	     95.25296337	      1.66247783	     25.98646481	    -13.99500151	     -7.49999987	     79.72544161	     -4.57704974	     -1.27560089	     96.19884351	      1.67898656	     33.41170986	     -8.74201139	     -7.49999987	    -27.70152986	     -2.71069885	      4.37338952	     -0.23248768	    -29.23974303	      3.80551528	     69.30924259	     95.56085057	      1.74753581	    -22.25847616	     12.15419507	     60.34762687	     91.63912915
      8.63000000	    -11.66480756	      2.03758495	     -2.14844375	     -0.46430957	      0.70351071	     -0.62524929	     81.58104861	     -2.07652057	      7.96776323	     94.38245097	      1.64728453	     26.04505599	    -14.08468820	     -7.49999987	     78.95629767	     -4.43653395	     -1.29209481	     95.24664765	      1.66236760	     33.43019032	     -9.04150810	     -7.49999987	    -26.88125358	     -2.63149808	      4.41570394	      0.10331975	    -29.05228193	      4.56688228	     67.94629080	     95.91859727	      2.56201374	    -21.90490993	     13.22995696	     57.89945402	     92.08135930
      8.64000000	    -11.68337285	      2.07984823	     -2.17902306	     -0.46003193	      0.71180590	     -0.62574484	     80.49584776	     -2.03928556	      8.00316673	     93.37226894	      1.62965352	     26.06502908	    -14.17918088	     -7.49999987	     77.86854624	     -4.30651905	     -1.36876857	     94.18855172	      1.64390035	     33.42378193	     -9.36899242	     -7.49999987	    -26.74045481	     -2.69228602	      4.21371870	      0.16742874	    -28.59214068	      4.40816081	     67.43946643	     95.51393327	      2.61414198	    -21.59296818	     13.07137697	     56.89254927	     91.66328764
      8.65000000	    -11.77781739	      2.07374832	     -2.19463241	     -0.45542456	      0.72094036	     -0.62601338	     79.40857837	     -1.98033751	      8.01155817	     92.29231854	      1.61080483	     26.05437653	    -14.32997143	     -7.49999987	     76.79061886	     -4.19303574	     -1.40330905	     93.02610679	      1.62361185	     33.37749717	     -9.58016977	     -7.49999987	    -26.16739583	     -2.63604690	      4.34218684	      0.25778791	    -28.16862051	      4.65050325	     66.13767139	     95.31743789	      3.12814662	    -21.29370765	     13.92323007	     55.12545622	     91.78834239
      8.66000000	    -11.76285835	      2.08350124	     -2.23810568	     -0.44964961	      0.73105931	     -0.62634078	     78.11840701	     -1.93679742	      8.03132862	     91.11277521	      1.59021792	     26.07850103	    -14.34945682	     -7.49999987	     75.49327037	     -4.06911481	     -1.45795807	     91.77910472	      1.60184756	     33.45510754	     -9.67940324	     -7.49999987	    -25.75102428	     -2.61412548	      4.28996640	      0.20883611	    -27.65075228	      4.67040849	     65.22987852	     94.36672469	      3.21518123	    -20.79809299	     13.54500415	     53.81289688	     90.89301664
      8.67000000	    -11.49494936	      2.01014414	     -2.29210931	     -0.44223254	      0.74128737	     -0.62636539	     76.43224628	     -1.87794296	      7.96791720	     89.83305155	      1.56788253	     26.11204970	    -14.43570385	     -7.49999987	     73.82023138	     -3.95821849	     -1.44441128	     90.44367289	      1.57853988	     33.38465042	    -10.05679725	     -7.49999987	    -25.55753348	     -2.52132690	      4.20284297	      0.15952290	    -26.99510797	      4.39836882	     64.25753492	     94.53076537	      3.13808176	    -20.47359402	     13.48898995	     52.74169371	     91.04814269
      8.68000000	    -11.24915208	      1.98169803	     -2.34109777	     -0.43417155	      0.75022901	     -0.62549113	     74.76209259	     -1.82689306	      7.96768935	     88.58708576	      1.54613632	     26.15356674	    -14.49226116	     -7.49999987	     72.11156395	     -3.85929247	     -1.49525930	     89.09705585	      1.55503698	     33.41432069	    -10.29346235	     -7.49999987	    -25.08959410	     -2.47596590	      4.20256420	     -0.07560321	    -26.34649819	      4.24515538	     63.14461662	     94.79435000	      3.02988016	    -20.04894710	     13.29820065	     51.43570796	     91.24786764
      8.69000000	    -10.92058361	      1.95365532	     -2.38894447	     -0.42752152	      0.75917741	     -0.62440423	     72.99559367	     -1.78147722	      7.97707514	     87.31369848	      1.52391152	     26.16757680	    -14.53280902	     -7.49999987	     70.30904458	     -3.78605644	     -1.57323403	     87.72302555	      1.53105563	     33.45691186	    -10.51974122	     -7.49999987	    -24.60064512	     -2.45569920	      4.12079392	     -0.17168616	    -25.63393291	      4.17811408	     61.61319669	     94.52797180	      2.96731180	    -19.48418032	     12.78712188	     49.68213472	     90.78160767
      8.70000000	    -10.78685698	      1.79725566	     -2.36096031	     -0.42348487	      0.76852267	     -0.62410452	     71.45232314	     -1.73111410	      7.83746225	     86.00738520	      1.50111205	     26.12658955	    -14.60347687	     -7.49999987	     68.83927849	     -3.73185592	     -1.48230400	     86.39123887	      1.50781156	     33.36506815	    -10.69653469	     -7.49999987	    -23.82421076	     -2.26487188	      4.06352465	     -0.23573394	    -25.07591879	      4.48359888	     60.06582572	     95.40290887	      2.98923715	    -19.17976201	     13.08452321	     47.93918308	     91.52005306
      8.71000000	    -10.36631828	      1.68934247	     -2.36395170	     -0.42162216	      0.77856169	     -0.62458189	     69.67852397	     -1.71565133	      7.73547744	     84.67542502	      1.47786496	     26.02901803	    -14.69928342	     -7.49999987	     67.12436512	     -3.68395008	     -1.47443162	     85.04111557	      1.48424747	     33.13693483	    -11.00246090	     -7.49999987	    -23.61908026	     -2.14219793	      4.02210313	     -0.41364014	    -24.47496693	      4.31019610	     58.98461391	     95.50722106	      2.93283021	    -18.87833467	     12.92706974	     47.01249593	     91.66350138
      8.72000000	    -10.07142757	      1.64098682	     -2.39731006	     -0.41927913	      0.78824960	     -0.62547951	     68.06905576	     -1.68031291	      7.70756089	     83.28130733	      1.45353302	     25.93679596	    -14.73823564	     -7.49999987	     65.53920704	     -3.62772155	     -1.52879280	     83.62813276	      1.45958626	     32.93892043	    -11.16752478	     -7.49999987	    -23.17679619	     -2.10344857	      3.93682895	     -0.29563831	    -23.84261483	      4.41201943	     57.35218677	     95.48086505	      3.13543803	    -18.43103610	     12.70524228	     45.35614122	     91.56743854
      8.73000000	     -9.78239255	      1.63746128	     -2.46598742	     -0.41469808	      0.79829101	     -0.62694692	     66.44011331	     -1.69283362	      7.71541465	     81.78252288	      1.42737429	     25.73995331	    -14.74921828	     -7.49999987	     63.89442496	     -3.52188353	     -1.63704453	     82.11999710	      1.43326433	     32.69831906	    -11.32136013	     -7.49999987	    -22.65318599	     -2.07824074	      3.81096837	     -0.13181349	    -23.33895590	      5.12096046	     55.53835869	     93.16511868	      3.28877229	    -18.00718171	     12.84013638	     43.59206393	     89.48083434
      8.74000000	     -9.45574915	      1.44814923	     -2.46635519	     -0.40897317	      0.80893839	     -0.62833112	     64.64654951	     -1.68715189	      7.54124971	     80.12896855	      1.39851433	     25.59029216	    -14.68383930	     -7.49999987	     62.18263367	     -3.43551258	     -1.53936200	     80.51559468	      1.40526223	     32.32479200	    -11.56120043	     -7.49999987	    -22.18817872	     -1.82836672	      3.77460116	     -0.25253327	    -22.77461643	      4.81680798	     54.06491059	     96.98350957	      3.38614185	    -17.64623782	     12.80011028	     42.16555043	     93.82052228
      8.75000000	     -9.08947161	      1.41167134	     -2.53810663	     -0.40434624	      0.81979710	     -0.62848552	     62.80799700	     -1.70304667	      7.53493187	     78.41192588	      1.36854628	     25.33411690	    -14.61993890	     -7.49999987	     60.34203123	     -3.35292978	     -1.64104995	     78.76978613	      1.37479212	     32.10058244	    -11.57894394	     -7.49999987	    -21.75481781	     -1.79154502	      3.65518600	     -0.27095616	    -22.22299121	      5.28608362	     52.37797953	     94.59115162	      3.37358821	    -17.15003254	     12.43277249	     40.66065156	     91.81211768
      8.76000000	     -8.60438668	      1.27301803	     -2.51232288	     -0.40094516	      0.83080926	     -0.62842545	     60.78983863	     -1.75461192	      7.39890352	     76.60540832	      1.33701660	     24.93361795	    -14.66930229	     -7.49999987	     58.39879210	     -3.21762722	     -1.56497566	     76.96438653	      1.34328195	     31.54552618	    -11.99230954	     -7.49999987	    -21.49014321	     -1.60761600	      3.46397765	     -0.27602148	    -21.67784023	      5.51678516	     50.90068937	     94.15965398	      3.33594625	    -16.82839642	     12.49217957	     39.54887357	     91.39422850
      8.77000000	     -8.26091342	      1.23086217	     -2.53738002	     -0.39633660	      0.84148505	     -0.62949253	     58.92925802	     -1.83816795	      7.35741925	     74.76354266	      1.30486998	     24.56188492	    -14.65597626	     -7.49999987	     56.53934223	     -3.11525934	     -1.66111145	     75.10971363	      1.31091180	     31.12895921	    -12.05949878	     -7.49999987	    -20.91892869	     -1.52490600	      3.28482896	     -0.22705365	    -21.14212881	      5.96938030	     49.20012305	     94.30587300	      3.42388002	    -16.46280015	     12.79502766	     37.87374429	     91.61992519
      8.78000000	     -7.87312127	      1.07261795	     -2.53150083	     -0.39028949	      0.85180265	     -0.63202776	     56.95374430	     -1.90762302	      7.20893367	     72.82032986	      1.27095452	     24.19175706	    -14.57735488	     -7.49999987	     54.61393788	     -3.02931378	     -1.63359586	     73.22029468	      1.27793522	     30.51866852	    -12.34286477	     -7.49999987	    -20.37447602	     -1.28009814	      3.11690158	     -0.36900381	    -20.69020147	      6.21682152	     47.81195236	     94.37924360	      3.28335136	    -16.10433125	     13.00711435	     36.65062665	     91.80753421
      8.79000000	     -7.55729774	      0.94990978	     -2.53605151	     -0.38536700	      0.86184801	     -0.63377395	     55.07079919	     -2.00042797	      7.08501971	     70.83997868	      1.23639087	     23.85223136	    -14.40116331	     -7.49999987	     52.74800715	     -2.95828086	     -1.68151930	     71.27130130	      1.24391887	     30.02140880	    -12.41173890	     -7.49999987	    -19.56401887	     -1.07347173	      2.86938952	     -0.21350275	    -20.36088454	      7.51122681	     45.77229321	     92.51202410	      3.37368354	    -15.72742567	     14.01869768	     34.59939915	     90.60420821
      8.80000000	     -7.10319514	      0.88938231	     -2.49653764	     -0.38296528	      0.87262618	     -0.63362634	     53.07826749	     -2.14825861	      6.98994791	     68.81954513	      1.20112765	     23.30462405	    -14.36757495	     -7.49999987	     50.74175025	     -2.80688546	     -1.71735590	     69.21411893	      1.20801426	     29.39248284	    -12.51695990	     -7.49999987	    -19.15736774	     -0.97205160	      2.61277107	     -0.41914079	    -19.82868290	      7.41665015	     44.63919164	     92.65828565	      3.19269385	    -15.36023842	     13.85860606	     33.62293847	     90.83784605
      8.81000000	     -6.79696066	      0.85636476	     -2.45798408	     -0.38003518	      0.88370121	     -0.63323231	     51.22586617	     -2.31113310	      6.89365552	     66.75104305	      1.16502548	     22.83189279	    -14.15493819	     -7.49999987	     48.85259145	     -2.66877417	     -1.80212628	     67.07132000	      1.17061537	     28.87278744	    -12.47135897	     -7.49999987	    -18.49759451	     -0.92567104	      2.35155993	     -0.51746647	    -19.22180235	      7.55151758	     43.06684547	     91.47067994	      3.07990659	    -14.81225956	     13.38054812	     32.15374874	     89.82903673
      8.82000000	     -6.40334231	      0.66724778	     -2.33880470	     -0.37517519	      0.89402593	     -0.63414006	     49.19312185	     -2.40153592	      6.66560036	     64.56636645	      1.12689568	     22.15110482	    -14.16192675	     -7.49999987	     46.89016068	     -2.54869337	     -1.68291875	     64.93493234	      1.13332837	     28.11136154	    -12.70277841	     -7.49999987	    -17.96745869	     -0.66074500	      2.02414939	     -0.85507754	    -18.84941415	      7.71275200	     42.17076475	     91.12834078	      2.77199556	    -14.49029971	     13.40708510	     31.26481226	     89.61782597
      8.83000000	     -6.19333765	      0.52184450	     -2.26754572	     -0.37009452	      0.90291981	     -0.63492119	     47.40147826	     -2.50173954	      6.43695204	     62.42146542	      1.08946010	     21.69941258	    -13.81958264	     -7.49999987	     45.13672595	     -2.48527263	     -1.67619830	     62.82003525	      1.09641645	     27.53190957	    -12.61575063	     -7.49999987	    -17.06459725	     -0.49217333	      1.70473198	     -1.06292694	    -18.67023254	      9.10412837	     40.91281776	     90.28360063	      2.53108562	    -14.30052172	     14.51633974	     30.08437071	     89.42589262
      8.84000000	     -5.92527418	      0.40389355	     -2.20211016	     -0.36600376	      0.91296130	     -0.63466354	     45.51370158	     -2.59557874	      6.23810842	     60.17342430	      1.05022438	     21.10540543	    -13.53973600	     -7.49999987	     43.31872046	     -2.41874054	     -1.68213820	     60.64466546	      1.05844909	     26.85743053	    -12.58662624	     -7.49999987	    -16.32474884	     -0.39029035	      1.51331956	     -1.57331979	    -18.23681449	      9.17375250	     40.13487624	     90.61082657	      2.25134916	    -13.96940909	     14.35410030	     29.19863384	     90.47964228
      8.85000000	     -5.56534012	      0.29174659	     -2.07942523	     -0.36170739	      0.92531506	     -0.63451184	     43.39724257	     -2.74555996	      5.98242659	     57.69560601	      1.00697829	     20.33513287	    -13.30594748	     -7.49999987	     41.32822654	     -2.30669108	     -1.63501878	     58.29696397	      1.01747397	     26.06378338	    -12.53639041	     -7.49999987	    -15.72478342	     -0.26343481	      1.17548113	     -1.90061008	    -17.62648952	      8.80572546	     39.10735093	     89.84791102	      1.92238744	    -13.56387886	     13.70269545	     28.28258277	     89.79837112
      8.86000000	     -5.15663199	      0.17497925	     -2.02885919	     -0.35727516	      0.93718864	     -0.63528829	     41.19633496	     -2.84468999	      5.77096847	     55.09699007	      0.96162388	     19.43342809	    -13.10269844	     -7.49999987	     39.25775556	     -2.25539737	     -1.66179164	     55.89086937	      0.97547969	     25.20211565	    -12.47762422	     -7.49999987	    -15.18494845	     -0.13420454	      0.96759517	     -2.22742676	    -17.27580468	      8.96727590	     38.25357908	     90.84494494	      1.66527287	    -13.24152548	     13.34816660	     27.39220937	     91.47613869
      8.87000000	     -4.87648722	      0.07086352	     -1.91832991	     -0.35393007	      0.94633024	     -0.63625298	     39.20429218	     -2.99203172	      5.48877380	     52.54183950	      0.91702809	     18.56317058	    -12.79094092	     -7.49999987	     37.41452602	     -2.15286303	     -1.60492987	     53.56074450	      0.93481134	     24.31910035	    -12.48918538	     -7.49999987	    -14.49339639	     -0.02843049	      0.65913452	     -2.51016096	    -16.81579859	      9.01335129	     37.30009910	     90.50172930	      1.32844958	    -13.03929887	     13.38469705	     26.71494682	     91.15855698
      8.88000000	     -4.70766268	     -0.03634688	     -1.83771766	     -0.35122324	      0.95401594	     -0.63616287	     37.42480998	     -3.09513695	      5.21432376	     50.07235797	      0.87392751	     17.75627421	    -12.40357718	     -7.49999987	     35.78959139	     -2.12983469	     -1.63010290	     51.34990216	      0.89622486	     23.52070918	    -12.36887496	     -7.49999987	    -13.68601875	      0.07704321	      0.49433545	     -2.97352020	    -16.39340747	      8.85333661	     36.56009011	     89.86878142	      1.14492768	    -12.65546128	     12.96143964	     25.82388395	     90.65954536
      8.89000000	     -4.90035751	     -0.11537832	     -1.80501855	     -0.34692864	      0.96098763	     -0.63540888	     36.10751048	     -3.20444031	      4.89689874	     47.75022443	      0.83339863	     17.58133329	    -11.45279784	     -7.49999987	     34.62691595	     -2.17960656	     -1.78772417	     49.30381412	      0.86051389	     23.20588175	    -11.69753421	     -7.49999987	    -12.47110892	      0.12916425	      0.40208647	     -3.68117579	    -16.16858989	      9.10909195	     36.33123761	     89.50156932	      0.43275986	    -12.67349553	     13.19628134	     26.31310911	     90.24502994
      8.90000000	     -4.49248094	     -0.14056643	     -1.67414918	     -0.34128063	      0.96890177	     -0.63541722	     34.04670208	     -3.36377060	      4.65184453	     45.21606456	      0.78916920	     16.24764362	    -11.56959244	     -7.49999987	     32.73686967	     -2.04033998	     -1.81126452	     46.98366926	      0.82001972	     21.75509523	    -12.08784259	     -7.49999987	    -11.90442661	      0.14021009	     -0.01241210	     -3.72401536	    -15.65731808	      9.08836611	     35.16540199	     89.41769368	      0.56123921	    -12.26702616	     13.00349580	     24.46583836	     90.33503288
      8.91000000	     -4.28144222	     -0.20407927	     -1.56492156	     -0.33639687	      0.97578906	     -0.63591121	     32.26046192	     -3.50132791	      4.26926988	     42.79227016	      0.74686601	     15.46058508	    -11.15972993	     -7.49999987	     31.17220175	     -1.99395689	     -1.88123809	     44.85820802	      0.78292343	     20.76493322	    -12.03082190	     -7.49999987	    -11.22079825	      0.18967549	     -0.31469359	     -4.07993369	    -15.32882108	      9.19066477	     34.71494398	     88.29338704	      0.16983609	    -12.14855351	     12.94896677	     24.16057586	     89.36470489
      8.92000000	     -4.26207792	     -0.20401401	     -1.42134952	     -0.33364439	      0.98264591	     -0.63591740	     30.75166744	     -3.68988001	      3.84927687	     40.44982068	      0.70598255	     14.60870909	    -10.68606367	     -7.49999987	     29.88210077	     -1.91867029	     -1.99941099	     42.76401780	      0.74637291	     19.82958193	    -11.75759877	     -7.49999987	    -10.31569846	      0.15957759	     -0.70644346	     -4.28498237	    -14.97855849	      9.47822984	     34.03233735	     88.14301009	     -0.14590656	    -12.09995347	     13.11212487	     23.67480115	     89.33173429
      8.93000000	     -4.32723288	     -0.18355664	     -1.31154324	     -0.33152775	      0.98977883	     -0.63519058	     29.38884809	     -3.83719474	      3.47840002	     38.16023117	      0.66602168	     13.69204596	    -10.27518522	     -7.49999987	     28.70806696	     -1.85457002	     -2.13323619	     40.65807867	      0.70961734	     18.84170748	    -11.51342208	     -7.49999987	     -9.39416558	      0.06794954	     -0.98509773	     -4.45154760	    -14.60758778	      9.67035160	     33.30932808	     88.14127865	     -0.35332245	    -12.02886421	     13.16408740	     23.09463195	     89.46986729
      8.94000000	     -4.39001062	     -0.14488043	     -1.21539475	     -0.32861696	      0.99682527	     -0.63456660	     28.00522693	     -3.97594395	      3.11821631	     35.82552894	      0.62527344	     12.73029579	     -9.92452413	     -7.49999987	     27.51752147	     -1.77678734	     -2.27339831	     38.49891412	      0.67193281	     17.74169097	    -11.32250394	     -7.49999987	     -8.57414947	     -0.01184195	     -1.25521012	     -4.60983816	    -14.20540635	      9.77696435	     32.75674271	     87.18087797	     -0.67944328	    -11.96854438	     13.07955128	     22.74061743	     88.64205030
      8.95000000	     -4.45236365	     -0.13299595	     -1.16313403	     -0.32518292	      1.00383369	     -0.63461638	     26.59226963	     -4.06381202	      2.73412435	     33.42112439	      0.58330866	     11.78682519	     -9.46628047	     -7.49999987	     26.32462189	     -1.75465432	     -2.45250120	     36.34043546	      0.63426025	     16.66607626	    -11.04194190	     -7.49999987	     -7.64897503	     -0.09630067	     -1.42928795	     -4.67470752	    -13.81730425	      9.92651690	     31.76339181	     87.12006331	     -0.77993692	    -11.83897877	     13.05739132	     21.95991624	     88.82918769
      8.96000000	     -4.55265458	     -0.10192436	     -1.10785099	     -0.32159801	      1.01122358	     -0.63555013	     25.20556957	     -4.17796165	      2.30789621	     30.96895543	      0.54051024	     10.76183035	     -8.98249786	     -7.49999987	     25.15346968	     -1.68765121	     -2.62547383	     34.15153907	      0.59605680	     15.50996010	    -10.77771502	     -7.49999987	     -6.75768497	     -0.14690456	     -1.55734602	     -4.90024172	    -13.42608252	      9.84921621	     31.06806077	     86.67565421	     -0.96150387	    -11.68686351	     12.89489484	     21.42554658	     88.74917074
      8.97000000	     -4.61773394	     -0.05418591	     -1.05609841	     -0.31783917	      1.01841335	     -0.63637638	     23.81570358	     -4.28824646	      1.89684404	     28.57550919	      0.49873672	      9.72726721	     -8.43653120	     -7.49999987	     23.93851683	     -1.59505295	     -2.79946299	     31.97219926	      0.55802015	     14.36441336	    -10.42726309	     -7.49999987	     -5.93701634	     -0.22099171	     -1.74791179	     -4.97629976	    -13.02201995	      9.81706942	     30.24710575	     85.97834662	     -1.16549744	    -11.54412225	     12.78959711	     20.86777105	     88.59345111
      8.98000000	     -4.71889260	     -0.00564686	     -0.98983790	     -0.31397786	      1.02383876	     -0.63646143	     22.54235701	     -4.40015714	      1.41466410	     26.32496806	      0.45945737	      8.68420635	     -7.93335183	     -7.49999987	     22.79915924	     -1.49355419	     -2.97453064	     29.84815657	      0.52094861	     13.22253855	    -10.08886117	     -7.49999987	     -5.06970288	     -0.28693430	     -1.97298314	     -5.02822903	    -12.68029533	      9.87882304	     29.49562203	     85.79772273	     -1.43419122	    -11.43755931	     12.81936245	     20.41568185	     88.76983388
      8.99000000	     -4.83966130	      0.05888603	     -0.97382471	     -0.31024836	      1.02753482	     -0.63604626	     21.35461515	     -4.48719684	      0.94939565	     24.19038576	      0.42220188	      7.77245531	     -7.35201173	     -7.49999987	     21.72048855	     -1.40452415	     -3.20883787	     27.80056469	      0.48521139	     12.23921840	     -9.63490884	     -7.49999987	     -4.25232775	     -0.40379689	     -2.05040677	     -5.18074872	    -12.33330314	      9.86098773	     28.90708399	     84.91552445	     -1.71951590	    -11.32163583	     12.77345548	     20.07379973	     88.39167853
      9.00000000	     -5.01244937	      0.10301371	     -0.92013241	     -0.30649561	      1.03077084	     -0.63641166	     20.25910134	     -4.56535180	      0.41488767	     22.14398992	      0.38648553	      6.93929870	     -6.77317512	     -7.49999987	     20.74666980	     -1.31248627	     -3.36454076	     25.83982281	      0.45098999	     11.23292399	     -9.27110318	     -7.49999987	     -3.37914265	     -0.47384972	     -2.24388913	     -5.21932276	    -12.07398315	     10.64280219	     28.26232840	     82.13600650	     -2.11283435	    -11.35039044	     13.39173767	     19.99533173	     87.12712523
      9.01000000	     -5.07921274	      0.21222418	     -0.95479966	     -0.30260554	      1.03417724	     -0.63758308	     19.09980256	     -4.69128345	     -0.05023164	     20.14082374	      0.35152369	      6.05299437	     -6.16544843	     -7.49999987	     19.67044943	     -1.17343907	     -3.65431711	     23.95890872	      0.41816184	     10.39978687	     -8.82762953	     -7.49999987	     -2.66658797	     -0.61483044	     -2.25132879	     -5.39837817	    -11.81997385	     10.60571044	     27.90879564	     81.20266033	     -2.33925862	    -11.17556684	     13.29329756	     19.62363269	     86.27101125
      9.02000000	     -5.21848842	      0.32091321	     -0.92441385	     -0.29907069	      1.03642926	     -0.63878683	     18.08355105	     -4.83434227	     -0.60900013	     18.27565339	      0.31897032	      5.35001739	     -5.45757517	     -7.49999987	     18.73622097	     -1.00685722	     -3.88685429	     22.19169802	      0.38731820	      9.58819707	     -8.31749063	     -7.49999987	     -1.87573536	     -0.74627838	     -2.37436374	     -5.45248655	    -11.53220250	     10.59151722	     27.29157752	     81.06371750	     -2.57561358	    -11.06214593	     13.33272508	     19.25642930	     86.30139807
      9.03000000	     -5.39146804	      0.44118218	     -0.94540815	     -0.29656140	      1.03681437	     -0.63946246	     17.24198094	     -4.96417663	     -1.08051337	     16.61930544	      0.29006160	      4.78414453	     -4.77037904	     -7.49999987	     17.91605603	     -0.84242099	     -4.16014843	     20.56717643	      0.35896495	      8.88724284	     -7.82514693	     -7.49999987	     -1.10160632	     -0.89840739	     -2.30453086	     -5.62296580	    -11.27362226	     10.34858731	     26.86514475	     80.67867178	     -2.77184013	    -10.93203096	     13.20714905	     19.00951488	     86.33184492
      9.04000000	     -5.77413229	      0.54684471	     -0.93626863	     -0.29473303	      1.03591167	     -0.64024187	     16.75497361	     -5.05423022	     -1.33580494	     15.16999078	      0.26476629	      4.17298172	     -4.51965685	     -7.49999987	     17.44488707	     -0.64794811	     -4.16574586	     19.14292391	      0.33410705	      8.22248661	     -7.60724102	     -7.49999987	     -0.07841891	     -1.00490017	     -2.31951298	     -5.79053744	    -11.08205489	     10.21495882	     26.54279109	     80.56924311	     -2.91554733	    -10.75639532	     13.08803031	     18.48784579	     86.37572640
      9.05000000	     -5.56226041	      0.68407207	     -0.99185970	     -0.29268688	      1.03632315	     -0.64102222	     15.68047772	     -5.22209457	     -1.95622686	     13.77030946	      0.24033724	      4.00211014	     -3.52597372	     -7.49999987	     16.32451537	     -0.46382100	     -4.47233714	     17.69810529	      0.30889021	      7.80775700	     -6.92750736	     -7.49999987	      0.01809111	     -1.20476041	     -2.27265844	     -5.68267321	    -10.83798119	      9.91746558	     26.06385006	     79.84852188	     -3.13014484	    -10.78848978	     13.10870221	     18.82766598	     86.13217035
      9.06000000	     -5.77784768	      0.77728371	     -0.96263137	     -0.29023069	      1.03673897	     -0.64115234	     15.16036385	     -5.30120361	     -2.27667870	     12.55778085	      0.21917462	      3.53139683	     -3.20520586	     -7.49999987	     15.79644100	     -0.28713613	     -4.47854008	     16.47204101	      0.28749135	      7.24359051	     -6.69547702	     -7.49999987	      0.75649731	     -1.28822326	     -2.35015874	     -5.72629562	    -10.61238993	      9.75436101	     25.70797331	     79.00948473	     -3.25041086	    -10.65456974	     13.06152261	     18.45567673	     85.63136464
      9.07000000	     -6.18310030	      0.85476606	     -0.97807737	     -0.28773850	      1.03673319	     -0.64026208	     14.88725010	     -5.32876107	     -2.51931440	     11.42090267	      0.19933236	      3.12732170	     -2.99741002	     -7.49999987	     15.50888398	     -0.15403847	     -4.48681181	     15.33019160	      0.26756232	      6.74493252	     -6.54083080	     -7.49999987	      1.71508285	     -1.39503831	     -2.30339944	     -5.93509938	    -10.44758016	      9.54609125	     25.57316098	     78.33791464	     -3.37866067	    -10.46962447	     12.85631701	     17.99261104	     85.11869165
      9.08000000	     -6.18494967	      0.96428911	     -0.98849340	     -0.28600659	      1.03701108	     -0.63946424	     14.20328418	     -5.40115112	     -2.81687795	     10.28965701	      0.17958839	      2.81315015	     -2.51990735	     -7.49999987	     14.78529205	     -0.00625338	     -4.61092138	     14.13985553	      0.24678703	      6.32690850	     -6.14569879	     -7.49999987	      2.08389611	     -1.51230520	     -2.28651687	     -5.90130458	    -10.28281523	      9.52767694	     25.21747020	     77.91521670	     -3.47338740	    -10.47921668	     12.99530782	     18.02852253	     84.87317262
      9.09000000	     -6.06941376	      1.03215939	     -1.01877802	     -0.28486750	      1.03813113	     -0.63946481	     13.43908060	     -5.43580330	     -3.14668160	      9.22856255	      0.16106880	      2.65124980	     -1.89185293	     -7.49999987	     14.01484284	      0.09610531	     -4.64653437	     13.09617785	      0.22857142	      6.05405166	     -5.76049042	     -7.49999987	      2.24150613	     -1.61744922	     -2.35867255	     -5.70067909	    -10.09479207	      9.43813062	     24.75474162	     76.72418604	     -3.59373583	    -10.49680014	     13.27733536	     18.14437714	     84.00726289
      9.10000000	     -6.17418539	      1.12407162	     -1.04940227	     -0.28388779	      1.03984187	     -0.63956597	     12.98359839	     -5.48304270	     -3.40391126	      8.28608308	      0.14461943	      2.39186701	     -1.50953486	     -7.49999987	     13.56042987	      0.21645323	     -4.66198236	     12.18871884	      0.21273328	      5.71660219	     -5.45275674	     -7.49999987	      2.65586964	     -1.72927587	     -2.45359382	     -5.54082189	     -9.94574698	      9.67821918	     24.32617297	     75.45227537	     -3.78978271	    -10.56512809	     13.93137483	     18.30073552	     83.10350519
      9.11000000	     -6.27811748	      1.20532430	     -1.07737068	     -0.28256695	      1.04087798	     -0.63918340	     12.59360814	     -5.52008071	     -3.64693545	      7.45915225	      0.13018677	      2.13464543	     -1.14815276	     -7.49999987	     13.15405310	      0.32523912	     -4.62303019	     11.36786449	      0.19840666	      5.35589552	     -5.30079901	     -7.49999987	      3.11298342	     -1.83413530	     -2.43348186	     -5.43141904	     -9.90875031	     10.33366799	     23.91180653	     73.83710661	     -3.81112497	    -10.63696016	     14.97479714	     18.22112829	     81.68011929
      9.12000000	     -6.31101651	      1.28752113	     -1.15712349	     -0.28038493	      1.04017919	     -0.63874727	     12.16890003	     -5.53862861	     -3.70772732	      6.69374432	      0.11682788	      1.90052404	     -0.96440961	     -7.49999987	     12.68898440	      0.42678257	     -4.62137401	     10.60558965	      0.18510246	      5.03180257	     -5.15474999	     -7.49999987	      3.41703771	     -1.94726869	     -2.27798374	     -5.48344905	     -9.79404397	     10.17967233	     23.75172402	     73.17409631	     -3.82940019	    -10.58314567	     14.91669439	     18.17274191	     81.00284647
      9.13000000	     -6.40021245	      1.32626635	     -1.19358641	     -0.27769587	      1.03865503	     -0.63908975	     11.82784187	     -5.53380745	     -3.88524252	      6.01036042	      0.10490058	      1.72585805	     -0.66348924	     -7.49999987	     12.33458357	      0.48485326	     -4.64026072	      9.96006879	      0.17383599	      4.89477811	     -4.84676767	     -7.49999987	      3.84129873	     -1.99055994	     -2.31887788	     -5.32462504	     -9.68074771	     10.57006168	     23.12105602	     71.11571383	     -3.93965755	    -10.59471293	     15.85393367	     18.05347412	     78.45167658
      9.14000000	     -6.31133947	      1.38389627	     -1.26288068	     -0.27582062	      1.03788338	     -0.63965494	     11.34554629	     -5.54869420	     -3.91208409	      5.40437030	      0.09432406	      1.59020614	     -0.53261768	     -7.49999987	     11.80727296	      0.57585566	     -4.57736909	      9.32537673	      0.16275853	      4.65496853	     -4.79756295	     -7.49999987	      3.95338752	     -2.05238446	     -2.15811579	     -5.42342166	     -9.68118256	     10.58818862	     23.06140851	     70.85697474	     -3.97592795	    -10.59112754	     16.04278206	     18.15649205	     78.25838812
      9.15000000	     -6.23273678	      1.42745151	     -1.30568654	     -0.27521779	      1.03742504	     -0.63979924	     10.92575592	     -5.55811628	     -4.00070953	      4.88025535	      0.08517652	      1.49723162	     -0.37502719	     -7.49999987	     11.36600734	      0.64696900	     -4.51816158	      8.79764002	      0.15354778	      4.50625305	     -4.69784685	     -7.49999987	      4.03922900	     -2.09660181	     -2.13340897	     -5.44426292	     -9.57803100	     10.50694578	     22.86213923	     70.21727658	     -4.04052566	    -10.55308820	     16.20364885	     18.26217249	     77.42837727
      9.16000000	     -6.24327950	      1.45238509	     -1.29022984	     -0.27508708	      1.03630672	     -0.63997514	     10.67660884	     -5.56843774	     -4.15393250	      4.48174175	      0.07822115	      1.42268977	     -0.21317193	     -7.49999987	     11.10087291	      0.70871730	     -4.39215864	      8.38999704	      0.14643307	      4.46650757	     -4.60211556	     -7.49999987	      4.25592590	     -2.13152069	     -2.07332241	     -5.50104619	     -9.59166161	     10.47120160	     22.63146318	     69.97698487	     -4.08764659	    -10.58120085	     16.44607054	     18.30293989	     77.25805209
      9.17000000	     -6.43834085	      1.45800540	     -1.30880868	     -0.27463462	      1.03447889	     -0.64044389	     10.68748193	     -5.54690559	     -4.15714327	      4.19627812	      0.07323887	      1.42078208	     -0.21377490	     -7.49999987	     11.10365063	      0.72517060	     -4.30995129	      8.11138780	      0.14157042	      4.48809605	     -4.54586512	     -7.49999987	      4.67209245	     -2.17395388	     -2.04288287	     -5.74249272	     -9.62525940	     10.37322141	     22.83359863	     69.78454092	     -4.29973302	    -10.53747479	     16.35587783	     18.54505745	     76.98828736
      9.18000000	     -6.18573584	      1.48681144	     -1.33317644	     -0.27441853	      1.03392556	     -0.64091912	     10.23301986	     -5.57626910	     -4.24953334	      3.90392826	      0.06813640	      1.39272702	     -0.07735094	     -7.49999987	     10.61521167	      0.78526786	     -4.24120095	      7.75253600	      0.13530728	      4.39519008	     -4.48651292	     -7.49999987	      4.47520917	     -2.15948725	     -1.92471435	     -5.53445668	     -9.56816584	     10.37348048	     22.26114108	     69.70647180	     -4.08830291	    -10.53941986	     16.73531961	     18.39336944	     77.11337846
      9.19000000	     -6.23862252	      1.50452933	     -1.35372069	     -0.27405175	      1.03432893	     -0.64087651	     10.14738648	     -5.58386438	     -4.29869094	      3.69495774	      0.06448918	      1.36937158	     -0.01431471	     -7.49999987	     10.50004179	      0.81612013	     -4.13558200	      7.47885876	      0.13053071	      4.32784161	     -4.47069844	     -7.49999987	      4.69438381	     -2.17093077	     -1.82269014	     -5.51908694	     -9.63733218	     10.93479145	     21.91113922	     68.89074179	     -3.96213475	    -10.64554380	     18.22604876	     18.28099388	     75.94111479
      9.20000000	     -6.17210828	      1.53186825	     -1.38949026	     -0.27336887	      1.03585628	     -0.64081419	      9.94658633	     -5.60361924	     -4.32395278	      3.50840645	      0.06123324	      1.35056084	      0.05889208	     -7.49999987	     10.25726697	      0.85547916	     -4.08168935	      7.20933352	      0.12582661	      4.27887452	     -4.33723162	     -7.49999987	      4.73335444	     -2.17547372	     -1.70500279	     -5.53359270	     -9.63582939	     10.76265040	     21.67553782	     69.01666731	     -3.91388598	    -10.62508278	     18.37683021	     18.25999897	     76.46506532
      9.21000000	     -6.05424006	      1.52740786	     -1.41136693	     -0.27272375	      1.03725786	     -0.64144504	      9.71178082	     -5.59618046	     -4.35846007	      3.34987362	      0.05846632	      1.28427471	      0.04897518	     -7.49999987	      9.98558161	      0.86981799	     -3.93948514	      6.98184032	      0.12185610	      4.22455902	     -4.29240814	     -7.49999987	      4.66459795	     -2.13316865	     -1.60709712	     -5.58591671	     -9.70477655	     10.94397720	     21.62621966	     68.64825754	     -3.85956050	    -10.65186128	     18.88285053	     18.34751116	     75.72789906
      9.22000000	     -5.95333368	      1.53329407	     -1.43980762	     -0.27254566	      1.03730219	     -0.64269716	      9.55197076	     -5.62041257	     -4.35835986	      3.27369519	      0.05713676	      1.28341602	      0.05704577	     -7.49999987	      9.76268115	      0.90439220	     -3.83762229	      6.80936459	      0.11884583	      4.20891107	     -4.29572130	     -7.49999987	      4.60252949	     -2.09743944	     -1.55120475	     -5.57663770	     -9.73746592	     10.72161879	     21.45234224	     68.54115822	     -3.83242644	    -10.55387478	     18.65130695	     18.35623327	     75.63414699
      9.23000000	     -5.85582754	      1.52841403	     -1.44445729	     -0.27281022	      1.03619269	     -0.64343461	      9.42646648	     -5.63428720	     -4.37104171	      3.23667492	      0.05649063	      1.30108613	      0.05459521	     -7.49999987	      9.58028095	      0.93010646	     -3.71709241	      6.68637217	      0.11669921	      4.22609624	     -4.27943403	     -7.49999987	      4.50905148	     -2.04584927	     -1.53755007	     -5.56184512	     -9.77156037	     10.49258319	     21.37760473	     68.31292484	     -3.82553589	    -10.48674185	     18.40109274	     18.47242892	     75.32534859
      9.24000000	     -6.12956330	      1.54151250	     -1.44853184	     -0.27287535	      1.03512085	     -0.64303242	      9.71636934	     -5.65014794	     -4.32349422	      3.24164666	      0.05657741	      1.31686342	      0.03198328	     -7.49999987	      9.83058911	      0.95121433	     -3.63634864	      6.63868973	      0.11586699	      4.33428711	     -4.19813347	     -7.49999987	      4.87101320	     -1.99915599	     -1.50452947	     -5.89166159	     -9.89852302	     10.29345336	     21.89702084	     67.97514264	     -4.11525485	    -10.51170255	     18.12097986	     19.05187962	     74.77074957
      9.25000000	     -5.67533961	      1.56789167	     -1.48352574	     -0.27316794	      1.03646101	     -0.64217959	      9.20612787	     -5.69460091	     -4.37618871	      3.17935796	      0.05549026	      1.36133942	      0.19158879	     -7.49999987	      9.23252050	      1.00797172	     -3.56394066	      6.41089578	      0.11189124	      4.28697681	     -4.11187143	     -7.49999987	      4.29036222	     -2.00182356	     -1.47500720	     -5.52053657	     -9.87530452	     10.33192438	     21.22344726	     67.97200777	     -3.81259246	    -10.47205148	     18.31050799	     18.77692739	     74.84850413
      9.26000000	     -5.90329290	      1.59518198	     -1.50979219	     -0.27316436	      1.03703623	     -0.64202158	      9.44708927	     -5.71836589	     -4.35648393	      3.16200975	      0.05518748	      1.31418469	      0.16554783	     -7.49999987	      9.42341181	      1.03296494	     -3.51830518	      6.32510702	      0.11039394	      4.30528096	     -3.98945206	     -7.49999987	      4.58567940	     -1.98084398	     -1.44900540	     -5.76570361	     -9.99344669	     10.23387897	     21.63504397	     67.75077170	     -4.04833374	    -10.51044186	     18.18083890	     19.26308293	     74.48426283
      9.27000000	     -5.57661685	      1.59779467	     -1.54172186	     -0.27345387	      1.03723182	     -0.64263277	      9.10111828	     -5.74019679	     -4.37148584	      3.12566223	      0.05455310	      1.36221230	      0.20178198	     -7.49999987	      9.01099843	      1.05848751	     -3.45579871	      6.19298242	      0.10808793	      4.31144660	     -3.90798604	     -7.49999987	      4.18768664	     -1.93552086	     -1.42619620	     -5.41924556	     -9.98111471	     10.41264416	     20.99871138	     67.87687713	     -3.75684274	    -10.43717916	     18.49726683	     18.86796941	     74.78306777
      9.28000000	     -5.54220802	      1.60159175	     -1.56140780	     -0.27348788	      1.03645536	     -0.64313546	      9.08485584	     -5.75427978	     -4.36338989	      3.12851520	      0.05460289	      1.39228340	      0.18940772	     -7.49999987	      8.93178059	      1.07655990	     -3.40533221	      6.11035210	      0.10664576	      4.33889195	     -3.83248402	     -7.49999987	      4.13546586	     -1.88697730	     -1.41425775	     -5.42031441	    -10.06390677	     10.45502761	     21.01824479	     67.80257284	     -3.74107963	    -10.42453075	     18.56491319	     18.96840162	     74.72507713
      9.29000000	     -5.58065353	      1.60549484	     -1.59143433	     -0.27359827	      1.03603919	     -0.64315456	      9.16129729	     -5.75705721	     -4.36814288	      3.14567325	      0.05490236	      1.44766218	      0.24700217	     -7.49999987	      8.94756826	      1.08082878	     -3.38950372	      6.04619690	      0.10552604	      4.40478295	     -3.67769070	     -7.49999987	      4.20391556	     -1.84097130	     -1.37431552	     -5.34252398	    -10.13348050	     10.80218545	     20.83407007	     67.78817102	     -3.62613042	    -10.44456321	     19.04546572	     18.85664225	     74.87818404
      9.30000000	     -5.45107675	      1.61795857	     -1.60554739	     -0.27381651	      1.03636720	     -0.64302018	      9.02907532	     -5.78004329	     -4.36424217	      3.12511544	      0.05454355	      1.43038371	      0.25052938	     -7.49999987	      8.76521466	      1.11313734	     -3.32907142	      5.94889399	      0.10382779	      4.35852668	     -3.61350428	     -7.49999987	      4.01588362	     -1.80499376	     -1.38542998	     -5.40373543	    -10.23848841	     10.69253296	     21.06725736	     67.62316387	     -3.64305505	    -10.47066897	     18.91083341	     19.14205092	     74.67033988
      9.31000000	     -5.68818933	      1.63175434	     -1.61735939	     -0.27392959	      1.03630621	     -0.64252777	      9.31306668	     -5.78960214	     -4.31071560	      3.14509362	      0.05489224	      1.38422598	      0.22386094	     -7.49999987	      9.02903602	      1.12018360	     -3.29282033	      5.96011575	      0.10402364	      4.38037943	     -3.53335520	     -7.49999987	      4.27116397	     -1.75486506	     -1.38583904	     -5.69557500	    -10.34947302	     10.52015670	     21.66204891	     67.31140215	     -3.89942387	    -10.52584073	     18.66275230	     19.76228269	     74.14305920
      9.32000000	     -5.25770665	      1.64703718	     -1.66852927	     -0.27406258	      1.03691154	     -0.64170080	      8.86736125	     -5.80800043	     -4.36688105	      3.12650358	      0.05456778	      1.47128897	      0.27574755	     -7.49999987	      8.51581414	      1.14303835	     -3.29618615	      5.83312184	      0.10180718	      4.38118773	     -3.42998545	     -7.49999987	      3.71718235	     -1.73866792	     -1.40067118	     -5.42361747	    -10.33927712	     10.51916813	     21.30671495	     67.18560716	     -3.66187019	    -10.48065265	     18.72303223	     19.52860252	     74.00640877
      9.33000000	     -5.21853284	      1.64365043	     -1.67912944	     -0.27392185	      1.03660616	     -0.64114594	      8.84747408	     -5.79835574	     -4.33147425	      3.14188557	      0.05483625	      1.51725322	      0.26226053	     -7.49999987	      8.47690050	      1.13269217	     -3.25183324	      5.82072205	      0.10159076	      4.43420984	     -3.31829644	     -7.49999987	      3.64640988	     -1.70752984	     -1.40913265	     -5.42130904	    -10.38375862	     10.50863360	     21.27760623	     67.04505577	     -3.62954137	    -10.46705860	     18.68242166	     19.50786460	     73.80065035
      9.34000000	     -5.36149083	      1.64243605	     -1.67918583	     -0.27374735	      1.03544588	     -0.64103016	      9.02157464	     -5.78945403	     -4.42106641	      3.15351425	      0.05503921	      1.43767446	      0.32346419	     -7.49999987	      8.62589748	      1.11754765	     -3.36447873	      5.79465690	      0.10113584	      4.33800758	     -3.07287676	     -7.49999987	      3.74311602	     -1.66092553	     -1.44211782	     -5.78748375	    -10.51984663	     10.35024480	     22.08953531	     66.42856825	     -3.99296593	    -10.61035340	     18.51247583	     20.44619388	     72.74833752
      9.35000000	     -5.72505701	      1.62680430	     -1.73687251	     -0.27474197	      1.03356662	     -0.64143225	      9.91741283	     -5.79400387	     -4.29218808	      4.04608195	      0.07061745	      1.91406127	      0.16933884	     -7.49999987	      9.39539339	      1.05328280	     -3.35659991	      6.48593103	      0.11320085	      4.74535913	     -3.16232998	     -7.49999987	      3.91670942	     -1.56415682	     -1.42734373	     -6.10204231	    -10.72968715	     10.15670424	     23.16095711	     66.09278149	     -4.28501752	    -10.77601028	     18.22350492	     21.54281261	     72.13252174
      9.36000000	     -4.94281729	      1.59639643	     -1.74093467	     -0.27457706	      1.03431772	     -0.64243535	      8.68161059	     -5.75235487	     -4.37583809	      3.26626605	      0.05700710	      1.73997958	      0.42126679	     -7.49999987	      8.23032841	      1.08362594	     -3.22764719	      5.87910687	      0.10260977	      4.68862173	     -2.97635078	     -7.49999987	      3.20937781	     -1.53147460	     -1.46061170	     -5.43262805	    -10.58338596	     10.62152720	     21.56718053	     66.43843289	     -3.59437198	    -10.53503768	     18.89234321	     19.94073830	     72.83998257
      9.37000000	     -5.12846413	      1.60425708	     -1.75099362	     -0.27550333	      1.03434713	     -0.64301094	      8.94614598	     -5.75790919	     -4.36909288	      3.32821827	      0.05808837	      1.66491891	      0.36430826	     -7.49999987	      8.46461232	      1.08198024	     -3.26588257	      5.91033371	      0.10315478	      4.63974072	     -2.88562050	     -7.49999987	      3.36896584	     -1.48241088	     -1.46034740	     -5.69338792	    -10.70841606	     10.49318496	     22.16609239	     66.10173427	     -3.83207682	    -10.61400854	     18.66778123	     20.54726373	     72.27079260
      9.38000000	     -4.86317366	      1.59437279	     -1.76535702	     -0.27722440	      1.03470255	     -0.64215442	      8.71812465	     -5.75948314	     -4.40840892	      3.34485626	      0.05837875	      1.80975928	      0.49295054	     -7.49999987	      8.24031761	      1.08042854	     -3.17703671	      5.95761041	      0.10397992	      4.75791160	     -2.82272963	     -7.49999987	      2.98575110	     -1.44355177	     -1.48465453	     -5.42353778	    -10.72714694	     10.76944064	     21.78938666	     66.22214722	     -3.53219760	    -10.58360983	     19.01476190	     20.15590405	     72.55614093
      9.39000000	     -4.82943541	      1.59766749	     -1.80702789	     -0.27855645	      1.03432522	     -0.64080681	      8.76193995	     -5.75822240	     -4.35878774	      3.40309722	      0.05939525	      1.85810151	      0.53801054	     -7.49999987	      8.25697876	      1.07507905	     -3.16703912	      5.99250659	      0.10458897	      4.83075841	     -2.72818277	     -7.49999987	      2.86206514	     -1.42829419	     -1.47731826	     -5.35306974	    -10.80044685	     10.94525071	     21.88400861	     66.17034528	     -3.46433633	    -10.63570326	     19.20156330	     20.23312086	     72.57310847
      9.40000000	     -4.82208069	      1.60181992	     -1.82878348	     -0.27901746	      1.03446267	     -0.64061162	      8.83311931	     -5.76412415	     -4.36991810	      3.47141967	      0.06058770	      1.92063019	      0.56930362	     -7.49999987	      8.31005458	      1.06761817	     -3.19702897	      6.04819755	      0.10556096	      4.91835924	     -2.61602293	     -7.49999987	      2.78535857	     -1.40128699	     -1.46759180	     -5.31897187	    -10.86192151	     11.12250603	     21.96556768	     66.15256032	     -3.42123124	    -10.68600316	     19.40397113	     20.31223862	     72.69896625
      9.41000000	     -5.50522854	      1.62332175	     -1.89304801	     -0.27963920	      1.03464726	     -0.64103616	     10.04413939	     -5.78264939	     -4.17592643	      4.25989434	      0.07434918	      2.17980020	      0.29317220	     -7.49999987	      9.42542811	      1.01888471	     -3.27145550	      6.70892127	      0.11709277	      5.11915437	     -2.70141460	     -7.49999987	      3.29526012	     -1.34084163	     -1.42811496	     -5.92035879	    -11.08395086	     10.65457864	     23.58693526	     65.57637171	     -4.02698635	    -10.90597647	     18.68833326	     21.92022275	     71.61819907
      9.42000000	     -4.86550965	      1.63202043	     -1.86887712	     -0.27938184	      1.03730707	     -0.64080819	      8.99667086	     -5.78233007	     -4.33929287	      3.52420190	      0.06150893	      1.92013498	      0.65973623	     -7.49999987	      8.43648189	      1.07076847	     -3.18974701	      6.10457344	      0.10654491	      4.93765829	     -2.42719998	     -7.49999987	      2.70547161	     -1.37130151	     -1.47772245	     -5.28993323	    -11.02873812	     11.91488204	     22.18915325	     65.68859425	     -3.41654520	    -10.86759689	     20.26310000	     20.52266953	     72.14123140
      9.43000000	     -5.16713042	      1.65753596	     -1.88142026	     -0.28009645	      1.03759785	     -0.64006002	      9.41207306	     -5.79149825	     -4.29826490	      3.61481873	      0.06309049	      1.88800885	      0.62743655	     -7.49999987	      8.83631813	      1.07122228	     -3.16543862	      6.22735618	      0.10868787	      5.00142440	     -2.41325101	     -7.49999987	      2.95852970	     -1.36497358	     -1.46041491	     -5.60357721	    -11.12087284	     11.68027878	     22.90292134	     65.42444520	     -3.74974447	    -10.97436289	     19.91729483	     21.21723457	     71.65851567
      9.44000000	     -4.79505040	      1.65323930	     -1.92120806	     -0.28101454	      1.03752802	     -0.63976672	      9.06159712	     -5.78989273	     -4.37998009	      3.59076909	      0.06267074	      1.87763047	      0.74191156	     -7.49999987	      8.45374428	      1.06563213	     -3.22345018	      6.21174911	      0.10841547	      5.00487354	     -2.24806555	     -7.49999987	      2.38909286	     -1.34651404	     -1.49632573	     -5.31953259	    -11.08362198	     11.57013969	     22.67991828	     65.28965458	     -3.57722182	    -10.94031134	     19.77318358	     21.02830351	     71.54727526
      9.45000000	     -5.09383959	      1.65163783	     -1.94041265	     -0.28137898	      1.03611572	     -0.64023429	      9.46871808	     -5.76556050	     -4.31139222	      3.65754912	      0.06383627	      1.90181842	      0.72762206	     -7.49999987	      8.85882739	      1.03810850	     -3.23423796	      6.34271448	      0.11070125	      5.03843775	     -2.20519231	     -7.49999987	      2.64366003	     -1.31015632	     -1.46240875	     -5.57432496	    -11.18443542	     11.41716752	     23.28165543	     65.08885072	     -3.87665919	    -11.02964077	     19.52635905	     21.60854865	     71.16046478
      9.46000000	     -4.69557420	      1.62558026	     -1.96649808	     -0.28204769	      1.03621473	     -0.64085838	      9.10364123	     -5.74123146	     -4.29343636	      3.66222110	      0.06391782	      2.02308318	      0.88353718	     -7.49999987	      8.49743007	      1.01046082	     -3.26280410	      6.40859838	      0.11185114	      5.14251378	     -1.93597271	     -7.49999987	      2.05073568	     -1.26703078	     -1.48505516	     -5.16976156	    -11.17899556	     11.61796575	     22.81487710	     65.14362031	     -3.57124267	    -11.02466227	     19.72775791	     21.12768678	     71.34091408
      9.47000000	     -5.01545137	      1.64572346	     -1.97964893	     -0.28262093	      1.03625041	     -0.64113364	      9.54176502	     -5.75270719	     -4.33846298	      3.73089568	      0.06511641	      1.82035669	      0.71995000	     -7.49999987	      8.90932831	      1.00730794	     -3.32643219	      6.49166056	      0.11330085	      5.05959324	     -1.89256559	     -7.49999987	      2.32291035	     -1.22084473	     -1.45473385	     -5.50853943	    -11.27664226	     11.37046276	     23.62335439	     64.81025023	     -3.97795826	    -11.06870258	     19.32980929	     21.93727778	     70.68660288
      9.48000000	     -4.80639973	      1.62048807	     -1.96911314	     -0.28367715	      1.03724156	     -0.64081994	      9.40995485	     -5.73884233	     -4.45990888	      3.80943798	      0.06648724	      1.95195688	      0.94825065	     -7.49999987	      8.78980119	      0.98139210	     -3.32487531	      6.62809173	      0.11568202	      5.18755622	     -1.73743263	     -7.49999987	      1.97031847	     -1.17323137	     -1.43556458	     -5.12178356	    -11.27181934	     11.76587856	     23.10388553	     64.98270134	     -3.70810808	    -11.03761457	     19.71404358	     21.40032919	     71.04853590
      9.49000000	     -5.05995013	      1.62343099	     -1.97483883	     -0.28430971	      1.03716116	     -0.64009488	      9.80356513	     -5.72840982	     -4.38817971	      3.94314848	      0.06882092	      1.97614589	      0.89786743	     -7.49999987	      9.18530107	      0.96840273	     -3.31848820	      6.82039573	      0.11903836	      5.27663726	     -1.73315132	     -7.49999987	      2.11840262	     -1.14323964	     -1.41547850	     -5.37191983	    -11.35592341	     11.64882985	     23.67860409	     64.82901458	     -3.96432783	    -11.10923358	     19.50282711	     21.96167318	     70.73305582
      9.50000000	     -4.80771170	      1.61706455	     -2.00498494	     -0.28480061	      1.03680524	     -0.63918895	      9.64171501	     -5.72420235	     -4.45344017	      4.03764629	      0.07047022	      2.02113111	      0.96686759	     -7.49999987	      9.00513220	      0.95434827	     -3.40718107	      6.95301291	      0.12135297	      5.46224596	     -1.51795348	     -7.49999987	      1.67567997	     -1.11104023	     -1.37033397	     -5.13879900	    -11.36180506	     11.85176854	     23.46286307	     64.88109128	     -3.79917539	    -11.10599519	     19.60077539	     21.70599490	     70.82512595
      9.51000000	     -4.77530938	      1.60947198	     -2.02486246	     -0.28500543	      1.03539311	     -0.63857098	      9.72324104	     -5.71388653	     -4.47488477	      4.16175011	      0.07263624	      2.08012491	      0.97320107	     -7.49999987	      9.09258266	      0.92542431	     -3.51440227	      7.15769989	      0.12492543	      5.65466512	     -1.35706973	     -7.49999987	      1.52298217	     -1.07954732	     -1.33709766	     -5.12105674	    -11.36718668	     12.03410896	     23.51662603	     64.88078706	     -3.81173158	    -11.11027019	     19.64622913	     21.74020752	     70.83436830
      9.52000000	     -4.75877996	      1.58450764	     -2.03941535	     -0.28530685	      1.03433139	     -0.63882000	      9.83544707	     -5.68999889	     -4.46641257	      4.30884661	      0.07520356	      2.15425710	      1.01061289	     -7.49999987	      9.20691482	      0.88412668	     -3.58826618	      7.37213485	      0.12866803	      5.78616565	     -1.25462772	     -7.49999987	      1.37257693	     -1.02886337	     -1.32256981	     -5.13237327	    -11.42654706	     12.13308210	     23.70959169	     64.80811566	     -3.87713776	    -11.13753131	     19.56848694	     21.86553642	     70.72330313
      9.53000000	     -4.93836043	      1.56410864	     -2.05258863	     -0.28580116	      1.03425787	     -0.63984301	     10.18339499	     -5.66931548	     -4.40373457	      4.51372559	      0.07877937	      2.21445952	      0.93420492	     -7.49999987	      9.55097951	      0.84687751	     -3.58434986	      7.63097761	      0.13318568	      5.88772225	     -1.27473423	     -7.49999987	      1.47607381	     -0.96917763	     -1.27304646	     -5.33906377	    -11.48194284	     12.02791729	     24.17811891	     64.68342705	     -4.14870518	    -11.19485490	     19.37715671	     22.29542924	     70.46667717
      9.54000000	     -4.77039922	      1.53029457	     -2.06058324	     -0.28708742	      1.03514355	     -0.64076444	     10.16070100	     -5.66164695	     -4.49033439	      4.70156346	      0.08205776	      2.34725784	      1.05713065	     -7.49999987	      9.55277501	      0.79691380	     -3.74410024	      7.92520099	      0.13832085	      6.08962855	     -0.96010746	     -7.49999987	      1.15415404	     -0.89444745	     -1.26223197	     -5.07479546	    -11.52549504	     12.46268749	     23.83085694	     64.83180264	     -3.93687727	    -11.14665597	     19.51934495	     21.87842877	     70.75550116
      9.55000000	     -4.75279073	      1.51044882	     -2.06142162	     -0.28881688	      1.03512069	     -0.64109068	     10.34208886	     -5.66434111	     -4.51626376	      4.95322158	      0.08645003	      2.36196752	      0.98666788	     -7.49999987	      9.72244915	      0.77028997	     -3.76986926	      8.21826784	      0.14343583	      6.25259127	     -0.91088267	     -7.49999987	      0.92234891	     -0.82040606	     -1.24267284	     -5.06293974	    -11.59369297	     12.50272965	     24.09290237	     64.80354919	     -4.01521908	    -11.18582934	     19.39058941	     22.13021039	     70.73331495
      9.56000000	     -4.73565450	      1.49469596	     -2.07902485	     -0.29056410	      1.03424437	     -0.64116289	     10.55832402	     -5.66916978	     -4.53770423	      5.23812853	      0.09142259	      2.45743313	      0.98112990	     -7.49999987	      9.93411824	      0.73786087	     -3.85694593	      8.58071467	      0.14976172	      6.45206859	     -0.81092777	     -7.49999987	      0.68787433	     -0.75139510	     -1.24235632	     -4.96896433	    -11.64120185	     12.60213353	     24.23218045	     64.77988553	     -4.06370840	    -11.18634183	     19.23638552	     22.26018879	     70.72885840
      9.57000000	     -4.95554916	      1.48777154	     -2.07566720	     -0.29200907	      1.03238707	     -0.64116768	     11.09823702	     -5.68507984	     -4.47709424	      5.64837963	      0.09858282	      2.58136450	      0.85509056	     -7.49999987	     10.44963303	      0.70920596	     -3.89251217	      9.01907168	      0.15741250	      6.58417368	     -0.89750272	     -7.49999987	      0.69717407	     -0.68358964	     -1.19847534	     -5.15852448	    -11.72933438	     12.42163130	     24.87886741	     64.62118245	     -4.32108727	    -11.26449831	     18.95600626	     22.88406249	     70.39998762
      9.58000000	     -5.19196479	      1.48987354	     -2.10155298	     -0.29343557	      1.03008805	     -0.64056053	     11.68833645	     -5.70623187	     -4.45905219	      6.06812825	      0.10590882	      2.71724712	      0.72013561	     -7.49999987	     11.01293255	      0.68597802	     -3.90738084	      9.49893408	      0.16578768	      6.75048895	     -1.01253281	     -7.49999987	      0.71831004	     -0.64875994	     -1.17654150	     -5.35984544	    -11.86016232	     12.24143781	     25.60961819	     64.43820303	     -4.54754534	    -11.40879266	     18.67578015	     23.58222613	     70.01233728
      9.59000000	     -4.80924344	      1.40790233	     -2.09081635	     -0.29499454	      1.02932105	     -0.63962926	     11.57480368	     -5.67059058	     -4.55178958	      6.42569638	      0.11214956	      2.91472239	      0.83266885	     -7.49999987	     10.96712653	      0.57068957	     -4.10286945	     10.07243585	      0.17579717	      7.37549699	     -0.53279054	     -7.49999987	     -0.00728559	     -0.54204222	     -1.21222911	     -4.92283715	    -11.79914429	     12.58417535	     25.20026729	     64.53696027	     -4.19301595	    -11.31558719	     18.79072201	     23.12157292	     70.12323393
      9.60000000	     -5.05032831	      1.41959609	     -2.14243427	     -0.29628452	      1.02902365	     -0.63891923	     12.22956682	     -5.70147407	     -4.52959891	      6.95267243	      0.12134703	      3.14260320	      0.85256762	     -7.49999987	     11.61202599	      0.52314390	     -4.26563663	     10.66074719	      0.18606514	      7.69396368	     -0.33123094	     -7.49999987	      0.08732072	     -0.53401253	     -1.22754022	     -4.68621364	    -11.89329772	     13.46908575	     24.98706591	     64.72421907	     -4.17409582	    -11.37833360	     19.09174864	     23.00886686	     70.18295168
      9.61000000	     -5.12818662	      1.42584643	     -2.17819028	     -0.29797954	      1.02890686	     -0.63861148	     12.69827885	     -5.72654651	     -4.43792004	      7.44925222	      0.13001398	      3.29124945	      0.74791012	     -7.49999987	     12.11208468	      0.48094291	     -4.30465939	     11.28289865	      0.19692373	      7.96866145	     -0.47284822	     -7.49999987	     -0.13605095	     -0.51848851	     -1.20033001	     -4.73668312	    -11.94109099	     13.40047028	     25.54013532	     64.64424811	     -4.27510455	    -11.51309466	     18.95143807	     23.53853966	     70.03500224
      9.62000000	     -4.87813288	      1.36652157	     -2.23367487	     -0.30044977	      1.02770036	     -0.63862656	     12.85481095	     -5.70005893	     -4.34996029	      7.97921338	      0.13926355	      3.46853997	      0.64553829	     -7.49999987	     12.33423299	      0.35276095	     -4.49086013	     12.03942343	      0.21012758	      8.48020609	     -0.21602228	     -7.49999987	     -0.91511266	     -0.41136872	     -1.23639110	     -4.74311077	    -11.94361908	     12.66076626	     26.44037974	     63.98849277	     -4.51912408	    -11.62540626	     18.00732194	     24.61964875	     68.72541651
      9.63000000	     -5.23418423	      1.34163655	     -2.25860258	     -0.30284027	      1.02451693	     -0.63907743	     13.79663814	     -5.71463254	     -4.33270458	      8.75494022	      0.15280253	      3.75652549	      0.58038618	     -7.49999987	     13.33892568	      0.22611620	     -4.73188257	     13.03038021	      0.22742304	      8.99238091	     -0.05510358	     -7.49999987	     -0.76641343	     -0.34949588	     -1.19024993	     -4.53230042	    -12.04601938	     13.46323627	     26.28837546	     64.37888064	     -4.32638733	    -11.69775339	     18.46912233	     24.39910891	     69.36484316
      9.64000000	     -5.58196814	      1.29864208	     -2.30071932	     -0.30482437	      1.02137110	     -0.63967425	     14.78853164	     -5.71096242	     -4.18123860	      9.60874451	      0.16770423	      4.02345995	      0.31939144	     -7.49999987	     14.38617907	      0.10118883	     -4.74047077	     14.10517746	      0.24618179	      9.44413437	     -0.29796364	     -7.49999987	     -0.82338777	     -0.24014180	     -1.17133688	     -4.85111120	    -12.24762075	     13.27741304	     27.62694007	     64.13475602	     -4.69564221	    -11.92706395	     18.17028323	     25.68774910	     68.87562271
      9.65000000	     -5.41543558	      1.21354704	     -2.31608299	     -0.30667008	      1.01933029	     -0.63963447	     15.27684620	     -5.69684740	     -4.14562216	     10.56040641	      0.18431386	      4.43434021	      0.21672921	     -7.49999987	     14.94486533	     -0.11306837	     -5.13519081	     15.29462412	      0.26694155	     10.19624247	      0.23060180	     -7.49999987	     -1.44858309	     -0.12299720	     -1.11807130	     -4.42951692	    -12.27437775	     13.55646176	     27.52024845	     64.23912961	     -4.33543677	    -11.93978045	     18.21861399	     25.51775914	     69.05074200
      9.66000000	     -5.59419818	      1.15311407	     -2.36734417	     -0.30838942	      1.01684071	     -0.63888127	     16.23225804	     -5.68071842	     -4.00375651	     11.67159443	      0.20370775	      4.80598350	     -0.04643283	     -7.49999987	     15.91970046	     -0.30578206	     -5.39525798	     16.57158352	      0.28922869	     10.85799228	      0.40907551	     -7.49999987	     -1.69906094	     -0.03902979	     -1.02525767	     -4.36195496	    -12.40846801	     13.74320358	     27.99034607	     64.28636165	     -4.24396767	    -12.04386946	     18.12255200	     25.94058673	     69.09689220
      9.67000000	     -5.80050069	      1.09093841	     -2.38959193	     -0.31056125	      1.01485926	     -0.63812833	     17.24857731	     -5.66589247	     -3.87299889	     12.85380140	      0.22434116	      5.24372822	     -0.35949684	     -7.49999987	     16.97525237	     -0.49911351	     -5.54068860	     17.93968384	      0.31310655	     11.55318848	      0.44305171	     -7.49999987	     -2.00696420	      0.06565290	     -0.96083809	     -4.44747293	    -12.58552059	     13.68990766	     28.97821684	     64.16253817	     -4.32851799	    -12.25945097	     17.86025206	     26.92158939	     68.81925326
      9.68000000	     -6.06105741	      1.01965502	     -2.40947733	     -0.31308319	      1.01384572	     -0.63784244	     18.29002491	     -5.62793507	     -3.68237041	     13.97922831	      0.24398356	      5.49611523	     -0.69703130	     -7.49999987	     18.05841318	     -0.72448614	     -5.75109146	     19.24733428	      0.33592936	     12.12303385	      0.62944778	     -7.49999987	     -2.06870318	      0.15943062	     -0.86779144	     -4.14261503	    -12.80217284	     14.75827256	     28.93008730	     65.03824446	     -4.05748725	    -12.39201294	     18.14461743	     26.81925579	     70.48019377
      9.69000000	     -6.08383203	      0.94282097	     -2.45100806	     -0.31568670	      1.01270018	     -0.63755087	     19.14562919	     -5.59680009	     -3.55813173	     15.22418739	      0.26571220	      5.86809044	     -1.04672447	     -7.49999987	     18.90903877	     -0.96047032	     -5.97619870	     20.59662437	      0.35947891	     12.79292053	      0.78445252	     -7.49999987	     -2.67190852	      0.26459804	     -0.80452918	     -4.08749488	    -12.91415471	     14.51765049	     29.79414470	     64.90919258	     -4.00800054	    -12.54213321	     17.73209238	     27.73069397	     70.28421598
      9.70000000	     -6.34117734	      0.87902583	     -2.49447760	     -0.31759821	      1.00950725	     -0.63710930	     20.31417768	     -5.55972258	     -3.31750980	     16.57676300	      0.28931909	      6.30648010	     -1.47942686	     -7.49999987	     20.07181193	     -1.20285153	     -6.16474726	     22.06500285	      0.38510695	     13.48356952	      0.90664038	     -7.49999987	     -2.87542498	      0.33586899	     -0.67632727	     -4.04629823	    -13.01452237	     14.45645421	     30.36500274	     65.01073608	     -3.85549136	    -12.61438605	     17.28729895	     28.21739293	     70.43324075
      9.71000000	     -6.53772433	      0.79119896	     -2.54214171	     -0.31950744	      1.00549424	     -0.63699779	     21.45709295	     -5.50261786	     -3.08831279	     17.98516611	      0.31390037	      6.76502489	     -1.87395187	     -7.49999987	     21.21384282	     -1.46521134	     -6.30054367	     23.60283537	      0.41194719	     14.18806931	      0.97796622	     -7.49999987	     -3.23508898	      0.43077477	     -0.56649108	     -3.99243601	    -13.13773997	     14.36934663	     31.08089665	     65.55562181	     -3.71756363	    -12.70297447	     16.71179818	     28.85970396	     71.26859268
      9.72000000	     -6.71183566	      0.70193997	     -2.56614583	     -0.32282291	      1.00185926	     -0.63684777	     22.63210445	     -5.45277011	     -2.88853981	     19.46327467	      0.33969823	      7.26886891	     -2.30108612	     -7.49999987	     22.41181290	     -1.73844878	     -6.42245862	     25.24000910	      0.44052126	     14.94257082	      1.12691384	     -7.49999987	     -3.72760038	      0.52373188	     -0.46503973	     -3.94986390	    -13.31687348	     14.32020779	     31.98527069	     65.53995952	     -3.56256822	    -12.87115306	     16.47309348	     29.71517662	     71.19477675
      9.73000000	     -6.91230785	      0.62574961	     -2.60660606	     -0.32781669	      0.99859404	     -0.63560750	     23.92787065	     -5.39358023	     -2.67513199	     21.05276337	      0.36744004	      7.81363655	     -2.72250910	     -7.49999987	     23.71058004	     -2.03552335	     -6.57853489	     26.94571841	      0.47029151	     15.68607731	      1.23971693	     -7.49999987	     -4.24800338	      0.56498813	     -0.33859494	     -3.83306065	    -13.42546037	     14.16058796	     32.85500780	     65.41874428	     -3.28965594	    -13.03236993	     16.08942423	     30.50283402	     70.86816554
      9.74000000	     -7.23829542	      0.56646538	     -2.65372746	     -0.33306507	      0.99528709	     -0.63418692	     25.44849737	     -5.33199278	     -2.40026142	     22.76807784	      0.39737792	      8.35703134	     -3.20438316	     -7.49999987	     25.19676526	     -2.33284399	     -6.69772002	     28.71072818	      0.50109674	     16.43826989	      1.26683070	     -7.49999987	     -4.67801067	      0.58758210	     -0.17224269	     -3.68846774	    -13.53713559	     14.09357703	     33.66121880	     65.44833035	     -2.95680342	    -13.16792802	     15.75472096	     31.18822341	     70.72876401
      9.75000000	     -7.36755565	      0.49260424	     -2.60983080	     -0.33756621	      0.99220229	     -0.63419066	     26.76839023	     -5.33598172	     -2.31967753	     24.48679230	      0.42737515	      8.92436398	     -3.60134164	     -7.49999987	     26.50200091	     -2.51830977	     -6.49229441	     30.46409044	      0.53169868	     16.92906262	      0.71259943	     -7.49999987	     -5.50525050	      0.66318305	     -0.11290786	     -3.50926969	    -13.74758598	     13.87992174	     34.98255526	     65.20853925	     -2.74481707	    -13.46136496	     15.45312456	     32.50456800	     70.23075816
      9.76000000	     -7.87201940	      0.45053640	     -2.70011567	     -0.34139485	      0.98775403	     -0.63455156	     28.61272565	     -5.23097332	     -1.87893910	     26.37906132	      0.46040147	      9.48347255	     -4.24865480	     -7.49999987	     28.22702225	     -2.85364650	     -6.68447708	     32.32623221	      0.56419919	     17.80476029	      1.07143310	     -7.49999987	     -5.73016696	      0.63804238	      0.18439237	     -3.14542933	    -13.87529799	     14.05571215	     35.33674167	     65.84666448	     -2.12756430	    -13.48644423	     15.17467860	     32.52384122	     70.88457940
      9.77000000	     -8.12140335	      0.41833211	     -2.70222307	     -0.34531751	      0.98272359	     -0.63526294	     30.20771147	     -5.22267641	     -1.62911486	     28.34412918	      0.49469838	     10.15363728	     -4.68040803	     -7.49999987	     29.71677710	     -3.06378895	     -6.62913924	     34.20332404	      0.59696062	     18.54180844	      0.95315040	     -7.49999987	     -6.46318240	      0.62953673	      0.31545142	     -2.97811096	    -13.99436242	     13.09036394	     36.48045426	     69.54433615	     -1.87196808	    -13.55523295	     13.47419915	     33.54835555	     75.93531932
      9.78000000	     -8.37771156	      0.40603273	     -2.72572921	     -0.34917596	      0.97756816	     -0.63601763	     31.84781362	     -5.21250206	     -1.32907048	     30.37682812	      0.53017567	     10.89777311	     -5.09923886	     -7.49999987	     31.22244176	     -3.27819012	     -6.63670544	     36.09395632	      0.62995838	     19.32878153	      0.98966058	     -7.49999987	     -7.17880189	      0.60628479	      0.46724317	     -2.74894667	    -14.19602117	     12.82816332	     37.66694661	     68.93711484	     -1.56116027	    -13.75327857	     13.00535715	     34.67830845	     74.84197525
      9.79000000	     -8.45842986	      0.37172239	     -2.62494682	     -0.35328791	      0.97291117	     -0.63629945	     33.27681926	     -5.26087661	     -1.17166591	     32.40478204	      0.56557014	     11.62231586	     -5.48380692	     -7.49999987	     32.56514881	     -3.33440008	     -6.25928923	     37.92246451	      0.66187187	     19.82326623	      0.33183933	     -7.49999987	     -8.21254260	      0.61650875	      0.48602669	     -2.49711078	    -14.49349596	     12.58571841	     39.11819000	     68.38225652	     -1.26631009	    -14.06054877	     12.70519067	     36.18182309	     73.89729600
      9.80000000	     -8.61039905	      0.38698269	     -2.55660258	     -0.35800171	      0.96773929	     -0.63486065	     34.87122008	     -5.28979224	     -0.88189358	     34.56093392	      0.60320209	     12.36334083	     -5.91892799	     -7.49999987	     34.04172806	     -3.45424044	     -6.10045274	     39.85115430	      0.69553385	     20.54857744	      0.17629892	     -7.49999987	     -9.11442485	      0.55111441	      0.54760854	     -2.12182254	    -14.69153499	     12.40323778	     40.25248299	     68.00190421	     -0.78747068	    -14.32159892	     12.40077131	     37.29060331	     73.18723478
      9.81000000	     -9.27012199	      0.52584686	     -2.59075474	     -0.36270321	      0.96131968	     -0.63284983	     37.12730842	     -5.32078227	     -0.44794326	     36.87871871	      0.64365507	     13.18816797	     -6.16563850	     -7.49999987	     36.08166538	     -3.63014481	     -6.23414009	     41.83646818	      0.73018412	     21.45859337	      0.57636552	     -7.49999987	     -9.26671283	      0.25298660	      0.78783686	     -1.70969613	    -14.85089144	     12.49481783	     40.77520869	     68.34909531	     -0.11678233	    -14.50774728	     12.19698815	     37.67358110	     73.25725457
      9.82000000	     -9.51286077	      0.54388201	     -2.49595943	     -0.36692258	      0.95565722	     -0.63232417	     38.84714498	     -5.34273423	     -0.19162765	     39.09647415	      0.68236220	     14.01989711	     -6.46420800	     -7.49999987	     37.68474425	     -3.70769749	     -5.97975244	     43.75876211	      0.76373448	     22.05835942	      0.19978224	     -7.49999987	    -10.11430977	      0.18553569	      0.95475839	     -1.53543557	    -14.94804578	     11.24404697	     41.91967684	     73.66251525	      0.44380635	    -14.62900979	     11.02009112	     38.61771346	     78.62605341
      9.83000000	     -9.75066311	      0.61224628	     -2.42960504	     -0.37080024	      0.95028434	     -0.63209540	     40.55787267	     -5.37125464	      0.13473403	     41.29230747	      0.72068672	     14.86769856	     -6.71612772	     -7.49999987	     39.24854835	     -3.77275317	     -5.82523185	     45.64165048	      0.79659708	     22.74026541	      0.08030460	     -7.49999987	    -10.96966602	      0.02342268	      1.02124117	     -1.30125990	    -15.16150512	     10.89593189	     43.28207522	     72.81011803	      0.82140416	    -14.88706503	     10.49611353	     40.00136013	     77.42483967
      9.84000000	    -10.02338946	      0.69558849	     -2.33562315	     -0.37505965	      0.94476895	     -0.63116135	     42.29583468	     -5.40159613	      0.46154212	     43.47741833	      0.75882410	     15.64000331	     -6.97314021	     -7.49999987	     40.85450707	     -3.79402703	     -5.62764957	     47.48704503	      0.82880529	     23.34969129	     -0.14227274	     -7.49999987	    -11.70804682	     -0.15561356	      1.08936092	     -0.98894167	    -15.39099881	     10.72430292	     44.33374458	     72.65743256	      1.39286452	    -15.15175919	     10.19136450	     41.02220479	     77.03800450
      9.85000000	    -10.17256600	      0.74506701	     -2.23230184	     -0.37969775	      0.93906395	     -0.62959795	     43.87417057	     -5.38005641	      0.79409851	     45.63154858	      0.79642077	     16.32738981	     -7.25063977	     -7.49999987	     42.33719451	     -3.83018359	     -5.38034969	     49.29900714	      0.86042999	     23.89678089	     -0.43260606	     -7.49999987	    -12.62931841	     -0.32068330	      1.33805566	     -0.88546677	    -15.45628765	      9.34258350	     45.49193787	     77.17276213	      2.16335858	    -15.31047257	      9.47154444	     41.89855937	     80.99288904
      9.86000000	    -10.30934051	      0.82117768	     -2.15321113	     -0.38383337	      0.93321135	     -0.62818539	     45.39416345	     -5.35715823	      1.13630783	     47.70437616	      0.83259843	     17.01515859	     -7.46288440	     -7.49999987	     43.76102494	     -3.85929467	     -5.17786281	     51.02887482	      0.89062188	     24.43764883	     -0.66304409	     -7.49999987	    -13.53290349	     -0.52019766	      1.34789387	     -0.55610105	    -15.66516177	      9.13726029	     46.66401347	     76.36109879	      2.65916136	    -15.62613835	      9.11020364	     43.12606322	     79.92029869
      9.87000000	    -10.21404328	      0.77546400	     -2.02168886	     -0.38752953	      0.92788992	     -0.62781270	     46.51674836	     -5.26521279	      1.38364942	     49.56120981	      0.86500629	     17.53216551	     -7.82624009	     -7.49999987	     44.88498358	     -3.88470371	     -4.79449498	     52.66352016	      0.91915182	     24.82765246	     -1.19445059	     -7.49999987	    -14.74289571	     -0.55093783	      1.30037889	     -0.15139431	    -15.92487382	      8.86476073	     47.79559396	     75.46878231	      3.18320157	    -15.92465938	      8.77753785	     44.38304695	     78.85110360
      9.88000000	    -10.61227912	      0.91226453	     -1.98240633	     -0.39107794	      0.92172905	     -0.62784567	     48.19011242	     -5.26088457	      1.74381257	     51.43703098	      0.89774555	     18.29205979	     -7.77803138	     -7.49999987	     46.42047353	     -3.86838196	     -4.68660047	     54.22225348	      0.94635685	     25.40009009	     -1.32590244	     -7.49999987	    -15.16360888	     -0.80960090	      1.45465390	     -0.00138984	    -16.20791765	      8.74951237	     48.73551116	     75.40506817	      3.66971277	    -16.17371889	      8.54269174	     45.28821577	     78.52099313
      9.89000000	    -10.60549315	      0.89697761	     -1.85296991	     -0.39483624	      0.91615284	     -0.62764304	     49.28367073	     -5.17344754	      2.00095423	     53.12079518	      0.92713278	     18.79216330	     -8.07244720	     -7.49999987	     47.48909663	     -3.84031681	     -4.34977009	     55.67831796	      0.97176997	     25.79810486	     -1.76214193	     -7.49999987	    -16.13302134	     -0.85785019	      1.79619603	     -0.01597058	    -16.26422288	      6.86172981	     49.78122170	     82.17972788	      4.54433973	    -16.24266086	      7.90648927	     45.87730144	     84.41881496
      9.90000000	    -10.46174066	      0.83820263	     -1.73105293	     -0.39821252	      0.91045253	     -0.62672719	     50.18667422	     -5.05069590	      2.21882510	     54.73563161	      0.95531699	     19.20665819	     -8.41619203	     -7.49999987	     48.39047377	     -3.83381208	     -3.99186717	     57.08408683	      0.99630527	     26.19954880	     -2.21949668	     -7.49999987	    -17.18899704	     -0.86171611	      1.74565287	      0.48327976	    -16.53230919	      6.64565399	     50.45036562	     81.54473085	      5.15161308	    -16.44988192	      7.63323604	     46.69288017	     83.71186922
      9.91000000	    -10.67855454	      0.94007226	     -1.66533361	     -0.40153547	      0.90337016	     -0.62592888	     51.59130718	     -5.02564304	      2.52696479	     56.48350935	      0.98582321	     19.80789905	     -8.42060743	     -7.49999987	     49.72374294	     -3.79117726	     -3.84507423	     58.54661875	      1.02183126	     26.70168436	     -2.35272627	     -7.49999987	    -17.81931440	     -1.02596923	      1.75343808	      0.58270284	    -16.87794243	      6.41277158	     51.81688361	     80.29405219	      5.36229549	    -16.73093066	      7.11240333	     48.21990066	     82.14904634
      9.92000000	    -10.77785416	      0.93167698	     -1.58116654	     -0.40530584	      0.89594521	     -0.62629391	     52.87638431	     -4.93927605	      2.75469791	     58.22983397	      1.01630233	     20.25164825	     -8.62041317	     -7.49999987	     51.02156902	     -3.74833741	     -3.50717085	     60.08314884	      1.04864877	     26.95457105	     -2.96664182	     -7.49999987	    -18.58155518	     -1.07659601	      2.01546853	      0.55730348	    -17.11227431	      5.00831826	     52.94988069	     85.88216283	      6.01908493	    -16.83532038	      6.48726166	     49.10361760	     87.04285572
      9.93000000	    -10.84066371	      0.96481914	     -1.55794921	     -0.40889066	      0.88850483	     -0.62694769	     54.13151735	     -4.84094481	      3.02455859	     59.99191400	      1.04705642	     20.87662158	     -8.71642250	     -7.49999987	     52.25792014	     -3.74948160	     -3.31186648	     61.63501655	      1.07573397	     27.41418356	     -3.25036999	     -7.49999987	    -19.35153158	     -1.15218388	      2.02425718	      0.90866155	    -17.48401627	      4.93937903	     53.88650074	     83.91707340	      6.31937731	    -17.02158992	      6.05538772	     50.38489994	     84.90335462
      9.94000000	    -10.91071296	      0.93363187	     -1.49589200	     -0.41226102	      0.88155839	     -0.62736202	     55.31782162	     -4.73481005	      3.20303736	     61.65142830	      1.07602041	     21.35176306	     -8.93247704	     -7.49999987	     53.44137311	     -3.68244102	     -2.96411965	     63.08715040	      1.10107849	     27.57897166	     -3.93346694	     -7.49999987	    -20.02500775	     -1.14396097	      2.27111961	      1.07204276	    -17.88240579	      4.07580751	     54.74677006	     87.83528422	      7.03510424	    -17.17134745	      6.00944303	     51.01351367	     88.62135555
      9.95000000	    -10.99536607	      0.93522956	     -1.46134173	     -0.41613541	      0.87520694	     -0.62738377	     56.46348226	     -4.63608634	      3.39178282	     63.19397737	      1.10294297	     21.89450660	     -9.02126821	     -7.49999987	     54.54800917	     -3.60657964	     -2.68855632	     64.44348416	      1.12475098	     27.92320840	     -4.38670387	     -7.49999987	    -20.71347235	     -1.16578995	      2.32811198	      1.45484423	    -18.34005684	      4.02862381	     55.50814855	     86.96604002	      7.46425662	    -17.37329328	      5.78900196	     51.99372925	     87.70312179
      9.96000000	    -10.82160135	      0.89792718	     -1.42808600	     -0.42080548	      0.86953193	     -0.62768207	     57.29634461	     -4.52606022	      3.53631520	     64.62740741	      1.12796105	     22.21251164	     -9.33544855	     -7.49999987	     55.34510577	     -3.54270911	     -2.40672570	     65.73249118	      1.14724840	     28.29236890	     -4.74316876	     -7.49999987	    -21.70132946	     -1.10881026	      2.30968484	      2.12332684	    -18.69171391	      3.79696556	     55.96925463	     86.59164921	      8.07145763	    -17.52582507	      5.56543943	     52.57851169	     87.32296644
      9.97000000	    -11.16165899	      0.93737833	     -1.38415058	     -0.42433620	      0.86263291	     -0.62813055	     58.71557917	     -4.50374286	      3.69317882	     66.10692602	      1.15378352	     22.74720325	     -9.27722925	     -7.49999987	     56.69721163	     -3.41475437	     -2.17328250	     67.03617001	      1.17000188	     28.60348446	     -5.15890862	     -7.49999987	    -22.05888563	     -1.10593517	      2.41890344	      2.35909351	    -19.31067742	      3.90333066	     56.81531535	     86.71427640	      8.44872049	    -17.77091691	      5.65424839	     53.51949521	     87.37550640
      9.98000000	    -10.87803892	      0.82110433	     -1.31242945	     -0.42618205	      0.85639448	     -0.62794704	     59.32518303	     -4.35027970	      3.79318190	     67.40330062	      1.17640952	     22.95950489	     -9.90335014	     -7.49999987	     57.35051669	     -3.33431979	     -1.79807588	     68.28550097	      1.19180682	     28.74234902	     -5.95783928	     -7.49999987	    -23.24906172	     -0.93728615	      2.30899472	      2.80084393	    -19.55864010	      3.27896471	     57.85606368	     84.54983683	      8.53915601	    -17.89672237	      4.95124467	     54.88229298	     85.14625581
      9.99000000	    -11.21522789	      0.92400981	     -1.31475048	     -0.42788424	      0.84805465	     -0.62697460	     60.76676753	     -4.31854076	      4.01257977	     68.92815346	      1.20302323	     23.56512492	     -9.60524590	     -7.49999987	     58.70322229	     -3.27812143	     -1.73586842	     69.61922924	      1.21508477	     29.24099809	     -5.89799110	     -7.49999987	    -23.36307321	     -1.10663614	      2.78537250	      2.61017329	    -20.05802200	      2.43198000	     58.60866234	     91.58540516	      9.24577419	    -17.97202121	      5.00374008	     55.07607176	     91.88393116
     10.00000000	    -11.26473804	      0.97259161	     -1.29531703	     -0.43112912	      0.83994669	     -0.62627309	     61.92371912	     -4.23422991	      4.22756107	     70.42997194	      1.22923490	     23.92702895	     -9.75294343	     -7.49999987	     59.84707818	     -3.22941770	     -1.60369661	     70.98551994	      1.23893104	     29.51317676	     -6.20444022	     -7.49999987	    -23.89671592	     -1.20075293	      2.83814957	      2.88146681	    -20.52394154	      2.49511788	     59.26411533	     91.53299649	      9.57376459	    -18.27785278	      5.08491041	     55.88582640	     91.70643167
     10.01000000	    -11.35862527	      0.99205537	     -1.30051506	     -0.43369928	      0.83257001	     -0.62631913	     63.11378962	     -4.10473144	      4.43293103	     71.90938100	      1.25505546	     24.23228878	     -9.93855322	     -7.49999987	     61.01116464	     -3.22094483	     -1.45841116	     72.34410117	      1.26264276	     29.76652255	     -6.49103194	     -7.49999987	    -24.36311168	     -1.23406058	      2.99937278	      2.87742878	    -20.88703417	      1.97272274	     60.14089907	     92.60367639	      9.77893398	    -18.43035373	      4.85599857	     56.68603383	     92.65941324
     10.02000000	    -11.06553173	      0.99676316	     -1.28848444	     -0.43489200	      0.82686126	     -0.62655028	     63.74619068	     -3.99216999	      4.61948781	     73.24080645	      1.27829322	     24.46569963	    -10.24220105	     -7.49999987	     61.58317672	     -3.16628275	     -1.29321412	     73.52794290	      1.28330470	     30.02654083	     -6.79248556	     -7.49999987	    -25.19117691	     -1.22682481	      2.98014562	      3.31230861	    -21.18639162	      1.78461131	     60.36177953	     92.29435135	     10.11680115	    -18.57931459	      4.67620125	     57.00628164	     92.34868041
     10.03000000	    -11.36448875	      1.12517379	     -1.30315473	     -0.43624760	      0.81940570	     -0.62603548	     65.06146075	     -3.90318754	      4.91418735	     74.65774292	      1.30302343	     24.84147553	    -10.31085467	     -7.49999987	     62.75725338	     -3.10163723	     -1.26557403	     74.73909968	      1.30444337	     30.42334944	     -6.90574169	     -7.49999987	    -25.29766375	     -1.40219469	      3.04417696	      3.19738059	    -21.70451881	      2.09954046	     61.09703820	     90.86072754	     10.00546119	    -18.87688779	      4.69716442	     58.06134389	     90.88569420
     10.04000000	    -11.31885139	      1.13025208	     -1.37757609	     -0.43786393	      0.81215405	     -0.62499744	     65.93088985	     -3.67742612	      5.12302135	     75.94914331	      1.32556261	     25.05074384	    -10.58344020	     -7.49999987	     63.57205388	     -3.18910744	     -1.18549734	     75.93374538	      1.32529387	     30.57304283	     -7.29444830	     -7.49999987	    -25.71507939	     -1.46707418	      3.27989298	      3.13512321	    -22.08139115	      1.81680424	     61.67303884	     93.40201489	     10.26659417	    -19.22624097	      5.06586078	     58.41845831	     93.44104187
     10.05000000	    -11.27239797	      1.20070445	     -1.37214795	     -0.43809748	      0.80502439	     -0.62461140	     66.80105386	     -3.58138309	      5.34103582	     77.26521228	      1.34853235	     25.30187177	    -10.81366235	     -7.49999987	     64.39070201	     -3.19394930	     -1.15156603	     77.11605314	      1.34592903	     30.81057857	     -7.51193638	     -7.49999987	    -26.12862409	     -1.53919475	      3.26710383	      3.12283825	    -22.40949196	      1.93577981	     62.14560465	     91.53888826	     10.04271841	    -19.41635552	      4.99970807	     59.11578507	     91.54895112
     10.06000000	    -11.25260432	      1.19345948	     -1.42280813	     -0.43807606	      0.79800474	     -0.62498145	     67.63387188	     -3.36738645	      5.53821671	     78.49586572	      1.37001131	     25.46461688	    -11.09137442	     -7.49999987	     65.19434149	     -3.28594498	     -1.06458228	     78.29664409	      1.36653423	     31.04907787	     -7.79340535	     -7.49999987	    -26.43267215	     -1.56559628	      3.33977514	      3.06811503	    -22.87534639	      2.31163994	     62.56510457	     90.93994987	      9.83780407	    -19.66536393	      5.23225828	     59.56614614	     90.90695361
     10.07000000	    -11.20825422	      1.24013422	     -1.47371891	     -0.43977467	      0.79060455	     -0.62525112	     68.45160536	     -3.18671380	      5.77651562	     79.73240069	      1.39159291	     25.67948537	    -11.27803924	     -7.49999987	     65.91200442	     -3.32729542	     -1.01724653	     79.44527142	      1.38658156	     31.32760595	     -8.06096902	     -7.49999987	    -26.73673979	     -1.61719498	      3.36714174	      3.02497437	    -23.13681686	      2.39483396	     62.88108272	     90.54814301	      9.56692553	    -19.82307606	      5.15992386	     59.98496399	     90.49014580
     10.08000000	    -11.20677128	      1.33601230	     -1.46115780	     -0.44263263	      0.78304007	     -0.62462555	     69.34789384	     -3.05554091	      6.06759546	     80.96495852	      1.41310510	     25.80014645	    -11.54793978	     -7.49999987	     66.68141065	     -3.28589586	     -0.98937581	     80.58191793	      1.40641979	     31.56220717	     -8.31608516	     -7.49999987	    -26.96975660	     -1.74751915	      3.31759171	      2.96054036	    -23.43013255	      2.61483003	     63.19643582	     90.41199915	      9.43894490	    -20.07999666	      5.30467300	     60.30288454	     90.33667377
     10.09000000	    -11.05157667	      1.32353335	     -1.40146323	     -0.44489243	      0.77608046	     -0.62376937	     70.06250682	     -2.94291789	      6.21768890	     82.16531490	      1.43405528	     25.89301701	    -11.80608571	     -7.49999987	     67.33650554	     -3.26763433	     -0.85168788	     81.73426272	      1.42653200	     31.67834373	     -8.67605851	     -7.49999987	    -27.34938809	     -1.72920270	      3.52574495	      2.59547663	    -23.48403913	      1.68215347	     63.61772587	     94.82633332	      9.58878557	    -20.11676301	      5.34340598	     60.26988826	     94.70559425
     10.10000000	    -10.99985701	      1.29591595	     -1.34812588	     -0.44641187	      0.76876764	     -0.62368378	     70.91366865	     -2.82415967	      6.34158449	     83.39279636	      1.45547887	     26.09081080	    -11.99136221	     -7.49999987	     68.15031300	     -3.28702084	     -0.69749444	     82.92320147	      1.44728289	     31.88227173	     -8.84850669	     -7.49999987	    -27.56922047	     -1.70216982	      3.47414002	      2.48707960	    -23.69252190	      1.93342776	     63.91922161	     93.65997135	      9.25916900	    -20.26114714	      5.36465874	     60.61117703	     93.54043453
     10.11000000	    -10.92848229	      1.37990897	     -1.35964344	     -0.44820508	      0.76108338	     -0.62433824	     71.77763554	     -2.66568274	      6.64071057	     84.60430642	      1.47662371	     26.18305328	    -12.24104197	     -7.49999987	     68.93226120	     -3.31801026	     -0.69809265	     84.08649458	      1.46758619	     31.98493545	     -9.14875240	     -7.49999987	    -27.76705273	     -1.80845395	      3.42437369	      2.42176575	    -23.94164397	      2.29225372	     64.06947224	     93.43994445	      9.12986302	    -20.52906231	      5.77853988	     60.72336966	     93.34344776
     10.12000000	    -10.85126145	      1.38373424	     -1.34818382	     -0.45018719	      0.75354435	     -0.62467788	     72.62473939	     -2.52827419	      6.81879633	     85.80223636	      1.49753153	     26.30075787	    -12.34661251	     -7.49999987	     69.73266534	     -3.35659771	     -0.60884812	     85.27840572	      1.48838896	     32.16671919	     -9.21563458	     -7.49999987	    -27.99869952	     -1.81960360	      3.56263699	      2.09836756	    -24.02868496	      1.84862703	     64.41955284	     95.07915836	      8.98742598	    -20.49898378	      5.80158593	     60.78269843	     94.99009998
     10.13000000	    -10.74030153	      1.38946098	     -1.32498840	     -0.45186938	      0.74690673	     -0.62382376	     73.39601881	     -2.39192983	      7.00044131	     86.92767218	      1.51717409	     26.40265299	    -12.52354434	     -7.49999987	     70.47256497	     -3.38312404	     -0.50938147	     86.41469560	      1.50822096	     32.38976287	     -9.26163332	     -7.49999987	    -28.26500571	     -1.84595646	      3.51000030	      1.93970583	    -24.22206518	      2.08862859	     64.78441012	     93.80414904	      8.71767210	    -20.58245010	      5.91168424	     60.93370140	     93.70317484
     10.14000000	    -10.32993190	      1.29598833	     -1.25232194	     -0.45383486	      0.74078345	     -0.62295277	     73.79148945	     -2.29017638	      7.05958077	     87.99157337	      1.53574267	     26.58377372	    -12.65008930	     -7.49999987	     70.91590541	     -3.38045535	     -0.28921560	     87.52066267	      1.52752373	     32.45030215	     -9.53992943	     -7.49999987	    -28.87496439	     -1.75721890	      3.45617901	      1.94991590	    -24.30139341	      2.08409072	     64.87159471	     92.69598665	      8.57684352	    -20.54940397	      5.91523731	     60.97463295	     92.60154102
     10.15000000	    -10.51790595	      1.39937807	     -1.32924287	     -0.45593996	      0.73268601	     -0.62278457	     74.93297622	     -2.06076300	      7.37962774	     89.12047986	      1.55544580	     26.59315958	    -12.79101539	     -7.49999987	     72.01202336	     -3.50852348	     -0.34157886	     88.68437344	      1.54783431	     32.70238777	     -9.38818818	     -7.49999987	    -28.69428037	     -1.95621424	      3.44912709	      1.64272599	    -24.45688570	      2.31555853	     65.25711992	     92.16541640	      8.20914322	    -20.52595969	      5.82649597	     61.01941640	     92.05665639
     10.16000000	    -10.34075353	      1.27596766	     -1.31831262	     -0.45724683	      0.72554435	     -0.62392262	     75.58816050	     -1.90346591	      7.40995352	     90.18847980	      1.57408592	     26.73542184	    -12.86639844	     -7.49999987	     72.72529245	     -3.58398997	     -0.14710565	     89.83737520	      1.56795799	     32.85280187	     -9.48765830	     -7.49999987	    -28.91448128	     -1.81911120	      3.49004966	      1.49343653	    -24.58325137	      2.36161386	     65.45989158	     91.62976948	      7.84908894	    -20.39443766	      5.72872645	     60.91856604	     91.51176549
     10.17000000	    -10.12963276	      1.40716281	     -1.36614080	     -0.45739025	      0.71934392	     -0.62493266	     76.24685055	     -1.78649804	      7.71958972	     91.27883400	      1.59311619	     26.66295686	    -13.10981259	     -7.49999987	     73.28937493	     -3.59328025	     -0.22455952	     90.89287500	      1.58637994	     32.89663444	     -9.66088421	     -7.49999987	    -29.10237074	     -2.01481657	      3.55865323	      1.23174141	    -24.65775773	      2.31357526	     65.54331804	     92.11092916	      7.65576208	    -20.19724207	      5.64902998	     60.70064971	     91.96804138
     10.18000000	     -9.91065423	      1.39086450	     -1.38275537	     -0.45806940	      0.71315275	     -0.62574504	     76.86594099	     -1.68962349	      7.85789496	     92.34136763	      1.61166090	     26.65697118	    -13.17093301	     -7.49999987	     73.88695128	     -3.63418549	     -0.14754004	     91.97294879	      1.60523078	     32.89665277	     -9.72243323	     -7.49999987	    -29.31469525	     -2.00282214	      3.62318977	      0.98555149	    -24.76027220	      2.19342731	     65.70855299	     92.44440631	      7.44112477	    -19.99023525	      5.55054092	     60.52112529	     92.27883540
     10.19000000	     -9.35821921	      1.29364395	     -1.28246589	     -0.46057007	      0.70751358	     -0.62631178	     77.02824517	     -1.69442428	      7.86780740	     93.25962771	      1.62768756	     26.73681900	    -13.45306216	     -7.49999987	     74.10463265	     -3.58516138	      0.02639695	     92.94052242	      1.62211812	     32.89494199	    -10.08828837	     -7.49999987	    -30.00021387	     -1.88145158	      3.51957836	      1.02557436	    -24.79566558	      2.07445426	     65.73592905	     91.68235568	      7.31174754	    -19.84927397	      5.46983666	     60.63484317	     91.52112424
     10.20000000	     -9.43232852	      1.43233776	     -1.34437518	     -0.46347058	      0.70076569	     -0.62606230	     77.98825549	     -1.53645376	      8.20664240	     94.27698302	      1.64544376	     26.58368686	    -13.61141149	     -7.49999987	     74.97832237	     -3.65329602	     -0.04350583	     93.95031631	      1.63974235	     33.07884182	     -9.93070925	     -7.49999987	    -29.73418547	     -2.08829531	      3.59695064	      0.48516153	    -25.03869236	      2.27720669	     66.23819870	     92.22581102	      7.01632079	    -19.70934171	      5.47953264	     60.50000844	     92.01347941
     10.21000000	     -9.04630119	      1.43648410	     -1.30415406	     -0.46622841	      0.69578383	     -0.62585841	     78.32951539	     -1.50338520	      8.34084143	     95.13059819	      1.66034216	     26.59839507	    -13.73058490	     -7.49999987	     75.32648465	     -3.64630116	      0.01412407	     94.82866685	      1.65507246	     32.99467635	    -10.14955408	     -7.49999987	    -30.16514020	     -2.08214289	      3.54219776	      0.46544013	    -25.06208093	      2.26432153	     66.26974041	     91.98797630	      6.93072091	    -19.59960768	      5.49673289	     60.45773173	     91.77659009
     10.22000000	     -8.94476558	      1.32690462	     -1.31632762	     -0.46827669	      0.69022521	     -0.62568827	     78.95423104	     -1.36960933	      8.34834179	     95.92262823	      1.67416569	     26.45261575	    -13.90138898	     -7.49999987	     76.00515034	     -3.76735002	      0.16238588	     95.73689920	      1.67092411	     33.03986809	    -10.04697330	     -7.49999987	    -30.21242387	     -1.97536958	      3.92605968	     -0.21665998	    -25.20644179	      1.63333681	     66.88609711	     95.93987317	      7.17685454	    -19.33013610	      5.74194512	     59.90692865	     95.55865372
     10.23000000	     -8.60757305	      1.41472590	     -1.35780258	     -0.47024965	      0.68475321	     -0.62543178	     79.36461544	     -1.26738026	      8.55533285	     96.72929499	      1.68824468	     26.43581872	    -13.98772863	     -7.49999987	     76.37134599	     -3.82637276	      0.11509987	     96.56867740	      1.68544137	     33.06916899	     -9.97125711	     -7.49999987	    -30.53286430	     -2.12394390	      3.87574987	     -0.32828613	    -25.15346146	      1.64508610	     67.09881642	     95.34357840	      7.03147126	    -19.26655412	      5.69899413	     59.98643018	     94.96205049
     10.24000000	     -8.33459291	      1.39516880	     -1.37061642	     -0.47204326	      0.67955033	     -0.62493438	     79.78487991	     -1.17235346	      8.61282708	     97.47798229	      1.70131174	     26.34490451	    -14.15611914	     -7.49999987	     76.79476393	     -3.92580562	      0.16788796	     97.35566954	      1.69917698	     33.05269503	     -9.95397651	     -7.49999987	    -30.82596198	     -2.14311768	      3.91196419	     -0.59470755	    -25.00288068	      1.25635382	     67.32114275	     96.92325369	      6.83685383	    -19.10869294	      5.43025735	     60.13751219	     96.31437915
     10.25000000	     -7.92904033	      1.40139190	     -1.34083715	     -0.47391091	      0.67526652	     -0.62442182	     80.01173403	     -1.14939060	      8.68361110	     98.17514631	      1.71347955	     26.37410250	    -14.21460296	     -7.49999987	     77.02071548	     -3.95852858	      0.20262833	     98.03976389	      1.71111668	     32.92125399	    -10.15378305	     -7.49999987	    -31.25170650	     -2.15653243	      3.86290258	     -0.65933767	    -24.91423984	      1.33670631	     67.28542010	     96.14211812	      6.74733681	    -19.06067646	      5.48242905	     60.10058273	     95.55862363
     10.26000000	     -7.79617242	      1.37879094	     -1.37794308	     -0.47605720	      0.67038567	     -0.62439871	     80.53824757	     -1.03980188	      8.73203150	     98.83756624	      1.72504096	     26.34277631	    -14.23346355	     -7.49999987	     77.54473775	     -4.13221220	      0.23687173	     98.75095034	      1.72352922	     33.11192905	     -9.76783924	     -7.49999987	    -31.29847566	     -2.16052537	      3.87492697	     -0.84569145	    -24.89682136	      1.72501694	     67.41209934	     94.60288915	      6.48482989	    -19.10468624	      5.75265092	     60.07311428	     94.02277298
     10.27000000	     -7.29801578	      1.29203014	     -1.30288080	     -0.47896776	      0.66564775	     -0.62524050	     80.66266576	     -1.07038391	      8.69782690	     99.45650613	      1.73584349	     26.28519742	    -14.33897292	     -7.49999987	     77.71009264	     -4.14799440	      0.36167450	     99.41070839	      1.73504417	     32.90459966	     -9.92610461	     -7.49999987	    -31.82593486	     -2.03932297	      3.80420285	     -0.85303607	    -24.78101121	      1.72526064	     67.42335974	     93.77221855	      6.30386408	    -19.06508919	      5.71139033	     60.20714903	     93.18949530
     10.28000000	     -6.84804578	      1.19132988	     -1.27179068	     -0.48189005	      0.66092662	     -0.62561286	     80.84482176	     -1.05567500	      8.65892934	    100.02512025	      1.74576768	     26.30136422	    -14.32016910	     -7.49999987	     77.93813624	     -4.18978275	      0.50080632	    100.03720293	      1.74597857	     32.50039831	    -10.25308868	     -7.49999987	    -32.31662420	     -1.91431928	      3.81261274	     -0.70749362	    -24.72889925	      1.80830746	     67.50581844	     92.25126839	      6.36980935	    -18.97798567	      5.80031927	     60.32567977	     91.71254903
     10.29000000	     -7.04817622	      1.29712789	     -1.31913712	     -0.48359305	      0.65549564	     -0.62486809	     81.81741403	     -0.97807736	      8.82801608	    100.70633296	      1.75765709	     26.20643330	    -14.25369182	     -7.49999987	     78.82639389	     -4.37657680	      0.39660113	    100.74643794	      1.75835705	     32.79145788	     -9.55150373	     -7.49999987	    -31.73763872	     -2.08448123	      3.77192085	     -1.14237339	    -24.65565549	      2.24167934	     67.87812480	     92.42974019	      6.02648199	    -19.16946207	      6.18613706	     60.11429208	     91.83744318
     10.30000000	     -6.56625594	      1.24560219	     -1.26361225	     -0.48553173	      0.65250607	     -0.62484147	     81.89788240	     -1.01133532	      8.82426213	    101.20828221	      1.76641775	     26.16559368	    -14.30843136	     -7.49999987	     78.89800826	     -4.38222171	      0.49023707	    101.25885553	      1.76730043	     32.56997762	     -9.67610950	     -7.49999987	    -32.12269807	     -2.06187984	      3.70116105	     -1.16935507	    -24.50178856	      2.20414277	     67.91422217	     92.00096032	      5.88273350	    -19.07966391	      6.10681072	     60.23671590	     91.39729694
     10.31000000	     -6.48126859	      1.24851347	     -1.32909752	     -0.48741334	      0.64916049	     -0.62566575	     82.38753886	     -0.93804805	      8.89478874	    101.63555655	      1.77387510	     25.93970723	    -14.26035637	     -7.49999987	     79.33293873	     -4.50319531	      0.49680171	    101.72771736	      1.77548361	     32.50425377	     -9.52844470	     -7.49999987	    -32.01188870	     -2.14301576	      4.34031717	     -2.33266010	    -24.23506826	      0.59302075	     68.76993880	     98.51913194	      6.23856126	    -18.98097208	      6.65977561	     59.71361258	     96.89101385
     10.32000000	     -6.09146540	      1.22282060	     -1.34625569	     -0.49003547	      0.64623612	     -0.62746175	     82.50122145	     -0.96305465	      8.92439641	    102.00198415	      1.78027047	     25.85654789	    -14.33770154	     -7.49999987	     79.42838167	     -4.50840775	      0.53604192	    102.15164358	      1.78288252	     32.27507255	     -9.57209259	     -7.49999987	    -32.27252951	     -2.09085857	      4.31516860	     -2.30386439	    -24.18850672	      0.60661210	     68.76379379	     98.16358460	      6.08761879	    -18.82612088	      6.67055021	     59.73571517	     96.54823714
     10.33000000	     -5.84569859	      1.21113057	     -1.42244909	     -0.49300854	      0.64309852	     -0.62895387	     82.75966805	     -0.92325967	      8.97558530	    102.33041871	      1.78600273	     25.68243657	    -14.38084097	     -7.49999987	     79.67195058	     -4.61306292	      0.51225109	    102.58003035	      1.79035928	     32.18465764	     -9.48013623	     -7.49999987	    -32.40082438	     -2.07265529	      4.23102775	     -2.28387454	    -24.25668031	      1.01732592	     68.99318813	     96.15552011	      5.84278619	    -18.72815946	      6.58886587	     59.85097621	     94.51262441
     10.34000000	     -5.38449230	      1.10091010	     -1.41676673	     -0.49601858	      0.64086005	     -0.63002022	     82.72370713	     -0.98289680	      8.90665229	    102.60471724	      1.79079014	     25.58506984	    -14.39497739	     -7.49999987	     79.67035207	     -4.59048995	      0.61749165	    102.95173713	      1.79684678	     31.94309847	     -9.62753901	     -7.49999987	    -32.79509302	     -1.90367249	      4.14970568	     -2.10702691	    -24.14905422	      0.92914210	     68.94165003	     95.60739463	      5.75040214	    -18.58701465	      6.43255528	     59.99683128	     93.96974126
     10.35000000	     -5.13704119	      1.20049775	     -1.54123029	     -0.49855517	      0.63847800	     -0.63040471	     82.97227557	     -0.92821842	      9.08069728	    102.88187425	      1.79562745	     25.20351273	    -14.63686689	     -7.49999987	     79.82226259	     -4.65456725	      0.46607373	    103.28601672	      1.80268106	     31.78968457	     -9.65628366	     -7.49999987	    -32.78892146	     -2.01922797	      4.14000918	     -2.04971395	    -24.17563114	      1.21435491	     68.97718349	     95.85382514	      5.67075216	    -18.52797215	      6.50088063	     59.93714446	     93.99914959
     10.36000000	     -4.62627644	      1.10940777	     -1.60793457	     -0.50168736	      0.63617071	     -0.63132386	     82.89003132	     -0.92111450	      9.04972530	    103.11729961	      1.79973639	     25.04859268	    -14.63032659	     -7.49999987	     79.74158573	     -4.65374586	      0.54318491	    103.60971971	      1.80833075	     31.54540292	     -9.80489853	     -7.49999987	    -33.09522818	     -1.88955587	      4.12379574	     -1.82075362	    -24.02506060	      1.08654872	     68.98836469	     95.31149214	      5.55231027	    -18.36687091	      6.35163288	     60.13713334	     93.45987834
     10.37000000	     -4.13546272	      1.03271165	     -1.67681806	     -0.50580054	      0.63317433	     -0.63266661	     82.85891517	     -0.93852874	      9.01281237	    103.33334013	      1.80350701	     24.87202990	    -14.62894415	     -7.49999987	     79.70985202	     -4.66230178	      0.58312547	    103.93523961	      1.81401214	     31.32985226	     -9.91691732	     -7.49999987	    -33.33187328	     -1.76251928	      4.11688588	     -1.62695607	    -23.90408240	      1.00894467	     69.01335850	     94.91470707	      5.50790285	    -18.19930802	      6.26452097	     60.29317824	     93.06954304
     10.38000000	     -3.76606931	      1.14286436	     -1.84599265	     -0.50994183	      0.62987311	     -0.63375764	     83.03688331	     -0.84106309	      9.21737276	    103.56337207	      1.80752183	     24.12526601	    -15.14957856	     -7.49999987	     79.77979486	     -4.69833756	      0.42171863	    104.24410722	      1.81940290	     30.98240486	    -10.24220014	     -7.49999987	    -33.30123701	     -1.88044993	      4.18177493	     -1.73052788	    -23.89970120	      0.99884256	     69.27491823	     95.29592777	      5.45372184	    -18.11221926	      6.29315899	     60.53531504	     93.25862603
     10.39000000	     -3.15350945	      1.05473001	     -1.93972386	     -0.51277435	      0.62802372	     -0.63486496	     82.84049361	     -0.84077947	      9.18697080	    103.74180457	      1.81063606	     23.93575014	    -15.16109186	     -7.49999987	     79.59890634	     -4.71120397	      0.45862669	    104.57232620	      1.82513140	     30.75055268	    -10.40990668	     -7.49999987	    -33.50247168	     -1.74017915	      4.10523395	     -1.69668521	    -23.71831921	      0.84567337	     69.29437103	     94.92858377	      5.30390886	    -17.96752446	      6.10462116	     60.79307088	     92.81459890
     10.40000000	     -2.65116437	      0.98701259	     -2.02099633	     -0.51429011	      0.62734090	     -0.63570636	     82.70123049	     -0.85420675	      9.17946852	    103.87191768	      1.81290696	     23.74272690	    -15.06340721	     -7.49999987	     79.46995169	     -4.70621276	      0.49304546	    104.79677451	      1.82904876	     30.49136990	    -10.44460692	     -7.49999987	    -33.63037724	     -1.62506191	      4.03530859	     -1.74436983	    -23.55437437	      0.83046860	     69.29061453	     94.41667581	      5.21842200	    -17.81676678	      6.05756729	     60.93661493	     92.30543763
     10.41000000	     -2.03636608	      1.08477943	     -2.22213053	     -0.51578985	      0.62703115	     -0.63582682	     82.50668654	     -0.75700832	      9.35765662	    104.06761455	      1.81632252	     23.09780722	    -15.46335222	     -7.49999987	     79.17366311	     -4.80748797	      0.32791733	    105.05412496	      1.83354037	     30.27459423	    -10.71370596	     -7.49999987	    -33.67229798	     -1.77989490	      4.04059157	     -2.13601277	    -23.65304307	      1.30970682	     69.74052406	     89.49268621	      4.88476190	    -17.67938056	      5.99941457	     61.17697584	     87.27875696
     10.42000000	     -1.38327620	      0.93224285	     -2.29052245	     -0.51755670	      0.62771183	     -0.63617939	     82.06497833	     -0.77033531	      9.23393934	    104.09502586	      1.81680094	     22.82811120	    -15.45788160	     -7.49999987	     78.78441322	     -4.80779447	      0.45134016	    105.19118258	      1.83593248	     29.98723810	    -10.98072523	     -7.49999987	    -33.75546771	     -1.60007952	      4.67087477	     -2.80110207	    -23.13343593	     -0.87863913	     69.50056140	    100.04618594	      5.53460811	    -17.39776892	      6.50654099	     60.00095824	     95.09803069
     10.43000000	     -0.59735425	      0.87419880	     -2.40610171	     -0.51904958	      0.62879746	     -0.63656538	     81.44646086	     -0.74992321	      9.21662061	    104.07344843	      1.81642434	     22.42946896	    -15.64567579	     -7.49999987	     78.15399174	     -4.83506029	      0.44434288	    105.24518905	      1.83687507	     29.77895664	    -11.17164289	     -7.49999987	    -34.11823076	     -1.55756247	      4.45291128	     -2.76815014	    -22.89455655	     -1.05036680	     69.33902892	    101.41421486	      5.02582558	    -17.04552977	      5.36327647	     60.13379672	     95.48758618
     10.44000000	      0.04804022	      0.82283771	     -2.53051884	     -0.52128270	      0.62925886	     -0.63660850	     80.95929876	     -0.70955352	      9.19263395	    104.03755625	      1.81579790	     22.04074579	    -15.85125852	     -7.49999987	     77.66096318	     -4.90754629	      0.41742018	    105.27440248	      1.83738494	     29.67378863	    -11.21848284	     -7.49999987	    -34.22369598	     -1.52543848	      4.41996904	     -2.94368805	    -22.73791049	     -0.98102749	     69.03638714	     99.31224593	      4.76268255	    -16.83877969	      5.00974343	     59.91574267	     93.53974809
     10.45000000	      0.64369448	      0.69710437	     -2.58847389	     -0.52559594	      0.62924680	     -0.63650578	     80.50456630	     -0.77117709	      9.02880445	    103.95149083	      1.81429578	     21.82326438	    -15.77784943	     -7.49999987	     77.26551424	     -4.92234240	      0.49941739	    105.25531319	      1.83705177	     29.42997184	    -11.27906477	     -7.49999987	    -34.38439317	     -1.41281326	      4.56944150	     -3.16240451	    -22.35670442	     -1.82049287	     68.88083661	    101.84306119	      4.91186654	    -16.57584754	      4.84830909	     59.54287660	     95.40601599
     10.46000000	      1.09883985	      0.67770326	     -2.61517670	     -0.52986776	      0.62933029	     -0.63714382	     80.22216588	     -0.89608672	      8.96924889	    103.88232476	      1.81308860	     21.71566790	    -15.70296718	     -7.49999987	     77.00357707	     -4.88946438	      0.47523951	    105.19215158	      1.83594939	     29.21992784	    -11.34921418	     -7.49999987	    -34.45117639	     -1.38467260	      4.41568215	     -3.14338125	    -22.12843896	     -1.88207627	     68.83957775	    100.99689575	      4.77153989	    -16.48681337	      4.63667677	     59.75811644	     94.69440796
     10.47000000	      1.59655964	      0.56597959	     -2.72187884	     -0.53237689	      0.63037619	     -0.63888398	     79.82666916	     -0.95267230	      8.81358153	    103.73292489	      1.81048108	     21.51652607	    -15.60162464	     -7.49999987	     76.66095960	     -4.95413643	      0.51196012	    105.12289199	      1.83474058	     28.98337126	    -11.33565610	     -7.49999987	    -34.56772438	     -1.25713114	      4.36640650	     -3.08740830	    -21.97856103	     -1.96558147	     68.72430886	    100.05238190	      4.59886193	    -16.38665402	      4.42246278	     59.85983179	     93.84212479
     10.48000000	      2.34371335	      0.43363872	     -2.96687831	     -0.53432050	      0.63209479	     -0.64002098	     79.11114515	     -0.83140779	      8.70167476	    103.49753437	      1.80637274	     21.00392590	    -15.91242922	     -7.49999987	     75.98622905	     -5.19028920	      0.49636754	    105.02296136	      1.83299647	     28.87541940	    -11.27348041	     -7.49999987	    -34.81175366	     -1.20172453	      4.55616586	     -2.82269497	    -21.77150058	     -2.17209223	     67.99512094	     99.70092568	      4.83362301	    -15.93115507	      3.92252944	     59.00556841	     93.34233629
     10.49000000	      2.87358899	      0.27648467	     -3.06371403	     -0.53667415	      0.63282393	     -0.63984982	     78.63801156	     -0.86230806	      8.51368040	    103.30309227	      1.80297909	     20.77420076	    -15.86195640	     -7.49999987	     75.59182241	     -5.29104884	      0.57432577	    104.93533081	      1.83146702	     28.66296812	    -11.25405676	     -7.49999987	    -34.80520121	     -1.02202108	      4.67870601	     -2.87260673	    -21.47408135	     -2.72829581	     67.59583039	    102.03135865	      4.90743078	    -15.63088211	      3.66197077	     58.45817038	     94.40083340
     10.50000000	      3.45808573	      0.14171305	     -3.15174354	     -0.53952938	      0.63303048	     -0.63875600	     78.11954800	     -0.87478014	      8.34963790	    103.10736615	      1.79956302	     20.47507838	    -15.85004705	     -7.49999987	     75.11942944	     -5.39785481	      0.64094278	    104.82662700	      1.82956978	     28.53014823	    -11.22158556	     -7.49999987	    -34.86681676	     -0.88110201	      4.72849657	     -2.92575035	    -21.17400526	     -2.97902184	     67.16972810	    102.28636343	      4.92132977	    -15.44061492	      3.60633272	     58.16646327	     93.37791354
     10.51000000	      4.03808290	      0.02117777	     -3.25295963	     -0.54237869	      0.63279689	     -0.63790812	     77.61431019	     -0.84350370	      8.20084882	    102.90498469	      1.79603080	     20.11398158	    -15.97324843	     -7.49999987	     74.63424999	     -5.53573319	      0.69140322	    104.69871596	      1.82733732	     28.38027401	    -11.12083612	     -7.49999987	    -34.88910802	     -0.79946079	      4.68842560	     -2.99105299	    -20.87640419	     -2.80368859	     66.67724633	    100.13212579	      4.82004993	    -15.30222900	      3.46631028	     58.02110901	     91.67917347
     10.52000000	      4.54575135	     -0.17605389	     -3.32148519	     -0.54467127	      0.63262779	     -0.63770456	     77.16782168	     -0.81824977	      7.96542173	    102.71683736	      1.79274701	     19.83536204	    -15.95683373	     -7.49999987	     74.25894785	     -5.67019597	      0.82379324	    104.62291665	      1.82601437	     28.23444824	    -11.04546583	     -7.49999987	    -34.68308607	     -0.60905273	      4.68862473	     -3.19207207	    -20.61811789	     -2.63733969	     66.18596002	     99.27038787	      4.70341138	    -15.15559164	      3.32988926	     57.75373439	     90.61271035
     10.53000000	      5.14843748	     -0.25616887	     -3.32560548	     -0.54626083	      0.63342607	     -0.63776289	     76.63811980	     -0.91051039	      7.83304131	    102.58377171	      1.79042458	     19.66337152	    -15.87865137	     -7.49999987	     73.74278325	     -5.66536858	      0.85505698	    104.51840713	      1.82419033	     28.01015050	    -11.11078091	     -7.49999987	    -34.69613005	     -0.51741099	      4.44032687	     -3.53378420	    -20.24797883	     -2.63637342	     66.24257516	     98.52396137	      4.27979919	    -15.17738737	      3.07156362	     58.20104092	     89.67835386
     10.54000000	      5.72047809	     -0.40413376	     -3.35524926	     -0.54743657	      0.63430902	     -0.63831698	     76.09676830	     -0.93520061	      7.66241170	    102.43012426	      1.78774292	     19.61113338	    -15.71782260	     -7.49999987	     73.24496518	     -5.71981052	      0.94194778	    104.43637623	      1.82275862	     27.79534154	    -11.23381815	     -7.49999987	    -34.64870636	     -0.37756854	      4.28564923	     -3.97098031	    -19.90034100	     -2.57623728	     66.26187030	     97.04700792	      3.86188407	    -15.14611576	      2.87657956	     58.51822567	     88.44339850
     10.55000000	      6.33188750	     -0.71870793	     -3.56422320	     -0.54900957	      0.63407604	     -0.63956392	     75.49287955	     -0.70999740	      7.38563328	    102.22367284	      1.78413966	     19.17787674	    -15.88833575	     -7.49999987	     72.73475249	     -6.01112033	      1.15336218	    104.44948114	      1.82298735	     27.60091788	    -11.23569559	     -7.49999987	    -34.58820350	     -0.13468351	      4.77653015	     -4.91015529	    -19.47366906	     -3.74390125	     66.53357747	    101.03196260	      3.89034756	    -14.68298569	      2.28691905	     57.97418372	     90.50021896
     10.56000000	      6.92204784	     -0.78477690	     -3.63297426	     -0.55092499	      0.63285869	     -0.64115069	     75.00729159	     -0.74895446	      7.34383551	    102.14708171	      1.78280290	     18.93754487	    -15.88402319	     -7.49999987	     72.26404979	     -6.01740040	      1.14933447	    104.43727405	      1.82277429	     27.33926316	    -11.38647906	     -7.49999987	    -34.51228965	     -0.07315073	      4.56328296	     -5.26984579	    -19.21568779	     -3.64665292	     66.59651820	     99.88573263	      3.43880294	    -14.68573561	      2.12345461	     58.35918642	     89.34838936
     10.57000000	      7.58190186	     -0.92276454	     -3.69561051	     -0.55281847	      0.63230073	     -0.64252397	     74.42741052	     -0.80636027	      7.22102760	    102.07153828	      1.78148442	     18.95710895	    -15.65732726	     -7.49999987	     71.74357883	     -6.01490387	      1.22100683	    104.45987189	      1.82316870	     27.10263338	    -11.59488516	     -7.49999987	    -34.55790276	      0.08696022	      4.38550346	     -5.59590408	    -19.00091790	     -3.48338844	     66.72855873	     97.01830336	      2.93494434	    -14.63416614	      1.94298265	     58.81649482	     87.16946992
     10.58000000	      8.10361277	     -1.01653895	     -3.81492370	     -0.55463206	      0.63227554	     -0.64349365	     74.03436734	     -0.78177530	      7.19218999	    101.99916393	      1.78022124	     18.67893202	    -15.65670327	     -7.49999987	     71.37866129	     -6.05985362	      1.25663543	    104.50352120	      1.82393052	     26.93450845	    -11.64069556	     -7.49999987	    -34.41191496	      0.18054749	      4.29547333	     -5.93399231	    -18.80598007	     -3.37426447	     66.75444404	     96.52265238	      2.50538219	    -14.58444297	      1.79089513	     58.96819982	     86.54486750
     10.59000000	      8.74422457	     -1.29649060	     -4.00690608	     -0.55676237	      0.63275471	     -0.64340673	     73.44147045	     -0.54070160	      7.00169248	    101.83331430	      1.77732662	     17.97394721	    -16.12757011	     -7.49999987	     70.87864545	     -6.32067942	      1.44850888	    104.56824034	      1.82506009	     26.79886645	    -11.59319704	     -7.49999987	    -34.42687451	      0.41255697	      4.55517331	     -6.38263235	    -18.95352973	     -2.90040479	     66.90853555	     96.48129717	      2.39090373	    -14.19208706	      1.27022682	     58.34295288	     85.91843855
     10.60000000	      9.18469979	     -1.36646405	     -4.00820112	     -0.55881862	      0.63241375	     -0.64215408	     73.12111130	     -0.59472553	      6.93595381	    101.81000942	      1.77691988	     17.82562677	    -16.04326066	     -7.49999987	     70.59825004	     -6.31024724	      1.50804424	    104.59045122	      1.82544774	     26.65772629	    -11.64080259	     -7.49999987	    -34.27288381	      0.51849496	      4.48506076	     -6.70638042	    -18.71629505	     -2.82432356	     66.86232105	     96.05680726	      2.07358844	    -14.20564201	      1.23978541	     58.37529737	     85.53837202
     10.61000000	      9.54150014	     -1.40670328	     -4.01199804	     -0.56081082	      0.63179085	     -0.64062291	     72.89055389	     -0.60720409	      6.91535534	    101.78855401	      1.77654541	     17.73851516	    -15.85323393	     -7.49999987	     70.40713710	     -6.27634404	      1.58265291	    104.58036431	      1.82527169	     26.45434041	    -11.60874605	     -7.49999987	    -34.13711453	      0.59231027	      4.44543307	     -6.88575923	    -18.52829061	     -2.74692992	     66.84962384	     95.41266553	      1.91815640	    -14.18841576	      1.23515540	     58.44882605	     85.11854250
     10.62000000	     10.19593036	     -1.53336741	     -3.96714597	     -0.56235412	      0.63180383	     -0.64040578	     72.27551978	     -0.68591395	      6.75149750	    101.75694264	      1.77599369	     17.73822737	    -15.71620754	     -7.49999987	     69.85732688	     -6.24413590	      1.71775145	    104.58119217	      1.82528614	     26.37869353	    -11.77066291	     -7.49999987	    -34.27008861	      0.71540235	      4.31363430	     -7.09674700	    -18.22161947	     -2.62837816	     66.80185109	     93.37383705	      1.46238567	    -14.25594127	      1.10988054	     58.71678704	     83.56159242
     10.63000000	     10.91083156	     -2.02604033	     -4.08028881	     -0.56359175	      0.63233178	     -0.64127579	     71.45168925	     -0.37007724	      6.31522622	    101.51745271	      1.77181380	     17.10911547	    -16.26721203	     -7.49999987	     69.25561115	     -6.58199179	      2.13749463	    104.65772073	      1.82662181	     26.56996962	    -11.34310968	     -7.49999987	    -34.53985577	      1.14975094	      4.66386264	     -6.86099579	    -18.25736392	     -2.11158557	     66.16881784	     92.92684668	      1.57324389	    -14.00153743	      1.15850208	     57.92200794	     82.71536377
     10.64000000	     11.31411108	     -2.08779399	     -4.16646018	     -0.56377938	      0.63185902	     -0.64243567	     71.10967213	     -0.33777482	      6.28904542	    101.47324063	      1.77104215	     17.01351111	    -16.15230864	     -7.49999987	     68.92709252	     -6.59874352	      2.17483649	    104.67196052	      1.82687035	     26.43095465	    -11.43861007	     -7.49999987	    -34.47518638	      1.22373270	      4.69398325	     -6.86824897	    -18.04332345	     -2.09340572	     66.11517180	     92.51024312	      1.17997889	    -13.96391774	      1.11983994	     58.01720187	     82.24492235
     10.65000000	     11.92069338	     -2.37117846	     -4.26801254	     -0.56379353	      0.63151685	     -0.64303193	     70.47214195	     -0.16458943	      6.08430792	    101.37013098	      1.76924255	     16.84058181	    -16.19018794	     -7.49999987	     68.38873999	     -6.77790412	      2.39659963	    104.72419716	      1.82778205	     26.34192921	    -11.44172960	     -7.49999987	    -34.63213839	      1.46586337	      4.96626431	     -6.56726000	    -17.94796938	     -1.99069899	     65.55685227	     92.53553912	      1.05292551	    -13.74684721	      1.07488078	     57.69144936	     81.95293702
     10.66000000	     12.37183115	     -2.54530001	     -4.31071341	     -0.56402363	      0.63102846	     -0.64304399	     70.03276661	     -0.10098453	      5.96013516	    101.33082900	      1.76855660	     16.65693833	    -16.26392833	     -7.49999987	     68.01108939	     -6.85778893	      2.54497088	    104.78311527	      1.82881036	     26.32396146	    -11.37974783	     -7.49999987	    -34.57461666	      1.67443493	      5.09677720	     -6.30553793	    -17.84077991	     -1.81881924	     65.08581010	     92.44421135	      0.91792445	    -13.56646699	      1.10259723	     57.33546694	     81.60865243
     10.67000000	     12.68638786	     -2.68653998	     -4.35201123	     -0.56551183	      0.63049198	     -0.64252783	     69.75568692	     -0.04874471	      5.83170153	    101.29919352	      1.76800446	     16.45638562	    -16.38494354	     -7.49999987	     67.79713004	     -6.94949700	      2.67107197	    104.85965202	      1.83014618	     26.37936127	    -11.26469056	     -7.49999987	    -34.44657144	      1.82436127	      5.15963769	     -5.95344699	    -17.76085791	     -1.38760364	     64.45944628	     91.60206918	      0.79159958	    -13.45011667	      1.22725301	     56.90746972	     80.51064030
     10.68000000	     13.05190526	     -2.68066076	     -4.30027144	     -0.56834175	      0.62940450	     -0.64197149	     69.54460267	     -0.16360199	      5.80655405	    101.39640316	      1.76970108	     16.43899428	    -16.25818707	     -7.49999987	     67.60230994	     -6.85653922	      2.71254204	    104.95943238	      1.83188768	     26.23854699	    -11.38040294	     -7.49999987	    -34.49945292	      1.87082815	      5.11505322	     -5.84619952	    -17.57799951	     -1.39757288	     64.56749512	     90.44748924	      0.59024780	    -13.40279878	      1.19388848	     57.24334433	     79.69391101
     10.69000000	     13.45215118	     -2.71572074	     -4.27134670	     -0.57107638	      0.62849112	     -0.64157812	     69.29017571	     -0.21229998	      5.75456636	    101.45022454	      1.77064045	     16.41556214	    -16.12677112	     -7.49999987	     67.38135289	     -6.82360661	      2.77662108	    105.04893038	      1.83344971	     26.13955460	    -11.46145321	     -7.49999987	    -34.66191325	      1.90540892	      5.06543546	     -5.67597993	    -17.36520629	     -1.41504575	     64.60313746	     89.21679598	      0.36294711	    -13.36388596	      1.12853998	     57.59095270	     78.75361409
     10.70000000	     14.03728578	     -3.01661318	     -4.35015562	     -0.57226781	      0.62914443	     -0.64156429	     68.65653282	      0.00351613	      5.47709579	    101.27987965	      1.76766737	     16.00330795	    -16.45758423	     -7.49999987	     66.86023069	     -7.10033119	      3.00636394	    105.08666910	      1.83410838	     26.19089028	    -11.24454023	     -7.49999987	    -34.84885342	      2.10250372	      5.33516870	     -5.00485427	    -17.21228372	     -1.24508879	     63.35989798	     89.24370820	      0.63139332	    -13.15171355	      1.29212954	     56.84475822	     78.48015971
     10.71000000	     14.22187731	     -3.01875499	     -4.33298674	     -0.57141294	      0.62947571	     -0.64241065	     68.51813464	     -0.05873464	      5.45965003	    101.23797151	      1.76693593	     15.96597716	    -16.32905223	     -7.49999987	     66.72677085	     -7.02458888	      3.04141714	    105.07540508	      1.83391178	     26.05923578	    -11.27253384	     -7.49999987	    -34.76381307	      2.14033426	      5.32981836	     -4.89609529	    -17.04149104	     -1.22686580	     63.46154643	     88.76365277	      0.47694642	    -13.02333005	      1.30430904	     57.02508576	     78.11854478
     10.72000000	     14.46100371	     -3.03849121	     -4.35403609	     -0.57089814	      0.62942184	     -0.64337221	     68.30166879	     -0.11038963	      5.42569125	    101.19345114	      1.76615890	     15.90814853	    -16.28024771	     -7.49999987	     66.53768157	     -7.01226346	      3.05099522	    105.09769435	      1.83430080	     25.97943090	    -11.34787877	     -7.49999987	    -34.66802602	      2.19436969	      5.33003550	     -4.76393090	    -16.89700138	     -1.22549650	     63.49000227	     88.32930013	      0.29723693	    -12.87277071	      1.32310882	     57.15753189	     77.77357835
     10.73000000	     15.08309416	     -3.34097116	     -4.44543260	     -0.57258921	      0.62947000	     -0.64381989	     67.57403158	      0.06753418	      5.17793791	    101.00122148	      1.76280386	     15.58326880	    -16.49197504	     -7.49999987	     65.97591784	     -7.29342249	      3.24451027	    105.14298685	      1.83509131	     25.97513027	    -11.26966694	     -7.49999987	    -34.81714185	      2.46577271	      5.73855678	     -4.13941452	    -16.79432918	     -1.40571428	     62.19648013	     92.09591571	      0.85300372	    -12.60746139	      1.92573459	     55.82379757	     79.58614121
     10.74000000	     15.29848785	     -3.33090519	     -4.45219536	     -0.57469235	      0.62847979	     -0.64368753	     67.46599611	     -0.01645988	      5.15603915	    101.00897871	      1.76293925	     15.56462217	    -16.36762484	     -7.49999987	     65.91603462	     -7.29322836	      3.23911577	    105.18511460	      1.83582657	     25.83668894	    -11.28459318	     -7.49999987	    -34.77516733	      2.48436563	      5.72326628	     -3.98974882	    -16.64097322	     -1.40112410	     62.32936690	     91.58281908	      0.74327823	    -12.45704080	      1.92604185	     56.05176891	     79.22308332
     10.75000000	     15.54167996	     -3.28004593	     -4.44846751	     -0.57592331	      0.62841891	     -0.64353646	     67.32771417	     -0.13203411	      5.15620321	    101.01520866	      1.76304799	     15.41271853	    -16.43436914	     -7.49999987	     65.76392494	     -7.24472473	      3.18497945	    105.18258219	      1.83578238	     25.69518497	    -11.34484371	     -7.49999987	    -34.82143543	      2.45085771	      5.61461763	     -3.83621112	    -16.48069376	     -1.41595706	     62.48902907	     90.97203194	      0.62360291	    -12.32211951	      1.89202531	     56.40593044	     78.63420464
     10.76000000	     15.98485365	     -3.56180868	     -4.49105004	     -0.57669651	      0.62955111	     -0.64373499	     66.81675617	      0.00528282	      4.89165138	    100.86171003	      1.76036893	     15.33288314	    -16.43324291	     -7.49999987	     65.37347470	     -7.49279157	      3.37959981	    105.18728339	      1.83586443	     25.74706819	    -11.09202080	     -7.49999987	    -35.07675179	      2.68514136	      5.77267015	     -3.37203361	    -16.41557493	     -1.28481832	     61.79047998	     90.57050587	      0.95590709	    -12.09792993	      2.09876151	     55.92280477	     78.38524404
     10.77000000	     16.14262657	     -3.55069382	     -4.49309019	     -0.57746013	      0.62970320	     -0.64432928	     66.71546040	     -0.12124741	      4.83815644	    100.82440995	      1.75971792	     15.30302794	    -16.40155429	     -7.49999987	     65.26919745	     -7.45070409	      3.37760680	    105.15316462	      1.83526894	     25.65118753	    -11.09785978	     -7.49999987	    -35.05361229	      2.69784171	      5.64382540	     -3.31713920	    -16.29223302	     -1.24907042	     61.89634549	     89.95119248	      0.92194386	    -11.97958053	      2.10624457	     56.13474613	     77.89191309
     10.78000000	     16.34504451	     -3.45995465	     -4.35495593	     -0.57841140	      0.62938381	     -0.64481663	     66.56150390	     -0.40899872	      4.84268783	    100.80670481	      1.75940891	     15.36804790	    -16.02905319	     -7.49999987	     65.11136266	     -7.24283870	      3.32963448	    105.08278477	      1.83404058	     25.26513508	    -11.13341047	     -7.49999987	    -35.17360168	      2.67045394	      5.34398467	     -3.30538603	    -16.09678263	     -1.21322938	     62.27520931	     87.63634392	      0.78022893	    -11.87746519	      2.06074222	     56.81930622	     76.41987257
     10.79000000	     16.65303825	     -3.69051541	     -4.48728242	     -0.57852949	      0.62980385	     -0.64439402	     66.16089083	     -0.15343948	      4.67593249	    100.62155829	      1.75617749	     14.96631532	    -16.54870930	     -7.49999987	     64.75742765	     -7.54122604	      3.44493610	    105.09937274	      1.83433010	     25.73771812	    -10.75894863	     -7.49999987	    -35.14462425	      2.85043970	      5.57805087	     -2.88808213	    -16.16822848	     -0.68124165	     61.14908202	     87.84476630	      1.30512317	    -11.64243180	      2.47887432	     55.27207499	     76.27993062
     10.80000000	     16.79741689	     -3.66253875	     -4.48535723	     -0.57821591	      0.62982852	     -0.64397098	     66.07320416	     -0.23540207	      4.66410711	    100.62183050	      1.75618224	     14.92088191	    -16.47722855	     -7.49999987	     64.65183270	     -7.51468177	      3.41535121	    105.12649129	      1.83480340	     25.62783988	    -10.79543759	     -7.49999987	    -35.06549234	      2.83021083	      5.45748911	     -2.88209081	    -16.04050817	     -0.68364009	     61.30526932	     87.37998151	      1.20835947	    -11.54445564	      2.46375775	     55.52955976	     75.90338970
     10.81000000	     17.13489124	     -3.74432260	     -4.48756334	     -0.57908740	      0.63015850	     -0.64371619	     65.70706180	     -0.24851210	      4.55703740	    100.52986380	      1.75457712	     14.87295075	    -16.42748743	     -7.49999987	     64.32658315	     -7.58304313	      3.45922272	    105.12502641	      1.83477784	     25.68990262	    -10.61037765	     -7.49999987	    -35.15169893	      2.90964431	      5.47938242	     -2.62075898	    -15.96080077	     -0.55900590	     60.73711136	     87.22843911	      1.50391481	    -11.38269426	      2.65250606	     54.85613239	     75.66689648
     10.82000000	     17.27942228	     -3.71003613	     -4.44903563	     -0.58058810	      0.62948677	     -0.64395281	     65.64239180	     -0.37166108	      4.53513200	    100.54517671	      1.75484438	     14.87389308	    -16.31599889	     -7.49999987	     64.26024595	     -7.52120862	      3.43240419	    105.15163083	      1.83524217	     25.62242827	    -10.65262862	     -7.49999987	    -35.16882143	      2.91073393	      5.32230668	     -2.62046855	    -15.87556366	     -0.57434467	     60.91895658	     86.36940594	      1.37995024	    -11.35445804	      2.58079900	     55.19157278	     74.99831970
     10.83000000	     17.48333828	     -3.83373334	     -4.46165407	     -0.58183734	      0.62947141	     -0.64440508	     65.43006252	     -0.33351894	      4.39554202	    100.46754919	      1.75348952	     14.67472636	    -16.47922365	     -7.49999987	     64.11199383	     -7.62110737	      3.52171603	    105.18674000	      1.83585494	     25.67924904	    -10.49912721	     -7.49999987	    -35.23239137	      3.01651334	      5.41489945	     -2.38806945	    -15.84488219	     -0.39425678	     60.45697758	     86.17379499	      1.73068968	    -11.16670984	      2.69307428	     54.60966554	     74.57718009
     10.84000000	     17.58292878	     -3.75443153	     -4.40298466	     -0.58269774	      0.62950732	     -0.64435472	     65.40359512	     -0.47498080	      4.41383666	    100.50029985	      1.75406113	     14.63668429	    -16.51053080	     -7.49999987	     64.07795108	     -7.50664676	      3.47823535	    105.20031662	      1.83609190	     25.54904061	    -10.64286299	     -7.49999987	    -35.34754627	      2.97078720	      5.20366497	     -2.38952483	    -15.73770558	     -0.43392595	     60.81103085	     85.05531998	      1.64918330	    -11.18866205	      2.59524017	     55.16336259	     73.81433489
     10.85000000	     17.68180136	     -3.85339177	     -4.41479405	     -0.58386658	      0.62954082	     -0.64347956	     65.31693849	     -0.43005250	      4.28836742	    100.44697527	      1.75313044	     14.55108856	    -16.54122776	     -7.49999987	     64.05843952	     -7.61223344	      3.57063870	    105.26151934	      1.83716009	     25.79514249	    -10.28893091	     -7.49999987	    -35.35844536	      3.03527817	      5.29089812	     -2.12621296	    -15.75709786	     -0.18465406	     60.32175450	     84.34621812	      2.15321881	    -11.04719008	      2.77833773	     54.39384045	     73.14913990
     10.86000000	     17.75861353	     -3.77672646	     -4.36246816	     -0.58450281	      0.62877040	     -0.64303838	     65.33964674	     -0.55942617	      4.30889605	    100.50727997	      1.75418296	     14.66089432	    -16.38377409	     -7.49999987	     64.07590437	     -7.52368201	      3.53627167	    105.29641079	      1.83776906	     25.67031834	    -10.36411082	     -7.49999987	    -35.46123712	      2.98984679	      5.18561391	     -2.08538304	    -15.68195368	     -0.20148770	     60.56363324	     83.60110101	      2.21152713	    -11.11633640	      2.71979797	     54.74203684	     72.68799194
     10.87000000	     17.83592757	     -3.74908373	     -4.35422734	     -0.58439420	      0.62794955	     -0.64357965	     65.35088532	     -0.61406310	      4.31304341	    100.53819924	      1.75472260	     14.54218203	    -16.45633314	     -7.49999987	     64.08528572	     -7.50971182	      3.51664155	    105.35534404	      1.83879764	     25.56623328	    -10.41580911	     -7.49999987	    -35.55536648	      2.95838983	      5.10561040	     -2.03693884	    -15.60653106	     -0.23350492	     60.75497365	     83.18486741	      2.20449710	    -11.13026169	      2.63376091	     55.03116798	     72.37358795
     10.88000000	     17.93214172	     -3.80606014	     -4.38695607	     -0.58462366	      0.62759585	     -0.64437951	     65.29887732	     -0.58349601	      4.25338209	    100.51775601	      1.75436580	     14.35265258	    -16.65796798	     -7.49999987	     64.05711573	     -7.58592493	      3.54698554	    105.42477534	      1.84000944	     25.65838439	    -10.24995778	     -7.49999987	    -35.57095029	      2.99223602	      5.28882093	     -1.88531354	    -15.69452627	     -0.08788065	     60.45153612	     83.07291545	      2.60791801	    -10.97275294	      2.65181985	     54.38179160	     72.03294462
     10.89000000	     17.92906847	     -3.74931005	     -4.35286382	     -0.58508158	      0.62734901	     -0.64462024	     65.38085187	     -0.68264718	      4.26856981	    100.55158017	      1.75495614	     14.43231012	    -16.54846373	     -7.49999987	     64.13259994	     -7.50180445	      3.52533757	    105.47462678	      1.84087951	     25.51852857	    -10.33870982	     -7.49999987	    -35.63280424	      2.97528210	      5.51291707	     -2.09754214	    -15.49454815	     -1.28843481	     60.71603026	     89.18344125	      2.87223545	    -10.98525297	      2.88858146	     54.21130171	     73.93213501
     10.90000000	     17.96741185	     -3.71139025	     -4.33615318	     -0.58464500	      0.62743928	     -0.64433427	     65.39766694	     -0.73698573	      4.29239078	    100.57728627	      1.75540480	     14.41596156	    -16.53088955	     -7.49999987	     64.13691908	     -7.44642894	      3.50743180	    105.52760321	      1.84180413	     25.46884339	    -10.41150909	     -7.49999987	    -35.73528732	      2.95519377	      5.45321764	     -2.06284491	    -15.45369825	     -1.29987152	     60.87330378	     88.71810497	      2.78273215	    -10.98543728	      2.80304132	     54.47438642	     73.61328494
     10.91000000	     18.00766487	     -3.68130341	     -4.32772546	     -0.58337735	      0.62785336	     -0.64414045	     65.38260731	     -0.80311413	      4.28961856	    100.58941353	      1.75561646	     14.38831566	    -16.58934098	     -7.49999987	     64.10404410	     -7.41380670	      3.47373623	    105.56108549	      1.84238850	     25.44359112	    -10.49467783	     -7.49999987	    -35.80947112	      2.94036412	      5.42274811	     -2.02139423	    -15.45036908	     -1.30441886	     60.99469786	     88.27864563	      2.69724661	    -10.98997458	      2.71446202	     54.69070356	     73.29845762
     10.92000000	     18.01788590	     -3.65701962	     -4.30314528	     -0.58270407	      0.62833945	     -0.64422291	     65.37203022	     -0.85277044	      4.30526620	    100.59921773	      1.75578757	     14.42464506	    -16.54784606	     -7.49999987	     64.07925986	     -7.36860412	      3.45910193	    105.56345975	      1.84242994	     25.41799539	    -10.53701499	     -7.49999987	    -35.87178509	      2.93141196	      5.41261495	     -1.97376919	    -15.45139113	     -1.29955892	     61.07575042	     87.84983215	      2.64657825	    -10.97931253	      2.65571116	     54.84098302	     73.04438675
     10.93000000	     18.05366667	     -3.67187227	     -4.31565238	     -0.58312942	      0.62874996	     -0.64412608	     65.29160421	     -0.85189625	      4.27039676	    100.56567335	      1.75520211	     14.44064423	    -16.56927271	     -7.49999987	     63.99162793	     -7.41712755	      3.44032329	    105.55694549	      1.84231625	     25.70037457	    -10.30618390	     -7.49999987	    -35.86938505	      2.92343811	      5.56488223	     -1.73491117	    -15.56611815	     -0.94951319	     60.48159373	     87.80164760	      2.95252604	    -10.76147777	      2.51967289	     54.08597087	     72.86229642
     10.94000000	     17.93495750	     -3.64555918	     -4.29769268	     -0.58324844	      0.62845774	     -0.64337760	     65.41491044	     -0.87342447	      4.24899617	    100.58773849	      1.75558722	     14.38471908	    -16.68401133	     -7.49999987	     64.10973235	     -7.42042657	      3.42339532	    105.57832146	      1.84268933	     25.79937851	    -10.24577798	     -7.49999987	    -35.83483944	      2.90752352	      5.50145219	     -1.63628275	    -15.59444851	     -0.73595921	     60.38980309	     87.19755129	      2.95004644	    -10.81283838	      2.46687142	     54.04457520	     72.42992815
     10.95000000	     17.88840791	     -3.59008623	     -4.22293016	     -0.58260109	      0.62810296	     -0.64236919	     65.44820567	     -0.95992551	      4.24500938	    100.62953246	      1.75631667	     14.51138589	    -16.61833909	     -7.49999987	     64.15831501	     -7.34765669	      3.41338267	    105.60535651	      1.84316118	     25.82932240	    -10.31274060	     -7.49999987	    -35.93484151	      2.86733703	      5.43987448	     -1.65755158	    -15.55829399	     -0.73355674	     60.55207594	     86.68231731	      2.87368512	    -10.88421920	      2.40385671	     54.29378603	     72.14561129
     10.96000000	     17.67462311	     -3.53867346	     -4.18413304	     -0.58186214	      0.62745510	     -0.64173054	     65.67173516	     -0.99583824	      4.24832335	    100.67312662	      1.75707753	     14.55303302	    -16.63696906	     -7.49999987	     64.40075315	     -7.35196873	      3.39969454	    105.66953080	      1.84428123	     26.05953740	    -10.06361278	     -7.49999987	    -35.79643772	      2.81882496	      5.43978154	     -1.69247493	    -15.57719775	     -0.62580307	     60.58121853	     86.83401326	      2.83652741	    -10.95831391	      2.39295655	     54.28902690	     72.17038256
     10.97000000	     17.60259880	     -3.46818113	     -4.13252577	     -0.58159705	      0.62713712	     -0.64184007	     65.75073236	     -1.06317940	      4.27452764	    100.71988694	      1.75789365	     14.57845357	    -16.67869657	     -7.49999987	     64.47250673	     -7.31622230	      3.34661924	    105.71185557	      1.84501994	     26.04969892	    -10.14015161	     -7.49999987	    -35.95238105	      2.75599708	      5.38205804	     -1.69660172	    -15.54003835	     -0.65368882	     60.72790378	     86.49639345	      2.76879889	    -11.02600463	      2.31140275	     54.54203115	     71.94804724
     10.98000000	     17.48763458	     -3.42852515	     -4.09505544	     -0.58066334	      0.62709814	     -0.64202816	     65.86158931	     -1.09965904	      4.27325538	    100.77864131	      1.75891911	     14.68877445	    -16.73112088	     -7.49999987	     64.56166356	     -7.28948006	      3.32368324	    105.77910647	      1.84619369	     26.13342306	    -10.21042316	     -7.49999987	    -36.09661243	      2.71392486	      5.35788601	     -1.69524550	    -15.54411799	     -0.68561330	     60.86082694	     86.15301078	      2.72292406	    -11.12156921	      2.22432807	     54.79532938	     71.73183411
     10.99000000	     17.35780681	     -3.38411260	     -4.03858538	     -0.57970774	      0.62719022	     -0.64200876	     65.97498537	     -1.13981202	      4.28577964	    100.84137961	      1.76001410	     14.74660598	    -16.78894969	     -7.49999987	     64.66134832	     -7.23335880	      3.30653762	    105.84619588	      1.84736462	     26.21040534	    -10.25709122	     -7.49999987	    -36.25658688	      2.68137529	      5.32128568	     -1.72542014	    -15.54717774	     -0.71237654	     60.98060639	     85.82290034	      2.65697666	    -11.19300734	      2.15093636	     55.04372116	     71.51718735
     11.00000000	     17.16581632	     -3.23025405	     -4.00383015	     -0.57984056	      0.62703603	     -0.64176995	     66.21518097	     -1.26389014	      4.36648141	    100.95066186	      1.76192143	     14.85862947	    -16.79242320	     -7.49999987	     64.83945077	     -7.12726782	      3.18398878	    105.90130307	      1.84832642	     26.35780543	    -10.22409435	     -7.49999987	    -36.36303000	      2.52358528	      5.20923182	     -1.82986700	    -15.62676866	     -0.77868799	     61.34321955	     84.64595623	      2.45826259	    -11.41156320	      1.96899938	     55.77344960	     70.82307025
     11.01000000	     16.97508686	     -3.13952345	     -3.98304036	     -0.58032530	      0.62733251	     -0.64107805	     66.39883125	     -1.29882977	      4.40862982	    101.00442996	      1.76285986	     14.92092243	    -16.79343369	     -7.49999987	     65.01329696	     -7.11499471	      3.09866120	    105.92080549	      1.84866680	     26.46175743	    -10.18498022	     -7.49999987	    -36.50683137	      2.42819751	      5.20138162	     -1.87218138	    -15.64044453	     -0.77879700	     61.43843671	     84.32027967	      2.39800044	    -11.48202147	      1.92203841	     56.01099893	     70.62732871
     11.02000000	     16.78927483	     -3.07347927	     -3.95882131	     -0.57992092	      0.62765531	     -0.64041072	     66.56455307	     -1.32051336	      4.42749805	    101.05539910	      1.76374944	     14.96740434	    -16.84252943	     -7.49999987	     65.16885770	     -7.10573084	      3.04022901	    105.92053438	      1.84866207	     26.55893788	    -10.16212354	     -7.49999987	    -36.65302855	      2.34757549	      5.18754464	     -1.90274490	    -15.66704623	     -0.79018750	     61.53494975	     84.04526494	      2.34812904	    -11.57538924	      1.86833907	     56.23697010	     70.45648373
     11.03000000	     16.59405724	     -3.02663240	     -3.93942378	     -0.57872976	      0.62734545	     -0.64033352	     66.74024306	     -1.34136471	      4.41589650	    101.12111961	      1.76489648	     15.04960689	    -16.85973851	     -7.49999987	     65.34396420	     -7.10195448	      3.00433410	    105.94909839	      1.84916061	     26.67713646	    -10.13927809	     -7.49999987	    -36.83147410	      2.29560969	      5.16758118	     -1.92384941	    -15.69615911	     -0.80498695	     61.65586291	     83.71499422	      2.30743684	    -11.67702932	      1.80795224	     56.51602383	     70.25658146
     11.04000000	     15.75591090	     -2.90313597	     -4.03504021	     -0.57640398	      0.62592936	     -0.64013138	     67.66936935	     -1.31924518	      4.47083851	    101.29592748	      1.76794745	     15.56467019	    -16.49176863	     -7.49999987	     66.24332303	     -7.23752919	      2.89247548	    106.11270965	      1.85201616	     27.58343051	     -9.10317103	     -7.49999987	    -36.12027615	      2.08101744	      5.46466883	     -2.28041376	    -15.95626492	     -0.58965626	     61.59961601	     83.96568110	      2.23805110	    -11.89871300	      2.16373180	     56.98231839	     70.46749716
     11.05000000	     15.60099175	     -2.87421442	     -3.97943221	     -0.57460625	      0.62693264	     -0.63956149	     67.71995473	     -1.34006581	      4.45876521	    101.32410131	      1.76843918	     15.53299327	    -16.71431437	     -7.49999987	     66.32666446	     -7.20884075	      2.87793366	    106.11683051	      1.85208808	     27.59065019	     -9.21759234	     -7.49999987	    -36.44969601	      2.07814934	      5.36886186	     -2.29756967	    -15.94017575	     -0.61470967	     61.71091506	     83.53061379	      2.21505495	    -11.97880946	      2.12103654	     57.19834059	     70.23931131
     11.06000000	     15.33604995	     -2.81194668	     -3.93673480	     -0.57277772	      0.62842371	     -0.63843435	     67.88462502	     -1.36414014	      4.46712256	    101.36404226	      1.76913628	     15.63409525	    -16.81998159	     -7.49999987	     66.48526695	     -7.19355340	      2.82508504	    106.10455514	      1.85187384	     27.72543363	     -9.28626720	     -7.49999987	    -36.71744204	      1.99423504	      5.29467281	     -2.23876677	    -15.97922390	     -0.66506875	     61.80605042	     83.23378538	      2.29842709	    -12.16002892	      2.05022178	     57.40706308	     70.07882765
     11.07000000	     14.58724786	     -2.67842879	     -3.96984653	     -0.57107091	      0.62815256	     -0.63743993	     68.62375786	     -1.36500802	      4.52712448	    101.47479389	      1.77106926	     16.11086468	    -16.41717884	     -7.49999987	     67.18304439	     -7.25350388	      2.72284341	    106.14935140	      1.85265568	     28.25086552	     -8.71059323	     -7.49999987	    -36.28149913	      1.81141856	      5.76270227	     -2.64396878	    -15.78877502	     -2.05267981	     61.74186409	     90.86541028	      2.81024040	    -12.46301298	      2.77115608	     56.98271154	     75.76153537
     11.08000000	     14.22047276	     -2.51179035	     -3.96282513	     -0.57047846	      0.62680291	     -0.63712128	     68.98677473	     -1.39154647	      4.66470951	    101.59064528	      1.77309125	     16.24470047	    -16.43289698	     -7.49999987	     67.47847692	     -7.23603439	      2.56871697	    106.16494037	      1.85292776	     28.57333590	     -8.45373430	     -7.49999987	    -36.46085048	      1.59136268	      5.59130303	     -2.58229621	    -15.92576898	     -1.40240966	     62.11373996	     84.97880530	      2.72219261	    -12.70701003	      2.76974543	     57.76542992	     73.19840966
     11.09000000	     13.88734907	     -2.46944879	     -3.92358148	     -0.56983186	      0.62557870	     -0.63713607	     69.26795039	     -1.41575117	      4.65645451	    101.67425520	      1.77455052	     16.58022877	    -16.31096803	     -7.49999987	     67.76541054	     -7.22641487	      2.52761832	    106.18536952	      1.85328432	     28.60487946	     -8.63784901	     -7.49999987	    -36.67194283	      1.55185673	      5.52771697	     -2.49101327	    -16.01171555	     -1.32273793	     62.28979957	     84.37286466	      2.84048708	    -12.84515233	      2.79207005	     58.06993378	     72.88061436
     11.10000000	     13.10123437	     -2.33241177	     -3.95951929	     -0.56796463	      0.62507177	     -0.63672121	     70.08672864	     -1.38656880	      4.74434545	    101.79882525	      1.77672468	     16.68497935	    -16.31487567	     -7.49999987	     68.53381209	     -7.25044706	      2.42405751	    106.26596468	      1.85469097	     28.85693153	     -8.37752462	     -7.49999987	    -36.36274252	      1.41144468	      5.61648687	     -2.66568112	    -16.05555679	     -1.85514250	     62.45189955	     91.61891173	      2.90740770	    -13.06657390	      2.86421020	     58.23463247	     77.24431055
     11.11000000	     12.52674652	     -2.17656732	     -3.99599628	     -0.56567347	      0.62618444	     -0.63595661	     70.62739540	     -1.36042645	      4.85949563	    101.89835273	      1.77846176	     16.96681333	    -16.23542737	     -7.49999987	     68.99741230	     -7.27353738	      2.27330597	    106.28441362	      1.85501296	     29.14613938	     -8.17418738	     -7.49999987	    -36.42347538	      1.22999016	      5.54070583	     -2.64879962	    -16.18802335	     -1.65640011	     62.77256679	     90.69596983	      2.83051836	    -13.28405425	      2.89640640	     58.70138065	     76.55280590
     11.12000000	     12.01851091	     -2.06982562	     -3.95881969	     -0.56359540	      0.62718916	     -0.63496794	     71.03561956	     -1.36191527	      4.90467667	    101.96807991	      1.77967873	     17.22910653	    -16.27637312	     -7.49999987	     69.37806247	     -7.26386677	      2.19797902	    106.25880523	      1.85456601	     29.32259271	     -8.09517059	     -7.49999987	    -36.61897728	      1.12931073	      5.48535881	     -2.59117438	    -16.32624782	     -1.55533790	     63.00198528	     90.11795283	      2.85795751	    -13.48914087	      2.93002288	     59.02393379	     76.14773953
     11.13000000	     11.68548592	     -1.99999281	     -3.88186992	     -0.56198138	      0.62747291	     -0.63427230	     71.21932583	     -1.38445440	      4.91072181	    102.02300810	      1.78063740	     17.34002005	    -16.43791114	     -7.49999987	     69.56960128	     -7.22507282	      2.16005833	    106.23624268	      1.85417222	     29.49163237	     -8.17749773	     -7.49999987	    -36.99515940	      1.08444620	      5.39063228	     -2.50723441	    -16.36991136	     -1.55521089	     63.17338364	     89.71166591	      2.90840493	    -13.59113941	      2.86317823	     59.30174928	     75.78493568
     11.14000000	     10.51186887	     -1.72621461	     -3.91470823	     -0.55909778	      0.62571183	     -0.63431881	     72.45271005	     -1.41336077	      5.11385994	    102.24039629	      1.78443154	     17.99299973	    -15.93763548	     -7.49999987	     70.69930471	     -7.22736275	      1.92918066	    106.33302128	      1.85586132	     29.99508140	     -7.68052580	     -7.49999987	    -36.35640216	      0.78857817	      5.40327180	     -2.82156961	    -16.70353268	     -1.09001120	     63.51438576	     89.80090466	      2.87405600	    -14.01312864	      3.36562377	     59.77010126	     75.93476240
     11.15000000	      9.77238748	     -1.55002909	     -3.95874266	     -0.55603546	      0.62504391	     -0.63527337	     73.15248435	     -1.37847709	      5.26795829	    102.36317004	      1.78657435	     18.35327195	    -15.86380270	     -7.49999987	     71.30178043	     -7.23283563	      1.74967999	    106.36653552	      1.85644626	     30.16676279	     -7.64084828	     -7.49999987	    -36.30558824	      0.51340210	      5.34101653	     -2.83508639	    -16.91413743	     -0.86193289	     63.76768210	     89.31171374	      3.00334115	    -14.29446627	      3.56050399	     60.07553128	     75.73310058
     11.16000000	      9.25388990	     -1.48876319	     -3.91420045	     -0.55368281	      0.62526985	     -0.63623445	     73.50533725	     -1.42001948	      5.29041022	    102.36098962	      1.78653629	     18.54203538	    -15.95781902	     -7.49999987	     71.63484529	     -7.16898513	      1.67233421	    106.33343330	      1.85586852	     30.29822833	     -7.70782345	     -7.49999987	    -36.68616067	      0.51648186	      5.19795770	     -2.73959772	    -17.06359768	     -0.88495096	     63.91774074	     89.12359184	      3.26372467	    -14.43823027	      3.50991115	     60.30368409	     75.57741981
     11.17000000	      8.08774802	     -1.13264862	     -3.92276430	     -0.55162717	      0.62421166	     -0.63628049	     74.71615095	     -1.55744200	      5.58207234	    102.54422992	      1.78973444	     19.10840449	    -15.54374031	     -7.49999987	     72.68405904	     -7.03720825	      1.35367176	    106.34968164	      1.85615210	     30.55869809	     -7.58879483	     -7.49999987	    -36.18150982	      0.19148136	      5.04898093	     -3.04230056	    -17.34294019	     -0.58694368	     64.43962585	     89.08133452	      3.33507483	    -14.77715046	      3.84695191	     60.68622144	     75.63736246
     11.18000000	      7.14927750	     -0.85034793	     -3.87277829	     -0.54978471	      0.62413375	     -0.63647038	     75.60736439	     -1.71340127	      5.79917571	    102.63630074	      1.79134138	     19.46197130	    -15.40157500	     -7.49999987	     73.47551903	     -6.87764909	      1.10196619	    106.30842019	      1.85543195	     30.75144568	     -7.53131505	     -7.49999987	    -36.07339420	     -0.03673577	      4.88311698	     -3.07578408	    -17.61079499	     -0.47498120	     64.74874928	     89.28736972	      3.65936288	    -15.13463632	      4.21645427	     60.87109560	     76.03341964
     11.19000000	      6.74731863	     -0.84170610	     -3.83419446	     -0.54700885	      0.62585378	     -0.63711051	     75.74485544	     -1.73957294	      5.79500716	    102.57595624	      1.79028817	     19.53068535	    -15.63277129	     -7.49999987	     73.63983524	     -6.81157315	      1.08262321	    106.24096393	      1.85425462	     30.87911407	     -7.65505518	     -7.49999987	    -36.64266722	     -0.01656174	      4.74844063	     -2.90103988	    -17.78035553	     -0.55849433	     64.86599472	     88.79434265	      3.90724753	    -15.23760634	      4.13007904	     61.08814508	     75.70248571
     11.20000000	      5.35868144	     -0.35876371	     -3.83488284	     -0.54246274	      0.62640135	     -0.63743947	     77.06209753	     -1.95400346	      6.20427786	    102.61647055	      1.79099528	     20.13522461	    -15.12646845	     -7.49999987	     74.76322472	     -6.61996040	      0.61278322	    106.08287142	      1.85149539	     31.15298672	     -7.48855966	     -7.49999987	    -35.94423919	     -0.45658523	      4.60750298	     -3.36559281	    -18.28564351	     -0.30703251	     65.45394826	     89.40548957	      4.04059497	    -15.69519674	      4.58816377	     61.32198357	     76.41907757
     11.21000000	      4.55130758	     -0.13948607	     -3.80419597	     -0.53858038	      0.62811643	     -0.63747533	     77.58550856	     -2.06815715	      6.39793192	    102.51439189	      1.78921367	     20.46462715	    -15.07152511	     -7.49999987	     75.24673495	     -6.49090622	      0.39219837	    105.86147465	      1.84763128	     31.18978379	     -7.55124586	     -7.49999987	    -35.88447254	     -0.65491935	      4.95931676	     -4.00991846	    -18.32830824	     -1.83528281	     65.83597801	     96.72750018	      4.78842520	    -15.86900627	      4.98211183	     60.64794134	     84.25136991
     11.22000000	      4.21007761	     -0.06433935	     -3.76308205	     -0.53551847	      0.63007554	     -0.63702067	     77.58795499	     -2.18905694	      6.42768543	    102.37860085	      1.78684367	     20.65905050	    -15.10388521	     -7.49999987	     75.27754508	     -6.41344269	      0.29151658	    105.65489906	      1.84402586	     31.30753186	     -7.78309559	     -7.49999987	    -36.49749574	     -0.73319914	      4.71025595	     -3.78225933	    -18.51529862	     -1.93566632	     66.05394104	     95.55663463	      4.82866544	    -15.97519647	      4.67067699	     61.07934081	     83.14626374
     11.23000000	      2.87142149	      0.27078348	     -3.72498801	     -0.53104596	      0.62974972	     -0.63563502	     78.78981535	     -2.29063689	      6.72462717	    102.42844819	      1.78771367	     21.17964497	    -14.73190857	     -7.49999987	     76.39775950	     -6.30521042	      0.01549918	    105.49809019	      1.84128903	     31.39209173	     -7.66359511	     -7.49999987	    -35.67775804	     -1.02730694	      4.56541915	     -4.15790518	    -19.18339505	     -1.31787569	     66.47911791	     95.73115917	      4.77361411	    -16.38804324	      4.83694412	     61.02248485	     83.24416631
     11.24000000	      2.33114844	      0.33212083	     -3.64386854	     -0.52658944	      0.63120826	     -0.63452167	     78.93731764	     -2.30900827	      6.77692241	    102.33616975	      1.78610311	     21.40932114	    -14.89314846	     -7.49999987	     76.55184381	     -6.24244724	     -0.04125502	    105.29617595	      1.83776496	     31.51696786	     -7.77388322	     -7.49999987	    -35.89622907	     -1.12198226	      4.43694057	     -4.02267466	    -19.53906601	     -1.38185514	     66.58834291	     95.55132275	      4.82889752	    -16.65116135	      4.70051972	     61.12281215	     82.95238736
     11.25000000	      0.88313147	      0.74290517	     -3.59198912	     -0.52139961	      0.63170793	     -0.63481898	     80.15193876	     -2.44411925	      7.14067240	    102.34059349	      1.78618031	     22.05673063	    -14.37191931	     -7.49999987	     77.54737666	     -6.04771936	     -0.40786733	    105.08420813	      1.83406542	     31.76572299	     -7.79359947	     -7.49999987	    -34.90718286	     -1.47452519	      4.21482063	     -4.25211948	    -20.17822927	     -0.50011401	     66.89161346	     95.33736128	      4.71984969	    -17.06490125	      5.17554206	     60.83427957	     82.68053075
     11.26000000	     -0.09419300	      1.01170928	     -3.47015600	     -0.51734437	      0.63402547	     -0.63607510	     80.70796120	     -2.59349129	      7.38218675	    102.18847484	      1.78352534	     22.45991361	    -14.27404959	     -7.49999987	     77.93834813	     -5.79114102	     -0.64627699	    104.75583699	      1.82833427	     31.87643759	     -8.07167289	     -7.49999987	    -34.48135740	     -1.67469918	      4.14746614	     -4.08422047	    -20.52942037	     -0.54388849	     66.40390488	     99.68611277	      5.20058281	    -17.31029548	      5.49831758	     59.88487145	     88.37747475
     11.27000000	     -1.05620467	      1.25860786	     -3.34419881	     -0.51414611	      0.63625502	     -0.63626835	     81.25574242	     -2.74278338	      7.59467173	    102.01909554	      1.78056912	     22.83346245	    -14.18366113	     -7.49999987	     78.35417131	     -5.56151614	     -0.86050191	    104.44110151	      1.82284110	     32.15117236	     -8.12230263	     -7.49999987	    -34.17844788	     -1.85428693	      3.91532528	     -4.01587854	    -20.97268302	     -0.15571737	     66.51089282	     99.14202765	      5.24399272	    -17.57201966	      5.51465268	     59.91831035	     87.68115708
     11.28000000	     -2.02212046	      1.48380496	     -3.19692291	     -0.51132544	      0.63834398	     -0.63477473	     81.78825042	     -2.87602088	      7.78027947	    101.83232470	      1.77730935	     23.22989185	    -14.12840130	     -7.49999987	     78.79500413	     -5.33868577	     -1.03917963	    104.11067897	      1.81707413	     32.35085203	     -8.26249807	     -7.49999987	    -33.73044535	     -2.02289950	      3.69791059	     -3.95888469	    -21.38321003	      0.29363857	     66.50245954	     99.22212132	      5.45475840	    -17.91889325	      5.81333238	     59.68912917	     87.69084090
     11.29000000	     -2.90650911	      1.67508426	     -3.09949875	     -0.50833142	      0.64089483	     -0.63339109	     82.21642288	     -2.93004605	      7.94300961	    101.61395773	      1.77349813	     23.57504644	    -14.12043446	     -7.49999987	     79.15783360	     -5.18608165	     -1.20356021	    103.77263535	      1.81117416	     32.57524560	     -8.30623498	     -7.49999987	    -33.33379193	     -2.19802404	      3.51500263	     -3.89918868	    -21.78214442	      0.73283151	     66.63168515	     98.82849668	      5.58475976	    -18.26807626	      5.91767569	     59.69178334	     87.12286595
     11.30000000	     -3.35008067	      1.69644135	     -3.01899510	     -0.50516454	      0.64479050	     -0.63358502	     82.08976269	     -2.93402785	      7.97120715	    101.30244343	      1.76806118	     23.79146395	    -14.26496338	     -7.49999987	     79.08711994	     -5.06023997	     -1.23057886	    103.42161133	      1.80504764	     32.67541572	     -8.53047381	     -7.49999987	    -33.48077786	     -2.23267824	      3.36363986	     -3.68251679	    -22.07746885	      0.61018176	     66.74950078	     97.97512711	      5.72434687	    -18.52505324	      5.67058344	     59.95533335	     86.32025393
     11.31000000	     -4.54708416	      1.98387189	     -2.92327451	     -0.50140313	      0.64722173	     -0.63391337	     82.88493289	     -3.01388597	      8.24413586	    101.06963807	      1.76399796	     24.15204435	    -14.03722072	     -7.49999987	     79.81524990	     -4.82381514	     -1.47898430	    103.00855437	      1.79783843	     32.66276023	     -8.74331503	     -7.49999987	    -32.36674379	     -2.42731228	      3.20669690	     -3.73163099	    -22.65044654	      1.41830377	     66.81414451	     97.80821598	      6.03883837	    -18.90620787	      6.27506456	     59.35252400	     86.30492613
     11.32000000	     -4.86282202	      1.94396494	     -2.84494257	     -0.49865367	      0.65076611	     -0.63279611	     82.58600279	     -2.96790921	      8.21939056	    100.69205175	      1.75740783	     24.35615915	    -14.17497920	     -7.49999987	     79.62792291	     -4.70321556	     -1.41511378	    102.58620394	      1.79046703	     32.65831372	     -8.98021282	     -7.49999987	    -32.50090189	     -2.43335037	      3.02603705	     -3.45830789	    -22.91770713	      1.21500792	     66.93092998	     96.84963236	      6.24492875	    -19.21115055	      5.96721930	     59.65945700	     85.43256109
     11.33000000	     -5.91853942	      2.11302064	     -2.75868059	     -0.49509760	      0.65321796	     -0.63100396	     83.11459129	     -2.91150294	      8.39574048	    100.35254244	      1.75148228	     24.56737137	    -14.10571018	     -7.49999987	     80.15743520	     -4.55001849	     -1.51876073	    102.08711743	      1.78175632	     32.65558919	     -9.15126812	     -7.49999987	    -31.25535220	     -2.62084648	      3.31453726	     -3.54715119	    -23.34793975	      1.59114395	     66.40881831	     99.30392874	      7.41187801	    -19.66797358	      7.70982569	     57.91688150	     88.89641877
     11.34000000	     -6.60569610	      2.20412313	     -2.69020073	     -0.49046705	      0.65705264	     -0.62981373	     83.17894551	     -2.83473646	      8.50521664	     99.97319835	      1.74486147	     24.85017329	    -14.04264405	     -7.49999987	     80.23446199	     -4.41757738	     -1.56224054	    101.57185984	      1.77276338	     32.73030999	     -9.32886058	     -7.49999987	    -30.69427904	     -2.73445149	      3.13195093	     -3.58290335	    -23.55314510	      1.63974747	     66.61198794	     98.36818930	      7.50836340	    -19.87782310	      7.47737966	     57.80485416	     88.14810548
     11.35000000	     -7.06706348	      2.17562609	     -2.64633826	     -0.48483494	      0.66305848	     -0.62894670	     82.82159796	     -2.71879611	      8.47661607	     99.43139763	      1.73540527	     25.04523877	    -14.07921539	     -7.49999987	     79.93743803	     -4.32638467	     -1.50342557	    100.94783939	      1.76187217	     32.83909818	     -9.44282314	     -7.49999987	    -30.39682953	     -2.76099111	      3.08556002	     -3.56478490	    -23.67275785	      1.58944415	     66.54848838	     98.26244222	      7.66610396	    -20.08563733	      7.41261167	     57.71514954	     88.13755245
     11.36000000	     -7.51103085	      2.26759710	     -2.61663135	     -0.47930395	      0.67066624	     -0.62780441	     82.34201581	     -2.61993017	      8.56331344	     98.81790046	      1.72469772	     25.31966351	    -14.15432477	     -7.49999987	     79.45400844	     -4.18758740	     -1.56250877	    100.19434946	      1.74872129	     33.00970047	     -9.69447846	     -7.49999987	    -29.69732967	     -2.92434102	      3.20154721	     -3.35870136	    -23.45640281	      1.29717228	     65.27572167	    100.98835964	      8.53348142	    -20.02731433	      7.69999363	     55.83085072	     92.43348545
     11.37000000	     -7.90243794	      2.29171523	     -2.63128064	     -0.47454870	      0.67878204	     -0.62711336	     81.72049069	     -2.48883121	      8.57157237	     98.09300096	      1.71204584	     25.49354015	    -14.29853344	     -7.49999987	     78.84806727	     -4.10989606	     -1.57431972	     99.36239380	      1.73420092	     33.20714575	     -9.89602984	     -7.49999987	    -29.03941310	     -3.01641130	      3.04558248	     -2.75678384	    -23.56150969	      2.57474246	     63.72835649	     97.17909338	      8.87107488	    -20.14006092	      8.17652793	     54.54845251	     89.72952040
     11.38000000	     -8.10335584	      2.21107205	     -2.63939002	     -0.46972484	      0.68619386	     -0.62769741	     80.85758830	     -2.38534662	      8.46840005	     97.32400874	      1.69862439	     25.71111488	    -14.35191871	     -7.49999987	     78.03272324	     -4.03650050	     -1.49563707	     98.52815734	      1.71964075	     33.45168291	     -9.98568758	     -7.49999987	    -28.68323906	     -2.96609887	      3.01736977	     -2.75992614	    -23.24802141	      1.90255265	     63.13033508	    100.77284375	      8.86471996	    -20.07742844	      7.70497459	     53.89864451	     93.19408261
     11.39000000	     -8.15218620	      2.04271779	     -2.64327502	     -0.46510664	      0.69276627	     -0.62918469	     79.83468511	     -2.30517961	      8.28124398	     96.52096317	      1.68460860	     25.88721216	    -14.44168613	     -7.49999987	     77.07446367	     -3.92974341	     -1.32416282	     97.71449939	      1.70543974	     33.60739545	    -10.27558035	     -7.49999987	    -28.63463148	     -2.74442493	      2.86624674	     -2.92266659	    -23.15555549	      1.64274365	     63.28885335	     99.08603398	      8.24539805	    -20.16609137	      7.17363466	     54.52950104	     91.56186717
     11.40000000	     -8.42768814	      2.25573196	     -2.78661236	     -0.46129015	      0.69901608	     -0.63017631	     79.13584386	     -2.18966163	      8.50878434	     95.71571531	      1.67055438	     26.01938783	    -14.44343321	     -7.49999987	     76.23736878	     -3.87981746	     -1.60359721	     96.78271234	      1.68917699	     33.86095726	    -10.30659785	     -7.49999987	    -27.68421865	     -3.04771916	      2.86960393	     -2.31771286	    -22.97548644	      2.52387610	     61.06006372	     98.83989606	      8.75928805	    -20.02444495	      7.72869756	     52.13431751	     91.30320027
     11.41000000	     -8.52864432	      2.11163404	     -2.80249086	     -0.45806437	      0.70547703	     -0.63142240	     78.19387010	     -2.14411118	      8.34798624	     94.87071516	      1.65580634	     26.16302072	    -14.49287805	     -7.49999987	     75.36241277	     -3.78925242	     -1.48499058	     95.93977954	      1.67446504	     33.90898380	    -10.64704195	     -7.49999987	    -27.19165340	     -2.81912225	      2.77803497	     -1.87765667	    -22.93892250	      3.02375997	     59.80602294	     98.49583078	      8.85712076	    -20.10057768	      8.36542012	     51.07307746	     91.05603670
     11.42000000	     -8.58657026	      2.09658133	     -2.87730850	     -0.45364180	      0.71234886	     -0.63190212	     77.23042095	     -2.09215782	      8.33042091	     94.01652512	      1.64089791	     26.24860768	    -14.58196249	     -7.49999987	     74.39022388	     -3.71451661	     -1.51449322	     95.03950917	      1.65875235	     34.04034593	    -10.86639809	     -7.49999987	    -26.71658025	     -2.77621420	      2.73154050	     -1.62165102	    -22.82608739	      3.36734772	     58.77122254	     98.15643791	      8.89089568	    -20.04311381	      8.69943691	     50.13535235	     90.77983358
     11.43000000	     -8.59297569	      2.01074279	     -2.90558248	     -0.44809099	      0.72002642	     -0.63138538	     76.14062704	     -2.06088702	      8.22775369	     93.11354304	      1.62513790	     26.37111405	    -14.64756443	     -7.49999987	     73.32824303	     -3.62586304	     -1.46174184	     94.08316172	      1.64206094	     34.06187458	    -11.14279741	     -7.49999987	    -26.22547855	     -2.64630169	      2.82658083	     -1.66556213	    -22.66192157	      3.21356039	     57.98270376	     99.62858280	      8.95458948	    -19.99117673	      9.12646938	     49.18976335	     93.35609257
     11.44000000	     -8.62024867	      1.94755165	     -2.91335708	     -0.44328549	      0.72822664	     -0.63084746	     75.07468349	     -2.03220212	      8.17526400	     92.18241042	      1.60888657	     26.44027006	    -14.72715376	     -7.49999987	     72.28691941	     -3.51921039	     -1.42173498	     93.09456529	      1.62480668	     34.10045253	    -11.42953506	     -7.49999987	    -25.95416165	     -2.50741944	      2.68010753	     -2.00383847	    -22.50089942	      2.92507740	     58.35947361	     98.24748556	      8.16860027	    -20.01708256	      8.63825887	     49.84932799	     91.99884970
     11.45000000	     -8.48262944	      1.88128318	     -2.95449018	     -0.43982926	      0.73780344	     -0.63107142	     73.71926457	     -2.03621962	      8.06694087	     91.06274405	      1.58934471	     26.58981186	    -14.59835983	     -7.49999987	     70.94537978	     -3.44708937	     -1.40999690	     91.93333254	      1.60453935	     34.08924981	    -11.60064023	     -7.49999987	    -25.24993461	     -2.42598467	      2.58965579	     -1.00769358	    -22.19566312	      4.04557861	     55.37347832	     97.98348849	      8.90747873	    -19.81714110	     10.05175516	     46.74291168	     92.17239228
     11.46000000	     -8.43271533	      1.76418166	     -2.94040909	     -0.43716918	      0.74704559	     -0.63116129	     72.47565516	     -2.03180519	      7.92593932	     89.90571958	      1.56915082	     26.63220836	    -14.65621445	     -7.49999987	     69.76527217	     -3.36964757	     -1.33247224	     90.77186637	      1.58426794	     33.96774544	    -11.84505716	     -7.49999987	    -24.82614896	     -2.25576536	      2.53070199	     -0.75803583	    -21.72719374	      3.63602870	     54.11745169	     98.95594569	      8.98761426	    -19.48457930	      9.89648886	     45.35464402	     93.22217485
     11.47000000	     -8.34779998	      1.67368292	     -2.93074492	     -0.43404765	      0.75621666	     -0.63041480	     71.18052609	     -2.01636666	      7.81264338	     88.70498158	      1.54819399	     26.65353401	    -14.67597462	     -7.49999987	     68.50296894	     -3.30196750	     -1.29606343	     89.54198204	      1.56280241	     33.89324194	    -12.05641131	     -7.49999987	    -24.39606777	     -2.15105283	      2.39865104	     -0.41018638	    -21.35861481	      3.90033309	     52.76122259	     98.53638148	      9.02719560	    -19.31706463	     10.16924194	     44.11648971	     92.97698512
     11.48000000	     -8.18043674	      1.58540265	     -2.94279147	     -0.43011608	      0.76549728	     -0.62997501	     69.74364272	     -1.99103328	      7.71078856	     87.42057740	      1.52577691	     26.64943309	    -14.72944460	     -7.49999987	     67.07520560	     -3.24612082	     -1.27450170	     88.21801333	      1.53969479	     33.74172638	    -12.31031917	     -7.49999987	    -24.05107398	     -2.06148919	      2.27933990	     -0.12319376	    -20.86663778	      3.89394017	     51.45971978	     97.73632583	      8.96538520	    -18.99956432	     10.01400650	     42.99798867	     92.21347772
     11.49000000	     -8.17953177	      1.48702027	     -2.97273652	     -0.42532511	      0.77430926	     -0.63031922	     68.49258166	     -1.93494121	      7.61642137	     86.12386616	      1.50314503	     26.61087977	    -14.78329450	     -7.49999987	     65.83754715	     -3.22461087	     -1.26236776	     86.90788791	      1.51682879	     33.61357523	    -12.45147614	     -7.49999987	    -23.59452042	     -1.90369914	      2.17252077	     -0.46170199	    -20.55973815	      3.76340845	     51.39688812	     96.85939414	      8.28785676	    -18.87168653	      9.75545299	     43.09486541	     91.30645522
     11.50000000	     -7.71704002	      1.41943128	     -2.97139970	     -0.42046725	      0.78479898	     -0.63084014	     66.64417329	     -1.95736930	      7.56474145	     84.64526672	      1.47733860	     26.48798475	    -14.74168526	     -7.49999987	     63.99555337	     -3.11392156	     -1.28475258	     85.36107577	      1.48983183	     33.23870701	    -12.91880663	     -7.49999987	    -23.23410142	     -1.84620250	      2.12031861	      0.18865184	    -19.92964782	      4.05003822	     48.76203868	     96.44117999	      8.67738554	    -18.35491252	     10.07384895	     40.70534347	     91.03191342
     11.51000000	     -7.67352851	      1.32947042	     -2.95343192	     -0.41672892	      0.79449486	     -0.63140832	     65.29100422	     -1.97131335	      7.46489721	     83.15964068	      1.45140953	     26.26496515	    -14.78719382	     -7.49999987	     62.68749177	     -3.04371170	     -1.26987307	     83.86192602	      1.46366673	     32.92321484	    -13.07341168	     -7.49999987	    -22.39110934	     -1.70827530	      2.03215995	      0.36840320	    -19.75128777	      5.33387085	     47.11194863	     95.17037058	      8.58965362	    -18.22692873	     11.31442628	     39.23841872	     90.62826764
     11.52000000	     -7.43679364	      1.22842648	     -2.94550057	     -0.41431431	      0.80452340	     -0.63164498	     63.72228195	     -1.97523481	      7.37606716	     81.60188198	      1.42422152	     25.97708563	    -14.82331281	     -7.49999987	     61.18562783	     -2.98818457	     -1.25746982	     82.31910830	      1.43673948	     32.51385555	    -13.33717130	     -7.49999987	    -21.90043881	     -1.58068861	      1.94354111	      0.48195564	    -19.34667617	      5.75692593	     45.70739293	     93.67518554	      8.42925417	    -17.86515591	     11.55041831	     38.01895899	     89.58222196
     11.53000000	     -7.20184208	      1.13033041	     -2.88643866	     -0.41112419	      0.81486883	     -0.63102184	     62.09667499	     -2.02058116	      7.26052210	     79.97575629	      1.39584027	     25.86419810	    -14.63389760	     -7.49999987	     59.65099226	     -2.91262847	     -1.22249248	     80.70134447	      1.40850417	     32.22181495	    -13.36697370	     -7.49999987	    -21.42385940	     -1.46731472	      1.85213308	      0.52775566	    -18.98407122	      6.24111344	     44.51588626	     93.82213846	      8.29599255	    -17.70531051	     12.09856527	     37.00772000	     90.33031776
     11.54000000	     -6.89012525	      1.05783451	     -2.89260860	     -0.40623911	      0.82610673	     -0.63025120	     60.26784403	     -2.02105153	      7.22494365	     78.15421285	      1.36404834	     25.56271935	    -14.58056390	     -7.49999987	     57.92380113	     -2.87460020	     -1.27586523	     78.94875861	      1.37791578	     31.75028865	    -13.54047981	     -7.49999987	    -20.93462005	     -1.39290509	      1.72755208	      0.50498762	    -18.44370625	      6.17369961	     43.13223578	     92.16394437	      7.95014099	    -17.12958319	     11.53808213	     35.81484872	     89.02566944
     11.55000000	     -6.56406981	      0.91421164	     -2.83028552	     -0.40132043	      0.83736599	     -0.63044151	     58.36382841	     -2.05061357	      7.05451355	     76.22539825	      1.33038417	     25.12479715	    -14.65392054	     -7.49999987	     56.10646365	     -2.79853055	     -1.20349459	     77.00915181	      1.34406325	     31.13319306	    -13.81854934	     -7.49999987	    -20.42005786	     -1.21032662	      1.74792694	      0.38836217	    -18.01382164	      6.17631779	     42.11325052	     94.37256934	      7.66027615	    -16.87550573	     11.69570687	     34.86927940	     92.03244425
     11.56000000	     -6.29763063	      0.77289634	     -2.78811557	     -0.39764126	      0.84748640	     -0.63122619	     56.54425022	     -2.07128263	      6.89277114	     74.25057451	      1.29591700	     24.71220492	    -14.59788169	     -7.49999987	     54.38685493	     -2.77393531	     -1.18364711	     75.09222562	      1.31060658	     30.50421230	    -14.00548641	     -7.49999987	    -19.75420924	     -1.04388784	      1.66659143	      0.42195141	    -17.63652227	      6.87707877	     40.86770999	     92.33756834	      7.32200895	    -16.55715185	     12.02259930	     33.81103359	     90.24121126
     11.57000000	     -5.87527078	      0.71368808	     -2.76384238	     -0.39458254	      0.85754414	     -0.63167104	     54.61110175	     -2.14191050	      6.81098136	     72.27859816	      1.26149952	     24.29612923	    -14.48317379	     -7.49999987	     52.49797300	     -2.72271278	     -1.27020699	     73.12588395	      1.27628744	     29.91329476	    -14.13330066	     -7.49999987	    -19.41454515	     -0.98584547	      1.60096130	      0.38885409	    -17.13641625	      6.78263617	     40.01847031	     91.45164446	      6.96966386	    -16.21595662	     11.72430858	     33.12462776	     89.37783778
     11.58000000	     -5.70015477	      0.57997380	     -2.65418090	     -0.39059735	      0.86839187	     -0.63186781	     52.88390663	     -2.21154721	      6.62810664	     70.21476693	      1.22547887	     23.80780392	    -14.35481733	     -7.49999987	     50.85136258	     -2.66731253	     -1.22311251	     71.09543965	      1.24084950	     29.26685392	    -14.18499954	     -7.49999987	    -18.65026042	     -0.79970268	      1.39503246	      0.61221298	    -16.73335244	      7.50224602	     38.67965677	     91.08501630	      6.69642971	    -15.95632307	     12.10745972	     31.94849352	     89.38767068
     11.59000000	     -5.43086409	      0.49821326	     -2.58543752	     -0.38609170	      0.87997064	     -0.63194965	     51.02205497	     -2.31174671	      6.48539799	     68.07436679	      1.18812184	     23.41958116	    -14.01167247	     -7.49999987	     49.01052616	     -2.61274321	     -1.26355029	     68.93696115	      1.20317695	     28.78868833	    -13.97266104	     -7.49999987	    -18.04728459	     -0.68984259	      1.32468775	      0.59623482	    -16.21929785	      7.42394636	     37.61417206	     90.41609497	      6.30487942	    -15.55182386	     11.72454224	     31.04968771	     88.91417513
     11.60000000	     -5.10924029	      0.35981361	     -2.51633056	     -0.38176065	      0.89053381	     -0.63200495	     49.05922539	     -2.34183304	      6.33675082	     65.85321770	      1.14935547	     22.71095706	    -14.03036298	     -7.49999987	     47.10175784	     -2.58091293	     -1.24766811	     66.73980834	      1.16482940	     27.95480414	    -14.21467922	     -7.49999987	    -17.52261235	     -0.51614902	      1.22220174	      0.49306960	    -15.85576506	      7.67558003	     36.76042582	     89.82583153	      5.85509702	    -15.28169621	     11.90669593	     30.26929111	     88.49917791
     11.61000000	     -4.90330685	      0.26035734	     -2.41989972	     -0.37677249	      0.90005246	     -0.63228167	     47.20833626	     -2.43977497	      6.16801526	     63.64369996	      1.11079211	     22.13857844	    -13.81646206	     -7.49999987	     45.28597530	     -2.52210986	     -1.26938192	     64.53799760	      1.12640055	     27.25959468	    -14.17680451	     -7.49999987	    -16.77030736	     -0.37713964	      1.06234079	      0.27888963	    -15.51000861	      7.98040792	     35.79765390	     89.55207937	      5.37513151	    -15.02337360	     12.14554751	     29.31130852	     88.43273039
     11.62000000	     -4.53379348	      0.19973618	     -2.38981641	     -0.37097362	      0.91093273	     -0.63325892	     45.10784497	     -2.53880473	      6.07761045	     61.28978098	      1.06970848	     21.45824289	    -13.59467947	     -7.49999987	     43.16354397	     -2.45279744	     -1.35371384	     62.16854178	      1.08504575	     26.49045856	    -14.19924678	     -7.49999987	    -16.24171874	     -0.28864800	      0.84711161	     -0.02177226	    -15.13701225	      8.13294583	     35.08829031	     87.54986493	      4.74869529	    -14.72971535	     12.06032777	     28.63012101	     86.69501689
     11.63000000	     -4.39227108	      0.07815010	     -2.22850718	     -0.36548896	      0.92281544	     -0.63521088	     43.16107058	     -2.72367971	      5.78546626	     58.79155254	      1.02610616	     20.67872308	    -13.31122578	     -7.49999987	     41.25510974	     -2.31538921	     -1.24970543	     59.69855901	      1.04193641	     25.66661446	    -14.13359052	     -7.49999987	    -15.32533841	     -0.08719483	      0.58488813	     -0.29079334	    -14.84417675	      8.47677517	     33.91031137	     87.65096806	      4.24944418	    -14.38253483	     12.17249379	     27.51436638	     87.05459433
     11.64000000	     -4.17593016	     -0.04233624	     -2.16865072	     -0.36159905	      0.93453937	     -0.63663850	     41.11635989	     -2.83420146	      5.55227201	     56.14247684	      0.97987107	     19.69517445	    -13.09876004	     -7.49999987	     39.26657014	     -2.26503741	     -1.25491330	     57.17491892	      0.99789058	     24.80282144	    -14.08912598	     -7.49999987	    -14.57690357	      0.12091255	      0.37334193	     -0.57046402	    -14.80174812	      9.55667970	     33.15334239	     87.06078519	      3.73832965	    -14.14385104	     12.83878327	     26.67082635	     87.32289299
     11.65000000	     -4.60100697	     -0.04256767	     -2.13524763	     -0.35824671	      0.94326502	     -0.63721884	     39.90568262	     -3.03110663	      5.32269183	     53.67296943	      0.93677004	     19.03966459	    -12.56051614	     -7.49999987	     38.11713762	     -2.19392766	     -1.40049358	     54.84867169	      0.95728991	     24.22637715	    -13.63297548	     -7.49999987	    -13.03807786	      0.21017195	      0.28229256	     -1.46624504	    -14.64575022	      9.60043464	     33.07161958	     86.95294902	      2.79579127	    -13.93753492	     12.89765317	     26.55342204	     87.25608394
     11.66000000	     -3.95466905	     -0.09573218	     -1.97515590	     -0.35526230	      0.95294226	     -0.63795105	     37.44563318	     -3.23130103	      5.06732928	     50.94784286	      0.88920760	     17.81278749	    -12.60987712	     -7.49999987	     35.82822623	     -2.03517444	     -1.38903052	     52.30970707	      0.91297662	     22.90309034	    -13.91124146	     -7.49999987	    -12.97587601	      0.36236524	     -0.17333409	     -1.40418596	    -14.34853845	      9.67762371	     32.03450522	     87.05936828	      2.54088767	    -13.67439183	     13.03794848	     25.37385689	     87.52955466
     11.67000000	     -3.83242151	     -0.10039031	     -1.87738391	     -0.35198057	      0.96178984	     -0.63848587	     35.66817299	     -3.43945926	      4.78377304	     48.36204762	      0.84407696	     16.86900369	    -12.28450381	     -7.49999987	     34.19791077	     -1.92551901	     -1.47032257	     49.90651108	      0.87103294	     21.88372643	    -13.79217594	     -7.49999987	    -12.31218795	      0.39865017	     -0.44415145	     -1.78776828	    -14.10790817	      9.70036198	     31.54809350	     86.16766132	      2.06946830	    -13.34503751	     12.91307827	     24.80314137	     86.80482811
     11.68000000	     -3.83581369	     -0.08640741	     -1.76443837	     -0.34882922	      0.97068851	     -0.63808517	     34.05499688	     -3.64936391	      4.46945290	     45.78507517	      0.79910031	     15.92964027	    -11.87919042	     -7.49999987	     32.71194291	     -1.79981665	     -1.56602484	     47.49381244	      0.82892340	     20.91802710	    -13.56245250	     -7.49999987	    -11.49670764	      0.44242774	     -0.71804142	     -2.07266131	    -13.85984917	      9.87096304	     30.88393999	     85.75614164	      1.70016499	    -13.07170469	     12.93370298	     24.10693286	     86.59564451
     11.69000000	     -3.87508948	     -0.06367109	     -1.65887635	     -0.34513658	      0.97876979	     -0.63737346	     32.49763943	     -3.83988877	      4.12169223	     43.22580310	      0.75443259	     15.02095674	    -11.46395744	     -7.49999987	     31.28784965	     -1.68971678	     -1.68087412	     45.10580501	      0.78724481	     19.91499710	    -13.29476149	     -7.49999987	    -10.61531002	      0.45783991	     -0.95084026	     -2.30428254	    -13.61071637	     10.04247064	     30.17861494	     85.82345794	      1.31969779	    -12.84084467	     12.96590577	     23.37765681	     86.87961985
     11.70000000	     -3.86305431	     -0.01388690	     -1.58405832	     -0.34055800	      0.98627278	     -0.63796431	     30.85817194	     -4.01165848	      3.84083371	     40.60714006	      0.70872829	     14.04517594	    -11.11165228	     -7.49999987	     29.82669478	     -1.58402132	     -1.88745680	     42.70142205	      0.74528041	     18.76513364	    -13.08740767	     -7.49999987	     -9.84319168	      0.45396270	     -1.18474547	     -2.48559135	    -13.35296636	     10.15769508	     29.57264757	     84.92043115	      0.89974267	    -12.60308003	     12.81146639	     22.81462767	     86.16681964
     11.71000000	     -3.93635217	      0.00907071	     -1.43821068	     -0.33617048	      0.99402556	     -0.63967457	     29.26366483	     -4.20850328	      3.40726542	     37.93814475	      0.66214554	     13.02740212	    -10.71639981	     -7.49999987	     28.50349741	     -1.45885688	     -1.99922113	     40.34720633	      0.70419159	     17.55373796	    -12.84972958	     -7.49999987	     -8.94993742	      0.49064945	     -1.50076779	     -2.66694554	    -13.13015074	     10.32346992	     28.90053292	     84.37000109	      0.46601074	    -12.38661949	     12.74382906	     22.25218449	     85.77473297
     11.72000000	     -4.03961401	      0.06175959	     -1.36716893	     -0.33297056	      1.00218168	     -0.64094347	     27.72333767	     -4.40292392	      2.98029682	     35.26476162	      0.61548620	     11.99223155	    -10.09961180	     -7.49999987	     27.20290299	     -1.33287946	     -2.18612221	     37.99157161	      0.66307801	     16.48547010	    -12.42550642	     -7.49999987	     -8.03282478	      0.49966101	     -1.57361775	     -2.86540690	    -12.92012252	     10.45691958	     28.08450424	     83.99017342	      0.26512172	    -12.07873464	     12.68086366	     21.45069012	     85.82629019
     11.73000000	     -4.13277862	      0.13257624	     -1.29051530	     -0.33026224	      1.00917691	     -0.64126329	     26.25168049	     -4.58853491	      2.55607416	     32.70950193	      0.57088851	     10.90923580	     -9.59497515	     -7.49999987	     25.93776159	     -1.18372305	     -2.35109624	     35.69158365	      0.62293565	     15.38369030	    -12.05796919	     -7.49999987	     -7.17771563	      0.47940594	     -1.80050383	     -2.96038604	    -12.71903552	     10.79166263	     27.34785101	     83.16718993	     -0.08058796	    -11.87723225	     12.72195747	     20.94527805	     85.46442854
     11.74000000	     -4.31026045	      0.25062479	     -1.24616681	     -0.32714306	      1.01427726	     -0.64087350	     24.99997161	     -4.78743035	      2.14922905	     30.33274299	      0.52940624	      9.87263142	     -9.11680609	     -7.49999987	     24.82328357	     -1.01323765	     -2.57199834	     33.47096773	      0.58417859	     14.29663174	    -11.64553595	     -7.49999987	     -6.30584156	      0.40410930	     -2.01151675	     -3.20953663	    -12.49858958	     10.94566109	     27.10318126	     82.41991225	     -0.59437489	    -11.73366465	     12.77174365	     20.81960129	     84.94814656
     11.75000000	     -4.41476989	      0.33328621	     -1.19401087	     -0.32369264	      1.01899810	     -0.64037415	     23.74850780	     -4.93530867	      1.71646853	     28.10123929	      0.49045915	      9.00039931	     -8.52409623	     -7.49999987	     23.68076738	     -0.88151574	     -2.77031314	     31.33508374	      0.54690038	     13.28727322	    -11.24020943	     -7.49999987	     -5.49396760	      0.32104547	     -2.16156767	     -3.24922586	    -12.29325871	     11.23642122	     26.36993418	     82.08412508	     -0.80666856	    -11.57255774	     12.90311036	     20.25339900	     85.00427135
     11.76000000	     -4.56810573	      0.42260172	     -1.13523149	     -0.32032296	      1.02429511	     -0.64041680	     22.58445826	     -5.08270383	      1.25377704	     25.93487509	      0.45264896	      8.08937760	     -7.92422511	     -7.49999987	     22.60691743	     -0.75220063	     -3.01109478	     29.24489591	      0.51041972	     12.28474460	    -10.76073239	     -7.49999987	     -4.66925870	      0.24344399	     -2.31818148	     -3.40657433	    -12.10895525	     11.51884307	     25.87514434	     81.63755730	     -1.12000721	    -11.44735332	     13.02110298	     19.98367674	     85.00277763
     11.77000000	     -4.69527967	      0.50335521	     -1.09217095	     -0.31753089	      1.02940823	     -0.64086858	     21.40564591	     -5.21326557	      0.71929712	     23.77267618	      0.41491147	      7.20513096	     -7.28435123	     -7.49999987	     21.51963588	     -0.63926556	     -3.27878497	     27.17758723	      0.47433838	     11.27190234	    -10.24773944	     -7.49999987	     -3.92256103	      0.13388207	     -2.41990644	     -3.56489595	    -11.90054503	     11.76502537	     25.45015550	     80.58046444	     -1.38905409	    -11.26964274	     13.13453360	     19.69336730	     84.56570183
     11.78000000	     -4.90555160	      0.59577696	     -1.02754309	     -0.31542711	      1.03266562	     -0.64093829	     20.40832061	     -5.34064115	      0.21570127	     21.75045605	      0.37961707	      6.41970907	     -6.68126619	     -7.49999987	     20.61208997	     -0.50870542	     -3.50968715	     25.23315465	      0.44040163	     10.31779521	     -9.69735631	     -7.49999987	     -3.07342751	      0.03781378	     -2.61003516	     -3.60190260	    -11.99114965	     14.11234257	     25.10179139	     74.82355476	     -1.76992463	    -11.28207530	     13.87430670	     19.59421946	     82.64674510
     11.79000000	     -5.34180863	      0.74452201	     -1.03667778	     -0.31320889	      1.03411524	     -0.64035381	     19.77523144	     -5.46804144	     -0.15764402	     19.88222344	      0.34701026	      5.58572836	     -6.19654420	     -7.49999987	     20.03896776	     -0.35524461	     -3.81346863	     23.45964863	      0.40944811	      9.44505511	     -9.21436930	     -7.49999987	     -2.00020265	     -0.14168491	     -2.61801251	     -3.85079229	    -11.80367649	     14.07201533	     24.83740735	     74.89257626	     -2.04879050	    -11.18300903	     13.83400180	     19.33355208	     82.80099751
     11.80000000	     -5.45585427	      0.89063007	     -1.01535407	     -0.31040831	      1.03604194	     -0.64043190	     18.84977669	     -5.62746156	     -0.67631498	     18.13302781	      0.31648104	      4.93020073	     -5.57804825	     -7.49999987	     19.13786591	     -0.18665699	     -4.16172096	     21.73750668	      0.37939106	      8.73102737	     -8.51513141	     -7.49999987	     -1.46233376	     -0.25340799	     -2.68984541	     -4.00848393	    -11.70315099	     14.21662542	     24.86193696	     75.16678746	     -2.51223090	    -11.30629317	     14.00027148	     19.90736378	     83.10549824
     11.81000000	     -5.44862074	      0.95446405	     -0.90704383	     -0.30749219	      1.03860512	     -0.64183184	     17.83311181	     -5.73469288	     -1.33187200	     16.50850580	      0.28812778	      4.43444632	     -4.81689063	     -7.49999987	     18.16893227	     -0.03609848	     -4.22999235	     20.13056003	      0.35134455	      7.98204360	     -8.10216525	     -7.49999987	     -0.98295748	     -0.39036208	     -2.85762842	     -3.90134506	    -11.46331838	     14.03398474	     24.11859221	     74.54751842	     -2.42956832	    -11.05270564	     13.98404985	     19.05386352	     82.58809946
     11.82000000	     -5.57708293	      1.06305489	     -0.87475987	     -0.30503571	      1.04056706	     -0.64318446	     17.05589391	     -5.85085488	     -1.84650022	     15.01060628	      0.26198450	      3.88565793	     -4.19545031	     -7.49999987	     17.38649353	      0.13021913	     -4.42251630	     18.61099600	      0.32482316	      7.30326926	     -7.59197287	     -7.49999987	     -0.41202261	     -0.50920828	     -2.87832651	     -4.01519207	    -11.33598089	     13.92345144	     23.87226397	     73.74050963	     -2.61783158	    -10.95941689	     14.08227797	     18.92904871	     81.80604318
     11.83000000	     -5.72329896	      1.17153445	     -0.86107968	     -0.30313834	      1.04139648	     -0.64334786	     16.38693614	     -5.94352411	     -2.28021484	     13.63924042	      0.23804965	      3.36023212	     -3.65912402	     -7.49999987	     16.69701034	      0.29523179	     -4.57774866	     17.19927634	      0.30018400	      6.71376745	     -7.11301180	     -7.49999987	      0.14353472	     -0.62951801	     -2.87059362	     -4.09731075	    -11.23428561	     13.86049398	     23.61407304	     73.16755140	     -2.78811977	    -10.87392348	     14.21140504	     18.83780003	     81.30428557
     11.84000000	     -5.87311276	      1.27869683	     -0.86695470	     -0.30175153	      1.04142754	     -0.64305613	     15.80570927	     -6.02594381	     -2.69874110	     12.37973748	      0.21606718	      2.97564575	     -3.03253386	     -7.49999987	     16.09512417	      0.44952072	     -4.72536705	     15.91295971	      0.27773354	      6.25883597	     -6.59789410	     -7.49999987	      0.64121343	     -0.72656676	     -2.88826589	     -4.18655607	    -11.16914821	     13.95636590	     23.46842541	     72.84359718	     -3.04341356	    -10.85947849	     14.50929264	     18.96006538	     81.21620273
     11.85000000	     -5.98148355	      1.37659176	     -0.87315272	     -0.30092615	      1.04126857	     -0.64341241	     15.26468464	     -6.09731491	     -3.01410936	     11.21917123	      0.19581148	      2.55520405	     -2.60809827	     -7.49999987	     15.55236362	      0.60486822	     -4.78202085	     14.76567951	      0.25770972	      5.75297566	     -6.26451033	     -7.49999987	      1.05610173	     -0.84316304	     -2.89129284	     -4.16470841	    -11.11947566	     13.86063327	     23.27862863	     72.09836593	     -3.12294680	    -10.81329392	     14.60467261	     18.81192650	     80.46448013
     11.86000000	     -6.07735090	      1.46776424	     -0.90670497	     -0.29979044	      1.04098884	     -0.64357838	     14.76283239	     -6.15269259	     -3.24871146	     10.15371897	      0.17721583	      2.20859718	     -2.24631834	     -7.49999987	     15.06322949	      0.73411224	     -4.89263524	     13.74060725	      0.23981884	      5.40548831	     -5.83734330	     -7.49999987	      1.40814438	     -0.93699870	     -2.87678221	     -4.18145215	    -11.08125628	     13.90670436	     23.15445050	     71.28476340	     -3.25039416	    -10.82040535	     14.93382415	     18.86259833	     79.42709902
     11.87000000	     -6.19518888	      1.56921158	     -0.91447061	     -0.29774391	      1.04047236	     -0.64273002	     14.33772117	     -6.22625833	     -3.62629276	      9.22991002	      0.16109232	      2.04612388	     -1.65616661	     -7.49999987	     14.65082943	      0.87517318	     -4.95678562	     12.80762755	      0.22353527	      5.08009891	     -5.45715022	     -7.49999987	      1.78242781	     -1.05007877	     -2.84870628	     -4.21383370	    -11.03651770	     14.03841189	     23.01201965	     70.71568241	     -3.37269985	    -10.81027074	     15.26114519	     18.87263812	     78.85932304
     11.88000000	     -6.34836753	      1.64722352	     -0.93532103	     -0.29521328	      1.03973617	     -0.64151043	     13.98916697	     -6.24770216	     -3.88554240	      8.39394608	      0.14650200	      1.87158769	     -1.23289942	     -7.49999987	     14.30775726	      0.97912288	     -4.98888253	     11.96023652	      0.20874551	      4.83003694	     -5.09161793	     -7.49999987	      2.24562251	     -1.16300123	     -2.81857065	     -4.19595935	    -11.04640248	     14.62615672	     22.72693157	     69.75991328	     -3.51381284	    -10.91326137	     16.23302553	     18.85971966	     77.74129211
     11.89000000	     -6.32416331	      1.70075872	     -0.97889483	     -0.29339187	      1.03892592	     -0.64094768	     13.49324534	     -6.24016247	     -4.01557457	      7.61725698	      0.13294621	      1.66765145	     -1.01124584	     -7.49999987	     13.80537031	      1.05797772	     -4.95858265	     11.17579326	      0.19505439	      4.58950868	     -4.87482595	     -7.49999987	      2.41310163	     -1.22749444	     -2.72463882	     -4.32362799	    -11.01590890	     14.42120668	     22.86334889	     68.91159961	     -3.65462523	    -10.88384943	     16.18376515	     19.00862868	     76.58501845
     11.90000000	     -6.36086203	      1.74746730	     -1.02823803	     -0.29240318	      1.03779922	     -0.64102532	     13.15331999	     -6.23436128	     -4.20485955	      6.98811020	      0.12196553	      1.53787388	     -0.75997549	     -7.49999987	     13.44642612	      1.11150613	     -5.00565177	     10.54416914	      0.18403047	      4.43583062	     -4.59364453	     -7.49999987	      2.64935473	     -1.30806267	     -2.64974941	     -4.31411885	    -11.00032539	     14.53107632	     22.64684746	     68.68863173	     -3.72414134	    -10.89971544	     16.43387086	     18.96102124	     76.39819435
     11.91000000	     -6.64686955	      1.77774250	     -1.03324060	     -0.29133642	      1.03654019	     -0.64129600	     13.12639594	     -6.21783422	     -4.22905521	      6.47090931	      0.11293867	      1.41263469	     -0.73191464	     -7.49999987	     13.43957299	      1.15398261	     -4.92225400	     10.07381758	      0.17582129	      4.34579000	     -4.51530232	     -7.49999987	      3.19409809	     -1.35647413	     -2.58735456	     -4.53030052	    -11.02351058	     14.34036013	     22.83504757	     68.41889468	     -3.93234812	    -10.90457242	     16.26102703	     19.09753898	     75.99079755
     11.92000000	     -6.36323341	      1.79663638	     -1.04237977	     -0.29039412	      1.03649488	     -0.64114665	     12.50418761	     -6.21992470	     -4.51160841	      5.96651793	      0.10413538	      1.35290619	     -0.33339376	     -7.49999987	     12.82306316	      1.19795936	     -4.88346271	      9.57482158	      0.16711216	      4.23326011	     -4.26202742	     -7.49999987	      2.95064932	     -1.39352448	     -2.51501063	     -4.42134172	    -10.96935381	     14.38348957	     22.55123341	     68.10516507	     -3.82462395	    -10.92779474	     16.53845007	     19.04704398	     75.66230664
     11.93000000	     -6.65343225	      1.80252178	     -1.07080291	     -0.28976506	      1.03555769	     -0.64044570	     12.59301103	     -6.17960249	     -4.56212045	      5.62021728	      0.09809130	      1.27486770	     -0.27855906	     -7.49999987	     12.93291477	      1.20124669	     -4.80967136	      9.30854437	      0.16246475	      4.26352954	     -4.13781737	     -7.49999987	      3.40459078	     -1.42895373	     -2.42329959	     -4.72200005	    -11.03542216	     14.23018488	     22.89121359	     67.82178238	     -4.11897560	    -10.98867148	     16.41725236	     19.40059156	     75.21602227
     11.94000000	     -6.44937089	      1.80951169	     -1.07092302	     -0.28960648	      1.03517794	     -0.64026035	     12.17133666	     -6.16636004	     -4.79303371	      5.28897110	      0.09230996	      1.26847885	     -0.00036698	     -7.49999987	     12.52821016	      1.22067056	     -4.78247840	      9.03517402	      0.15769354	      4.30939891	     -3.90568297	     -7.49999987	      3.30048534	     -1.44400541	     -2.32843162	     -4.42275214	    -11.00491675	     14.94904962	     22.19471505	     67.88654242	     -3.83091258	    -11.07695079	     17.58284467	     18.97068967	     75.83843293
     11.95000000	     -6.65301511	      1.82638043	     -1.11139536	     -0.28896849	      1.03468836	     -0.64109035	     12.25350027	     -6.15092938	     -4.79483157	      5.07080856	      0.08850231	      1.22227724	     -0.02914356	     -7.49999987	     12.61078174	      1.23668683	     -4.70968228	      8.87356233	      0.15487288	      4.34685437	     -3.86498343	     -7.49999987	      3.61868589	     -1.45753572	     -2.25529880	     -4.64316404	    -11.07039044	     14.73430908	     22.54217984	     67.61002672	     -4.03243968	    -11.10485735	     17.36620788	     19.28826012	     75.38440236
     11.96000000	     -6.34889977	      1.84449711	     -1.12713224	     -0.28847445	      1.03569177	     -0.64214517	     11.78351432	     -6.16632462	     -4.88008545	      4.84051621	      0.08448295	      1.19764614	      0.08683448	     -7.49999987	     12.14032835	      1.27984923	     -4.59441896	      8.66053560	      0.15115486	      4.31277935	     -3.79136992	     -7.49999987	      3.31546468	     -1.48756099	     -2.16903414	     -4.46959967	    -11.04095161	     14.74065362	     22.19247240	     67.53716819	     -3.84239488	    -11.08791208	     17.49719049	     19.06247290	     75.40449834
     11.97000000	     -6.41447534	      1.86080453	     -1.19739032	     -0.28865672	      1.03615074	     -0.64242787	     12.04232882	     -6.18804536	     -4.74321825	      5.20024760	      0.09076144	      1.30798338	     -0.12264511	     -7.49999987	     12.31081976	      1.27031862	     -4.54801060	      8.89569162	      0.15525911	      4.49679408	     -3.80186097	     -7.49999987	      3.07370533	     -1.45323416	     -2.13384463	     -5.08860976	    -11.09918634	     12.91430341	     24.11560585	     65.27474850	     -4.55620662	    -11.22413119	     16.20097783	     21.22639147	     71.19274147
     11.98000000	     -6.28848154	      1.85609223	     -1.17110680	     -0.28756065	      1.03683256	     -0.64251469	     11.57595937	     -6.17410185	     -4.99869975	      4.62873514	      0.08078667	      1.21974863	      0.25872647	     -7.49999987	     11.92583876	      1.29361642	     -4.46368735	      8.49266505	      0.14822497	      4.43407673	     -3.60009304	     -7.49999987	      3.34130871	     -1.47416217	     -1.97274839	     -4.42835067	    -11.14044115	     15.13261207	     22.00956385	     66.65702756	     -3.65617267	    -11.18566580	     18.96540579	     19.01481837	     73.61207480
     11.99000000	     -6.37767446	      1.85396294	     -1.20167854	     -0.28700082	      1.03683343	     -0.64286548	     11.67423593	     -6.17289549	     -4.96893614	      4.63908144	      0.08096725	      1.26590970	      0.23190638	     -7.49999987	     12.00945778	      1.28834865	     -4.40529141	      8.53583484	      0.14897842	      4.51395318	     -3.59074022	     -7.49999987	      3.46458214	     -1.44017054	     -1.94978098	     -4.52710731	    -11.23852638	     15.03449494	     22.20633695	     66.57069019	     -3.73954967	    -11.20183601	     18.86578783	     19.23238300	     73.46298782
     12.00000000	     -6.15070544	      1.81177695	     -1.17716616	     -0.28746816	      1.03734939	     -0.64318786	     11.41221337	     -6.15149853	     -5.05725229	      4.60736262	      0.08041365	      1.27020192	      0.39765230	     -7.49999987	     11.75272094	      1.25940315	     -4.32272823	      8.54106287	      0.14906967	      4.62143613	     -3.42234596	     -7.49999987	      3.15896051	     -1.37681249	     -1.87362394	     -4.44373080	    -11.22714270	     14.80845760	     22.03978320	     66.42081295	     -3.56754652	    -11.16085273	     18.87228937	     19.17811083	     73.38975920
     12.01000000	     -6.24119155	      1.79401182	     -1.15105484	     -0.28890810	      1.03688415	     -0.64295023	     11.57163398	     -6.14768298	     -5.03059740	      4.69775470	      0.08199129	      1.27981971	      0.33615393	     -7.49999987	     11.90951868	      1.24313402	     -4.26135391	      8.66240374	      0.15118747	      4.71523610	     -3.40236725	     -7.49999987	      3.20330511	     -1.33666992	     -1.83336013	     -4.54145478	    -11.28373551	     14.68771359	     22.29571452	     66.31833867	     -3.64357354	    -11.17565177	     18.73737929	     19.44687727	     73.20320321
     12.02000000	     -5.98651021	      1.76347973	     -1.15210552	     -0.29055087	      1.03627411	     -0.64269760	     11.39610591	     -6.14051210	     -5.17968074	      4.80894018	      0.08393184	      1.34886072	      0.39837658	     -7.49999987	     11.72109705	      1.21700814	     -4.18778594	      8.80353974	      0.15365075	      4.86904139	     -3.31167915	     -7.49999987	      2.80214662	     -1.29999992	     -1.83574121	     -4.35857391	    -11.32115313	     14.65407442	     22.12864686	     66.29181122	     -3.40224238	    -11.20977169	     18.88031496	     19.44394174	     73.20768486
     12.03000000	     -5.94643086	      1.74976131	     -1.18667758	     -0.29120242	      1.03565268	     -0.64304752	     11.49824687	     -6.13773772	     -5.15101601	      4.99233257	      0.08713264	      1.40946871	      0.32559133	     -7.49999987	     11.77829703	      1.19615855	     -4.19232480	      8.97326054	      0.15661294	      5.03187857	     -3.21563959	     -7.49999987	      2.66354094	     -1.26698411	     -1.74005404	     -4.31324316	    -11.37089937	     14.60816956	     22.17622370	     66.27741067	     -3.27594144	    -11.21588238	     18.97989135	     19.51162461	     73.21922516
     12.04000000	     -5.86884163	      1.72714588	     -1.20150915	     -0.29110633	      1.03572757	     -0.64350738	     11.55865751	     -6.13165834	     -5.18460667	      5.18314200	      0.09046289	      1.46919362	      0.29984797	     -7.49999987	     11.80706876	      1.16970252	     -4.17277475	      9.15689039	      0.15981789	      5.20635967	     -3.12156900	     -7.49999987	      2.47678662	     -1.21387155	     -1.65253470	     -4.28424447	    -11.42342725	     14.59257285	     22.22965345	     66.30210974	     -3.16334940	    -11.22419578	     19.06266764	     19.62501590	     73.29370901
     12.05000000	     -5.86500503	      1.71266294	     -1.21449437	     -0.29131019	      1.03570212	     -0.64318706	     11.72511638	     -6.13117333	     -5.19405221	      5.41538545	      0.09451631	      1.54225821	      0.24852491	     -7.49999987	     11.93994276	      1.14058646	     -4.19890853	      9.36599302	      0.16346742	      5.38449678	     -2.98552179	     -7.49999987	      2.36549008	     -1.19373371	     -1.54726061	     -4.25808512	    -11.48075358	     14.67609777	     22.21282818	     66.39461837	     -3.02115324	    -11.24057920	     19.33919027	     19.61010389	     73.47588384
     12.06000000	     -5.80397377	      1.69300841	     -1.22056916	     -0.29265143	      1.03536882	     -0.64233483	     11.82485155	     -6.11702656	     -5.21095700	      5.61843046	      0.09806011	      1.56246870	      0.13735832	     -7.49999987	     12.01915505	      1.10571014	     -4.17832722	      9.55912367	      0.16683818	      5.51343752	     -2.91419882	     -7.49999987	      2.13765531	     -1.17449550	     -1.46880723	     -4.26101564	    -11.53615444	     14.58282109	     22.46144714	     66.31705252	     -2.96270385	    -11.29377760	     19.25489510	     19.89273231	     73.33279462
     12.07000000	     -5.80385135	      1.70225216	     -1.25945430	     -0.29491617	      1.03482574	     -0.64164107	     12.03529532	     -6.12539684	     -5.15175726	      5.85063596	      0.10211286	      1.57894066	     -0.00612472	     -7.49999987	     12.17287873	      1.08226122	     -4.26206011	      9.74933532	      0.17015800	      5.61211706	     -2.78385230	     -7.49999987	      1.94703747	     -1.19353359	     -1.39766180	     -4.29633237	    -11.58793464	     14.44340648	     22.82226931	     66.14726146	     -2.96134919	    -11.38532499	     19.14191222	     20.32978401	     72.98280695
     12.08000000	     -5.79729031	      1.65414425	     -1.25451856	     -0.29714313	      1.03436500	     -0.64139567	     12.25082835	     -6.09537175	     -5.21089116	      6.09813122	      0.10643247	      1.73050854	      0.14038351	     -7.49999987	     12.36483521	      1.01198504	     -4.27003139	     10.02833278	      0.17502743	      5.87225803	     -2.63735134	     -7.49999987	      1.75170746	     -1.13036631	     -1.36233532	     -4.21205286	    -11.66076521	     14.47795115	     22.89517584	     66.17953096	     -2.81011782	    -11.44117054	     19.21863270	     20.43726547	     72.99694812
     12.09000000	     -5.79667067	      1.64887793	     -1.29222438	     -0.29867395	      1.03384561	     -0.64129040	     12.49526445	     -6.10302028	     -5.24484237	      6.36786407	      0.11114019	      1.90355351	      0.21472763	     -7.49999987	     12.55487112	      0.97529954	     -4.36769575	     10.31351992	      0.18000488	      6.11492659	     -2.45067049	     -7.49999987	      1.57514255	     -1.14051395	     -1.28055919	     -4.06062473	    -11.67856506	     14.69453092	     22.86530280	     66.38061860	     -2.54179312	    -11.45333184	     19.52669333	     20.33677891	     73.27443023
     12.10000000	     -6.04937400	      1.63830859	     -1.28518241	     -0.29968928	      1.03283771	     -0.64155468	     13.00228841	     -6.09781746	     -5.17659285	      6.63490069	      0.11580086	      1.99851156	      0.08683024	     -7.49999987	     13.04579005	      0.94249169	     -4.37564281	     10.64469747	      0.18578502	      6.24283368	     -2.48446831	     -7.49999987	      1.63325993	     -1.12270611	     -1.24723771	     -4.21296391	    -11.76713668	     14.47762771	     23.51579307	     66.15171931	     -2.67372246	    -11.54563762	     19.25488078	     20.95182474	     72.82868552
     12.11000000	     -5.79566726	      1.63413698	     -1.30331033	     -0.30066206	      1.03274026	     -0.64190922	     12.92661576	     -6.11068707	     -5.23891033	      6.83261722	      0.11925167	      2.12450939	      0.12440657	     -7.49999987	     12.94797745	      0.91928361	     -4.43832128	     10.91439856	      0.19049219	      6.62555920	     -2.13763197	     -7.49999987	      1.18329490	     -1.15761036	     -1.17384918	     -3.97187021	    -11.78265300	     14.61474140	     23.34406917	     66.25353742	     -2.35239297	    -11.54500934	     19.47357814	     20.76275434	     72.94700214
     12.12000000	     -5.77897435	      1.63380470	     -1.28667123	     -0.30163713	      1.03281334	     -0.64225341	     13.11553757	     -6.13284804	     -5.26189274	      7.07039577	      0.12340169	      2.28175219	      0.13759635	     -7.49999987	     13.11952045	      0.89071456	     -4.48500628	     11.20588904	      0.19557966	      6.91116194	     -1.90924448	     -7.49999987	      0.98438044	     -1.16060804	     -1.11082395	     -3.88327294	    -11.82734721	     14.82123455	     23.39195157	     66.44489227	     -2.13598516	    -11.58933593	     19.71100889	     20.80019497	     73.22830190
     12.13000000	     -5.87686637	      1.65059068	     -1.27892695	     -0.30265990	      1.03276598	     -0.64263437	     13.45219153	     -6.17540956	     -5.20144292	      7.35405074	      0.12835240	      2.43582793	      0.08579302	     -7.49999987	     13.42433917	      0.88879135	     -4.49711282	     11.52340124	      0.20112129	      7.13782242	     -1.85636270	     -7.49999987	      0.90289007	     -1.17577663	     -1.03308870	     -3.87393028	    -11.94848058	     15.18310683	     23.57837661	     66.76483243	     -2.02554462	    -11.68714222	     20.26713639	     20.95855105	     73.23843119
     12.14000000	     -5.86664116	      1.60642271	     -1.24302196	     -0.30394620	      1.03210698	     -0.64292726	     13.66317207	     -6.16297988	     -5.24465424	      7.62180638	      0.13302562	      2.56531922	      0.03786846	     -7.49999987	     13.63419477	      0.82922633	     -4.52710714	     11.87487629	      0.20725569	      7.36276674	     -1.69498688	     -7.49999987	      0.64089112	     -1.12502456	     -1.01522180	     -3.92517008	    -12.04532833	     15.07122017	     24.05801077	     66.67921594	     -2.08014474	    -11.79065490	     20.15950286	     21.54351633	     73.10217365
     12.15000000	     -6.02550888	      1.56522121	     -1.25007507	     -0.30551610	      1.03052891	     -0.64273762	     14.13203634	     -6.14483689	     -5.20458318	      8.00017044	      0.13962931	      2.65576102	     -0.04269695	     -7.49999987	     14.03719429	      0.76728184	     -4.50168710	     12.21359151	      0.21316739	      7.36014779	     -1.72057189	     -7.49999987	      0.46351334	     -1.05632848	     -0.99814076	     -3.96095819	    -12.08526838	     14.97226314	     24.53473937	     66.55511592	     -2.11999569	    -11.85312156	     20.02887802	     22.02960686	     72.87089155
     12.16000000	     -6.14259357	      1.54796894	     -1.24204813	     -0.30670458	      1.02932830	     -0.64221597	     14.51655748	     -6.15042596	     -5.14327154	      8.36287791	      0.14595975	      2.88800910	     -0.17460968	     -7.49999987	     14.43318639	      0.73046567	     -4.48034186	     12.67009408	      0.22113486	      7.73956199	     -1.81078643	     -7.49999987	      0.46424151	     -1.05094207	     -0.95577393	     -4.11870001	    -12.21406969	     14.80797159	     25.03544924	     66.36824911	     -2.28210882	    -11.91983552	     19.81789512	     22.52138071	     72.52299684
     12.17000000	     -5.88156952	      1.49421263	     -1.24637330	     -0.30784316	      1.02945939	     -0.64178387	     14.47952209	     -6.12864683	     -5.18355909	      8.70481832	      0.15192774	      3.15744759	     -0.12632469	     -7.49999987	     14.41252921	      0.61723018	     -4.69115228	     13.08501271	      0.22837655	      8.31145826	     -1.22425221	     -7.49999987	     -0.05927746	     -1.01321254	     -0.85381288	     -3.87589990	    -12.21478769	     14.94526443	     24.79085569	     66.45472346	     -1.94976198	    -11.90132473	     19.86690520	     22.32722927	     72.60030724
     12.18000000	     -6.00227715	      1.47797153	     -1.26775221	     -0.30857002	      1.02913987	     -0.64189252	     14.86598955	     -6.13102992	     -5.11974710	      9.07478565	      0.15838489	      3.35018100	     -0.16548857	     -7.49999987	     14.74931537	      0.56858579	     -4.71088229	     13.40857612	      0.23402380	      8.51763365	     -1.14971730	     -7.49999987	     -0.07713997	     -1.00024807	     -0.78287563	     -3.80302429	    -12.36835357	     15.62370393	     24.90198461	     66.92132453	     -1.86988327	    -12.00124075	     20.44444013	     22.35852715	     73.09667242
     12.19000000	     -6.44341157	      1.40963624	     -1.27364078	     -0.30953005	      1.02784014	     -0.64217412	     15.75732218	     -6.08778823	     -5.00969878	      9.74385263	      0.17006231	      3.55522348	     -0.38750784	     -7.49999987	     15.59511965	      0.44708666	     -4.66760375	     14.04559754	      0.24514192	      8.64139707	     -1.29459157	     -7.49999987	      0.09148618	     -0.88800603	     -0.73935263	     -4.22739495	    -12.57024391	     15.27648313	     26.20795064	     66.46940468	     -2.31840212	    -12.20517652	     20.01564063	     23.67823272	     72.29767130
     12.20000000	     -6.02179052	      1.36437183	     -1.22660055	     -0.31002711	      1.02817379	     -0.64194804	     15.34384798	     -6.08054204	     -5.16432391	      9.72133736	      0.16966934	      3.63517818	     -0.26025603	     -7.49999987	     15.19098775	      0.40235467	     -4.68607689	     14.06943767	      0.24555801	      8.81791975	     -0.94766281	     -7.49999987	     -0.54421896	     -0.86490112	     -0.69795969	     -3.92613674	    -12.45062963	     15.28015739	     25.64072962	     66.48397494	     -2.01897409	    -12.10174955	     19.99307281	     23.22035144	     72.32410954
     12.21000000	     -6.01358243	      1.35259037	     -1.31678781	     -0.31094992	      1.02811494	     -0.64090033	     15.62220663	     -6.06640775	     -4.98476477	     10.09528875	      0.17619603	      3.81451210	     -0.35373007	     -7.49999987	     15.39938977	      0.32624441	     -4.85903196	     14.39717427	      0.25127809	      9.01604549	     -0.74336939	     -7.49999987	     -0.78112899	     -0.86328455	     -0.58552361	     -3.90129476	    -12.46925770	     15.24637777	     25.88827653	     66.38124679	     -2.03988886	    -12.14204031	     19.85139900	     23.49653404	     72.08408926
     12.22000000	     -6.09987022	      1.30788790	     -1.33362941	     -0.31200196	      1.02799119	     -0.63991560	     15.98490932	     -6.02839139	     -4.92481521	     10.44519029	      0.18230296	      3.89584976	     -0.43347319	     -7.49999987	     15.73822230	      0.23769296	     -4.88945250	     14.75041118	      0.25744324	      9.24150595	     -0.59477592	     -7.49999987	     -0.89772223	     -0.83837000	     -0.51057739	     -3.91093235	    -12.52499737	     15.40931397	     26.06597308	     66.43064030	     -2.06067161	    -12.18774720	     19.89780800	     23.69980461	     72.08587847
     12.23000000	     -6.28437532	      1.28291094	     -1.36565347	     -0.31316707	      1.02735881	     -0.63960519	     16.48725559	     -6.00683440	     -4.86404011	     10.83482058	      0.18910329	      3.94006250	     -0.56436299	     -7.49999987	     16.22196775	      0.16200756	     -4.93960406	     15.15416515	      0.26449008	      9.44185597	     -0.49195550	     -7.49999987	     -0.87808433	     -0.81626177	     -0.44643722	     -3.92334068	    -12.69352704	     16.11704350	     26.31297110	     67.11868805	     -2.09447581	    -12.32666406	     20.27530519	     23.92573942	     73.15549667
     12.24000000	     -6.32475271	      1.24193627	     -1.41035210	     -0.31436089	      1.02645064	     -0.64003018	     16.87743392	     -5.98680381	     -4.82025550	     11.28813755	      0.19701517	      4.03547924	     -0.64783280	     -7.49999987	     16.61918934	      0.06021831	     -5.01072152	     15.67762507	      0.27362618	      9.66138102	     -0.40657529	     -7.49999987	     -1.13725352	     -0.78197051	     -0.36504204	     -4.00112002	    -12.71291301	     15.84992940	     26.76286175	     66.84613304	     -2.20623170	    -12.36522665	     19.89769006	     24.43334939	     72.69815941
     12.25000000	     -6.38780285	      1.18571016	     -1.43693880	     -0.31526041	      1.02469291	     -0.64065521	     17.37300503	     -5.97079954	     -4.78228938	     11.89736863	      0.20764825	      4.16850154	     -0.80901361	     -7.49999987	     17.16357469	     -0.06885850	     -5.09748042	     16.42269300	      0.28663006	     10.05109644	     -0.30283886	     -7.49999987	     -1.37088070	     -0.70981040	     -0.32521287	     -4.06625168	    -12.78942006	     15.76457919	     27.16060374	     66.69752458	     -2.29699517	    -12.39321278	     19.68322080	     24.87681069	     72.39511839
     12.26000000	     -6.62401453	      1.12549236	     -1.50203204	     -0.31593611	      1.02140400	     -0.64088639	     18.16008112	     -5.94153212	     -4.64812427	     12.67341672	      0.22119285	      4.32367221	     -1.06113232	     -7.49999987	     17.99457029	     -0.22468968	     -5.21971825	     17.35441664	      0.30289171	     10.46346171	     -0.26774262	     -7.49999987	     -1.37574236	     -0.63288548	     -0.23491379	     -4.09269212	    -12.90838906	     15.94783771	     27.43240353	     67.23317371	     -2.34102930	    -12.41063811	     19.48553437	     25.10114198	     73.10283968
     12.27000000	     -6.72719134	      1.04036385	     -1.54206470	     -0.31736005	      1.01764326	     -0.64061269	     18.86548226	     -5.90372365	     -4.56797754	     13.55062561	      0.23650303	      4.62526750	     -1.25718406	     -7.49999987	     18.77442000	     -0.41283498	     -5.36264399	     18.43985157	      0.32183612	     11.00484661	     -0.16150757	     -7.49999987	     -1.62286830	     -0.53331450	     -0.16886167	     -4.16370620	    -13.04604057	     15.92150763	     27.96706155	     67.58931999	     -2.43696759	    -12.47241181	     19.15252803	     25.65363404	     73.61463594
     12.28000000	     -6.86301134	      0.94668162	     -1.55520836	     -0.32002920	      1.01463799	     -0.63996697	     19.67564512	     -5.86481404	     -4.48568672	     14.52647582	      0.25353483	      4.93397985	     -1.53545869	     -7.49999987	     19.67438395	     -0.62321471	     -5.47372366	     19.65079578	      0.34297109	     11.52969663	     -0.09596626	     -7.49999987	     -1.88006749	     -0.42696531	     -0.11574455	     -4.17248143	    -13.15620103	     16.10274228	     28.44613734	     67.18128957	     -2.43875374	    -12.57433543	     19.23258165	     26.17570536	     72.96836346
     12.29000000	     -7.19098332	      0.89085932	     -1.59793210	     -0.32257740	      1.01231965	     -0.63919182	     20.78252276	     -5.85447264	     -4.35517169	     15.65836324	      0.27328999	      5.31782756	     -1.83949112	     -7.49999987	     20.80226150	     -0.77707177	     -5.42963241	     20.89184887	      0.36463155	     11.88621259	     -0.52771384	     -7.49999987	     -2.00756153	     -0.34691415	     -0.07544231	     -4.68133813	    -13.47458615	     15.80031409	     30.22888723	     66.65435013	     -2.96969056	    -12.91328517	     18.87195684	     28.03039886	     72.05309074
     12.30000000	     -6.89303160	      0.73671189	     -1.64582482	     -0.32413342	      1.01066477	     -0.63821690	     21.19725781	     -5.73860973	     -4.18436519	     16.75666651	      0.29245900	      5.68979531	     -2.20080573	     -7.49999987	     21.31087408	     -1.09815766	     -5.65099545	     22.27741564	      0.38881425	     12.76195945	     -0.02663406	     -7.49999987	     -2.79402921	     -0.22641535	      0.06941006	     -4.29857796	    -13.40582281	     15.78711169	     29.92247895	     66.62373287	     -2.46405443	    -12.80823027	     18.65489079	     27.76300163	     71.97973245
     12.31000000	     -6.98831511	      0.62100329	     -1.65845742	     -0.32560756	      1.00691769	     -0.63748108	     22.14995789	     -5.68341748	     -4.08383431	     18.07284852	      0.31543071	      6.09429101	     -2.60644952	     -7.49999987	     22.32873127	     -1.34631637	     -5.68912575	     23.78535080	      0.41513269	     13.34505397	     -0.14339600	     -7.49999987	     -3.18550304	     -0.10623917	      0.10761015	     -4.33128870	    -13.41954075	     15.20560554	     30.48444923	     66.75509005	     -2.44748151	    -12.79911291	     17.72791406	     28.39107344	     72.09526795
     12.32000000	     -7.35278268	      0.55931326	     -1.79181707	     -0.32960948	      1.00155481	     -0.63708014	     23.63604552	     -5.61910920	     -3.72756937	     19.71746699	      0.34413472	      6.65516537	     -3.17645226	     -7.49999987	     23.80734354	     -1.64910366	     -5.92936909	     25.57168491	      0.44631010	     14.16668405	     -0.05808747	     -7.49999987	     -3.27885276	     -0.08948445	      0.28972965	     -4.21406846	    -13.71729301	     16.25183325	     30.93669056	     67.64869962	     -2.23934962	    -13.04982343	     18.24601018	     28.73753063	     73.49211206
     12.33000000	     -7.67546921	      0.44287537	     -1.86407882	     -0.33612194	      0.99647935	     -0.63754246	     25.19290809	     -5.54650020	     -3.51748450	     21.48737500	      0.37502544	      7.23045455	     -3.71589606	     -7.49999987	     25.39257090	     -1.97617133	     -6.00632558	     27.52968478	      0.48048364	     15.02853980	     -0.07488169	     -7.49999987	     -3.64431236	      0.01513227	      0.39939115	     -4.18709913	    -13.81133274	     15.84516350	     31.69913498	     67.85995705	     -2.13718895	    -13.11228842	     17.37744004	     29.59496080	     73.80952714
     12.34000000	     -7.86753321	      0.34569318	     -1.87527560	     -0.34270514	      0.99248174	     -0.63794611	     26.68500875	     -5.53619732	     -3.37658399	     23.34516876	      0.40745006	      7.94580126	     -4.13555649	     -7.49999987	     26.91220332	     -2.19666612	     -5.81516341	     29.50640051	      0.51498384	     15.73314248	     -0.50855758	     -7.49999987	     -4.38724734	      0.08382082	      0.40420746	     -4.28188866	    -14.03520906	     15.45130138	     33.25309224	     67.29238072	     -2.11151226	    -13.39772997	     16.88449260	     31.20950287	     72.85599857
     12.35000000	     -8.15222920	      0.22987162	     -1.92819232	     -0.34744500	      0.98834896	     -0.63744770	     28.34947894	     -5.43976768	     -3.05955915	     25.31416406	      0.44181551	      8.58398289	     -4.67509129	     -7.49999987	     28.58622662	     -2.58590134	     -6.00668094	     31.59530089	      0.55144203	     16.76543010	     -0.04554818	     -7.49999987	     -4.88810445	      0.15465964	      0.63491648	     -3.91636499	    -14.09830353	     15.54648847	     33.48154760	     67.41028010	     -1.51805456	    -13.48545909	     16.68510944	     31.49928027	     72.91421412
     12.36000000	     -8.38639903	      0.12446281	     -1.90918537	     -0.35093219	      0.98286192	     -0.63741309	     30.01859154	     -5.40000657	     -2.78340003	     27.41450717	      0.47847341	      9.40885915	     -5.18662138	     -7.49999987	     30.22628310	     -2.81696821	     -5.81867412	     33.66758350	      0.58761018	     17.56908316	     -0.31289966	     -7.49999987	     -5.52043696	      0.21545494	      0.78388232	     -3.64511870	    -14.34576732	     15.56635813	     34.21804540	     69.63547009	     -1.04337640	    -13.65044731	     16.11017321	     32.21239348	     76.20738365
     12.37000000	     -8.61874260	      0.01889841	     -1.90893364	     -0.35432819	      0.97592638	     -0.63741951	     31.78901181	     -5.34841182	     -2.48110951	     29.71194366	      0.51857124	     10.22412351	     -5.76202328	     -7.49999987	     31.90506020	     -3.07144348	     -5.68945641	     35.88250764	      0.62626790	     18.50178088	     -0.45113977	     -7.49999987	     -6.23852568	      0.27799241	      0.92450881	     -3.45300413	    -14.47280060	     14.96584453	     35.12096282	     70.09169620	     -0.69836555	    -13.71046756	     15.05054290	     33.31668179	     76.67306888
     12.38000000	     -8.86998688	     -0.05803870	     -1.90282863	     -0.35793600	      0.96904281	     -0.63634600	     33.63433085	     -5.31063292	     -2.16254834	     32.15614982	      0.56123069	     11.19899769	     -6.28585785	     -7.49999987	     33.58292786	     -3.27605958	     -5.48410411	     38.07558437	      0.66454431	     19.43229934	     -0.65435645	     -7.49999987	     -6.87338957	      0.30093421	      1.08349753	     -3.24795591	    -14.64491398	     14.80623137	     36.01871981	     70.50921589	     -0.30425825	    -13.89183372	     14.54427571	     34.38275291	     77.00544537
     12.39000000	     -8.81304951	     -0.14283530	     -1.81662239	     -0.36230112	      0.96339199	     -0.63485602	     35.15036988	     -5.30091542	     -1.90704541	     34.62234087	      0.60427384	     12.10563833	     -6.84768614	     -7.49999987	     34.94674048	     -3.40507743	     -5.13676644	     40.24455569	      0.70240000	     20.22065915	     -1.17472119	     -7.49999987	     -8.05414813	      0.31540243	      1.13569348	     -3.07013475	    -14.87852916	     14.52142883	     37.42956402	     69.82621442	      0.07808062	    -14.20704106	     14.15172107	     35.96629567	     75.93116392
     12.40000000	     -9.17619382	     -0.08628890	     -1.86620660	     -0.36743322	      0.95679362	     -0.63378883	     37.27482726	     -5.30318800	     -1.44080576	     37.28697360	      0.65078046	     13.13017747	     -7.24002809	     -7.49999987	     36.78477931	     -3.60126895	     -5.16789160	     42.51053451	      0.74194879	     21.34139088	     -0.87064096	     -7.49999987	     -8.59841894	      0.10041031	      1.46680029	     -2.82916316	    -15.01402785	     14.49492603	     38.17440995	     69.70682799	      0.65761945	    -14.47087059	     13.87026367	     37.06366484	     75.58698978
     12.41000000	     -9.47189458	     -0.08205724	     -1.79296676	     -0.37289256	      0.94921886	     -0.63362369	     39.32464702	     -5.33147621	     -1.10911747	     39.93479856	      0.69699372	     14.08288625	     -7.71309949	     -7.49999987	     38.60767660	     -3.68619937	     -4.89210935	     44.76122789	      0.78123080	     22.12094666	     -1.30459328	     -7.49999987	     -9.28479522	     -0.00972102	      1.58833180	     -2.48443488	    -15.19082183	     14.35812876	     38.93130958	     70.26405421	      1.27131457	    -14.80220815	     13.57635380	     38.14053278	     75.97918118
     12.42000000	     -9.63309323	     -0.01011633	     -1.77449624	     -0.37753325	      0.94162832	     -0.63300280	     41.25853429	     -5.35184340	     -0.65453873	     42.60728618	      0.74363743	     15.05192659	     -8.15252902	     -7.49999987	     40.29009332	     -3.79565033	     -4.82071144	     47.02924661	      0.82081520	     23.02242535	     -1.37542392	     -7.49999987	    -10.22198360	     -0.23611006	      1.76509815	     -2.30971065	    -15.32294445	     13.79921091	     40.07845760	     70.48846376	      1.71960083	    -15.08541625	     12.82752637	     39.71443233	     75.94868345
     12.43000000	     -9.78492715	      0.00702356	     -1.66731257	     -0.38131312	      0.93514749	     -0.63235353	     43.11246662	     -5.37572350	     -0.32768833	     45.21452363	      0.78914231	     15.98663028	     -8.53071313	     -7.49999987	     41.99462083	     -3.82484182	     -4.52734792	     49.27525901	      0.86001551	     23.70805413	     -1.80758395	     -7.49999987	    -11.13669939	     -0.36444662	      1.98644266	     -2.28873332	    -15.41512739	     12.30704358	     41.34769955	     76.03717632	      2.26389162	    -15.25204651	     11.46401371	     41.09007469	     82.27370009
     12.44000000	     -9.61728893	     -0.01475593	     -1.51053263	     -0.38530482	      0.92999863	     -0.63182802	     44.50726092	     -5.36627449	     -0.01412574	     47.62223633	      0.83116482	     16.65544151	     -9.10722998	     -7.49999987	     43.32172819	     -3.83592679	     -4.17520198	     51.38911329	      0.89690923	     24.27918846	     -2.26940837	     -7.49999987	    -12.47455173	     -0.43059470	      1.95758074	     -1.93584950	    -15.63252357	     11.94635683	     42.62720773	     75.10654762	      2.83210362	    -15.56829924	     10.99970100	     42.57288577	     81.12077504
     12.45000000	    -10.05198897	      0.17158715	     -1.47202195	     -0.38963111	      0.92355121	     -0.63071458	     46.59075691	     -5.44490544	      0.43540590	     50.06352746	      0.87377339	     17.56698649	     -9.05925388	     -7.49999987	     45.21004703	     -3.80067124	     -4.09803260	     53.40083659	      0.93202042	     24.90075745	     -2.36539010	     -7.49999987	    -12.92383399	     -0.80008218	      2.16058010	     -1.67751062	    -15.84758772	     12.01280151	     43.34871383	     74.83723402	      3.41046728	    -15.95601370	     11.04490403	     43.78554218	     80.57011000
     12.46000000	     -9.88689485	      0.13378233	     -1.30261669	     -0.39404536	      0.91818324	     -0.62925381	     47.76551932	     -5.38240250	      0.69686305	     52.12690718	      0.90978616	     18.08930835	     -9.47116986	     -7.49999987	     46.38128347	     -3.80031137	     -3.71948367	     55.21966209	      0.96376492	     25.35857566	     -2.78257089	     -7.49999987	    -14.25639579	     -0.84481080	      2.11327569	     -1.32579959	    -16.10768837	     11.71662883	     44.55357800	     73.99320475	      3.99183790	    -16.29324785	     10.68900962	     45.18671880	     79.44860954
     12.47000000	     -9.78200840	      0.12087575	     -1.14518758	     -0.39768759	      0.91253113	     -0.62794649	     48.92672413	     -5.30708390	      0.98387824	     54.10106668	      0.94424174	     18.65836583	     -9.76089573	     -7.49999987	     47.52067772	     -3.79093356	     -3.39503255	     56.92302174	      0.99349415	     25.82227602	     -3.17665102	     -7.49999987	    -15.43546445	     -0.93832548	      2.13293391	     -0.90311770	    -16.33318257	     11.52117578	     45.42621440	     73.44070955	      4.62912394	    -16.58981919	     10.44281802	     46.27302591	     78.66290244
     12.48000000	    -10.32517461	      0.40636575	     -1.19625347	     -0.40070292	      0.90440145	     -0.62749291	     50.91926710	     -5.33748784	      1.52762071	     56.22173738	      0.98125443	     19.54880253	     -9.57276603	     -7.49999987	     49.25151719	     -3.71587076	     -3.47504944	     58.59745954	      1.02271860	     26.47047113	     -3.16567902	     -7.49999987	    -15.66682896	     -1.42604608	      2.39526274	     -0.79940867	    -16.55477456	     11.38617119	     46.13272101	     73.72812784	      5.01118325	    -17.01431631	     10.40316072	     47.62495833	     78.65227564
     12.49000000	    -10.36473910	      0.36286571	     -1.09306181	     -0.40411685	      0.89593566	     -0.62820777	     52.22627323	     -5.23282941	      1.74957475	     58.15320523	      1.01496490	     20.04675567	     -9.91967775	     -7.49999987	     50.51184623	     -3.67092695	     -3.09199544	     60.29888155	      1.05241402	     26.82664022	     -3.85509250	     -7.49999987	    -16.61348823	     -1.42732252	      2.67927299	     -0.86347018	    -16.63399376	      9.40349777	     47.26355522	     82.31964806	      5.65067260	    -17.11663225	      9.51871435	     48.59062358	     86.69999984
     12.50000000	    -10.47059825	      0.40303740	     -1.05116067	     -0.40780269	      0.88776579	     -0.62871826	     53.60482569	     -5.14277369	      2.07309579	     60.05618910	      1.04817824	     20.66623423	    -10.11953544	     -7.49999987	     51.78029073	     -3.60921888	     -2.85053194	     61.91852666	      1.08068216	     27.26551897	     -4.32017070	     -7.49999987	    -17.32806766	     -1.51436810	      2.69486216	     -0.49832457	    -17.06365703	      9.68678211	     48.06651199	     81.67665032	      6.07618442	    -17.49187312	      9.62479924	     49.72599446	     85.59897132
     12.51000000	    -10.51037359	      0.44700286	     -1.00040428	     -0.41192504	      0.88110960	     -0.62880040	     54.84380441	     -5.07157335	      2.36310692	     61.82816365	      1.07910503	     21.21935101	    -10.21290885	     -7.49999987	     52.92814344	     -3.52657699	     -2.59684061	     63.43685154	      1.10718193	     27.69845192	     -4.71504673	     -7.49999987	    -18.16838894	     -1.59936949	      2.79705770	     -0.28816243	    -17.46047230	      9.53242536	     49.05358871	     81.35415865	      6.48479028	    -17.72622598	      9.39796565	     50.92480656	     85.19602269
     12.52000000	    -10.59716009	      0.51616589	     -0.92763826	     -0.41658022	      0.87467964	     -0.62854680	     56.11149579	     -5.03176702	      2.63560743	     63.50750685	      1.10841509	     21.64061131	    -10.38594640	     -7.49999987	     54.12735774	     -3.41682147	     -2.37500433	     64.89774293	      1.13267929	     28.04316433	     -5.15810169	     -7.49999987	    -18.95252234	     -1.68018809	      2.80135139	     -0.01099327	    -17.80388665	      9.40469106	     50.07446833	     81.63983450	      6.90333309	    -18.06778729	      9.32172164	     52.02122847	     85.39977917
     12.53000000	    -10.55535946	      0.51970792	     -0.84896217	     -0.42112811	      0.86745355	     -0.62811968	     57.22000846	     -4.92701307	      2.87667022	     65.12958958	      1.13672578	     21.99050291	    -10.60467352	     -7.49999987	     55.22526743	     -3.33851629	     -2.10409518	     66.35606126	      1.15813175	     28.37243671	     -5.54849725	     -7.49999987	    -19.91269937	     -1.69458458	      2.93746107	      0.17357244	    -18.04391166	      8.22288822	     51.05468777	     86.01826176	      7.41885946	    -18.16207057	      8.73041493	     52.91012080	     89.24182409
     12.54000000	    -10.71310686	      0.60220369	     -0.84876812	     -0.42436128	      0.85896129	     -0.62777311	     58.61487618	     -4.82619124	      3.18174130	     66.82311948	      1.16628345	     22.44452494	    -10.71448067	     -7.49999987	     56.54007348	     -3.28033906	     -1.95839150	     67.85408304	      1.18427716	     28.77905400	     -5.79931010	     -7.49999987	    -20.54287182	     -1.78160675	      2.99296598	      0.45707244	    -18.40175984	      8.27510112	     51.84554556	     84.35604012	      7.67256126	    -18.44921276	      8.71256799	     53.96181290	     87.24522293
     12.55000000	    -10.72007964	      0.65105853	     -0.77933716	     -0.42632849	      0.85137234	     -0.62817469	     59.75309666	     -4.78959329	      3.40802364	     68.38547245	      1.19355165	     22.74633450	    -10.90271041	     -7.49999987	     57.61287534	     -3.13201508	     -1.72900889	     69.21847904	      1.20809036	     29.00259429	     -6.31370642	     -7.49999987	    -21.36390630	     -1.80273790	      3.12359356	      0.52599182	    -18.74602126	      7.55735555	     52.88523038	     87.84295815	      8.04262463	    -18.61169509	      8.42919087	     54.81012623	     90.44911134
     12.56000000	    -10.78310410	      0.68204843	     -0.79140982	     -0.42834278	      0.84450484	     -0.62856630	     60.89441401	     -4.66524832	      3.65722314	     69.84190732	      1.21897124	     23.12127069	    -11.02014831	     -7.49999987	     58.68717751	     -3.07733278	     -1.55793189	     70.53022950	      1.23098473	     29.31329630	     -6.59308570	     -7.49999987	    -22.02768980	     -1.83128955	      3.19120874	      0.75220188	    -19.14139470	      7.58286681	     53.63405823	     87.42423664	      8.23045433	    -18.83298887	      8.42249238	     55.56172899	     89.97989677
     12.57000000	    -10.53597051	      0.66545249	     -0.76633256	     -0.43095515	      0.83853447	     -0.62869546	     61.60695356	     -4.56283785	      3.81395070	     71.16193485	      1.24201007	     23.37540940	    -11.23894207	     -7.49999987	     59.38039935	     -2.97748051	     -1.30887930	     71.72409134	      1.25182155	     29.49384794	     -7.06238133	     -7.49999987	    -23.03868569	     -1.75453997	      3.17189001	      1.18229591	    -19.42766493	      7.44607758	     54.06337908	     86.48861734	      8.52555980	    -18.92241627	      8.33308114	     55.93967453	     88.92564521
     12.58000000	    -10.76847221	      0.74661211	     -0.79618394	     -0.43279447	      0.83128723	     -0.62821063	     62.88409573	     -4.44127617	      4.08788937	     72.57818072	      1.26672822	     23.61455877	    -11.35807551	     -7.49999987	     60.56898091	     -2.93095222	     -1.22907566	     72.97184766	      1.27359900	     29.87040119	     -7.13860865	     -7.49999987	    -23.39616086	     -1.84003749	      3.35108889	      1.04486840	    -19.81035797	      7.05973024	     54.95448371	     90.00188242	      8.60078456	    -19.15162273	      8.37072718	     56.59760180	     92.15449681
     12.59000000	    -10.79560764	      0.80507720	     -0.82903050	     -0.43405592	      0.82414843	     -0.62745543	     63.87510218	     -4.29455218	      4.34205743	     73.91746871	      1.29010320	     23.89877301	    -11.48807102	     -7.49999987	     61.46092274	     -2.89612953	     -1.13089829	     74.13111262	      1.29383199	     30.16172655	     -7.41005034	     -7.49999987	    -23.90655434	     -1.88636020	      3.36433244	      1.29430126	    -20.25474903	      7.57681129	     55.35196185	     89.24438807	      8.69303876	    -19.48796128	      8.85555437	     56.99231052	     91.21648335
     12.60000000	    -10.78158637	      0.84638586	     -0.85150162	     -0.43598814	      0.81648126	     -0.62651939	     64.79925350	     -4.11624100	      4.62143434	     75.20119808	      1.31250851	     24.22937735	    -11.60725476	     -7.49999987	     62.33414090	     -2.89603476	     -1.04190087	     75.33724759	      1.31488302	     30.62298172	     -7.45947968	     -7.49999987	    -24.48039485	     -1.91379403	      3.36177255	      1.35987013	    -20.49649959	      7.42090654	     56.10227519	     87.86301914	      8.50647634	    -19.63297755	      8.59679958	     57.70697907	     89.65823276
     12.61000000	    -10.78711931	      0.86080357	     -0.85604003	     -0.43902233	      0.80816921	     -0.62574839	     65.80948809	     -3.94908582	      4.84068138	     76.54512620	      1.33596448	     24.49442464	    -11.73040403	     -7.49999987	     63.32707435	     -2.90460013	     -0.91224739	     76.60611492	      1.33702893	     30.92996375	     -7.63752073	     -7.49999987	    -24.97587595	     -1.91893159	      3.37671031	      1.43032634	    -20.88296092	      7.58150976	     56.86779328	     87.57851343	      8.42232265	    -19.91454214	      8.76993680	     58.31408596	     89.29716160
     12.62000000	    -10.68079491	      0.92357412	     -0.88126337	     -0.44184685	      0.80039410	     -0.62573494	     66.71903757	     -3.80432654	      5.09911605	     77.88617325	      1.35937016	     24.62658877	    -11.98964402	     -7.49999987	     64.19560568	     -2.88343989	     -0.81633212	     77.83040202	      1.35839677	     31.06705812	     -7.91671277	     -7.49999987	    -25.60860120	     -1.98478967	      3.62349549	      1.20588082	    -21.05984802	      6.48412961	     57.73762600	     91.95756981	      8.60533338	    -19.95899834	      8.61708500	     58.59826639	     93.64194065
     12.63000000	    -10.32278142	      1.12235641	     -0.96930032	     -0.44404743	      0.79404545	     -0.62641109	     67.34575419	     -3.70195797	      5.49072656	     79.17551992	      1.38187351	     24.93307780	    -12.12060344	     -7.49999987	     64.69188289	     -2.79226654	     -0.86557324	     78.91855197	      1.37738857	     30.92363997	     -8.74565045	     -7.49999987	    -26.58658227	     -2.20192633	      3.50139093	      1.46551432	    -21.04297227	      5.93422084	     58.24320721	     89.32147321	      8.47919533	    -19.89020265	      7.90997030	     59.06416125	     90.73885216
     12.64000000	    -10.69154153	      1.01068716	     -0.98810613	     -0.44667505	      0.78665911	     -0.62676453	     68.67991590	     -3.45200068	      5.59156306	     80.39297705	      1.40312215	     25.02855978	    -12.25213101	     -7.49999987	     66.06996658	     -2.94132297	     -0.67517317	     80.18837898	      1.39955123	     31.59192025	     -8.17537214	     -7.49999987	    -26.55258648	     -2.06317043	      3.55287769	      1.41058216	    -21.57169182	      6.41435281	     59.05321481	     89.17588739	      8.25889343	    -20.26556744	      8.47316364	     59.62831085	     90.57684055
     12.65000000	    -10.62905224	      1.09118198	     -1.01447282	     -0.45091602	      0.77975892	     -0.62606572	     69.57838771	     -3.29242745	      5.88907279	     81.54413842	      1.42321370	     25.08070912	    -12.43532069	     -7.49999987	     66.93607548	     -2.93925458	     -0.62370714	     81.28012549	      1.41860581	     31.64945884	     -8.41819760	     -7.49999987	    -27.08153783	     -2.14680492	      3.66947388	      1.42687118	    -21.92060731	      6.18313212	     59.73049195	     91.61663450	      8.44403065	    -20.53345393	      8.82103146	     59.85844711	     92.99215452
     12.66000000	    -10.68534610	      1.01165247	     -0.92823896	     -0.45461109	      0.77172302	     -0.62533409	     70.60070078	     -3.19749169	      5.95417688	     82.70896729	      1.44354380	     25.18952297	    -12.55264813	     -7.49999987	     68.04784457	     -2.95199235	     -0.40597840	     82.49059054	      1.43973241	     31.83556004	     -8.40849123	     -7.49999987	    -27.45804084	     -2.03167487	      3.61168239	      1.32237347	    -22.10185131	      5.81147879	     60.63816888	     90.40374510	      8.05863026	    -20.50476546	      8.24908873	     60.54190905	     91.64270529
     12.67000000	    -10.64856625	      1.08840266	     -0.98530064	     -0.45656119	      0.76361292	     -0.62538617	     71.57428377	     -3.00713623	      6.25411011	     83.89733701	      1.46428476	     25.24218408	    -12.73033460	     -7.49999987	     68.96673053	     -3.01203195	     -0.39199935	     83.61012263	      1.45927193	     31.82765597	     -8.62878104	     -7.49999987	    -27.83083305	     -2.15918822	      3.86059742	      0.90222888	    -22.19433445	      4.67221003	     61.56345278	     93.93296440	      8.03427917	    -20.41710926	      7.91520323	     60.82032698	     95.03021703
     12.68000000	    -10.60563048	      1.21455234	     -1.00505969	     -0.45768520	      0.75605674	     -0.62664595	     72.51672211	     -2.92213112	      6.55729746	     85.07992502	      1.48492482	     25.37802185	    -12.80626971	     -7.49999987	     69.81218794	     -2.98937340	     -0.43785932	     84.70586265	      1.47839620	     31.97410600	     -8.72170633	     -7.49999987	    -28.10768456	     -2.29556794	      3.74428348	      0.80829050	    -22.34757758	      4.55279284	     62.09665924	     91.92048327	      7.64868903	    -20.38313171	      7.58211381	     61.21113500	     92.79032393
     12.69000000	    -10.47218793	      1.17222452	     -1.10448250	     -0.45940694	      0.75005827	     -0.62747976	     73.22684508	     -2.69629921	      6.69728159	     86.08681232	      1.50249832	     25.43938994	    -12.95325479	     -7.49999987	     70.51130389	     -3.11291204	     -0.35633895	     85.76944468	      1.49695921	     32.05035460	     -8.89124356	     -7.49999987	    -28.55353638	     -2.27868202	      3.94627876	      0.36536333	    -22.55852816	      3.69176585	     63.12493082	     94.75463922	      7.43289680	    -20.31589179	      7.29910438	     61.59245435	     95.61169208
     12.70000000	    -10.04646101	      1.17790919	     -1.06984437	     -0.46249556	      0.74528018	     -0.62709250	     73.56472487	     -2.65566715	      6.80749778	     87.02702209	      1.51890807	     25.53345649	    -13.10866094	     -7.49999987	     70.84626163	     -3.07079709	     -0.27663647	     86.69436501	      1.51310211	     31.98115914	     -9.29637621	     -7.49999987	    -29.36733143	     -2.27095363	      3.80734836	      0.53296571	    -22.71292990	      3.51392308	     63.36189833	     93.13395090	      7.38532561	    -20.27834085	      7.12581469	     61.78262158	     93.93115804
     12.71000000	    -10.35912575	      1.23157288	     -1.11150959	     -0.46662450	      0.73771589	     -0.62555100	     74.81383970	     -2.50648989	      6.97799160	     88.05698234	      1.53688427	     25.51605682	    -13.20706470	     -7.49999987	     72.07574389	     -3.21772753	     -0.30641222	     87.75731154	      1.53165403	     32.33056657	     -8.88189830	     -7.49999987	    -29.23179839	     -2.34211061	      3.75845511	      0.20494020	    -22.99449844	      3.61361481	     64.19273169	     92.57381832	      7.14304023	    -20.39519634	      7.18180883	     62.00447945	     93.28078571
     12.72000000	    -10.34576057	      1.12029746	     -1.08002264	     -0.47072746	      0.72937145	     -0.62451114	     75.72112161	     -2.39390463	      6.96510453	     89.08221240	      1.55477791	     25.60728580	    -13.23537966	     -7.49999987	     73.06231694	     -3.33473298	     -0.12889632	     88.84404944	      1.55062118	     32.39858585	     -8.84802681	     -7.49999987	    -29.57114597	     -2.21041833	      3.65369424	      0.00710656	    -23.23024926	      3.36158281	     65.12696369	     91.68299306	      6.85163043	    -20.37125436	      6.70413484	     62.65884826	     92.29789527
     12.73000000	    -10.16957549	      1.12421837	     -1.07960845	     -0.47275781	      0.72188415	     -0.62399101	     76.47657079	     -2.29558884	      7.09450130	     90.09986583	      1.57253931	     25.55465601	    -13.35035384	     -7.49999987	     73.84660675	     -3.44160001	     -0.07066970	     89.86235217	      1.56839392	     32.30410343	     -8.94464965	     -7.49999987	    -30.04542429	     -2.24395136	      3.89593843	     -0.69487736	    -23.22373579	      1.87193086	     66.32722861	     95.80912881	      6.95785311	    -20.26687921	      6.35958766	     63.05537766	     96.09940770
     12.74000000	    -10.06118589	      1.09772751	     -1.10462217	     -0.47390900	      0.71572800	     -0.62376899	     77.25508836	     -2.17089189	      7.19273650	     91.04965930	      1.58911634	     25.54270300	    -13.38966183	     -7.49999987	     74.67814190	     -3.60436804	      0.00863993	     90.84475515	      1.58554009	     32.24378371	     -8.95088654	     -7.49999987	    -30.27814874	     -2.24416310	      3.81959302	     -0.86035757	    -23.39510659	      1.76650422	     66.90098654	     95.45031185	      6.76375888	    -20.33736526	      6.18424452	     63.40983655	     95.70918615
     12.75000000	     -9.95434388	      1.07801776	     -1.11199224	     -0.47726475	      0.70970630	     -0.62365357	     78.02937352	     -2.06689424	      7.27724655	     91.95441258	      1.60490726	     25.50137979	    -13.46993786	     -7.49999987	     75.49441460	     -3.74732873	      0.07974099	     91.78390495	      1.60193134	     32.15556139	     -8.95320404	     -7.49999987	    -30.56543149	     -2.24217355	      3.76878061	     -1.01286082	    -23.56889135	      1.60763553	     67.56822812	     94.62638579	      6.66493163	    -20.39654643	      6.00850065	     63.87421571	     94.83761492
     12.76000000	     -9.65464845	      1.08571789	     -1.11699947	     -0.48270747	      0.70341332	     -0.62395432	     78.58936201	     -2.00179807	      7.37385051	     92.80431581	      1.61974087	     25.44940145	    -13.50662674	     -7.49999987	     76.05008759	     -3.82774435	      0.13190308	     92.66128696	      1.61724455	     32.03570325	     -9.00250876	     -7.49999987	    -31.03816984	     -2.26292412	      3.71531067	     -0.75127202	    -23.68506254	      1.48849047	     67.68211868	     94.60348916	      6.94556479	    -20.43041657	      5.94590274	     63.95898557	     94.81143762
     12.77000000	     -9.90688339	      1.14715783	     -1.16199556	     -0.48705387	      0.69652582	     -0.62506480	     79.75439265	     -1.90775816	      7.53669687	     93.62418313	      1.63405026	     25.34791587	    -13.55146291	     -7.49999987	     77.17427145	     -3.90607658	      0.11711522	     93.54262518	      1.63262680	     31.97424815	     -8.93325410	     -7.49999987	    -31.03727739	     -2.29653007	      3.70595189	     -1.09051624	    -23.86791956	      1.12974046	     68.78291616	     94.73104339	      6.78625159	    -20.58713238	      5.83586370	     64.74823044	     94.87341166
     12.78000000	     -9.69831680	      1.18655538	     -1.20348684	     -0.48932148	      0.69231282	     -0.62678635	     80.31029758	     -1.85777920	      7.67521363	     94.31040039	      1.64602701	     25.21483611	    -13.64462806	     -7.49999987	     77.68329618	     -3.93286913	      0.09147938	     94.28608919	      1.64560270	     32.01798469	     -8.85284858	     -7.49999987	    -31.57512232	     -2.29571648	      3.63551131	     -1.13095484	    -24.16158249	      1.29806334	     69.58113820	     89.58720151	      6.65671692	    -20.65081803	      5.79449927	     65.48312508	     89.58584941
     12.79000000	     -9.36820512	      1.19872279	     -1.22941205	     -0.49096871	      0.68864499	     -0.62759100	     80.66711054	     -1.82039025	      7.76718149	     94.92741160	      1.65679588	     25.14985928	    -13.72021289	     -7.49999987	     78.01968723	     -3.93084792	      0.11258762	     94.96868086	      1.65751617	     31.85996010	     -8.96166429	     -7.49999987	    -32.06814870	     -2.30101725	      3.56287162	     -0.86843928	    -24.28246743	      1.15991684	     69.59468415	     89.47609147	      6.85109805	    -20.61166444	      5.74613997	     65.49105515	     89.46962453
     12.80000000	     -9.47929006	      1.28028336	     -1.32253127	     -0.49312564	      0.68292003	     -0.62701687	     81.52454241	     -1.69185865	      7.94732970	     95.55517478	      1.66775242	     24.83958867	    -13.92077589	     -7.49999987	     78.82363319	     -4.01372661	      0.04398897	     95.66336299	      1.66964066	     31.68696187	     -9.10750957	     -7.49999987	    -31.98720664	     -2.37941548	      3.67874986	     -1.34827155	    -24.45002746	      0.81188926	     70.47662387	     90.41418507	      6.71953515	    -20.61552047	      5.72739900	     65.66645484	     90.23800645
     12.81000000	     -9.09784384	      1.27082376	     -1.32100831	     -0.49565331	      0.67809358	     -0.62683356	     81.79254034	     -1.68426600	      7.99929940	     96.15436800	      1.67821031	     24.84600063	    -13.85297061	     -7.49999987	     79.08009481	     -4.01211811	      0.07721441	     96.29477887	      1.68066094	     31.48594206	     -9.30004419	     -7.49999987	    -32.40103712	     -2.34603474	      3.61989717	     -1.24469053	    -24.58761731	      0.69105616	     70.48671362	     90.07999713	      6.82298418	    -20.60530439	      5.70136761	     65.65820667	     89.89674994
     12.82000000	     -8.78136596	      1.29491091	     -1.42900873	     -0.49712313	      0.67403433	     -0.62748065	     82.11868460	     -1.58517548	      8.11961153	     96.71028438	      1.68791288	     24.59099209	    -13.90889063	     -7.49999987	     79.35353365	     -4.09418292	      0.04804039	     96.90740244	      1.69135324	     31.38712751	     -9.40274703	     -7.49999987	    -32.82322632	     -2.36579376	      4.36966521	     -2.62889520	    -24.35569791	     -1.92233986	     71.89936864	     97.35929453	      7.20025985	    -20.24199993	      5.61201375	     65.56037311	     95.85534816
     12.83000000	     -8.22626891	      1.29966422	     -1.47995165	     -0.49840846	      0.67054825	     -0.62801812	     82.12976898	     -1.56268798	      8.20026826	     97.21613412	      1.69674163	     24.45828618	    -14.00015210	     -7.49999987	     79.31247511	     -4.11450006	      0.05008065	     97.43119313	      1.70049511	     31.24139611	     -9.55001661	     -7.49999987	    -33.34865295	     -2.35843150	      4.22517996	     -2.56856517	    -24.35416761	     -1.99204664	     71.81542056	     96.56933806	      7.04867393	    -20.18673058	      5.42008645	     65.61837636	     95.05115755
     12.84000000	     -7.80439989	      1.23673211	     -1.54235090	     -0.50087142	      0.66612208	     -0.62809251	     82.30599816	     -1.52749438	      8.19092999	     97.73721646	      1.70583623	     24.43116431	    -13.95980544	     -7.49999987	     79.47550933	     -4.19487705	      0.12375595	     98.01141154	      1.71062184	     31.10576692	     -9.69286157	     -7.49999987	    -33.69656841	     -2.26558696	      4.17695251	     -2.67256910	    -24.48443174	     -1.97764288	     71.84341881	     95.67576867	      6.88206496	    -20.19018419	      5.35784899	     65.63137847	     94.20354214
     12.85000000	     -7.89115866	      1.38145471	     -1.56215822	     -0.50468633	      0.66059303	     -0.62845138	     83.15002189	     -1.56259696	      8.41649465	     98.33108768	      1.71620124	     24.18964123	    -13.93642568	     -7.49999987	     80.24366159	     -4.23498310	     -0.04725362	     98.63156314	      1.72144552	     31.06446907	     -9.55626283	     -7.49999987	    -33.49132670	     -2.33848404	      4.05441707	     -3.30786148	    -24.79372297	     -1.76351430	     72.71536935	     95.52355447	      6.51162885	    -20.18046353	      5.06186077	     65.96560985	     93.95715380
     12.86000000	     -7.36939203	      1.27195679	     -1.62443859	     -0.50941614	      0.65675206	     -0.62901575	     83.25090852	     -1.54841781	      8.34174084	     98.78395363	      1.72410524	     24.10225523	    -13.99663198	     -7.49999987	     80.38361656	     -4.31334848	      0.08736590	     99.20118682	      1.73138733	     30.86249409	     -9.70400236	     -7.49999987	    -34.01422855	     -2.24340353	      3.99175626	     -3.08643552	    -24.79819363	     -1.87978583	     72.68485442	     94.96496263	      6.53596827	    -20.12943766	      4.85885399	     66.05972116	     93.39756204
     12.87000000	     -7.29733165	      1.37822524	     -1.63765399	     -0.51333171	      0.65211574	     -0.62908231	     83.92722379	     -1.59445072	      8.50752883	     99.30640374	      1.73322371	     23.83371209	    -13.98417814	     -7.49999987	     81.01612457	     -4.34232486	     -0.02719590	     99.74770179	      1.74092582	     30.62095158	     -9.74900100	     -7.49999987	    -34.04986354	     -2.32692371	      3.89475142	     -3.49844297	    -25.03176290	     -1.93688254	     73.45258683	     95.05881637	      6.36761325	    -20.13340935	      4.53746566	     66.48375608	     93.37264259
     12.88000000	     -6.85667839	      1.35093855	     -1.65868556	     -0.51632634	      0.64872165	     -0.62870156	     84.11350470	     -1.63355616	      8.50687918	     99.74031177	      1.74079684	     23.68760916	    -13.95424601	     -7.49999987	     81.21822206	     -4.39037476	     -0.01038569	    100.23303501	      1.74939648	     30.36407830	     -9.84502753	     -7.49999987	    -34.46913596	     -2.30698708	      3.78596294	     -3.48386584	    -25.10845314	     -1.98538724	     73.65752923	     93.51313785	      6.43055136	    -20.13285199	      4.33242968	     66.74203532	     91.82178066
     12.89000000	     -6.14990981	      1.18508722	     -1.65118227	     -0.51824384	      0.64613842	     -0.62843228	     83.90202800	     -1.68709971	      8.35404310	    100.07883670	      1.74670521	     23.55042558	    -13.99703100	     -7.49999987	     81.07946831	     -4.43000265	      0.15019942	    100.66898567	      1.75700525	     30.04525829	    -10.04261791	     -7.49999987	    -35.12812359	     -2.12196598	      3.65429089	     -3.19033424	    -25.02745090	     -2.07113791	     73.54678738	     91.81481297	      6.55900679	    -20.03622135	      4.11706681	     66.91379226	     90.15561708
     12.90000000	     -6.20868206	      1.32694938	     -1.82240594	     -0.51889922	      0.64173656	     -0.62792923	     84.61468738	     -1.56885577	      8.54360681	    100.51715216	      1.75435526	     23.30479688	    -13.92344696	     -7.49999987	     81.66057467	     -4.61866762	     -0.00198936	    101.13550874	      1.76514762	     29.87334384	     -9.96735382	     -7.49999987	    -34.61887897	     -2.33894431	      3.75370852	     -3.97767762	    -25.10023906	     -2.06349338	     74.07682228	     92.46889254	      6.09933820	    -20.05322661	      3.97398451	     67.06531496	     90.53016899
     12.91000000	     -5.63815840	      1.29141923	     -1.90115635	     -0.52062041	      0.63906894	     -0.62803471	     84.52143139	     -1.54415508	      8.53395993	    100.85553023	      1.76026107	     23.09059811	    -13.93942389	     -7.49999987	     81.51475047	     -4.72906135	      0.00972122	    101.52206341	      1.77189427	     29.63058263	    -10.08863907	     -7.49999987	    -34.85143152	     -2.30246391	      4.15216734	     -4.72555229	    -24.59915117	     -3.87558275	     74.34387079	     99.31184229	      6.22565182	    -19.73913470	      3.68107589	     66.85168225	     95.71711716
     12.92000000	     -5.03316923	      1.22386953	     -1.98883433	     -0.52321319	      0.63725162	     -0.62878770	     84.36182053	     -1.53878922	      8.47755154	    101.14393453	      1.76529468	     22.87342420	    -13.95580903	     -7.49999987	     81.32625399	     -4.81691300	      0.06611906	    101.88161746	      1.77816967	     29.43266031	    -10.19440914	     -7.49999987	    -35.08457081	     -2.21130669	      4.07828070	     -4.73522028	    -24.49311308	     -3.85704666	     74.06527305	     98.78564348	      5.97035244	    -19.67223775	      3.51840052	     66.81570960	     95.17407588
     12.93000000	     -4.42084679	      1.17790538	     -2.09383659	     -0.52546564	      0.63584906	     -0.62964410	     84.18312893	     -1.54781009	      8.42977835	    101.39997501	      1.76976343	     22.64561507	    -13.99522104	     -7.49999987	     81.11302533	     -4.92471669	      0.07729861	    102.20867679	      1.78387793	     29.20094724	    -10.29117550	     -7.49999987	    -35.28512466	     -2.15124069	      4.03473483	     -4.81178393	    -24.38984081	     -3.76495456	     73.75026385	     98.30198577	      5.68797578	    -19.58707175	      3.40732827	     66.73779839	     94.64195516
     12.94000000	     -3.94323390	      1.16037044	     -2.23923590	     -0.52704741	      0.63442798	     -0.62953741	     84.12051301	     -1.49152651	      8.42169656	    101.60672175	      1.77337184	     22.29961394	    -14.15960707	     -7.49999987	     81.00678850	     -5.08493055	      0.06294133	    102.50209236	      1.78899900	     28.91546850	    -10.38050146	     -7.49999987	    -35.12856187	     -2.18595168	      4.07532045	     -4.85042350	    -24.48572454	     -2.97164051	     73.06187379	     98.23745225	      5.56035137	    -19.52524671	      3.72499885	     66.18984982	     94.20136195
     12.95000000	     -3.23302811	      1.07427087	     -2.23459993	     -0.52948878	      0.63362819	     -0.62918704	     83.73864262	     -1.61116562	      8.31182297	    101.79112803	      1.77659033	     22.18059820	    -14.14315417	     -7.49999987	     80.63320257	     -5.12031575	      0.11190333	    102.71060949	      1.79263831	     28.63065805	    -10.52019650	     -7.49999987	    -35.42888817	     -2.04355108	      4.01470873	     -4.91305572	    -24.26410374	     -2.86739939	     72.82831083	     96.72772878	      5.31532207	    -19.41276770	      3.70613975	     66.17426102	     92.83537380
     12.96000000	     -2.57145741	      1.02753000	     -2.32903186	     -0.53344158	      0.63247460	     -0.62965815	     83.43102953	     -1.62330487	      8.26465186	    101.96333937	      1.77959599	     21.91406990	    -14.21412611	     -7.49999987	     80.31657407	     -5.25642990	      0.11383672	    102.93182709	      1.79649929	     28.46023166	    -10.49293206	     -7.49999987	    -35.58688724	     -2.01525647	      3.98368616	     -5.02110151	    -24.10798265	     -2.71101802	     72.47592753	     96.44662503	      4.99533749	    -19.37393627	      3.65029051	     66.04485290	     92.40971756
     12.97000000	     -2.15192363	      1.01265764	     -2.38221281	     -0.53854864	      0.63066108	     -0.63110914	     83.42181732	     -1.72352997	      8.22663479	    102.11332542	      1.78221374	     21.73491992	    -14.14311836	     -7.49999987	     80.32366823	     -5.36745042	      0.05471974	    103.14907294	      1.80029094	     28.28363503	    -10.40188138	     -7.49999987	    -35.55926578	     -2.00303114	      4.00985008	     -5.11145770	    -23.99600412	     -2.59115286	     72.38106499	     96.49657954	      4.87335681	    -19.27016057	      3.74246812	     65.95011654	     92.44259324
     12.98000000	     -1.33162495	      0.80282797	     -2.50637848	     -0.54381344	      0.63022803	     -0.63145947	     82.88321939	     -1.65228097	      8.01895974	    102.12954268	      1.78249678	     21.29042966	    -14.34022640	     -7.49999987	     79.89057988	     -5.59659271	      0.21045511	    103.30608633	      1.80303134	     27.97259383	    -10.25238262	     -7.49999987	    -35.90972705	     -1.85290717	      4.17934860	     -4.75203426	    -24.16477378	     -1.86315333	     71.63361434	     97.20631960	      5.21866882	    -19.22343787	      4.24220216	     65.20644359	     92.86374507
     12.99000000	     -0.65962217	      0.73141843	     -2.51543778	     -0.54775153	      0.63036072	     -0.63143597	     82.49755288	     -1.77511031	      7.91387570	    102.15344285	      1.78291392	     21.17788228	    -14.31723674	     -7.49999987	     79.54808859	     -5.65008325	      0.21466942	    103.38267185	      1.80436801	     27.64642648	    -10.37427896	     -7.49999987	    -36.29589549	     -1.74845723	      3.99170500	     -4.62791196	    -23.97497007	     -1.73264491	     71.54022589	     95.02663380	      5.11028584	    -19.14502934	      4.12232621	     65.35536984	     90.80102675
     13.00000000	     -0.46148370	      0.58654471	     -2.61711674	     -0.55046567	      0.63047979	     -0.63242709	     82.55138749	     -1.78079185	      7.73068442	    102.06347226	      1.78134364	     20.74734693	    -14.40870871	     -7.49999987	     79.65682409	     -5.80772272	      0.32013625	    103.44536808	      1.80546227	     27.46314272	    -10.09123467	     -7.49999987	    -35.84238827	     -1.60158094	      4.09605884	     -4.65559298	    -24.18918245	     -0.99839401	     71.33041811	     96.93291403	      5.23438886	    -19.09653568	      4.55700680	     64.64951222	     91.79482955
     13.01000000	      0.09117517	      0.49919858	     -2.72454344	     -0.55391548	      0.63136591	     -0.63433907	     82.16965498	     -1.84399089	      7.61736634	    101.89227148	      1.77835562	     20.49987213	    -14.31316070	     -7.49999987	     79.31339932	     -5.91244237	      0.32745173	    103.39446839	      1.80457390	     27.13266997	    -10.11558984	     -7.49999987	    -35.97954055	     -1.52106858	      3.95363945	     -4.74263641	    -23.91698651	     -1.09503918	     71.22463251	     96.46447271	      4.98404566	    -19.01247097	      4.35903888	     64.73583597	     91.22501281
     13.02000000	      0.71058323	      0.37489107	     -2.83152857	     -0.55849718	      0.63184199	     -0.63560763	     81.70423704	     -1.90558815	      7.46484328	    101.66999388	      1.77447614	     20.11989123	    -14.28470583	     -7.49999987	     78.94047379	     -6.03083162	      0.36898014	    103.31150515	      1.80312592	     26.68726323	    -10.13529032	     -7.49999987	    -36.26184619	     -1.38634457	      4.15850357	     -5.52389710	    -23.48465427	     -2.34501432	     71.74506141	    101.55863269	      5.05467580	    -18.68104676	      4.08251105	     64.66116740	     94.33338235
     13.03000000	      1.27318875	      0.33854531	     -2.87248882	     -0.56267666	      0.63139875	     -0.63602339	     81.34998471	     -2.04394491	      7.40355077	    101.52919846	      1.77201880	     19.90067375	    -14.09542285	     -7.49999987	     78.64819128	     -6.04279926	      0.35617812	    103.21575150	      1.80145470	     26.30976540	    -10.11183112	     -7.49999987	    -36.29545114	     -1.32576384	      3.91060274	     -5.93168112	    -23.18242768	     -2.25272598	     71.60982009	    100.52306277	      4.71394482	    -18.60932604	      3.93626195	     64.74286492	     93.51750074
     13.04000000	      1.80946555	      0.18993529	     -3.01672360	     -0.56495382	      0.63079601	     -0.63637464	     80.96572607	     -2.01642392	      7.24505132	    101.32359696	      1.76843038	     19.40008944	    -14.27047837	     -7.49999987	     78.34980916	     -6.19229764	      0.42417273	    103.15272331	      1.80035465	     25.99805985	    -10.03901695	     -7.49999987	    -36.30875730	     -1.21038398	      3.91915806	     -6.48791649	    -23.14512822	     -1.93122007	     71.87181703	    100.13134044	      4.34363892	    -18.43308275	      3.89322414	     64.83144963	     92.99942513
     13.05000000	      2.38167896	      0.14757384	     -3.09096001	     -0.56565477	      0.63063409	     -0.63728677	     80.55014693	     -2.10576149	      7.20560591	    101.21458369	      1.76652774	     19.18561360	    -14.06122449	     -7.49999987	     77.91156679	     -6.19052828	      0.39829795	    103.06871152	      1.79888837	     25.71670752	    -10.01277438	     -7.49999987	    -36.24417065	     -1.11088033	      3.80990843	     -6.76549197	    -22.88788324	     -1.85936614	     71.66625211	     99.31944558	      3.92409762	    -18.29346983	      3.82694146	     64.74745475	     92.33336645
     13.06000000	      3.00947537	      0.02257052	     -3.16846648	     -0.56687731	      0.63135016	     -0.63820794	     79.97370964	     -2.14617367	      7.10211156	    101.02231825	      1.76317207	     18.97025717	    -13.96762943	     -7.49999987	     77.36862781	     -6.23737758	      0.43401681	    102.99042261	      1.79752197	     25.53056442	    -10.02585260	     -7.49999987	    -36.28097794	     -0.96524207	      3.78695458	     -6.81102294	    -22.67327898	     -1.73607679	     71.41345188	     98.15331297	      3.56797545	    -18.08538510	      3.75530496	     64.62258390	     91.24688907
     13.07000000	      3.54584473	     -0.01310526	     -3.25143282	     -0.56888604	      0.63231429	     -0.63853911	     79.50296232	     -2.19329012	      7.08237951	    100.85138923	      1.76018880	     18.68743356	    -13.90902828	     -7.49999987	     76.87790967	     -6.26345717	      0.40448145	    102.87972009	      1.79558985	     25.35843701	    -10.00227730	     -7.49999987	    -36.18195016	     -0.91123261	      3.75225856	     -6.90228544	    -22.43572545	     -1.60063290	     71.16301742	     97.81133202	      3.22727294	    -17.90555980	      3.70670800	     64.43697146	     90.73747396
     13.08000000	      4.32078176	     -0.13394858	     -3.28481504	     -0.57078594	      0.63393077	     -0.63866876	     78.69421710	     -2.26880581	      6.97171488	    100.64386499	      1.75656682	     18.55769289	    -13.80784231	     -7.49999987	     76.09184245	     -6.27090122	      0.44084130	    102.74425727	      1.79322558	     25.15135195	    -10.14759303	     -7.49999987	    -36.38111927	     -0.78104634	      3.64691629	     -6.95746978	    -22.17297415	     -1.36546767	     70.87353303	     95.16904987	      2.81736987	    -17.69237657	      3.63560612	     64.36771903	     88.40226977
     13.09000000	      4.77129925	     -0.40317540	     -3.48754061	     -0.57221852	      0.63497100	     -0.63867121	     78.17586810	     -2.05348444	      6.74466419	    100.36576088	      1.75171298	     18.00155503	    -13.98436614	     -7.49999987	     75.65893224	     -6.55897875	      0.61322395	    102.70039915	      1.79246011	     25.36719449	     -9.55714917	     -7.49999987	    -35.80896379	     -0.50988160	      4.24425004	     -7.41303834	    -22.24652795	     -1.09033014	     70.11191313	    101.63633269	      3.30319545	    -17.28290307	      4.35012261	     62.28042996	     92.58364721
     13.10000000	      5.30448390	     -0.45770049	     -3.54159410	     -0.57444246	      0.63531535	     -0.63894988	     77.68237265	     -2.08446500	      6.70031993	    100.22586331	      1.74927131	     17.84868465	    -13.89035277	     -7.49999987	     75.15761532	     -6.56547571	      0.62510447	    102.60475026	      1.79079072	     25.14063601	     -9.59800963	     -7.49999987	    -35.60029047	     -0.43606945	      4.09062677	     -7.71018166	    -21.92344606	     -1.00210367	     69.97619954	    100.80583319	      2.80932406	    -17.20218918	      4.25936788	     62.28656609	     91.86843697
     13.11000000	      5.81913319	     -0.53510601	     -3.59437252	     -0.57668110	      0.63489450	     -0.63889102	     77.21957625	     -2.10136486	      6.62749776	    100.10163225	      1.74710307	     17.73417298	    -13.75949752	     -7.49999987	     74.70942632	     -6.61279401	      0.64188609	    102.52823592	      1.78945529	     24.96698455	     -9.59786208	     -7.49999987	    -35.40901647	     -0.34623051	      3.97865189	     -8.00185527	    -21.63501021	     -0.85019198	     69.83798657	     99.83625432	      2.44675003	    -17.10545526	      4.23035681	     62.22034323	     91.14712768
     13.12000000	      6.55952129	     -0.86856973	     -3.74091709	     -0.57852400	      0.63435118	     -0.63874954	     76.43559195	     -1.88501512	      6.34965958	     99.89219138	      1.74344764	     17.32270699	    -13.97960030	     -7.49999987	     74.07461580	     -6.90279304	      0.87332225	    102.53881005	      1.78963985	     25.00183231	     -9.28504322	     -7.49999987	    -35.43964516	     -0.05473885	      4.11778162	     -7.92387636	    -21.61796051	     -0.27113303	     69.22522325	    101.11200309	      2.48933656	    -16.89419011	      4.36114752	     61.19503415	     91.14075690
     13.13000000	      7.10286343	     -0.99234441	     -3.86681270	     -0.58044114	      0.63294548	     -0.63961921	     75.99794279	     -1.76642738	      6.29466242	     99.81811516	      1.74215476	     16.93953801	    -14.17248255	     -7.49999987	     73.69135372	     -7.05976023	      0.92255496	    102.58436114	      1.79043486	     24.93021354	     -9.16164215	     -7.49999987	    -35.35724035	      0.03847561	      4.14135600	     -7.89425244	    -21.51503518	      0.28450162	     68.92489540	     98.37741464	      2.27622074	    -16.78547897	      4.45888571	     60.98019384	     88.81246132
     13.14000000	      7.65272123	     -1.09379528	     -3.93044531	     -0.58285068	      0.63176199	     -0.64150674	     75.58331581	     -1.78261683	      6.22363666	     99.79139364	      1.74168838	     16.75827745	    -14.14117355	     -7.49999987	     73.31783607	     -7.09122794	      0.96933415	    102.63011428	      1.79123341	     24.69006937	     -9.31516117	     -7.49999987	    -35.39876415	      0.16498557	      4.09010998	     -7.83897833	    -21.27520180	      0.28844356	     68.77509797	     97.86154010	      2.00520058	    -16.68095290	      4.38333076	     61.06322509	     88.07875583
     13.15000000	      8.16261092	     -1.37082845	     -4.02057179	     -0.58451303	      0.63157084	     -0.64289420	     75.11798458	     -1.66782397	      5.99276674	     99.67960345	      1.73973728	     16.45753303	    -14.31730840	     -7.49999987	     72.96706803	     -7.22077529	      1.20206304	    102.69906601	      1.79243684	     24.61704820	     -9.28643826	     -7.49999987	    -35.26529364	      0.47837380	      4.21999438	     -7.45629438	    -21.30915311	      1.04152738	     67.98579466	     96.76616150	      2.13568024	    -16.46596631	      4.78218819	     60.23671697	     86.63247206
     13.16000000	      8.73748393	     -1.43216808	     -4.03936800	     -0.58483106	      0.63211846	     -0.64328994	     74.62243270	     -1.73955881	      5.96225340	     99.65586379	      1.73932294	     16.50302257	    -14.11279706	     -7.49999987	     72.47214379	     -7.14834137	      1.23696893	    102.70931889	      1.79261579	     24.39700248	     -9.48763500	     -7.49999987	    -35.36400570	      0.62813711	      4.12743749	     -7.40745027	    -21.03552562	      1.00581240	     67.99885704	     94.68211277	      1.76179409	    -16.32837254	      4.67143663	     60.56986339	     85.06162600
     13.17000000	      9.17735677	     -1.45750415	     -4.08728650	     -0.58503638	      0.63216709	     -0.64281621	     74.27857630	     -1.73870678	      5.97951193	     99.62483711	      1.73878142	     16.18711832	    -14.18953985	     -7.49999987	     72.13441504	     -7.13976207	      1.24187656	    102.70962791	      1.79262118	     24.17949277	     -9.51051170	     -7.49999987	    -35.34761349	      0.70247952	      4.11549691	     -7.36288344	    -20.78077439	      1.00343027	     67.95634254	     94.25479463	      1.45814307	    -16.15917990	      4.60751056	     60.68499305	     84.50034788
     13.18000000	      9.92743855	     -1.71973138	     -4.23925910	     -0.58671219	      0.63164684	     -0.64240155	     73.53998652	     -1.52020376	      5.81049908	     99.53278758	      1.73717486	     15.82607891	    -14.36578856	     -7.49999987	     71.52420660	     -7.39925035	      1.40928126	    102.76274384	      1.79354823	     24.14971463	     -9.29140253	     -7.49999987	    -35.46766803	      0.92054518	      4.42145559	     -6.99123002	    -20.62828976	      0.89799378	     67.13551629	     98.45960109	      1.69357169	    -15.81505586	      4.63311479	     59.55766623	     87.05635153
     13.19000000	     10.50801952	     -1.82970903	     -4.26229956	     -0.58892986	      0.63040109	     -0.64292642	     73.07629845	     -1.54742228	      5.73261322	     99.56242167	      1.73769207	     15.93538632	    -14.08647543	     -7.49999987	     71.16307149	     -7.42063985	      1.49185471	    102.79731584	      1.79415162	     23.89506516	     -9.46147204	     -7.49999987	    -35.65827776	      1.08116043	      4.39997718	     -6.87016747	    -20.42350017	      0.99166926	     67.15831899	     94.97703043	      1.37239325	    -15.63331248	      4.54801830	     59.80033468	     84.85690895
     13.20000000	     10.97610169	     -2.13493740	     -4.36035869	     -0.59036989	      0.63023243	     -0.64371733	     72.64990875	     -1.34898417	      5.48491414	     99.47283650	      1.73612851	     15.36243969	    -14.56609780	     -7.49999987	     70.92227087	     -7.65275151	      1.74461256	    102.88478102	      1.79567818	     23.87104317	     -9.11111755	     -7.49999987	    -35.57542473	      1.37194651	      4.63038391	     -6.27234773	    -20.51672595	      1.70812045	     66.37665632	     94.64981004	      1.73843694	    -15.26252776	      4.70813609	     58.62219293	     84.07952207
     13.21000000	     11.40220422	     -2.20463937	     -4.45587601	     -0.59085074	      0.63050170	     -0.64393541	     72.29167834	     -1.24676642	      5.49357024	     99.44754606	      1.73568711	     15.29480530	    -14.45787289	     -7.49999987	     70.58441957	     -7.72387608	      1.77457879	    102.89357535	      1.79583167	     23.63743678	     -9.19188225	     -7.49999987	    -35.51539178	      1.43688200	      4.65832278	     -5.84004897	    -20.29942071	      1.71037807	     65.92686236	     95.39232924	      1.81716796	    -15.09648814	      4.79717508	     58.12170057	     84.06413256
     13.22000000	     11.93930960	     -2.26601115	     -4.50371486	     -0.59160198	      0.63040063	     -0.64321719	     71.79550283	     -1.17487583	      5.49402486	     99.42397366	      1.73527570	     15.00298868	    -14.63756437	     -7.49999987	     70.07122855	     -7.77535094	      1.78210734	    102.91162533	      1.79614670	     23.61150344	     -9.17948223	     -7.49999987	    -35.68396975	      1.49560470	      4.67797572	     -5.54377060	    -20.04567104	      1.61800772	     65.72388291	     94.75998073	      1.85447811	    -14.85460569	      4.62570673	     57.87060876	     83.58325324
     13.23000000	     12.25036158	     -2.29999674	     -4.49260239	     -0.59260287	      0.62971848	     -0.64227470	     71.54581201	     -1.18108333	      5.48961419	     99.44418726	      1.73562849	     15.03104271	    -14.51196638	     -7.49999987	     69.82172174	     -7.74563898	      1.83176922	    102.95978415	      1.79698723	     23.60430333	     -9.26778593	     -7.49999987	    -35.57380569	      1.57067207	      4.67276989	     -5.42616283	    -19.84900681	      1.65099646	     65.68418118	     93.97560791	      1.78444225	    -14.69150463	      4.64284370	     57.76866961	     83.16632868
     13.24000000	     12.74398632	     -2.47613312	     -4.49336055	     -0.59365175	      0.62989791	     -0.64208094	     71.04258395	     -1.09758487	      5.34609494	     99.39312932	      1.73473736	     14.68501904	    -14.75810980	     -7.49999987	     69.38984539	     -7.84137275	      1.98663273	    103.02513282	      1.79812778	     23.52771115	     -9.19952404	     -7.49999987	    -35.67306891	      1.76864202	      4.68274654	     -4.90251210	    -19.59802619	      1.59479663	     65.05849159	     95.44453990	      2.04517162	    -14.32163297	      4.37290756	     56.88402223	     83.10635601
     13.25000000	     13.17866383	     -2.57263131	     -4.51721564	     -0.59393521	      0.62997248	     -0.64265902	     70.62466048	     -1.03564896	      5.29212953	     99.36609260	      1.73426548	     14.55988928	    -14.80798548	     -7.49999987	     68.99089951	     -7.91088305	      2.04488059	    103.06779904	      1.79887245	     23.45054442	     -9.25684043	     -7.49999987	    -35.78744618	      1.85494316	      4.67601431	     -4.57549796	    -19.36793620	      1.54248629	     64.83273204	     94.87876738	      2.12239543	    -14.06065646	      4.16916021	     56.47388181	     82.62690136
     13.26000000	     13.58667479	     -2.68818115	     -4.54651234	     -0.59401908	      0.62963802	     -0.64315677	     70.20716826	     -0.97424964	      5.20430962	     99.32202283	      1.73349632	     14.51887899	    -14.85920878	     -7.49999987	     68.58745290	     -7.98432184	      2.11213585	    103.09723325	      1.79938617	     23.44534050	     -9.31057928	     -7.49999987	    -35.84721017	      1.99134467	      4.67603365	     -4.27100197	    -19.16241276	      1.53276259	     64.44491998	     94.45835681	      2.25380491	    -13.74062140	      3.91358194	     55.84344713	     82.03106119
     13.27000000	     13.82088678	     -2.68465790	     -4.47251630	     -0.59435152	      0.62886979	     -0.64325433	     70.04225087	     -1.05597581	      5.21795611	     99.37655649	      1.73444811	     14.52344541	    -14.78331367	     -7.49999987	     68.43712426	     -7.89016316	      2.15439316	    103.18564981	      1.80092933	     23.34902334	     -9.35921126	     -7.49999987	    -35.75128719	      1.98930292	      4.64760618	     -4.15385165	    -19.00343904	      1.53263699	     64.51581996	     93.74155862	      2.20679827	    -13.60400436	      3.89006033	     55.94130967	     81.53255601
     13.28000000	     14.30364711	     -2.83688718	     -4.50260821	     -0.59519164	      0.62991288	     -0.64324369	     69.50599396	     -0.94305335	      5.10399016	     99.28204027	      1.73279849	     14.16733265	    -15.14449027	     -7.49999987	     67.97266709	     -8.01832154	      2.25819805	    103.20757003	      1.80131191	     23.36497428	     -9.26668146	     -7.49999987	    -35.86746929	      2.11099100	      4.67145376	     -3.65508359	    -18.72361318	      1.55818491	     63.70115882	     92.94199430	      2.65851552	    -13.13980877	      3.48617536	     54.54890658	     80.74668291
     13.29000000	     14.50106698	     -2.81153952	     -4.48202399	     -0.59530977	      0.63054121	     -0.64364701	     69.37121345	     -1.00828478	      5.11240000	     99.30730315	      1.73323941	     14.18891173	    -15.02949667	     -7.49999987	     67.86276685	     -7.95687367	      2.25982926	    103.23071192	      1.80171581	     23.23773552	     -9.28406202	     -7.49999987	    -35.87954165	      2.10573309	      4.59597721	     -3.58228746	    -18.57326696	      1.53348465	     63.80688195	     92.15861508	      2.58045900	    -13.05038899	      3.43395976	     54.76205181	     80.14758494
     13.30000000	     14.96855436	     -3.00770680	     -4.53434950	     -0.59514317	      0.63120421	     -0.64404858	     68.80818413	     -0.86193848	      4.97809147	     99.19462269	      1.73127277	     14.06809548	    -15.12835155	     -7.49999987	     67.41956078	     -8.14954688	      2.37334528	    103.23809131	      1.80184461	     23.29815184	     -9.06282269	     -7.49999987	    -35.98740598	      2.28046105	      4.64904400	     -3.11405744	    -18.33868799	      1.45630968	     63.08664878	     91.91239114	      2.93865191	    -12.65597956	      3.09793536	     53.45877661	     79.80822305
     13.31000000	     15.20395813	     -3.08942971	     -4.55872969	     -0.59516252	      0.63068895	     -0.64452603	     68.58386572	     -0.82458836	      4.92007684	     99.16313186	      1.73072315	     13.91154159	    -15.25813924	     -7.49999987	     67.26254962	     -8.21032183	      2.44313442	    103.26409686	      1.80229849	     23.22878207	     -8.97296339	     -7.49999987	    -35.88692914	      2.35363474	      4.73150717	     -2.88128222	    -18.23821402	      1.57299911	     62.69942394	     90.97034957	      3.10678608	    -12.32270878	      2.93132002	     52.76397306	     78.90518034
     13.32000000	     15.44638933	     -3.14129521	     -4.55499600	     -0.59623464	      0.63032484	     -0.64484200	     68.37499455	     -0.81282019	      4.88265728	     99.15437778	      1.73057036	     13.75362694	    -15.37618829	     -7.49999987	     67.08490320	     -8.24570678	      2.48333482	    103.28674648	      1.80269380	     23.20675787	     -8.92065567	     -7.49999987	    -35.90994127	      2.40689498	      4.72319873	     -2.62620595	    -18.12868956	      1.67144835	     62.46028499	     89.53468775	      3.21138328	    -12.14413315	      2.85865101	     52.35303638	     77.81874254
     13.33000000	     15.58169085	     -3.13065799	     -4.51016227	     -0.59774434	      0.63003228	     -0.64481548	     68.28235990	     -0.86795805	      4.89100419	     99.18273291	      1.73106525	     13.71095104	    -15.34311409	     -7.49999987	     66.99901036	     -8.17943938	      2.49741791	    103.31402958	      1.80316998	     23.13728356	     -8.98697649	     -7.49999987	    -35.93195445	      2.41952695	      4.63465684	     -2.55047676	    -18.01455542	      1.58787433	     62.58601007	     89.11267249	      3.13059825	    -12.09596483	      2.78668691	     52.60410414	     77.44683431
     13.34000000	     15.69635728	     -3.11821207	     -4.46724933	     -0.59881933	      0.62971816	     -0.64460047	     68.18957512	     -0.91218242	      4.90682439	     99.19796665	      1.73133113	     13.70029611	    -15.33567192	     -7.49999987	     66.91019233	     -8.12249364	      2.50774294	    103.33893690	      1.80360469	     23.10749031	     -9.04567072	     -7.49999987	    -35.96194396	      2.41517344	      4.57550657	     -2.43239416	    -17.89991304	      1.52172339	     62.69728393	     88.66832215	      3.10138831	    -12.03561759	      2.71929939	     52.79861235	     77.09251484
     13.35000000	     16.02664226	     -3.16215445	     -4.43279154	     -0.59941296	      0.63015281	     -0.64453730	     67.79659826	     -0.89879467	      4.89618737	     99.12459015	      1.73005047	     13.56616700	    -15.43892747	     -7.49999987	     66.55946689	     -8.14167843	      2.54217781	    103.31606837	      1.80320556	     23.23435900	     -8.84244471	     -7.49999987	    -36.14271642	      2.46307657	      4.58522088	     -2.00269030	    -17.69217169	      1.35704999	     62.12892305	     88.18137254	      3.56788205	    -11.70110700	      2.38297783	     51.68161888	     76.59683008
