Coordinates
version=1
nRows=578
nColumns=34
inDegrees=yes

Units are S.I. units (second, meters, Newtons, ...)
If the header above contains a line with 'inDegrees', this indicates whether rotational values are in degrees (yes) or radians (no).

endheader
time	pelvis_tilt	pelvis_list	pelvis_rotation	pelvis_tx	pelvis_ty	pelvis_tz	hip_flexion_r	hip_adduction_r	hip_rotation_r	knee_angle_r	ankle_angle_r	subtalar_angle_r	mtp_angle_r	hip_flexion_l	hip_adduction_l	hip_rotation_l	knee_angle_l	ankle_angle_l	subtalar_angle_l	mtp_angle_l	lumbar_extension	lumbar_bending	lumbar_rotation	arm_flex_r	arm_add_r	arm_rot_r	elbow_flex_r	pro_sup_r	arm_flex_l	arm_add_l	arm_rot_l	elbow_flex_l	pro_sup_l
      0.00000000	      2.25918909	     -2.06859234	      4.81147698	      1.05102411	      1.09013970	     -0.30368758	     -2.59022774	     -2.40346650	     -9.08857081	      2.04397387	     -1.43692252	     -8.67699640	      0.00000000	     -3.68396658	    -11.75796501	     -3.46778004	      4.48401780	      6.88812952	      6.90464283	      0.00000000	     -7.68180540	      2.77963781	     -2.65119660	     -3.32396193	     -8.28758179	     -1.78635285	     28.53245152	     83.09311671	      0.16694053	     -9.01444615	     10.85763083	     25.57489031	     76.90176547
      0.01666670	      1.31759469	     -2.62946960	      4.84134668	      1.05216611	      1.08864333	     -0.30510339	     -1.47989234	     -1.79852625	    -10.29120405	      2.48998875	      0.82175518	     -6.46315987	      0.00000000	     -3.13581788	    -12.02432469	     -2.86013675	      3.16321797	      6.21483948	      8.18342992	      0.00000000	     -6.38537779	      3.22713945	     -3.07054448	     -3.07849143	     -7.37890368	     -6.90977380	     27.54410798	     82.02374924	     -0.45944610	     -7.29765042	      3.47498911	     25.49323013	     76.35535247
      0.03333330	      0.76342086	     -2.76238802	      4.60091563	      1.05294013	      1.09005331	     -0.30395604	     -1.11804303	     -1.49334639	    -10.95324023	      1.93461449	      0.24456310	     -6.62724027	      0.00000000	     -2.94696734	    -12.37404019	     -3.91464193	      2.53448553	      5.47191079	      8.99377567	      0.00000000	     -5.94747448	      3.10338882	     -2.89893810	     -3.86199923	     -6.39891726	    -10.63403507	     28.96263757	     81.81438532	     -1.36823239	     -6.86393109	     -0.23045392	     27.12421508	     77.65778894
      0.05000000	      0.80283773	     -3.12608745	      4.92691920	      1.05788020	      1.08930544	     -0.30568328	     -1.54152401	     -1.18919130	    -11.66968406	      1.51539825	      1.47912948	     -4.31559596	      0.00000000	     -3.60751780	    -12.69945684	     -4.50777303	      1.65891949	      5.15244113	      9.50408533	      0.00000000	     -5.64101485	      3.50957106	     -2.89990271	     -4.52090358	     -6.14239749	    -12.27896382	     29.39716360	     82.65498137	     -1.81063909	     -6.68083000	     -1.03185716	     27.30739124	     79.80256324
      0.06666670	      0.79336514	     -3.43708211	      4.76518589	      1.05536662	      1.08938298	     -0.30890735	     -1.48360959	     -0.93975135	    -11.67190677	      1.57335118	      1.50399371	     -4.31933595	      0.00000000	     -3.98269895	    -12.93183923	     -4.72735483	      1.01513957	      4.88844408	      9.63853270	      0.00000000	     -5.59535916	      4.09702603	     -2.89369365	     -4.34551737	     -6.37564923	    -12.34071106	     29.54601214	     82.73219665	     -1.91287675	     -6.30887635	     -0.95708347	     27.37794109	     79.95005315
      0.08333330	      0.91350262	     -3.51367197	      4.78975635	      1.05469056	      1.08689296	     -0.30732857	     -1.85131257	     -0.82601766	    -11.59897427	      1.18247476	      1.49705147	     -4.06781493	      0.00000000	     -4.29868314	    -12.95126257	     -5.13993524	      0.55275659	      4.83593435	      9.88952473	      0.00000000	     -5.53799616	      4.27362208	     -2.99739582	     -4.36063139	     -6.41434971	    -12.42834633	     30.02838743	     82.93812930	     -1.89266360	     -6.18706696	     -0.90809489	     27.57413726	     80.28629515
      0.10000000	      0.95855346	     -3.27849181	      4.77025965	      1.05829008	      1.09148473	     -0.30886756	     -2.02169238	     -1.15006035	    -12.07687407	      1.13790175	      1.78531116	     -3.23614883	      0.00000000	     -4.51262940	    -12.67342945	     -5.35769735	      0.24296220	      4.75827774	     10.43639977	      0.00000000	     -5.62326103	      4.13864045	     -2.22557674	     -5.33966830	     -5.85512702	    -16.13341557	     31.90730030	     90.58303663	     -1.63898857	     -5.81645940	     -2.50070940	     27.98696703	     91.33092566
      0.11666670	      0.93663384	     -3.25284333	      4.79704767	      1.05575344	      1.08774842	     -0.30808254	     -2.10371999	     -1.11497329	    -12.03997588	      0.97899707	      1.76104249	     -3.21059972	      0.00000000	     -4.49159716	    -12.64614177	     -5.40097968	      0.08033876	      4.78202307	     10.42515764	      0.00000000	     -5.55279861	      4.16900273	     -2.23192614	     -5.14609307	     -5.81185390	    -16.09524517	     31.94166770	     90.60088870	     -1.43927604	     -5.71565026	     -2.50098898	     28.05213572	     91.34216457
      0.13333330	      1.12898764	     -3.16788081	      4.74917585	      1.05610205	      1.08804481	     -0.31242679	     -2.46165402	     -1.24240028	    -12.18908107	      0.69181715	      1.34207038	     -3.11809647	      0.00000000	     -4.74608957	    -12.46662377	     -5.58728725	      0.00000000	      4.63940688	     10.54020043	      0.00000000	     -5.67334436	      4.25113077	     -2.19500944	     -4.94792099	     -6.03581160	    -15.87005578	     31.77645230	     90.77953873	     -1.30098351	     -5.42344887	     -2.64761234	     27.96070927	     91.45174155
      0.15000000	      1.12110051	     -3.13207568	      4.78050300	      1.05256460	      1.08667358	     -0.31068720	     -2.45474664	     -1.30320944	    -12.27128232	      0.55560849	      1.38639237	     -3.15806807	      0.00000000	     -4.69277616	    -12.39442464	     -5.63830421	      0.00000000	      4.66721889	     10.53067684	      0.00000000	     -5.62814640	      4.27205626	     -2.16344063	     -4.68723052	     -6.10774405	    -15.84328274	     31.85933466	     90.80135284	     -1.11504088	     -5.32540010	     -2.65747107	     28.01373949	     91.46682822
      0.16666670	      1.10861438	     -3.10485706	      4.70798727	      1.05403478	      1.08832270	     -0.30892497	     -2.42709795	     -1.30667108	    -12.41088905	      0.47213182	      1.35650815	     -3.19195573	      0.00000000	     -4.67599850	    -12.35172745	     -5.62150112	      0.00000000	      4.62503822	     10.57845045	      0.00000000	     -5.63783453	      4.26403463	     -2.11083019	     -4.49606820	     -6.15722607	    -15.80922553	     31.93001757	     90.82374102	     -1.03241950	     -5.26450417	     -2.67342095	     28.02925378	     91.48116083
      0.18333330	      1.13060021	     -3.04139417	      4.78516360	      1.05574938	      1.08751550	     -0.31243628	     -2.41433104	     -1.47816331	    -12.92475814	      0.59408876	      0.99462236	     -3.18588377	      0.00000000	     -4.71987084	    -12.17340894	     -5.80871977	      0.00000000	      4.52092900	     10.69415925	      0.00000000	     -5.74294157	      4.32510825	     -2.04773314	     -4.33991207	     -6.34786389	    -15.60581932	     32.08894771	     90.94614066	     -0.97526615	     -5.02597170	     -2.76886646	     28.03288957	     91.55825957
      0.20000000	      1.17633733	     -2.89086247	      4.66279459	      1.05417728	      1.09164025	     -0.31155019	     -2.59306572	     -1.81580634	    -14.71719388	      0.89817508	      0.07760474	     -2.15979901	      0.00000000	     -4.83543682	    -11.94149002	     -6.35996394	      0.00000000	      4.25659484	     11.20790481	      0.00000000	     -5.73056879	      4.09998816	     -2.50233646	     -3.95075878	     -6.96136806	    -11.92022667	     32.20873700	     94.00409406	     -1.41855367	     -4.70026449	     -5.84956734	     28.72797046	     94.30769232
      0.21666670	      1.17415412	     -2.87844669	      4.55626961	      1.05407198	      1.08378607	     -0.31316323	     -2.51259889	     -1.87992319	    -15.01555704	      0.87399931	     -0.06625602	     -2.24562540	      0.00000000	     -4.85454862	    -11.83370150	     -6.47266349	      0.00000000	      4.40804545	     11.14892202	      0.00000000	     -5.76294761	      4.20553863	     -2.43312135	     -3.61988701	     -7.07439773	    -11.94873634	     32.38372214	     94.02740070	     -1.39040045	     -4.59789774	     -5.86339730	     28.76450386	     94.36376301
      0.23333330	      1.21918946	     -2.78828641	      4.43249832	      1.05612356	      1.08336308	     -0.31108004	     -2.69086250	     -2.14915580	    -16.01834149	      1.15004526	     -0.90261776	     -2.29408870	      0.00000000	     -5.02197946	    -11.72339198	     -6.76215038	      0.00000000	      4.13459478	     11.16257986	      0.00000000	     -5.57540612	      4.12914768	     -2.31849812	     -3.45112335	     -7.08041467	    -11.89798976	     32.63231423	     94.06876434	     -1.45095065	     -4.52688660	     -5.90223372	     28.82468459	     94.42923988
      0.25000000	      1.19517130	     -2.73330588	      4.33413928	      1.05639552	      1.08826702	     -0.31054901	     -2.62954839	     -2.11908006	    -16.12464459	      1.04382193	     -0.92408203	     -2.28183014	      0.00000000	     -5.03434440	    -11.74679930	     -6.68208501	      0.00000000	      4.18308127	     11.22846921	      0.00000000	     -5.50107110	      4.17190430	     -2.20078016	     -3.21524693	     -7.03142403	    -11.85749752	     32.79324311	     94.08387688	     -1.38710132	     -4.58141594	     -5.93047663	     28.87952444	     94.44678472
      0.26666670	      1.31722284	     -2.82257187	      4.57783666	      1.05555839	      1.08792036	     -0.31312887	     -2.74707556	     -1.95647776	    -16.85158173	      0.92931437	     -0.55641981	     -1.01930355	      0.00000000	     -5.08025345	    -11.91872802	     -6.78779649	      0.00000000	      4.37564566	     11.95016797	      0.00000000	     -5.81660717	      4.35362620	     -2.29872986	     -3.77700369	     -7.28830405	    -11.02717971	     35.31669199	     94.57763505	     -1.61515430	     -4.49043428	     -6.59165637	     30.03685416	     95.19321317
      0.28333330	      1.27201768	     -2.88469798	      4.53087749	      1.05160839	      1.08371944	     -0.31150855	     -2.50508870	     -1.79324176	    -16.77311264	      0.95569272	     -0.29806583	     -1.03347624	      0.00000000	     -4.94961658	    -12.08139051	     -6.56920324	      0.00000000	      4.46975326	     12.06055800	      0.00000000	     -5.88345950	      4.41780842	     -2.16616595	     -3.45673744	     -7.30461716	    -10.97620641	     35.47686401	     94.61782286	     -1.41101787	     -4.54535787	     -6.67385149	     30.18472730	     95.26690593
      0.30000000	      1.33333847	     -2.93004460	      4.61726291	      1.05380405	      1.09035589	     -0.31578549	     -2.42174507	     -1.74158448	    -16.72316678	      1.00324026	     -0.16126737	     -1.00426164	      0.00000000	     -4.95414812	    -12.10534736	     -6.49770806	      0.00000000	      4.42053141	     12.14052278	      0.00000000	     -5.73470200	      4.50085438	     -2.16697275	     -3.26986300	     -7.49540650	    -10.96584523	     35.64464297	     94.64058580	     -1.23980329	     -4.45124086	     -6.69693042	     30.32805565	     95.31776631
      0.31666670	      1.19363704	     -3.02766571	      4.73571200	      1.05197506	      1.09327695	     -0.31544980	     -2.04517619	     -1.71008703	    -17.03379152	      1.35037489	     -0.00544624	     -0.78512865	      0.00000000	     -4.69469610	    -12.18879460	     -6.38618964	      0.00000000	      4.35128035	     12.43897384	      0.00000000	     -5.73883130	      4.62792239	     -2.14949619	     -3.20485277	     -7.72498627	    -10.65740019	     36.57496177	     94.79127425	     -1.08480156	     -4.38243180	     -6.87211103	     30.91865108	     95.60896144
      0.33333330	      1.14531263	     -3.09950721	      4.77943611	      1.05163714	      1.08580713	     -0.31568043	     -1.94588036	     -1.67333823	    -17.07170848	      1.38573874	      0.41133684	     -0.30152975	      0.00000000	     -4.58749188	    -12.22062964	     -6.44428675	      0.00000000	      4.57708632	     12.35873016	      0.00000000	     -5.74489174	      4.75679474	     -2.12350214	     -3.37259575	     -8.15701498	    -10.03596625	     38.55959186	     95.09373899	     -1.21883518	     -4.32571977	     -7.29252122	     32.04633475	     96.31134584
      0.35000000	      1.09740511	     -3.10897441	      4.89194319	      1.04925728	      1.08486861	     -0.31500163	     -1.85115921	     -1.71962320	    -17.01116344	      1.41389734	      0.40380146	     -0.24546558	      0.00000000	     -4.44182383	    -12.20097754	     -6.31801509	      0.00000000	      4.67182680	     12.44472360	      0.00000000	     -5.67779402	      4.72580835	     -2.10211014	     -2.98049288	     -8.23971661	    -10.01561505	     38.83662426	     95.11619850	     -0.78854150	     -4.34333622	     -7.34342576	     32.30516663	     96.39134815
      0.36666670	      1.02305989	     -3.10436577	      4.90576997	      1.05222065	      1.08692510	     -0.31706630	     -1.62366830	     -1.86281513	    -17.09040132	      1.79630989	      0.62255220	     -0.11639290	      0.00000000	     -4.30593770	    -12.17417102	     -6.25059072	      0.00000000	      4.85598550	     12.53905366	      0.00000000	     -5.59593712	      4.73243476	     -2.15576265	     -3.09945337	     -8.47394035	     -9.68614851	     40.82167897	     95.27574727	     -0.90107125	     -4.37262617	     -7.60791011	     33.68003105	     96.99268295
      0.38333330	      1.09492692	     -3.05434702	      4.92196478	      1.05110486	      1.08434031	     -0.31550809	     -1.78354283	     -1.95916152	    -16.92830974	      1.74157415	      0.62500014	      0.10539965	      0.00000000	     -4.32020629	    -12.13491475	     -6.24248868	      0.00000000	      4.80774199	     12.37236253	      0.00000000	     -5.69483857	      4.53580383	     -2.02824455	     -3.18174456	     -8.68645898	     -9.54418573	     42.28164254	     95.41516458	     -0.90680015	     -4.43114613	     -7.94412547	     34.91267876	     97.76241068
      0.40000000	      1.13037184	     -3.06673709	      4.88214540	      1.05065249	      1.08595321	     -0.31722878	     -1.87257761	     -2.03370866	    -16.95073883	      1.82251578	      0.58445691	      0.11440346	      0.00000000	     -4.36391747	    -12.13459412	     -6.24439431	      0.00000000	      4.80915575	     12.37933217	      0.00000000	     -5.37268019	      4.48464544	     -2.00112090	     -2.85472852	     -8.75136920	     -9.55679434	     42.44642179	     95.41583446	     -0.59822653	     -4.47376490	     -7.95774761	     35.05674676	     97.78006165
      0.41666670	      1.14095679	     -3.07515948	      4.82637937	      1.05423547	      1.08956378	     -0.31542858	     -1.92079052	     -2.07701769	    -16.95278798	      1.96421489	      0.50337031	      0.14987335	      0.00000000	     -4.45305455	    -12.12580701	     -6.27566259	      0.00000000	      4.80343484	     12.36759094	      0.00000000	     -5.10111311	      4.39003474	     -1.97852723	     -2.61370840	     -8.80748782	     -9.55834085	     42.64190648	     95.41760222	     -0.38473750	     -4.51831728	     -7.96726144	     35.20850397	     97.80088845
      0.43333330	      1.03488160	     -2.93617012	      4.47167593	      1.04786195	      1.08957001	     -0.31738017	     -1.61292748	     -2.42726704	    -16.90084771	      2.32482008	      0.39036520	      0.42310773	      0.00000000	     -4.40463480	    -11.86700757	     -6.64523507	      0.00000000	      4.68222325	     12.25108636	      0.00000000	     -5.48228044	      4.24787351	     -1.57751638	     -3.13564052	     -9.10725671	     -9.23765921	     46.09431461	     95.52381520	     -0.88735980	     -4.63677315	     -8.26965713	     38.17749284	     99.45613962
      0.45000000	      0.88976556	     -2.83340317	      4.07074599	      1.04844505	      1.09219134	     -0.31596881	     -1.32901901	     -2.66109578	    -16.62531205	      2.50237222	      0.20177952	      0.50285031	      0.00000000	     -4.28351689	    -11.69810452	     -7.01056915	      0.00000000	      4.45946114	     11.98826636	      0.00000000	     -5.24012164	      4.08648658	     -1.10788367	     -2.78156660	     -9.24019562	     -8.90629996	     46.94269512	     95.56808734	     -0.67166340	     -4.65174953	     -8.29054201	     39.02769947	     99.82963055
      0.46666670	      0.76703079	     -2.81191683	      3.97136655	      1.04491568	      1.08925609	     -0.31459094	     -1.19320983	     -2.75403835	    -16.49185781	      2.48940310	     -0.02782744	      0.64253914	      0.00000000	     -4.07438286	    -11.63360594	     -7.00146214	      0.00000000	      4.43529522	     11.95717566	      0.00000000	     -5.10139043	      3.98310615	     -0.99249789	     -2.09113229	     -9.14651780	     -8.76234196	     47.48173184	     95.57796526	     -0.02707664	     -4.71677015	     -8.23368352	     39.46761334	     99.90755049
      0.48333330	      0.70736726	     -2.63614985	      3.64616960	      1.04871814	      1.09192162	     -0.31462069	     -1.09908091	     -3.02964509	    -16.13822554	      2.61871383	     -0.22046866	      0.53072771	      0.00000000	     -4.05421891	    -11.43408573	     -7.16204198	      0.00000000	      4.10063164	     11.61088366	      0.00000000	     -5.22224094	      3.70770930	     -0.81111325	     -2.28398478	     -9.42568238	     -7.55921891	     50.39359290	     95.62323505	      0.00481426	     -5.24041144	     -7.21930442	     42.19140360	    100.62885798
      0.50000000	      0.64478709	     -2.55887629	      3.58544914	      1.04845186	      1.08970990	     -0.31562065	     -1.09371690	     -3.18292498	    -16.25452962	      2.64968767	     -0.58820692	      0.52230423	      0.00000000	     -3.95538264	    -11.33219652	     -7.22691285	      0.00000000	      3.94313065	     11.45137178	      0.00000000	     -5.18780207	      3.58046213	     -0.81174685	     -2.06291074	     -9.58719607	     -6.99862320	     52.20632057	     95.52663144	      0.35583497	     -5.58550233	     -6.26396008	     44.18257890	    101.25008284
      0.51666670	      0.58057337	     -2.44751667	      3.46513275	      1.04526336	      1.09340958	     -0.31311315	     -1.00482968	     -3.37481736	    -16.28531917	      2.76156720	     -0.79603008	      0.50619326	      0.00000000	     -3.86380901	    -11.19428123	     -7.37093253	      0.00000000	      3.72468995	     11.33874517	      0.00000000	     -5.19094688	      3.33612477	     -0.87643040	     -1.68372450	     -9.64409852	     -6.51380112	     54.34551947	     95.39330680	      0.90853138	     -5.90698706	     -5.46107934	     46.02797454	    101.71109812
      0.53333330	      0.51454261	     -2.39537640	      3.41483731	      1.04599448	      1.08830255	     -0.31472940	     -0.96212835	     -3.49405522	    -16.16264063	      2.80624611	     -0.97791988	      0.33999599	      0.00000000	     -3.73675764	    -11.14767407	     -7.24920253	      0.00000000	      3.67271816	     11.19207329	      0.00000000	     -5.18515658	      3.26504315	     -0.77670600	     -1.63326734	     -9.83476026	     -5.88425059	     57.23535761	     95.18959950	      1.23623541	     -6.21786446	     -4.33172865	     48.83739025	    102.21019548
      0.55000000	      0.43190655	     -2.25082242	      3.28100856	      1.04485733	      1.08797908	     -0.31463282	     -0.87518203	     -3.73530094	    -16.07909412	      2.88463043	     -1.11359816	      0.22582815	      0.00000000	     -3.60552832	    -10.99655960	     -7.31927484	      0.00000000	      3.49998278	     11.02982762	      0.00000000	     -5.19286371	      3.04015435	     -0.79206371	     -1.50410288	     -9.97170087	     -5.47543798	     59.88354482	     94.93205961	      1.63697006	     -6.41474004	     -3.05733783	     51.54362160	    102.63535447
      0.56666670	      0.31456413	     -2.11937276	      3.13673813	      1.04302395	      1.08527269	     -0.31595331	     -0.66829123	     -4.00770769	    -15.94652488	      3.05527175	     -1.28429322	      0.02926940	      0.00000000	     -3.42139170	    -10.82100826	     -7.34447397	      0.00000000	      3.36606434	     10.76290610	      0.00000000	     -5.20681969	      2.89769723	     -0.58484119	     -0.87854649	    -10.32990944	     -4.70972101	     62.45010047	     94.67744671	      2.41757991	     -6.49897249	     -1.47753770	     54.23426957	    103.02345057
      0.58333330	      0.24432756	     -1.95027593	      3.19664701	      1.04256127	      1.09480853	     -0.31233788	     -0.64555423	     -4.20042551	    -15.89800079	      3.01883088	     -1.68827107	     -0.11448161	      0.00000000	     -3.22680192	    -10.67963648	     -7.33403076	      0.00000000	      3.06677231	     10.66449424	      0.00000000	     -5.32638768	      2.60182715	     -0.53032116	      0.04533504	    -10.45586485	     -3.78380632	     64.89823415	     94.41244580	      3.29241605	     -6.79641428	      0.22305450	     56.44366126	    103.34552279
      0.60000000	      0.00997949	     -1.79517796	      3.11911812	      1.04025076	      1.09792035	     -0.30951185	     -0.33790553	     -4.37360365	    -15.80490594	      3.07309912	     -1.95247139	     -0.13683692	      0.00000000	     -2.88728560	    -10.53428874	     -7.44757739	      0.00000000	      2.80412461	     10.71506879	      0.00000000	     -5.31245254	      2.27714654	     -0.37061381	      0.98948688	    -10.53549645	     -2.78485392	     67.26688328	     94.21095285	      4.24628168	     -7.15539871	      1.69998257	     58.92062235	    103.54764656
      0.61666670	     -0.06679945	     -1.67510577	      3.08786706	      1.03626737	      1.09817698	     -0.31483954	     -0.15577065	     -4.58552283	    -15.80437277	      3.19592359	     -2.26316425	     -0.21936054	      0.00000000	     -2.72018915	    -10.30083428	     -7.51403869	      0.00000000	      2.63078033	     10.65178433	      0.00000000	     -5.63046254	      2.14395049	     -0.27393165	      2.44344084	    -10.86948421	     -1.45930421	     69.13037853	     94.04394544	      5.80822320	     -7.16112799	      3.62478159	     61.34048649	    103.74259887
      0.63333330	     -0.22994475	     -1.51729177	      3.01011947	      1.02846542	      1.10222641	     -0.31439557	      0.23409972	     -4.87067728	    -15.68852599	      3.32609528	     -2.64042443	     -0.31812238	      0.00000000	     -2.37295330	    -10.01657345	     -7.62022033	      0.00000000	      2.37301070	     10.49157884	      0.00000000	     -5.99043337	      2.01039536	     -0.06851332	      4.23085832	    -11.12781911	      0.02780446	     70.69011898	     93.91755021	      7.44977854	     -7.11679301	      5.38808482	     63.17905583	    103.86834532
      0.65000000	     -0.42233358	     -1.36600034	      3.01419688	      1.03265920	      1.09505948	     -0.31716033	      0.57195065	     -5.22300112	    -15.63711211	      3.46433981	     -3.07447482	     -0.46778392	      0.00000000	     -2.02056365	     -9.74637443	     -7.53807563	      0.00000000	      2.25300713	     10.36006515	      0.00000000	     -6.09364939	      1.93399731	      0.12862719	      5.74437488	    -11.75730964	      1.39349488	     72.33973684	     93.79332318	      8.74603791	     -6.85717624	      7.11646573	     65.41236437	    103.94096708
      0.66666670	     -0.72172045	     -1.20649674	      2.93571056	      1.02622078	      1.09304100	     -0.31872467	      1.18623315	     -5.66093418	    -15.51395531	      3.83891968	     -3.25337036	     -0.55196855	      0.00000000	     -1.51957730	     -9.38668112	     -7.51959759	      0.00000000	      2.17298572	     10.19108323	      0.00000000	     -6.27202896	      1.95343151	      0.21118568	      7.74405311	    -12.44417666	      3.17396517	     73.82997478	     93.69292287	     10.89895069	     -6.64153598	      9.13153173	     67.21270887	    103.99591689
      0.68333330	     -1.08187898	     -1.04705916	      2.94201582	      1.01820907	      1.09271049	     -0.32059795	      2.02218388	     -6.15469490	    -15.55322890	      4.34235300	     -3.41968060	     -0.76177602	      0.00000000	     -0.86334502	     -9.02388469	     -7.51162426	      0.00000000	      2.16916550	     10.02409774	      0.00000000	     -6.48769173	      2.07675986	      0.59655152	     10.41272636	    -13.05770245	      4.44371173	     74.47749672	     93.67406809	     13.29925600	     -5.76127981	     10.56391470	     68.37291015	    104.02696924
      0.70000000	     -1.40794013	     -0.91130444	      2.82850497	      1.01758852	      1.08720612	     -0.31570359	      2.60834405	     -6.43211496	    -14.95370840	      4.43332681	     -3.68713517	     -1.18929449	      0.00000000	     -0.22112522	     -8.84706638	     -7.54184843	      0.18713269	      2.06786913	      9.74591249	      0.00000000	     -6.72632557	      2.00461281	      0.77076232	     13.37091828	    -14.12670095	      8.17524024	     75.25364136	     93.62418740	     16.66101961	     -5.64765303	     13.42772493	     68.52087423	    103.93255996
      0.71666670	     -1.85581726	     -0.72174762	      2.67776372	      1.01017307	      1.09413529	     -0.31616077	      3.42088202	     -6.80208524	    -14.72396199	      4.62540175	     -3.91035020	     -1.38412476	      0.00000000	      0.58717737	     -8.59920180	     -7.60019329	      0.31883717	      1.89975802	      9.59263392	      0.00000000	     -7.12394405	      1.87696129	      0.91399480	     17.02894201	    -14.22629208	     10.81784945	     73.69725600	     93.39783832	     20.19246316	     -4.87154913	     15.42952663	     66.59855896	    103.53842834
      0.73333330	     -2.40105428	     -0.48731930	      2.46191119	      0.99728222	      1.09595455	     -0.31635344	      4.45093278	     -7.17753985	    -14.22449012	      4.69556662	     -4.03337078	     -1.56696441	      0.00000000	      1.60184207	     -8.30905924	     -7.63069422	      0.53520828	      1.70702216	      9.28033899	      0.00000000	     -7.94548583	      1.66226663	      1.02825138	     21.07297789	    -14.07923929	     13.25129085	     71.59176502	     93.10158631	     23.90294031	     -4.30780750	     17.21323784	     64.85362417	    102.92327471
      0.75000000	     -3.14767946	     -0.26888593	      2.26626310	      0.98584310	      1.09086089	     -0.31646450	      5.84262739	     -7.52279519	    -13.78695720	      4.83454225	     -4.26676278	     -1.74820676	      0.00000000	      3.00501702	     -8.01557915	     -7.62166350	      0.82681467	      1.41551176	      8.86355451	      0.00000000	     -8.89421966	      1.42439562	      1.12054311	     25.15310177	    -14.11150603	     15.27268525	     69.82549784	     92.69389882	     27.54402180	     -3.70798015	     18.36644999	     63.71245258	    102.01309266
      0.76666670	     -4.07035435	     -0.11709245	      2.24811458	      0.97513474	      1.08430832	     -0.31413449	      7.50129642	     -7.80000173	    -13.03460083	      5.04718427	     -4.41331276	     -2.06504936	      0.00000000	      4.86851819	     -7.82988955	     -7.40128972	      1.36235253	      1.16280639	      8.23026723	      0.00000000	     -9.92738121	      1.12451179	      1.05239941	     29.34059415	    -14.17005098	     17.59502490	     68.31935366	     92.19551979	     31.36814620	     -3.29603890	     19.22507568	     62.49346873	    100.79156106
      0.78333330	     -5.14948175	     -0.01668037	      2.29105795	      0.97029141	      1.08190843	     -0.31631810	      9.34971168	     -8.11339013	    -12.76255905	      5.41024476	     -4.81276608	     -2.24339545	      0.00000000	      6.97328844	     -7.67719483	     -7.27483540	      2.03206669	      1.00102545	      7.95581622	      0.00000000	    -10.81620363	      0.98691867	      0.63557747	     32.78503550	    -14.34995098	     19.58106421	     67.66121220	     91.47217865	     34.60699910	     -3.29265247	     20.38995339	     62.32914844	     99.09796439
      0.80000000	     -6.24582998	      0.07566704	      2.33203118	      0.96707888	      1.08175716	     -0.31410785	     11.18721608	     -8.40110048	    -12.39805028	      5.82627071	     -5.01679664	     -2.38935635	      0.00000000	      9.14008376	     -7.60564623	     -7.18316842	      2.90523262	      0.88483070	      7.55654476	      0.00000000	    -11.74791849	      0.85594486	      0.49246571	     35.58471613	    -14.49620067	     21.04704001	     67.99655630	     90.94706922	     37.27903547	     -3.51463013	     21.25453213	     62.77881635	     97.70110752
      0.81666670	     -7.18020284	      0.06155833	      2.32458237	      0.96102557	      1.07661804	     -0.31271188	     12.93474563	     -8.57592693	    -12.01687972	      6.49052042	     -5.43814148	     -2.89178046	      0.00000000	     11.12638833	     -7.65451819	     -7.08747106	      3.89469020	      1.09923576	      6.90547323	      0.00000000	    -12.85350729	      1.01445339	      0.26252368	     38.71641371	    -14.31154249	     23.58678511	     67.74553078	     88.79417158	     39.83403345	     -3.79793741	     22.30283981	     63.20946403	     92.08100662
      0.83333330	     -8.73732945	      0.28070098	      2.20098176	      0.94848582	      1.07007597	     -0.30933770	     15.75847343	     -9.06762428	    -11.85912176	      7.67833610	     -5.26475920	     -2.83319804	      0.00000000	     13.82515620	     -7.55374800	     -7.28948189	      4.91146650	      1.07291298	      6.52721209	      0.00000000	    -13.62043181	      0.72223099	      0.19177276	     41.43874190	    -13.72234706	     24.23571988	     68.60593052	     88.44803234	     42.86055795	     -3.58632669	     22.13961135	     62.88807431	     91.01159374
      0.85000000	    -10.32802851	      0.44257493	      2.27471686	      0.93303120	      1.06342889	     -0.31349160	     18.81560922	     -9.58175099	    -11.39424229	      9.08953438	     -5.42474959	     -3.33602808	      0.00000000	     16.98596053	     -7.39351666	     -7.01246858	      6.42573724	      1.13552664	      5.62447381	      0.00000000	    -14.77348194	      0.63581322	     -0.07506894	     45.36253201	    -13.49636364	     25.24158373	     68.34255707	     88.06873244	     46.70128005	     -3.33978628	     22.68009769	     62.61920913	     89.79380858
      0.86666670	    -11.35737031	      0.59153120	      2.41132324	      0.92507509	      1.06041472	     -0.31091000	     21.35511733	    -10.08582504	    -11.36688676	     10.66031972	     -5.35027149	     -3.61390636	      0.00000000	     19.67077359	     -7.37677422	     -6.99654635	      8.14422321	      1.55409504	      5.20969284	      0.00000000	    -16.74231655	      0.61785087	     -0.20703247	     48.71802401	    -13.21382281	     25.11977455	     68.89731782	     87.94663141	     50.02911087	     -2.94438296	     22.62757910	     62.92689457	     89.44247463
      0.88333330	    -13.53259462	      0.68896650	      2.40149878	      0.91581020	      1.05310215	     -0.30955332	     25.55611042	    -10.52983693	    -10.46146621	     12.91168780	     -5.59419001	     -4.60969729	      0.00000000	     23.83440232	     -7.39928273	     -6.59480679	     10.31527380	      1.76898026	      4.19996884	      0.00000000	    -17.32685038	      0.52446012	     -0.74665350	     52.63122419	    -12.96210364	     27.92983639	     68.91571094	     82.20198246	     53.70612862	     -3.92551554	     25.45189685	     63.67819569	     72.94737980
      0.90000000	    -15.36906520	      0.74559055	      2.38985315	      0.90912036	      1.04795972	     -0.30653549	     29.47860085	    -10.92662120	     -9.96394827	     15.40149657	     -5.53630947	     -5.42426476	      0.00000000	     27.71207432	     -7.47119290	     -6.13021125	     12.63076946	      2.08556089	      3.33657203	      0.00000000	    -18.54525094	      0.28960420	     -0.84352252	     55.78850498	    -12.48543230	     27.94940487	     69.69405457	     82.21888559	     57.26267664	     -3.81756346	     25.67544567	     63.99837329	     72.70483546
      0.91666670	    -17.16378303	      0.76055086	      2.34961893	      0.89994220	      1.04516660	     -0.30598808	     33.31641812	    -11.27602028	     -9.34111087	     17.81105931	     -5.57877614	     -6.17073913	      0.00000000	     31.51539125	     -7.65771274	     -5.93629197	     14.98450676	      2.40004903	      2.52778634	      0.00000000	    -19.77317024	      0.13012066	     -1.03713340	     58.40255763	    -12.10219170	     27.70388525	     70.69646602	     82.20166614	     60.39578839	     -3.77368070	     25.91685108	     64.72457772	     72.34100940
      0.93333330	    -19.10870183	      0.80861842	      2.09463713	      0.88743750	      1.03069192	     -0.30973276	     37.73086938	    -11.67610037	     -8.69150900	     20.69998302	     -5.34419928	     -6.78631266	      0.00000000	     35.64522782	     -7.86428123	     -5.72317934	     17.74284524	      3.03171934	      1.54448657	      0.00000000	    -20.70207340	     -0.07188295	     -1.13191963	     61.80481985	    -11.56462056	     27.55348539	     71.69062249	     82.12455346	     63.84214158	     -3.41084279	     25.48522881	     65.13394402	     71.75017498
      0.95000000	    -21.07579761	      0.81033968	      1.90651875	      0.88131107	      1.01740021	     -0.30418156	     42.10956697	    -11.93880129	     -8.10552305	     23.69833618	     -4.90905649	     -7.49774483	      0.00000000	     39.94492095	     -8.21919421	     -5.33646498	     20.82296678	      3.84135828	      0.46790921	      0.00000000	    -21.58920039	     -0.30185825	     -0.72156339	     65.31253086	    -11.69898216	     27.52303853	     72.56600018	     82.01375633	     66.81478680	     -2.98528508	     25.53621833	     66.27388292	     71.04541977
      0.96666670	    -23.00393136	      0.95797717	      1.70090145	      0.87304682	      1.00960509	     -0.30496642	     46.50240668	    -12.38031554	     -7.48649763	     26.71182772	     -4.29072437	     -7.87291163	      0.00000000	     44.27488510	     -8.42097584	     -4.95926867	     24.06042918	      4.58045770	     -0.49928057	      0.00000000	    -22.49918608	     -0.63652868	     -0.65716711	     68.80649185	    -11.85116134	     27.45068509	     73.58775423	     81.87928477	     69.91983021	     -3.07613550	     25.46444695	     67.60934649	     70.23915822
      0.98333330	    -24.72034496	      1.03748854	      1.66916978	      0.86720815	      1.00265474	     -0.30508851	     50.34164745	    -12.76555675	     -6.87098053	     29.32867409	     -3.61939940	     -7.90161288	      0.00000000	     48.36927261	     -8.57046576	     -4.41215374	     27.25899883	      5.16205154	     -1.48691449	      0.00000000	    -23.51053100	     -0.76337816	     -0.74420767	     71.92321448	    -11.63477528	     26.79201266	     74.04083107	     81.68125492	     73.02649213	     -3.08009432	     25.20186567	     68.58341171	     69.29003604
      1.00000000	    -26.27552675	      1.10561248	      1.81192348	      0.86326499	      0.99341211	     -0.30386966	     53.68475782	    -13.27598646	     -6.43597149	     31.70521812	     -2.86378439	     -7.68296272	      0.00000000	     52.17606619	     -8.64448650	     -4.00351421	     30.43854507	      5.83555398	     -1.99020676	      0.00000000	    -24.66160514	     -0.91655298	     -1.06649300	     74.76610496	    -11.42323457	     26.78191131	     74.93484630	     81.59625066	     75.86440614	     -3.22496783	     24.98140980	     69.54729446	     68.28683120
      1.01666670	    -27.59635099	      1.12423865	      2.09077151	      0.85873911	      0.98397659	     -0.30438666	     56.51585767	    -13.79306843	     -5.86287368	     33.76253144	     -1.65320783	     -6.87844228	      0.00000000	     55.60355716	     -8.64698060	     -3.69664330	     33.37845578	      6.49585790	     -2.30441357	      0.00000000	    -25.84194843	     -0.94366907	     -1.30156700	     77.29535639	    -11.29081255	     25.95616237	     75.74926402	     81.45071715	     78.58137948	     -3.22146785	     24.67328581	     70.58705578	     67.24923470
      1.03333330	    -28.69960266	      1.17948939	      2.40755965	      0.85720379	      0.96669826	     -0.30570027	     59.06427687	    -14.43520313	     -5.24281571	     35.92983335	      0.14832401	     -5.97562564	      0.00000000	     58.77531507	     -8.61562652	     -3.47506153	     36.46331902	      7.44852026	     -2.28015551	      0.00000000	    -27.02252430	     -0.88276894	     -1.80438908	     80.04741191	    -10.66307600	     25.39294812	     76.45952127	     80.58708438	     80.93895711	     -3.72470557	     25.00474402	     72.19125521	     57.83719219
      1.05000000	    -29.92528536	      1.22772230	      2.59329192	      0.84842006	      0.95832693	     -0.30299772	     61.89820619	    -14.76146728	     -4.36609355	     38.13754829	      1.66955362	     -5.31867932	      0.00000000	     61.99403590	     -8.84266969	     -3.54313909	     39.34228668	      8.30149685	     -1.92117436	      0.00000000	    -28.17235574	     -1.11108938	     -1.70819215	     82.89349367	    -10.98274193	     24.81645788	     77.01499578	     80.57937941	     83.62102097	     -3.12956416	     24.94544273	     72.99200490	     57.78839043
      1.06666670	    -30.96355735	      1.25086002	      2.71698734	      0.84123975	      0.94501155	     -0.30324478	     64.96723611	    -15.02011603	     -3.51953499	     40.88516559	      3.26438874	     -4.64807056	      0.00000000	     65.08824397	     -9.16764104	     -3.77292535	     42.09136818	      9.04630672	     -1.72468917	      0.00000000	    -29.56072255	     -1.25228295	     -1.75632618	     85.81849165	    -11.10687386	     24.34873642	     78.02893214	     80.61551624	     86.62348129	     -2.99669233	     25.03423426	     73.91436559	     57.74593103
      1.08333330	    -31.91882614	      1.23542199	      3.00379684	      0.83622255	      0.93473241	     -0.30300941	     67.93583896	    -15.39043633	     -2.87050463	     43.75710129	      4.64754886	     -4.18280946	      0.00000000	     68.28177901	     -9.42675630	     -4.00089538	     45.16433899	      9.67024202	     -1.56039137	      0.00000000	    -31.02291892	     -1.32404303	     -2.01656678	     88.60097815	    -11.44924452	     24.12721082	     79.02326677	     80.71714012	     89.63023375	     -2.93554165	     25.21171225	     74.54003324	     57.70382128
      1.10000000	    -32.38122844	      1.19214548	      3.38502938	      0.83960059	      0.92273713	     -0.30851012	     70.10288019	    -15.87765838	     -2.27061404	     46.43032198	      5.83947234	     -4.51448708	      0.00000000	     70.67559864	     -9.44049583	     -4.10378829	     47.88962370	     10.17510075	     -1.62710494	      0.00000000	    -32.57655455	     -1.02832457	     -2.24622549	     90.82076222	    -11.53718504	     23.53277546	     79.48805266	     80.73647655	     91.92803101	     -2.84453429	     24.62446548	     74.78500117	     57.67045073
      1.11666670	    -32.97160192	      1.39533388	      3.51495024	      0.83096129	      0.90057304	     -0.30422312	     73.30608578	    -16.31756846	     -1.43688553	     50.23842017	      7.73010426	     -3.73866235	      0.00000000	     73.59033833	     -9.75668460	     -4.42246740	     51.31414250	     11.31092374	     -1.22981843	      0.00000000	    -33.95013989	     -1.29081838	     -2.36441682	     93.39140629	    -12.14378504	     23.73444602	     81.69515940	     80.97239572	     94.70814571	     -2.99778811	     24.51264861	     75.72716436	     57.68859382
      1.13333330	    -33.62332189	      1.19863798	      3.96912319	      0.82328371	      0.88984050	     -0.30188673	     76.17823598	    -16.53976501	     -0.60562227	     53.52188732	      9.16566064	     -3.81988522	      0.00000000	     76.76797227	     -9.86643015	     -3.98494741	     54.58408056	     11.77387315	     -1.48208224	      0.00000000	    -35.11585743	     -1.06271458	     -2.53558385	     96.20370413	    -12.14353399	     23.54388198	     82.58686780	     81.13945152	     97.55473600	     -2.76012464	     24.13405636	     75.56522277	     57.65388024
      1.15000000	    -33.84586953	      1.09760675	      4.28878297	      0.82087894	      0.87551548	     -0.30539161	     78.38100306	    -16.72971454	      0.20650855	     56.40797920	     10.49285549	     -4.16774415	      0.00000000	     79.36228152	     -9.81341943	     -3.39419378	     57.75285449	     12.41790062	     -1.74096484	      0.00000000	    -36.35910994	     -0.84216613	     -2.66450447	     98.56577292	    -12.15773044	     23.06431188	     82.86483096	     81.17536846	     99.79575054	     -2.39668233	     23.67910058	     75.74771507	     57.64548653
      1.16666670	    -34.07090970	      1.19683844	      4.70798972	      0.81422288	      0.86415403	     -0.30412012	     80.59938248	    -17.09348676	      0.97274766	     59.08108904	     11.56911863	     -3.88828776	      0.00000000	     81.40667511	     -9.51942850	     -3.05888481	     59.97744151	     12.54709942	     -1.62528323	      0.00000000	    -37.91167399	     -0.70197976	     -2.77433835	    101.40285987	    -13.00327271	     23.78246358	     83.10065756	     81.49544489	    102.57028647	     -1.85013592	     23.54622021	     75.08616743	     57.65946901
      1.18333330	    -34.35279017	      1.23075754	      4.95016863	      0.80860881	      0.84706134	     -0.30994627	     83.21760270	    -17.43355158	      1.78057939	     62.19084691	     12.72489383	     -4.15129031	      0.00000000	     83.67367567	     -9.10344145	     -2.46224870	     62.44259704	     13.05094437	     -2.28727252	      0.00000000	    -38.95207257	     -0.37105502	     -2.48860574	    104.35497889	    -13.55352633	     24.16943839	     82.92934087	     81.73039422	    104.96200998	     -0.98285428	     22.92744247	     74.10475375	     57.68354500
      1.20000000	    -34.62464600	      1.07440137	      5.13179634	      0.81115288	      0.83400641	     -0.29867768	     85.60663452	    -17.24013540	      2.26120276	     65.38291622	     14.19152555	     -4.65380124	      0.00000000	     85.67525124	     -9.26074043	     -1.75675520	     64.71641635	     13.47205349	     -2.40452459	      0.00000000	    -40.00296572	     -0.22714673	     -2.19072754	    106.54236758	    -13.70331899	     24.03150748	     83.21503058	     81.82424985	    107.06866443	     -0.66378841	     22.51667697	     73.97933181	     57.73614132
      1.21666670	    -34.82847361	      1.07083170	      5.06595106	      0.80539752	      0.82195796	     -0.30380971	     87.83033305	    -17.10450859	      2.94948352	     68.31051434	     16.06247184	     -4.27176661	      0.00000000	     87.67844014	     -9.34929228	     -1.41803246	     67.19193973	     14.07626516	     -2.70703443	      0.00000000	    -40.78741630	     -0.13754447	     -1.66388415	    108.32997568	    -14.47168875	     24.73734924	     83.86772798	     82.07971004	    108.11292904	      0.25868342	     22.42125976	     74.05439365	     57.94205765
      1.23333330	    -34.91818510	      0.92251811	      4.91518033	      0.80349310	      0.80902535	     -0.30188143	     90.11832988	    -16.84499893	      3.38188503	     71.32093626	     17.68712029	     -4.29661479	      0.00000000	     89.51218897	     -9.59245543	     -0.87035024	     69.40173805	     14.58392776	     -2.83353322	      0.00000000	    -41.83694872	     -0.11023316	     -1.53080219	    109.83979000	    -14.00858319	     24.32565583	     84.38873975	     82.14190971	    109.39776551	      0.69970838	     22.50586438	     74.57648727	     58.10202732
      1.25000000	    -35.07433798	      0.83622759	      5.03084918	      0.79475008	      0.79667237	     -0.30241810	     92.54938234	    -16.88700539	      3.92977439	     74.05570862	     19.31211788	     -3.99760303	      0.00000000	     91.67782844	     -9.58934279	     -0.44987593	     71.73670942	     14.99586909	     -2.82696876	      0.00000000	    -42.78581143	      0.03485248	     -1.75788204	    111.66285245	    -13.36859807	     24.26174522	     84.49249261	     82.20854705	    111.04518693	      0.96705951	     22.39966426	     74.49134753	     58.24735158
      1.26666670	    -34.99386830	      0.85493804	      4.97923158	      0.79497706	      0.78845650	     -0.30477932	     94.45457686	    -16.89853824	      4.30146215	     76.38027421	     20.89444275	     -3.42085907	      0.00000000	     93.02965390	     -9.66200770	     -0.22140316	     73.55346057	     15.36179846	     -2.72289776	      0.00000000	    -43.66635480	      0.18466015	     -1.90367325	    113.09001588	    -12.94646509	     24.30130360	     84.38501954	     82.28693237	    112.63004230	      0.99452380	     21.77279818	     74.08661448	     58.37280603
      1.28333330	    -34.98675990	      0.76891859	      5.12281881	      0.80021112	      0.77899748	     -0.30387362	     95.91455070	    -17.12462875	      4.49604359	     78.59850491	     22.54243039	     -2.83938816	      0.00000000	     94.12972523	     -9.78059818	     -0.03573057	     75.26940624	     15.86640971	     -2.53043427	      0.00000000	    -44.33011053	      0.43621977	     -2.22549352	    113.81592794	    -12.60537803	     24.32304412	     85.09324258	     82.41020856	    113.21640037	      0.93655704	     21.68464748	     74.61163114	     58.59215042
      1.30000000	    -34.91207493	      0.77414465	      4.99037017	      0.80536098	      0.76980569	     -0.29989674	     96.95222064	    -17.16542326	      4.30617699	     80.43184566	     23.69177503	     -2.08304481	      0.00000000	     94.80993093	    -10.26221253	      0.04496001	     76.82014239	     16.48338771	     -2.16142231	      0.00000000	    -44.75244054	      0.31042828	     -2.35031848	    113.56509335	    -12.11747142	     24.08985859	     86.60904271	     82.56800329	    113.10105540	      0.82804183	     21.67377536	     76.05613890	     58.90916060
      1.31666670	    -35.02631133	      0.76114655	      4.84528087	      0.80190087	      0.76341580	     -0.30019989	     97.86128906	    -17.21840015	      4.11305559	     81.77871905	     25.00687555	     -1.27157237	      0.00000000	     95.64525756	    -10.70267102	      0.14342334	     78.10388503	     16.92869120	     -1.94855625	      0.00000000	    -44.64811222	      0.14058561	     -2.45201897	    112.84803066	    -11.50184223	     24.06870009	     86.65316494	     82.71887175	    112.78233333	      0.90678896	     21.35479951	     75.86342596	     59.12974944
      1.33333330	    -35.28390212	      1.00645311	      4.77465764	      0.80290099	      0.76325683	     -0.29923430	     98.20084346	    -17.47939090	      3.95138016	     82.03976099	     22.60206799	     -1.98463326	      0.00000000	     95.85437812	    -11.07913355	     -0.27731475	     78.36394390	     16.59858117	     -2.03284015	      0.00000000	    -44.38715601	     -0.39057861	     -2.95741034	    111.22985410	    -10.69213566	     23.43536953	     87.50114080	     83.01889181	    112.10969538	      1.02490910	     20.94007473	     76.37813025	     59.61954072
      1.35000000	    -34.96332286	      0.93810947	      4.67473327	      0.79850713	      0.76437570	     -0.29695670	     97.84392597	    -17.68178358	      3.52233269	     82.04550307	     23.10203460	     -1.52129813	      0.00000000	     95.66341676	    -11.54970608	     -0.37618201	     78.42763997	     16.57279940	     -1.44840865	      0.00000000	    -44.69736235	     -0.41981874	     -3.06353853	    110.45280914	    -10.20860856	     23.58048574	     87.69456693	     83.12566688	    111.98730703	      0.78075495	     20.81897238	     76.13883025	     59.77306600
      1.36666670	    -34.74229788	      1.02369865	      4.78257050	      0.79814303	      0.76593401	     -0.29627281	     97.58300157	    -17.96282805	      3.26415579	     81.89781290	     23.16277667	     -1.31218045	      0.00000000	     95.37653300	    -11.76072093	     -0.67023511	     78.19263406	     16.15074137	     -0.99591246	      0.00000000	    -44.99079194	     -0.47571812	     -3.00150972	    109.85460299	    -10.01712835	     23.62889551	     87.63208351	     83.18459765	    111.40722829	      1.20424692	     21.13841197	     76.47883422	     59.91908157
      1.38333330	    -34.77942500	      1.05619777	      4.96637691	      0.79416519	      0.76982394	     -0.29167599	     97.14078266	    -17.97398194	      3.09161403	     81.19083804	     23.23584038	     -1.35289823	      0.00000000	     95.09529076	    -11.98969966	     -1.09615107	     77.37975693	     15.61498586	     -0.64735117	      0.00000000	    -45.04479206	     -0.57626690	     -2.92371648	    109.65900570	     -9.80397937	     23.60333518	     87.37028176	     83.19859516	    111.09779953	      1.57313146	     21.33996497	     76.58281183	     60.01246833
      1.40000000	    -34.48387083	      1.24438930	      5.06351460	      0.80230862	      0.77718132	     -0.29283725	     95.96758621	    -17.97478798	      2.94239091	     80.31848020	     22.95040268	     -1.72332796	      0.00000000	     94.00363543	    -12.29950054	     -1.83739312	     76.43812810	     15.26259359	     -0.18973239	      0.00000000	    -45.18935498	     -0.69474360	     -2.55277002	    108.69116431	     -9.85035699	     23.53619933	     87.24007481	     83.22276337	    109.65662239	      1.79654683	     22.14404674	     77.26214630	     60.22410400
      1.41666670	    -34.47854426	      1.58658792	      4.97105676	      0.80611787	      0.78314179	     -0.29664976	     94.69212734	    -17.93632474	      3.03171460	     78.88351194	     22.24370740	     -1.89373184	      0.00000000	     92.88118023	    -12.47630865	     -2.65088688	     75.30786503	     15.13264963	      0.25983638	      0.00000000	    -44.95121961	     -0.95441444	     -2.48089346	    107.38564934	     -9.67625500	     23.03238366	     87.71412686	     83.29103065	    108.10237167	      1.25045933	     23.29976991	     79.05784941	     60.88772982
      1.43333330	    -34.21368125	      1.89600639	      5.13629033	      0.80568543	      0.79517186	     -0.29677331	     92.90618146	    -18.21161276	      3.12845557	     76.96282052	     21.36805432	     -1.83959010	      0.00000000	     91.20517103	    -12.17858254	     -3.45533834	     73.69646178	     14.83210729	      0.46599123	      0.00000000	    -44.81329270	     -1.08422442	     -2.40600283	    106.34176684	     -9.45721530	     23.60906471	     87.49923214	     83.35177792	    106.34604467	      1.46486077	     24.42917757	     79.50947556	     61.15319324
      1.45000000	    -34.02692459	      2.35318297	      5.44161595	      0.80609131	      0.80536352	     -0.29527182	     91.14898809	    -18.39940530	      3.38298676	     74.79007008	     19.87820397	     -2.54736505	      0.00000000	     89.34944252	    -11.67599882	     -4.29381501	     71.68034695	     14.15919886	      0.51251543	      0.00000000	    -44.84448953	     -1.18488283	     -2.53733065	    105.64099580	    -10.02752550	     24.12405150	     87.59560253	     83.43893127	    105.30936085	      1.25533161	     25.91646121	     80.29879087	     61.69560353
      1.46666670	    -33.77076928	      2.62934431	      5.66652634	      0.81136337	      0.81528393	     -0.29290744	     89.16398550	    -18.33648700	      3.54271691	     72.61959308	     18.92317029	     -3.01507124	      0.00000000	     87.46354339	    -11.21160961	     -4.71589488	     69.72874429	     13.64611312	      0.40541735	      0.00000000	    -44.56270103	     -1.25365054	     -2.46991911	    103.96157979	    -10.82797833	     24.04079147	     87.95831355	     83.47407615	    103.81147780	      0.99412437	     26.64276280	     80.91073629	     62.01788484
      1.48333330	    -33.27571548	      2.98440677	      5.50204582	      0.81539759	      0.82851769	     -0.29435015	     86.86659764	    -18.05678441	      3.62648353	     70.26433565	     17.51824989	     -3.54602654	      0.00000000	     85.33732061	    -10.95894036	     -5.19937560	     67.77436360	     12.48084468	     -0.17791677	      0.00000000	    -44.63262597	     -1.65972030	     -2.55239641	    101.76974222	    -11.21692091	     23.36752288	     88.65052359	     83.59323187	    102.55235823	      0.44611322	     27.50160930	     81.59436907	     62.61009770
      1.50000000	    -32.78182447	      3.33385213	      5.14472322	      0.82523120	      0.84597153	     -0.29961385	     84.25080762	    -17.78601737	      3.75837531	     67.64233789	     16.45143199	     -3.57951301	      0.00000000	     82.84591682	    -10.67420162	     -5.68543916	     65.69455377	     11.85317419	     -0.44378561	      0.00000000	    -44.56600149	     -1.99434628	     -2.35583398	     99.30171045	    -11.33642921	     23.68400669	     89.78401675	     83.89182415	    100.35087800	     -0.13313738	     27.48030793	     82.88834683	     63.19147998
      1.51666670	    -32.02136438	      3.34894933	      4.60451387	      0.82508454	      0.85885272	     -0.29049616	     81.42792543	    -16.91672343	      3.64339103	     65.06076399	     15.39721832	     -3.83536390	      0.00000000	     80.14841671	    -10.95844796	     -5.97644778	     63.23190371	     11.11106781	     -0.50715039	      0.00000000	    -44.35662201	     -2.40700588	     -2.18775905	     96.19494889	    -11.57506578	     23.33047768	     91.62554048	     84.23323859	     98.19493955	     -1.34759131	     27.49404956	     83.87589206	     63.84300157
      1.53333330	    -31.32656125	      3.36106295	      4.12555036	      0.83367152	      0.87288694	     -0.28849251	     78.56072598	    -16.15452609	      3.28225298	     62.36582120	     14.46862153	     -4.50081003	      0.00000000	     77.41195888	    -11.33219801	     -6.48008934	     60.85353355	     10.39625456	     -0.54476973	      0.00000000	    -43.85866426	     -2.90058769	     -1.86366876	     92.44555134	    -11.40225496	     23.66697849	     92.41876344	     84.73363541	     95.27920342	     -2.15799054	     27.30866280	     84.65322858	     64.51040757
      1.55000000	    -30.36812595	      3.26074193	      3.61946424	      0.83898739	      0.88667389	     -0.29098048	     75.59040585	    -15.47421385	      2.81478093	     59.86889117	     14.65134942	     -4.42366799	      0.00000000	     74.59998653	    -11.73379987	     -7.08320220	     58.71465342	      9.89338038	     -0.54095961	      0.00000000	    -43.41455728	     -3.25253014	     -1.61682469	     89.23343932	    -11.39732302	     24.32516096	     92.95772471	     84.99688264	     92.48442371	     -3.25923969	     27.64212454	     85.22844184	     64.85412508
      1.56666670	    -29.43007750	      3.13574000	      3.10052894	      0.84173424	      0.89983581	     -0.29208942	     73.47160296	    -14.70270130	      2.56286087	     58.13182640	     15.55149568	     -4.34688483	      0.00000000	     72.18052035	    -11.98416786	     -7.63639241	     56.88056249	      9.64233919	     -0.47379581	      0.00000000	    -42.92941684	     -3.28487948	     -1.19956577	     86.11193553	    -11.22787867	     23.50120417	     92.89856013	     88.57456023	     89.24966591	     -3.76600079	     27.66899525	     86.59843306	     69.88041832
      1.58333330	    -28.35576113	      2.66022792	      2.49784295	      0.84421980	      0.91628888	     -0.28840409	     72.44831849	    -13.51069441	      1.37176137	     57.65961203	     16.25967324	     -5.91863983	      0.00000000	     69.70199823	    -12.53312568	     -7.69448463	     54.88337174	      8.74463031	     -0.46924028	      0.00000000	    -42.69352611	     -3.22423667	     -0.15964521	     83.29630115	    -11.71681553	     23.14879524	     93.16340108	     88.56902549	     86.46492873	     -3.88058222	     28.70987543	     86.97493404	     70.04037375
      1.60000000	    -27.49009329	      2.40036606	      2.19693111	      0.84991474	      0.93219774	     -0.28675414	     69.97757535	    -12.74513422	      0.46134529	     55.70223161	     15.60147354	     -7.40114303	      0.00000000	     66.90011928	    -12.83148697	     -7.99405737	     52.16831235	      7.68529173	      0.32206995	      0.00000000	    -41.92964801	     -3.31636539	      0.28363524	     79.43581690	    -11.72811959	     22.24364546	     94.01024514	     88.53711785	     83.62849483	     -4.18409944	     29.62961394	     87.37682391	     70.19808414
      1.61666670	    -26.07962443	      2.37435566	      2.11061973	      0.85327638	      0.94682381	     -0.28228672	     66.16385781	    -12.24587427	     -0.10005862	     52.48474497	     12.32338267	     -9.00598763	      0.00000000	     63.24875476	    -12.86981464	     -8.67164665	     49.07815336	      6.34648233	      1.27372915	      0.00000000	    -41.44474167	     -3.65862790	      0.48444718	     75.85106629	    -11.89735947	     22.11558783	     94.86397429	     88.54780087	     80.85064154	     -4.42095520	     30.47383209	     87.24650568	     70.32540736
      1.63333330	    -24.74875681	      2.13275832	      1.79460646	      0.85513231	      0.95709321	     -0.28568443	     62.36612842	    -11.66089976	     -0.07830878	     49.32926426	     10.75956579	     -9.19937574	      0.00000000	     60.05025707	    -13.03645859	     -8.93146885	     46.50341309	      5.51847470	      1.99913317	      0.00000000	    -40.56682950	     -3.78679498	      1.07371711	     72.76184529	    -12.32245073	     21.87278987	     94.66816180	     88.52835259	     77.66990921	     -4.84437454	     30.87593140	     87.62307160	     70.36793967
      1.65000000	    -22.98972591	      1.87629272	      1.96231873	      0.87281007	      0.97778966	     -0.28424057	     56.57631658	    -11.45691077	     -0.14811805	     44.36313235	      8.58705858	     -9.09167071	      0.00000000	     55.74542656	    -12.88326373	     -9.17268575	     43.11030941	      4.33080620	      3.35902274	      0.00000000	    -40.04430165	     -3.44364664	      1.29406796	     67.89023351	    -12.23002269	     21.49715455	     96.20484821	     88.62487674	     73.71084223	     -5.62773125	     31.02148877	     88.39089124	     70.38135705
      1.66666670	    -20.93576426	      1.85804949	      1.98142492	      0.88486694	      0.98659413	     -0.28567057	     50.83565338	    -11.41679900	      0.13166216	     39.80802447	      7.22694714	     -8.48964250	      0.00000000	     51.19107262	    -12.62782908	     -9.58220021	     40.07235179	      3.75341695	      4.38171973	      0.00000000	    -39.28954420	     -3.45861481	      1.35545327	     63.18123761	    -11.87014230	     21.57429243	     96.51218074	     88.80791542	     69.48889598	     -6.15945802	     30.97523756	     88.39275742	     70.33823237
      1.68333330	    -19.42848640	      1.97400712	      1.91542355	      0.89460261	      0.99416690	     -0.28242011	     46.35172817	    -11.38348743	      0.08335141	     36.12629487	      5.92638204	     -8.24229289	      0.00000000	     47.22559540	    -12.43195750	     -9.82139715	     37.19696875	      3.39407399	      5.67877455	      0.00000000	    -37.74289574	     -3.90111237	      1.23274381	     58.24752257	    -11.24875779	     21.54794133	     96.94233790	     89.04856511	     64.83513399	     -7.08965741	     31.28731892	     89.54966170	     70.33288542
      1.70000000	    -18.28716399	      2.05117656	      1.96020183	      0.89934285	      1.00904511	     -0.27724218	     42.28173401	    -11.15390282	      0.32272650	     32.27507780	      5.03187959	     -7.63491918	      0.00000000	     43.81645037	    -12.17712660	    -10.00521958	     34.14085089	      2.72546902	      6.84459220	      0.00000000	    -36.03850357	     -4.38456697	      1.16445057	     54.02403100	    -10.65889191	     21.42124112	     96.36913797	     89.26557327	     60.60669761	     -7.62000654	     31.40154088	     89.82032425	     70.26122690
      1.71666670	    -16.96585623	      2.42687359	      1.74479013	      0.91181429	      1.01900080	     -0.28623506	     38.42161015	    -11.42064583	      0.42848491	     28.80152041	      4.21361645	     -6.84265448	      0.00000000	     40.14672669	    -11.44733037	    -10.12746088	     31.29415197	      2.23097499	      7.52319109	      0.00000000	    -34.28265015	     -4.86200426	      0.87200850	     49.41776375	    -10.04963985	     21.29400826	     95.95078463	     89.49921920	     56.43363982	     -8.29881115	     31.35290574	     89.86763930	     70.15707869
      1.73333330	    -15.95082774	      2.63963782	      1.76254728	      0.92038584	      1.02146456	     -0.28695027	     35.40148072	    -11.62705256	      0.41235329	     26.35947467	      3.78189486	     -5.98785584	      0.00000000	     37.24861224	    -10.79116467	    -10.48300813	     29.09730565	      2.08079583	      7.99820443	      0.00000000	    -32.17315233	     -5.01361771	      0.92193532	     45.12056869	     -9.73045627	     21.19644553	     96.11515347	     89.71169198	     52.11213003	     -8.85984301	     31.96688826	     90.59152019	     70.10413862
      1.75000000	    -14.88371713	      2.73096583	      1.88538440	      0.94037552	      1.03214460	     -0.28641016	     31.99806940	    -11.76928691	      0.02819595	     23.91655390	      3.39905503	     -5.63151614	      0.00000000	     33.82295100	    -10.23677481	    -10.64208230	     26.49134933	      2.14877380	      8.76931529	      0.00000000	    -29.94715690	     -5.07170480	      0.88203941	     40.57649838	     -9.45328542	     21.22985238	     95.60859484	     89.93918295	     47.84163485	     -9.40984175	     32.18747613	     90.61444516	     69.97457781
      1.76666670	    -14.19335612	      2.70803340	      1.71408281	      0.94056825	      1.04065715	     -0.28615414	     29.81619823	    -11.62031242	     -0.45858180	     22.20534826	      2.66860230	     -5.29207418	      0.00000000	     31.23258681	     -9.95586428	    -10.61857799	     24.24539563	      2.03598213	      9.60034316	      0.00000000	    -27.60818082	     -5.14682885	      1.08620159	     36.63592416	     -9.29010696	     21.38649696	     95.63141148	     90.16886683	     43.84479796	     -9.77733431	     31.80502458	     91.02753716	     69.78168437
      1.78333330	    -13.67974443	      2.52000351	      1.55030762	      0.94870855	      1.03865830	     -0.28405991	     28.08981284	    -11.22640479	     -0.77468691	     20.86007070	      2.30854479	     -5.11529603	      0.00000000	     29.23060461	     -9.93536942	    -10.55752301	     22.47433491	      1.95190364	      9.54615000	      0.00000000	    -25.10315764	     -5.02660976	      1.23641257	     32.91852850	     -9.07004821	     21.28694077	     96.23414640	     90.36163385	     39.75381127	    -10.52989681	     31.88001349	     92.19916717	     69.62819680
      1.80000000	    -13.18350788	      2.48890095	      1.45148078	      0.96028888	      1.05098004	     -0.28929756	     26.04660588	    -11.14016070	     -0.89173687	     19.10637144	      1.71483644	     -4.80543610	      0.00000000	     27.04034296	     -9.57927015	    -10.52673073	     20.44829836	      1.69854747	      9.67039569	      0.00000000	    -22.58666842	     -5.00617620	      1.43597946	     29.25218127	     -9.37494358	     22.04467906	     96.16572404	     90.46327494	     36.13683327	    -11.15748110	     32.59059562	     92.42284372	     69.59459898
      1.81666670	    -12.41523917	      2.40041987	      1.38183474	      0.96961473	      1.05149752	     -0.29132542	     23.97093052	    -11.00849794	     -1.28179579	     17.75951839	      1.21274235	     -4.60560033	      0.00000000	     24.72270510	     -9.30150833	    -10.61756630	     18.60399056	      1.51815868	      9.57059507	      0.00000000	    -20.16106327	     -4.68481365	      1.40636494	     25.76384098	     -9.24770309	     21.99648754	     96.04571388	     90.62527795	     32.09811361	    -11.52571171	     32.01654361	     93.10823945	     69.28647073
      1.83333330	    -11.84796399	      2.16938820	      1.58214702	      0.97893865	      1.05869459	     -0.28698852	     21.94139365	    -10.66690156	     -1.81999539	     16.27952543	      0.39158742	     -4.95411168	      0.00000000	     22.66159711	     -9.20886754	    -10.53555177	     16.76049960	      1.16613611	      9.60219914	      0.00000000	    -17.78069964	     -4.40632603	      1.17532211	     22.15179671	     -9.14848065	     22.17137117	     96.53649753	     90.77237220	     27.96776785	    -12.20577788	     32.05861858	     94.01443418	     69.03681707
      1.85000000	    -11.24580583	      1.95118430	      1.88339218	      0.98715197	      1.06090698	     -0.28572905	     19.93743147	    -10.29469019	     -1.81972359	     14.89794073	      0.02985780	     -5.30835620	      0.00000000	     20.65341131	     -9.12983187	    -10.19669624	     14.96177313	      1.10486436	      9.84698492	      0.00000000	    -15.45711563	     -4.15080127	      0.84596397	     18.74883077	     -9.03341788	     22.30599027	     96.94881771	     90.87259073	     24.34329385	    -13.07353742	     32.11718535	     95.12324216	     68.77891137
      1.86666670	    -10.74700400	      1.72176309	      2.27110296	      0.99350017	      1.06280643	     -0.28887123	     18.25181249	     -9.99313768	     -1.92861031	     13.77795818	     -0.45451006	     -5.80564886	      0.00000000	     19.01534207	     -9.03123384	     -9.78372849	     13.46632447	      0.95264719	      9.89275898	      0.00000000	    -13.42058531	     -3.87803625	      0.33253075	     15.71653851	     -9.17542714	     22.81119426	     97.60779181	     90.98216555	     21.18172416	    -13.80025102	     32.09280420	     95.93894963	     68.45173096
      1.88333330	    -10.27938471	      1.64818155	      2.46388978	      0.99937654	      1.06213973	     -0.29055550	     16.94709406	     -9.82724356	     -2.19050683	     13.09168129	     -0.59593892	     -6.13531708	      0.00000000	     17.26729906	     -8.82468349	     -9.45611243	     11.81341900	      1.03545466	     10.09445808	      0.00000000	    -11.36385321	     -3.70684699	      0.44974288	     13.07756809	     -9.48048709	     23.43343843	     97.85338130	     91.01989263	     18.57926316	    -14.51543563	     32.67205671	     96.25844797	     68.43099738
      1.90000000	     -9.67017475	      1.41427242	      2.80025678	      1.01251823	      1.06733059	     -0.28927558	     15.32737285	     -9.39932318	     -2.30854714	     12.35640235	     -1.51137922	     -7.62682774	      0.00000000	     15.48342808	     -8.90687113	     -8.87243678	     10.40717169	      0.96508693	     10.27339740	      0.00000000	     -9.98226069	     -3.41174601	     -0.27291964	     10.05175009	     -9.81734341	     23.77974284	     99.05073473	     91.05315401	     15.12833164	    -15.40649785	     32.33725465	     97.79266383	     68.12148692
      1.91666670	     -9.17074459	      1.26885864	      3.19879206	      1.01830389	      1.06811816	     -0.28790377	     13.79787360	     -9.16014412	     -2.34252179	     11.62795066	     -1.70507359	     -8.33614820	      0.00000000	     13.92604290	     -8.90021110	     -8.50863724	      9.13560454	      0.99367010	     10.48401667	      0.00000000	     -8.35709724	     -3.20751915	     -0.76618662	      7.34447971	     -9.74141539	     24.08672894	     99.33364393	     91.06248267	     12.20023128	    -15.76840391	     31.86150201	     98.16297507	     67.85807122
      1.93333330	     -8.68417728	      1.18905786	      3.43911384	      1.02856746	      1.07004458	     -0.29044902	     12.30207007	     -9.00351332	     -2.15362302	     10.91820386	     -1.57032283	     -8.55664211	      0.00000000	     12.32230594	     -8.90311680	     -8.09079128	      7.97881052	      1.21035368	     10.58218711	      0.00000000	     -6.70462336	     -3.06568783	     -0.93629433	      4.78905393	    -10.02916710	     24.64192493	     99.46731067	     91.08686084	      9.68631675	    -16.02422004	     32.33604212	     98.14891151	     67.82889851
      1.95000000	     -7.88232314	      1.01678259	      3.65569988	      1.03630081	      1.06938607	     -0.29304082	     10.53524606	     -8.69648755	     -2.48966854	     10.17637742	     -2.16891527	     -9.28524296	      0.00000000	     10.54193958	     -8.99704691	     -7.66424139	      7.12383489	      1.35950537	     10.44763200	      0.00000000	     -5.85682326	     -2.83541963	     -1.64463057	      2.11524905	    -10.15005034	     24.69321799	    100.88732651	     91.05770034	      6.32361381	    -15.94358577	     30.91236865	     98.93188816	     67.49888539
      1.96666670	     -7.35294241	      0.92978464	      3.68231408	      1.03730653	      1.07028252	     -0.29466797	      9.38552589	     -8.55182460	     -2.79034608	      9.71250164	     -2.29739737	     -9.52861069	      0.00000000	      9.21951391	     -8.96443638	     -7.63023694	      6.38573469	      1.63697488	     10.29909697	      0.00000000	     -4.47631101	     -2.69450555	     -1.82811166	      0.17508656	    -10.44433980	     25.21319305	    101.04694944	     91.07567700	      4.34616056	    -16.20370006	     31.25424198	     98.78898726	     67.47529247
      1.98333330	     -6.68172144	      0.89343229	      3.84101700	      1.04042052	      1.06813680	     -0.29452496	      8.15395385	     -8.45506412	     -3.29849437	      9.22843131	     -2.90480315	    -10.19121521	      0.00000000	      8.02873913	     -8.94831959	     -7.36278100	      5.91734044	      1.54443551	      9.86287930	      0.00000000	     -3.77159596	     -2.63912294	     -2.45379552	     -1.50941233	    -10.71018544	     25.48056421	    101.67987235	     91.03453552	      2.27867407	    -16.29927279	     30.78124755	     99.03920506	     67.35286414
      2.00000000	     -6.18614147	      0.86263466	      3.64754787	      1.04510454	      1.06658946	     -0.29706676	      7.32010436	     -8.40279581	     -3.13751941	      9.06171380	     -2.64618329	    -10.38592394	      0.00000000	      7.11304035	     -8.98076874	     -7.47554027	      5.78671365	      2.11079515	      9.38187470	      0.00000000	     -2.78056749	     -2.64600526	     -2.71819689	     -2.81491986	    -11.07711856	     25.93195496	    101.64834581	     91.04644574	      0.96202186	    -16.43541562	     31.17790836	     99.11611601	     67.36014444
      2.01666670	     -5.78360851	      0.85407072	      3.37668544	      1.04657410	      1.06975714	     -0.29723636	      6.77646189	     -8.38166007	     -3.32684201	      8.96747551	     -2.65518496	    -10.56993420	      0.00000000	      6.40283147	     -8.95921819	     -7.62472387	      5.68041315	      2.37319292	      9.02201001	      0.00000000	     -2.13595172	     -2.65439071	     -2.88330283	     -3.85097733	    -11.44575283	     26.24791274	    101.42743849	     91.05379950	      0.00199852	    -16.45933119	     31.47461043	     99.06496600	     67.37053463
      2.03333330	     -5.20511178	      0.76483004	      3.15759509	      1.05069779	      1.06906801	     -0.29905939	      5.94634160	     -8.23802223	     -3.26702483	      8.68662149	     -3.07191492	    -10.94146167	      0.00000000	      5.46922818	     -9.00037239	     -7.26691094	      5.49766324	      2.32967421	      8.22911555	      0.00000000	     -1.56596762	     -2.42786613	     -2.95133118	     -4.07940951	    -11.84525624	     26.73582402	    100.28820137	     90.99696234	     -0.78902493	    -16.18768585	     31.50539303	     98.63160629	     67.38390047
      2.05000000	     -4.87763726	      0.89059415	      2.94597005	      1.05228996	      1.07174160	     -0.29912040	      5.52445064	     -8.37283240	     -3.48180893	      8.70330395	     -3.07637352	    -11.16354232	      0.00000000	      4.92901337	     -8.86202742	     -7.20985755	      5.54728946	      2.78106835	      7.92121187	      0.00000000	     -1.05707571	     -2.45511981	     -2.99225089	     -4.53586627	    -12.36387604	     26.73335004	     99.90413946	     90.97911227	     -1.42147325	    -16.21304490	     31.62384347	     98.41540771	     67.39609532
      2.06666670	     -4.39390991	      1.08068854	      2.89167926	      1.05266762	      1.07411197	     -0.29811872	      4.92730600	     -8.49154285	     -3.53456035	      8.64881189	     -3.30487968	    -11.59917649	      0.00000000	      4.22823713	     -8.59820565	     -6.52315324	      5.57525236	      3.16931572	      6.98036906	      0.00000000	     -0.73027719	     -2.59593863	     -3.09289490	     -4.49405958	    -12.46885918	     26.69467393	     98.47903554	     90.86743243	     -1.43351798	    -15.97451035	     31.22367784	     97.37743974	     67.43684808
      2.08333330	     -4.07022876	      1.26166075	      2.73334237	      1.05594983	      1.06898236	     -0.29879335	      4.67897338	     -8.63246357	     -3.67817390	      8.98630393	     -3.12051708	    -11.92976766	      0.00000000	      3.81104907	     -8.34307027	     -6.07562795	      5.89154242	      4.05259577	      6.63555844	      0.00000000	     -0.48808844	     -2.67695643	     -2.91449859	     -4.57675535	    -12.78356779	     26.73858012	     98.16969513	     90.84486517	     -1.66006751	    -15.94722817	     31.17282904	     97.15983860	     67.46068884
      2.10000000	     -3.57451523	      1.47286402	      2.62122303	      1.05699774	      1.07802408	     -0.29957016	      4.12987639	     -8.80333631	     -3.66154792	      9.01041477	     -3.28460119	    -12.25224290	      0.00000000	      3.32060801	     -7.95964206	     -5.22522161	      6.09834532	      4.66163661	      5.81025753	      0.00000000	     -0.53023157	     -2.78446856	     -2.72050702	     -4.01596243	    -12.82600781	     26.93589325	     96.77521912	     90.73637654	     -1.26993508	    -15.53603760	     30.77560046	     95.78714593	     67.55396141
      2.11666670	     -3.05112035	      1.11104093	      2.44984189	      1.05179918	      1.07833562	     -0.29973976	      4.23709372	     -8.22113933	     -3.05245385	      9.65056885	     -1.57886468	    -13.31839070	      0.00000000	      2.89123170	     -8.14337896	     -4.33102221	      6.41713706	      6.17711619	      5.12734937	      0.00000000	     -1.05580914	     -2.09320042	     -2.39891958	     -2.87447287	    -13.28358934	     27.05887331	     95.59296871	     90.60660150	     -0.63006605	    -15.00058246	     30.49847102	     94.82826238	     67.72309183
      2.13333330	     -2.41321439	      0.57007181	      2.44333773	      1.04878697	      1.07807319	     -0.30054448	      4.20036231	     -7.47284199	     -2.72044306	     10.24844415	      0.20274857	    -14.44102883	      0.00000000	      2.54847178	     -8.65196912	     -3.69605982	      6.76796733	      6.66380830	      4.45090287	      0.00000000	     -1.79179744	     -1.21980399	     -2.07306189	     -1.26715224	    -13.79640686	     27.31774058	     94.39876007	     90.46031414	      0.46167892	    -14.32984660	     30.25984932	     93.58318796	     67.95098349
      2.15000000	     -2.06356544	     -0.00153605	      2.47436697	      1.04491327	      1.08473097	     -0.30342694	      4.39437993	     -6.75784371	     -2.44770312	     10.70548024	      1.76145731	    -15.18357688	      0.00000000	      2.52137730	     -9.22097888	     -3.03537974	      7.05994148	      6.95984519	      3.95707603	      0.00000000	     -2.42361653	     -0.23549228	     -1.81893510	      0.57071062	    -14.29360411	     27.65930285	     93.33537486	     90.31380327	      1.89778463	    -13.48478371	     30.21507544	     92.05619340	     68.18911779
      2.16666670	     -1.78474026	     -0.40621747	      2.50690509	      1.03691932	      1.08957698	     -0.30291214	      4.72414750	     -6.23558402	     -2.51202171	     11.14853509	      2.91910072	    -15.65399029	      0.00000000	      2.75234963	     -9.63526151	     -2.37559634	      7.50209249	      7.20796262	      3.47692037	      0.00000000	     -3.26842974	      0.42217605	     -1.64713723	      2.51248027	    -14.48239156	     27.77588523	     91.99815023	     90.14625671	      3.81966537	    -12.75234283	     30.03145389	     90.20520272	     68.40700122
      2.18333330	     -1.63186125	     -0.70036495	      2.59258313	      1.03530586	      1.08764061	     -0.30380937	      5.14296441	     -5.89267198	     -2.29293117	     11.69770592	      3.85641157	    -15.97832629	      0.00000000	      3.19327003	     -9.91674837	     -1.87052880	      8.03058114	      7.04515362	      2.93553845	      0.00000000	     -4.15454013	      0.95722604	     -1.49298146	      4.32432019	    -14.69376898	     28.06471989	     91.29380237	     89.99057244	      5.60668544	    -11.92102323	     30.02961089	     88.70836051	     68.64766103
      2.20000000	     -1.72564535	     -0.82950951	      2.53519823	      1.02870961	      1.08129344	     -0.30524759	      5.95404898	     -5.80561490	     -2.55369544	     12.22860925	      4.38382119	    -16.28431789	      0.00000000	      4.04379831	    -10.08253494	     -1.85401620	      8.79006656	      6.80945677	      2.78013830	      0.00000000	     -5.21092810	      1.28173923	     -1.41064141	      6.15003193	    -14.66521132	     27.78221701	     91.15518665	     89.92498278	      7.34372901	    -11.28661921	     29.82159094	     88.47518550	     68.71154462
      2.21666670	     -1.71549998	     -0.92305837	      2.60551229	      1.02361933	      1.08798850	     -0.30485666	      6.52256532	     -5.72506088	     -2.77005533	     12.60465196	      5.01618500	    -16.19283548	      0.00000000	      4.72331975	    -10.11841381	     -1.35907924	      9.44999406	      6.67601999	      2.00314197	      0.00000000	     -6.04825289	      1.63753292	     -1.11314649	      8.45033933	    -14.74642978	     28.47319246	     89.97807800	     89.73471845	      9.99092824	    -10.31264353	     30.32364003	     86.37411497	     69.02101687
      2.23333330	     -1.95356092	     -0.86715881	      2.63423516	      1.01432925	      1.08210533	     -0.30285037	      7.72023789	     -5.79461087	     -3.02567509	     13.44422383	      5.72434603	    -16.53236489	      0.00000000	      5.93036609	    -10.01446914	     -1.11786609	     10.45965758	      7.13750008	      1.79020450	      0.00000000	     -7.23791711	      1.68278203	     -0.89103916	     10.75991859	    -14.55114912	     28.17872192	     89.78795998	     89.61589131	     12.39317609	     -9.68143339	     30.15389082	     86.08929524	     69.11964797
      2.25000000	     -2.67116373	     -0.83083344	      2.48085328	      1.00439076	      1.08537694	     -0.30276764	      9.45622703	     -5.89083703	     -3.27694096	     14.16547548	      6.23523837	    -16.14607494	      0.00000000	      7.64655510	     -9.94347841	     -1.05203692	     11.33444092	      6.78770573	      1.54108623	      0.00000000	     -8.06503843	      1.68932436	     -0.61482467	     13.61075028	    -14.54564408	     29.04647705	     89.00473050	     89.33982038	     15.84068322	     -9.20154482	     31.16145920	     84.38911499	     69.42956231
      2.26666670	     -3.58975884	     -0.83826035	      2.44211390	      0.99188190	      1.08457944	     -0.30189729	     11.57710968	     -6.02456329	     -3.42288438	     15.14493565	      6.47612750	    -16.11255299	      0.00000000	      9.79875283	     -9.94433340	     -0.86691996	     12.39796554	      6.40651805	      0.95739524	      0.00000000	     -9.16315334	      1.75651576	     -0.42700585	     16.70343322	    -14.42369167	     29.27972871	     88.33451730	     88.98900042	     19.45021809	     -8.70958524	     31.86518591	     83.27518898	     69.62486737
      2.28333330	     -4.56047359	     -0.75762937	      2.61314817	      0.98175605	      1.08762393	     -0.30458762	     13.68347632	     -6.37609818	     -3.65321581	     16.01040076	      6.21382205	    -15.89657328	      0.00000000	     12.12103855	     -9.73977383	     -0.67071942	     13.46433566	      5.71573523	      0.66453624	      0.00000000	    -10.60934184	      1.88203017	     -0.30918676	     19.86088411	    -14.25038221	     29.13780560	     87.74269217	     88.71858208	     22.83957985	     -8.10689054	     31.71791734	     82.13891851	     69.64701237
      2.30000000	     -5.74440901	     -0.85535456	      2.76481718	      0.97213377	      1.08430276	     -0.30545595	     16.20820162	     -6.50081189	     -3.82579081	     17.07615520	      6.15522096	    -15.42088996	      0.00000000	     14.79403183	     -9.71076328	     -0.66011972	     14.64179735	      4.80285429	      0.13701493	      0.00000000	    -11.89786448	      2.09076951	     -0.31220521	     23.69559767	    -14.01023896	     29.14955183	     86.49793275	     88.32193344	     26.77953243	     -7.29674468	     31.65550620	     80.22729880	     69.58476510
      2.31666670	     -6.89650281	     -0.82226741	      2.73597831	      0.96706430	      1.07364114	     -0.30628925	     18.83944048	     -6.91240431	     -4.42861809	     18.69573235	      5.77652516	    -15.17428320	      0.00000000	     17.35416090	     -9.63088571	     -0.97057395	     16.00730540	      4.38380943	      0.04018673	      0.00000000	    -13.11138650	      2.15632480	     -0.30555569	     27.47998397	    -13.91491444	     29.47795693	     85.92598226	     87.94259785	     30.40441793	     -6.54788795	     31.32790041	     78.78907264	     69.41309837
      2.33333330	     -8.21697548	     -0.67969073	      2.72356378	      0.95751208	      1.07435322	     -0.30276264	     21.57935570	     -7.39422042	     -4.77378486	     20.21138931	      5.13401674	    -14.77381616	      0.00000000	     19.93164004	     -9.53065617	     -1.08293290	     17.12605138	      3.90685060	      0.18753800	      0.00000000	    -14.40141938	      1.97670752	     -0.14487739	     30.98984489	    -13.61919229	     29.39955949	     85.14179879	     87.51483524	     33.48163961	     -6.16335024	     30.75219552	     78.22158113	     69.18608144
      2.35000000	     -9.45193637	     -0.66606220	      2.93526579	      0.94760337	      1.06966915	     -0.30174266	     24.17954449	     -7.80687332	     -5.08783406	     21.77480955	      4.48542144	    -14.60041887	      0.00000000	     22.56078481	     -9.48417999	     -1.22800462	     18.40727069	      3.67417075	      0.27068018	      0.00000000	    -15.79581057	      2.02188045	     -0.13117102	     34.81231759	    -13.40843533	     29.08844192	     84.01905026	     87.06954325	     36.67637994	     -5.97513138	     30.58223261	     77.61894752	     68.95802220
      2.36666670	    -11.02365012	     -0.48921235	      3.00032886	      0.93254249	      1.05514201	     -0.30103045	     27.61394649	     -8.48402345	     -5.38632829	     23.89871577	      4.14491938	    -14.30162866	      0.00000000	     25.92698332	     -9.35583503	     -1.11133610	     20.16366344	      3.60924274	      0.22944820	      0.00000000	    -17.13948693	      1.69534933	     -0.28549432	     39.06931303	    -13.07765773	     28.82739581	     83.33460801	     86.64080747	     40.76099320	     -5.82428753	     30.06498835	     77.08804016	     68.64123474
      2.38333330	    -12.60515538	     -0.28345958	      3.11884272	      0.92317369	      1.05137751	     -0.30129291	     30.90457723	     -9.23855569	     -5.40240813	     25.81965873	      3.96918578	    -13.63364428	      0.00000000	     29.32628184	     -9.19065993	     -1.10307722	     21.95140276	      3.50434855	      0.01826832	      0.00000000	    -18.58652946	      1.23757632	     -0.52344663	     43.22037026	    -12.59591210	     28.82637649	     82.67011145	     86.28587688	     44.47426732	     -5.55960735	     29.79044987	     76.89387751	     68.28806157
      2.40000000	    -14.15455208	     -0.07467427	      3.32027482	      0.91629984	      1.03752826	     -0.30044812	     34.21066241	    -10.05739047	     -5.50019093	     27.97316735	      4.03483386	    -12.99113090	      0.00000000	     32.79081905	     -9.00510904	     -0.98961197	     23.98360048	      3.69426232	     -0.14484098	      0.00000000	    -19.85614936	      0.87323163	     -0.90261570	     46.71503055	    -12.38193347	     28.16514539	     82.69139396	     85.94202721	     48.16142144	     -5.67245030	     29.56317620	     77.40105949	     67.95973378
      2.41666670	    -15.71916526	      0.22724881	      3.39207933	      0.90672929	      1.02876549	     -0.29840853	     37.67205236	    -10.89171566	     -5.36204495	     30.32642109	      4.19906367	    -12.16247978	      0.00000000	     36.31136787	     -8.87245002	     -1.19465322	     26.18932073	      4.01636034	     -0.38423682	      0.00000000	    -21.04683084	      0.25553099	     -1.53236210	     49.95818052	    -11.88715763	     27.91632802	     83.14011027	     85.70249678	     52.19144392	     -5.99539288	     29.29070373	     77.12787731	     67.55917166
      2.43333330	    -17.36823519	      0.45200787	      3.52870416	      0.89854989	      1.01834057	     -0.29800604	     41.24074713	    -11.67107778	     -5.34429135	     32.66590169	      4.10425309	    -11.41104904	      0.00000000	     39.80340555	     -8.68521368	     -1.19664040	     28.24296945	      4.37952897	     -0.38152115	      0.00000000	    -22.08503219	     -0.19202537	     -1.55535213	     53.62049737	    -11.75716590	     27.04487703	     83.44468949	     85.44705473	     55.69437210	     -5.73493900	     29.51014877	     78.17974794	     67.23323619
      2.45000000	    -18.82066732	      0.66369089	      3.71379739	      0.88922446	      1.01403855	     -0.29447254	     44.45667285	    -12.28951141	     -5.21968671	     34.75837080	      3.83583266	    -10.78821613	      0.00000000	     43.06758549	     -8.51218933	     -1.32955951	     30.25284354	      4.62970726	     -0.41903984	      0.00000000	    -23.61261885	     -0.76230170	     -1.70071978	     56.76606083	    -11.33951333	     26.40416618	     83.37391051	     85.27306206	     59.10350244	     -5.67475828	     29.38727072	     78.40358151	     66.85531053
      2.46666670	    -19.93810349	      0.70935222	      3.94060405	      0.88460166	      1.00524085	     -0.29430745	     47.28941891	    -12.74432266	     -5.14386929	     36.89871512	      3.61635240	    -10.62566503	      0.00000000	     45.77740523	     -8.50957035	     -1.42502466	     32.12151062	      5.13175342	     -0.26835908	      0.00000000	    -25.29828977	     -0.87700616	     -2.06717941	     59.92030959	    -10.83708790	     25.45468263	     83.68204580	     85.15594700	     62.91097618	     -5.31634256	     28.96067655	     78.44698827	     66.62445196
      2.48333330	    -21.55067288	      0.84761995	      4.28260966	      0.87383639	      0.99136268	     -0.29544077	     50.87540827	    -13.47835141	     -4.83970178	     39.22650542	      3.49542969	    -10.38575479	      0.00000000	     49.34356392	     -8.41606505	     -1.75913571	     34.45787807	      5.59869923	      0.10809234	      0.00000000	    -26.34225356	     -1.10964796	     -2.36110957	     63.26614102	    -10.51929211	     24.24212562	     83.94494711	     84.94473592	     66.80145038	     -4.91937875	     29.46233460	     78.22690437	     66.22344223
      2.50000000	    -22.60793765	      0.99163778	      4.59271417	      0.86660011	      0.98118776	     -0.29836270	     53.94648788	    -14.24776668	     -4.46393718	     41.66052837	      3.51128468	    -10.15239383	      0.00000000	     52.28256898	     -8.20111630	     -1.61191178	     36.70405139	      6.16214092	      0.45740883	      0.00000000	    -27.85299163	     -1.14480430	     -2.50720932	     66.69770494	    -10.48068146	     23.67041723	     84.45349383	     84.84863559	     70.18223352	     -4.41757770	     28.96382190	     77.92539219	     65.86317150
      2.51666670	    -23.45236285	      1.08129842	      4.81915245	      0.86258029	      0.96969983	     -0.30158533	     56.70543964	    -14.99229355	     -4.04385377	     44.13066428	      3.30358971	     -9.84677086	      0.00000000	     54.99947679	     -7.99133786	     -1.35460148	     39.13448642	      6.48961737	      0.58880405	      0.00000000	    -29.58545463	     -0.87819222	     -2.46268265	     70.41635609	    -10.19441136	     22.80372803	     84.67765778	     84.79068232	     73.52577437	     -3.77130967	     28.19257447	     78.07980848	     65.74473978
      2.53333330	    -24.72507626	      1.27190647	      5.15980991	      0.85848919	      0.96263784	     -0.29859890	     59.13306583	    -15.66978825	     -3.27443552	     45.62167830	      4.61522028	     -8.73947803	      0.00000000	     57.81998835	     -7.80289959	     -1.27387973	     41.24902660	      7.45223523	      1.52078286	      0.00000000	    -30.48892795	     -0.92902938	     -2.89256066	     73.03053239	     -9.84291344	     22.65204540	     85.25542386	     84.75987407	     76.29717091	     -3.67421288	     27.17881240	     77.52816782	     65.34953207
      2.55000000	    -25.57299585	      1.31224344	      5.21334643	      0.85316757	      0.95124941	     -0.29630956	     61.06464498	    -15.88198919	     -2.59677620	     46.87282497	      5.93417638	     -7.84030003	      0.00000000	     60.33762272	     -8.13772156	     -1.76913080	     43.60398686	      8.10782472	      2.14808713	      0.00000000	    -31.99509730	     -0.85884096	     -2.64676501	     76.07833224	     -9.47312739	     21.43258453	     85.44437870	     84.64721582	     79.16042702	     -2.95542868	     26.36880894	     78.23106095	     65.00621184
      2.56666670	    -26.44984240	      1.27536748	      5.24768270	      0.84340205	      0.94295850	     -0.29572419	     63.12620368	    -15.91654780	     -1.96228107	     48.11779686	      6.82959206	     -7.58447034	      0.00000000	     63.00019471	     -8.41621616	     -2.00516488	     45.83609621	      8.40106123	      2.21041840	      0.00000000	    -33.62758648	     -0.82413440	     -2.64610014	     79.42450881	     -8.92380692	     20.38856023	     85.63838926	     84.57947361	     82.39264873	     -2.74595694	     25.37837166	     78.16009904	     64.84886141
      2.58333330	    -27.08623974	      1.52585801	      5.02228797	      0.83720641	      0.93313760	     -0.29382744	     65.79309103	    -15.90923013	     -1.42707267	     50.42224595	      7.34517988	     -6.97080389	      0.00000000	     65.21247045	     -8.83029377	     -2.39911591	     47.78492992	      8.83510713	      2.67107857	      0.00000000	    -35.49202037	     -1.19078917	     -2.48792498	     82.49917374	     -8.43083923	     19.56704785	     85.85046960	     84.51976954	     85.45212042	     -2.33473933	     24.61954569	     78.22208961	     64.49782771
      2.60000000	    -27.85626534	      1.72803712	      4.69851212	      0.83198583	      0.91433094	     -0.29551384	     69.18064041	    -15.88498020	     -0.69753717	     53.71085646	      7.77967382	     -7.11117767	      0.00000000	     67.98177890	     -9.25783566	     -2.65477523	     50.44771484	      9.54348124	      2.43101767	      0.00000000	    -36.87368240	     -1.48782443	     -2.07946505	     85.51878208	     -8.28835493	     18.94874823	     86.50978615	     84.47643429	     88.32850994	     -1.96398717	     24.44437501	     78.90875913	     64.21011857
      2.61666670	    -28.47959347	      1.81944920	      4.77976123	      0.83133388	      0.90117453	     -0.29671834	     72.05021604	    -16.11129919	     -0.11457510	     56.87900324	      8.48523967	     -7.42729116	      0.00000000	     70.78372477	     -9.37489316	     -2.55144837	     53.49523846	     10.15408878	      1.73747001	      0.00000000	    -38.04318956	     -1.48813092	     -1.98284285	     87.59760420	     -8.80628910	     18.41315574	     87.85876460	     84.50324542	     90.79629774	     -1.93852940	     24.67096042	     79.97825009	     63.86493439
      2.63333330	    -28.81545669	      1.79984809	      5.15875977	      0.82898189	      0.89040561	     -0.29543362	     73.51801699	    -16.38180117	      0.78244748	     58.63530759	     10.07532419	     -7.84922554	      0.00000000	     72.99372350	     -9.33422713	     -2.07503230	     56.16542127	     11.08148652	      1.55981177	      0.00000000	    -39.12532189	     -1.16827763	     -2.01554624	     89.28357841	     -8.74335580	     17.73179479	     87.93676931	     84.49163781	     92.96813518	     -1.42417932	     24.33643976	     80.21793181	     63.78255025
      2.65000000	    -29.10084296	      1.92738105	      5.43274828	      0.82450262	      0.87380324	     -0.29897583	     75.70366953	    -16.92446520	      1.57810680	     61.12815401	     11.75055284	     -6.68029287	      0.00000000	     75.26036134	     -9.13052402	     -1.87406138	     59.05071870	     12.18100860	      1.81070771	      0.00000000	    -40.28600605	     -1.11827489	     -2.14810373	     91.06962749	     -8.87940451	     16.82293008	     89.19123875	     84.61018921	     95.27067220	     -0.99782807	     24.59568772	     80.55746107	     63.56910818
      2.66666670	    -29.64176962	      2.03373295	      5.78281779	      0.81621528	      0.85871720	     -0.30431508	     79.02684669	    -17.60523773	      2.29735912	     64.59639335	     12.37599638	     -6.52292944	      0.00000000	     77.91662140	     -8.54153330	     -1.68862031	     61.74991660	     12.62480293	      0.46159866	      0.00000000	    -41.13210750	     -0.82799752	     -1.98648479	     93.40342011	     -9.16890235	     16.12092913	     89.16931744	     84.72293900	     97.79408488	     -0.08594526	     24.48851684	     80.50027901	     63.39708753
      2.68333330	    -30.22460620	      1.94429320	      5.90963941	      0.81225692	      0.84546525	     -0.29811585	     82.45169384	    -17.64162890	      2.76486558	     68.34105897	     13.37232685	     -6.65250612	      0.00000000	     80.36845211	     -8.49610683	     -1.31239537	     63.97839434	     13.07207833	     -0.17059960	      0.00000000	    -41.98083891	     -0.70030068	     -1.85634099	     95.79227527	     -8.98232563	     15.62311466	     89.65283802	     84.79974452	    100.08109631	      0.42476625	     24.06749101	     80.77540695	     63.35017970
      2.70000000	    -30.78070952	      1.83812350	      6.09293323	      0.80882018	      0.83470584	     -0.29579213	     86.05930234	    -17.62090340	      2.90879709	     72.43641533	     14.82775933	     -7.45797695	      0.00000000	     82.75714432	     -8.49591602	     -0.90149597	     66.18093525	     13.47483543	     -0.78173102	      0.00000000	    -42.76143482	     -0.51174035	     -1.58543573	     97.72241776	     -9.28742831	     16.10841469	     90.49424231	     85.09387182	    101.83336227	      0.88935574	     24.15471706	     81.61578994	     63.41861683
      2.71666670	    -31.14772407	      1.68251145	      6.43661291	      0.80931162	      0.82368093	     -0.29354746	     87.76165763	    -17.52058393	      3.32455515	     74.49546609	     14.96787474	     -7.84372689	      0.00000000	     84.56147776	     -8.56214965	     -0.57785112	     67.99411122	     13.87509015	     -1.18546589	      0.00000000	    -43.50323545	     -0.29961276	     -1.67942490	     99.06416574	     -9.39675028	     15.78785824	     90.64250257	     85.15066768	    103.32899381	      1.12460839	     24.07856535	     81.83709710	     63.45903060
      2.73333330	    -31.29319418	      1.53853772	      6.80468714	      0.80278294	      0.80941559	     -0.29609807	     89.83127238	    -17.47901926	      4.01189691	     76.70333435	     16.97392584	     -7.88756043	      0.00000000	     86.40062805	     -8.39619507	     -0.05694060	     70.11866564	     14.68818880	     -0.96551386	      0.00000000	    -44.36854233	      0.02288066	     -1.82972111	    100.66878372	     -9.21804902	     16.36034560	     91.51911550	     85.51581561	    105.00835310	      0.94856351	     24.91135306	     82.14442693	     63.72433248
      2.75000000	    -31.96725383	      1.33246753	      7.13028859	      0.79860426	      0.79747365	     -0.29408034	     92.01437640	    -17.47445675	      4.48674236	     78.56869427	     17.06625403	     -8.48452498	      0.00000000	     88.69023901	     -8.32024336	      0.16144881	     71.93748696	     14.48484014	     -1.31136928	      0.00000000	    -44.66978627	      0.16013319	     -2.07352912	    102.43135833	     -9.45420287	     16.20291038	     91.52479406	     85.80716369	    106.66667451	      0.98778303	     25.40925613	     82.42668827	     64.00341970
      2.76666670	    -32.20038022	      1.34724656	      7.21301909	      0.80193328	      0.78585311	     -0.30216208	     92.53390189	    -17.75135048	      5.11849157	     79.04495261	     17.19920794	     -8.37257809	      0.00000000	     90.18744341	     -8.22603663	      0.11182783	     73.60773510	     14.93962299	     -1.52715485	      0.00000000	    -44.96679447	      0.40824941	     -2.16915293	    103.07100601	     -9.65594284	     16.09174140	     91.71119094	     85.89670950	    107.31957545	      1.03405466	     25.39283422	     82.70419668	     64.08909895
      2.78333330	    -32.67461944	      1.54306634	      7.22381131	      0.81016012	      0.77580328	     -0.30306205	     93.84391485	    -18.41337149	      5.37086998	     80.38799940	     16.63698698	     -8.04300491	      0.00000000	     91.53303777	     -8.34164529	     -0.12639456	     75.29744502	     15.35908921	     -1.14191660	      0.00000000	    -44.78623237	      0.47235080	     -2.07266131	    103.17878080	    -10.14520655	     16.57864258	     93.03064412	     86.28993336	    107.04791236	      0.82073344	     25.55993907	     84.37551318	     64.47924501
      2.80000000	    -32.83409709	      1.55820137	      6.87834465	      0.80133307	      0.76838205	     -0.30005858	     94.98606318	    -18.67853245	      5.22042854	     81.59514325	     15.71174136	     -7.59142339	      0.00000000	     92.66954912	     -8.73197782	     -0.15664203	     76.75102452	     15.83298803	     -1.37330015	      0.00000000	    -44.92239456	      0.35385372	     -1.93888973	    103.80514291	    -10.09122338	     16.69393620	     93.08036215	     86.42261103	    107.40323942	      0.75992520	     25.54496678	     84.54017315	     64.62776280
      2.81666670	    -33.02272026	      1.58306090	      6.55369210	      0.79745462	      0.76938173	     -0.29803259	     96.05407464	    -18.61583313	      5.10357131	     82.43136416	     14.60099546	     -7.59175850	      0.00000000	     93.36108588	     -9.25087628	     -0.36456628	     77.29944005	     15.53704614	     -1.42728508	      0.00000000	    -44.98461488	      0.16425611	     -1.72984364	    104.25786418	    -10.22828446	     17.62632118	     92.95902417	     86.85398967	    107.52958770	      0.49631503	     25.57585273	     84.73873921	     65.09291664
      2.83333330	    -32.90170782	      1.57863470	      6.45323448	      0.79381223	      0.76885088	     -0.29991089	     96.64522645	    -18.92408702	      4.70794318	     82.93365094	     13.29727012	     -7.63987191	      0.00000000	     93.77097398	     -9.50380451	     -0.60586624	     77.68301430	     14.84139677	     -1.74494752	      0.00000000	    -45.37502998	      0.20317627	     -1.68641834	    104.90900022	     -9.82315313	     18.41034204	     92.12295847	     87.20647549	    108.04083558	      0.38477379	     25.81156302	     84.28782767	     65.51281855
      2.85000000	    -32.63501778	      1.67790730	      6.45965851	      0.79438017	      0.76969990	     -0.29692583	     96.95371966	    -19.11499037	      4.32007859	     83.21278984	     11.56879266	     -8.56696376	      0.00000000	     93.42374581	     -9.72118152	     -0.98000456	     77.37355035	     14.32583647	     -1.72466484	      0.00000000	    -46.04269297	      0.08785125	     -1.90002806	    105.49226184	    -10.19321660	     19.10512063	     91.60114692	     87.55258035	    108.65744419	      0.29245580	     26.29379647	     84.19459673	     66.00068616
      2.86666670	    -32.38470758	      1.68883881	      6.36796672	      0.79619203	      0.76970703	     -0.29308367	     97.02990761	    -19.01636526	      3.91207414	     83.49678151	     10.33837665	     -9.37360907	      0.00000000	     93.02479033	    -10.09976808	     -1.22798982	     76.95246467	     13.89662716	     -1.69285684	      0.00000000	    -46.43053251	     -0.15725626	     -1.89618290	    105.74444581	    -10.61919030	     19.58303486	     91.37230520	     88.07420668	    109.08443697	      0.30234570	     27.33755624	     84.01252845	     66.96925387
      2.88333330	    -32.21484224	      1.84741541	      6.30397817	      0.79639809	      0.77135912	     -0.29769772	     97.17293745	    -19.18076706	      3.76187467	     83.75765344	      9.97780124	     -9.35454189	      0.00000000	     92.64455606	    -10.19889203	     -1.40751744	     76.86823216	     14.07798765	     -1.22803371	      0.00000000	    -46.56145232	     -0.29210461	     -1.90011722	    105.74170178	    -11.02725872	     19.62863381	     91.10072037	     88.15845091	    108.94852380	      0.60711183	     27.54081440	     84.33759482	     67.15401592
      2.90000000	    -32.03682907	      2.04413801	      6.27845296	      0.79967948	      0.77661031	     -0.29351121	     96.64759029	    -19.09481681	      3.60994591	     83.48901687	      9.55747188	     -9.74498504	      0.00000000	     91.59428090	    -10.43562366	     -1.71699743	     75.96021973	     14.43310778	     -0.08852435	      0.00000000	    -46.52074572	     -0.56307680	     -2.02617249	    104.76739967	    -10.99354670	     20.14164951	     91.65903215	     88.43936638	    108.38699919	      0.63609313	     27.81707590	     84.63448871	     67.66040557
      2.91666670	    -32.04226893	      2.08899813	      6.37385430	      0.79709391	      0.78416154	     -0.29246556	     95.54622548	    -19.02004936	      3.45708196	     82.30460662	      9.60642752	     -9.65973219	      0.00000000	     90.72309706	    -10.39402649	     -1.93501157	     74.83077354	     14.23399866	      0.07399547	      0.00000000	    -46.23601659	     -0.61027491	     -2.10296922	    103.97366250	    -10.90001897	     20.25218500	     91.49687358	     88.51647051	    107.80040516	      0.68621181	     27.93200207	     84.56520868	     67.82523521
      2.93333330	    -31.72096928	      2.27314205	      6.22003492	      0.79636002	      0.79504745	     -0.29309743	     93.66803485	    -18.79038040	      3.39197866	     80.30916775	     10.13996406	     -8.73613857	      0.00000000	     89.29282919	    -10.35976687	     -2.26533927	     73.43996590	     14.16645442	      0.32785313	      0.00000000	    -46.19953248	     -0.91662314	     -2.60454622	    103.23351376	     -9.37615614	     20.59743390	     90.69499816	     88.83580853	    106.96818870	      0.34143938	     28.03354557	     84.13654223	     68.45795463
      2.95000000	    -31.66322041	      2.28485392	      6.14653409	      0.79876901	      0.79919720	     -0.28940611	     91.84891237	    -18.41215014	      3.31894784	     78.30858350	     10.91838578	     -8.42427097	      0.00000000	     88.19840407	    -10.39815027	     -2.36764648	     72.03559073	     13.95859851	     -0.04107274	      0.00000000	    -45.73404875	     -0.94247987	     -2.58362827	    101.10291501	    -10.03095228	     20.19962344	     92.09556602	     89.00195930	    105.51236836	     -0.28569421	     28.49338115	     85.18698432	     68.87831426
      2.96666670	    -31.75715744	      2.45236017	      5.97851387	      0.80851109	      0.81040963	     -0.29183571	     89.56342775	    -18.12882740	      3.37769026	     75.56794109	     12.20052847	     -7.35666623	      0.00000000	     86.86556330	    -10.50484410	     -2.89726142	     70.59842272	     13.54137266	      0.15301029	      0.00000000	    -45.01658082	     -1.26578812	     -2.38108647	     98.90293517	    -10.41698848	     19.63617304	     93.03893689	     89.25263793	    103.46550724	     -0.41674519	     28.34284541	     86.34723223	     69.41511695
      2.98333330	    -31.52685553	      2.70752372	      5.94121795	      0.80126430	      0.82436960	     -0.29054004	     87.15534540	    -17.89221197	      3.50943681	     72.48409619	     12.59657771	     -7.01072173	      0.00000000	     85.18831943	    -10.34387592	     -3.41158551	     68.75415364	     12.85355986	     -0.22485711	      0.00000000	    -44.67026584	     -1.61518294	     -2.49897003	     97.52269692	    -10.45111819	     20.02706991	     93.45700430	     89.43028205	    101.98841501	     -0.74052048	     28.65967179	     86.45089196	     69.73076863
      3.00000000	    -31.25865525	      2.89413891	      5.72631842	      0.80461966	      0.83779714	     -0.29621919	     84.80863772	    -17.81049091	      3.56231142	     69.57584758	     13.00914392	     -6.04425447	      0.00000000	     83.56476020	    -10.07546345	     -3.67673186	     67.15825252	     11.85100840	     -0.57980279	      0.00000000	    -44.42981535	     -1.72051734	     -2.34070854	     96.25745541	    -10.53528974	     20.57185395	     93.61924697	     89.77919159	    100.31199290	     -1.00708134	     28.46278306	     87.03665788	     70.31022951
      3.01666670	    -30.87759783	      2.85245488	      5.50131651	      0.80335515	      0.84967472	     -0.28755809	     82.38598883	    -17.28502005	      3.51083322	     66.64051746	     13.00295354	     -5.61216979	      0.00000000	     81.87037632	    -10.26409431	     -3.90100401	     65.15515960	     10.84760588	     -0.52967206	      0.00000000	    -44.14898069	     -1.97290130	     -1.86381524	     94.78546797	    -11.06232534	     20.34853336	     93.04421948	     89.87673366	     98.88790751	     -1.30154866	     28.58220502	     87.45500941	     70.56133504
      3.03333330	    -30.34274703	      2.86472554	      5.16436330	      0.80897676	      0.86628621	     -0.28664969	     79.62186134	    -16.65842688	      3.42029095	     63.58254886	     12.75966614	     -5.55873780	      0.00000000	     79.59502097	    -10.48687691	     -4.41255062	     62.81915710	      9.75470354	     -0.60605247	      0.00000000	    -43.93911000	     -2.15459932	     -1.48741188	     92.64672599	    -11.32329410	     19.96780960	     92.96999392	     89.96568625	     97.06574606	     -1.83496725	     28.71597519	     88.04704005	     70.78665414
      3.05000000	    -29.30540233	      2.92242710	      4.91693109	      0.81381839	      0.88348598	     -0.29041790	     76.32594119	    -16.26984461	      3.03584989	     60.44208201	     11.88093459	     -5.74447497	      0.00000000	     76.37286028	    -10.56357911	     -5.05364608	     59.91881210	      8.76312352	     -0.06239350	      0.00000000	    -44.06734480	     -2.11265908	     -1.19409885	     90.35949584	    -11.18315015	     19.07125117	     92.65609883	     90.08944944	     95.12407193	     -2.30951792	     28.98231609	     88.46533192	     71.13397823
      3.06666670	    -28.07334840	      2.89649592	      4.69954870	      0.82530964	      0.90041332	     -0.28397064	     72.60283552	    -15.65882607	      2.53537124	     57.40708553	     11.21931672	     -6.15700185	      0.00000000	     72.90553390	    -10.85709758	     -5.99012967	     57.05923526	      8.04670654	      0.52613710	      0.00000000	    -44.13930410	     -2.24079949	     -0.81420303	     87.61129531	    -11.24918011	     18.07658157	     92.13718009	     90.19239729	     92.64854483	     -2.96078611	     29.35802717	     88.86416212	     71.44423035
      3.08333330	    -26.85400018	      2.91258447	      3.96095734	      0.82711614	      0.91277156	     -0.28213807	     70.04803596	    -14.56952202	      2.05209655	     55.68792394	     10.00783258	     -7.50581834	      0.00000000	     69.41920978	    -11.53951691	     -6.82672218	     54.35378599	      7.57396268	      1.43859476	      0.00000000	    -43.74692763	     -2.62471310	     -0.21606028	     83.89059281	    -10.69907042	     17.40045830	     93.09967082	     90.31453099	     89.66669499	     -3.69356843	     30.31915886	     89.88160334	     71.76031609
      3.10000000	    -25.44090141	      2.86144522	      3.62989271	      0.83654341	      0.93412877	     -0.28371551	     65.74080787	    -13.96731275	      1.81641260	     52.32372529	      9.32478436	     -8.05512987	      0.00000000	     65.23109858	    -11.65460011	     -7.30396924	     50.74700134	      6.77922071	      2.38068185	      0.00000000	    -43.59277368	     -2.70542185	      0.28820127	     80.18128797	    -10.62210426	     16.92762480	     93.36150349	     90.48616142	     86.13925856	     -4.10151501	     31.03943544	     90.52867614	     72.04375689
      3.11666670	    -23.70108011	      2.76735332	      3.15462971	      0.83889746	      0.94274271	     -0.28438567	     61.60702906	    -13.44810426	      1.56417322	     49.17784775	      8.65809485	     -8.42334139	      0.00000000	     61.21868561	    -11.91224128	     -7.90977868	     47.90511708	      6.17324568	      3.50205039	      0.00000000	    -43.24895907	     -2.85366322	      0.83487178	     76.48455492	    -10.60011879	     16.64906950	     93.84074907	     90.63374872	     82.64835793	     -4.56349244	     31.24266486	     91.43107915	     72.27671888
      3.13333330	    -22.38253763	      2.50587791	      2.88215386	      0.83831507	      0.96326169	     -0.28047988	     57.88231467	    -12.88079050	      1.13425597	     45.71843796	      7.32663304	     -8.71500144	      0.00000000	     57.84095340	    -12.01806892	     -8.22975633	     44.93311659	      5.01732417	      4.03266005	      0.00000000	    -42.84433563	     -2.83027476	      1.03268481	     72.55076078	    -10.05439049	     16.69780329	     95.20001486	     90.86406054	     79.49199933	     -5.23668332	     31.44171848	     91.69519212	     72.49350172
      3.15000000	    -21.01061256	      2.28177241	      2.57434840	      0.84787488	      0.97494020	     -0.28356520	     54.21425970	    -12.40605335	      0.67547035	     42.43806877	      6.13121111	     -8.85878325	      0.00000000	     54.39565112	    -12.04446697	     -8.57974199	     42.09929688	      4.20590184	      4.81966697	      0.00000000	    -42.13439814	     -2.77097455	      1.52989564	     68.96009726	     -9.92895347	     17.06923876	     95.59145462	     91.11415143	     76.37037297	     -5.34327661	     31.67636111	     91.83102410	     72.67991660
      3.16666670	    -19.86735862	      2.10187252	      2.14250075	      0.85398466	      0.98453839	     -0.28508204	     51.15717597	    -11.92900866	     -0.45464182	     39.56059405	      4.16215875	     -9.70541582	      0.00000000	     51.23879464	    -12.07686035	     -8.82108382	     39.41899140	      3.27559553	      5.02084523	      0.00000000	    -40.83211858	     -2.82551901	      1.85035679	     65.26154719	     -9.75573033	     17.99588623	     95.56952870	     91.37154193	     72.67214157	     -5.74334726	     31.93033195	     91.74336964	     72.82966586
      3.18333330	    -19.09293503	      1.94017226	      1.79093215	      0.86112647	      0.99306347	     -0.28621104	     48.33886875	    -11.62996596	     -1.16860140	     36.71459998	      2.95935942	     -9.57030157	      0.00000000	     48.77168840	    -12.01459230	     -8.75056718	     37.29772755	      2.82034642	      5.12524978	      0.00000000	    -38.95864521	     -2.68368211	      1.99530422	     60.69411591	     -9.80177340	     18.23721865	     96.16344055	     91.55480976	     68.27419377	     -6.22529730	     32.25254450	     92.78911033	     72.99023192
      3.20000000	    -17.98728021	      1.76887847	      1.58935626	      0.87747652	      1.00388100	     -0.28337302	     45.13388202	    -11.29098213	     -2.82886804	     33.97415360	      1.36197749	     -9.79413999	      0.00000000	     45.70994878	    -12.08070532	     -9.16572586	     35.15900428	      1.95766260	      5.40728212	      0.00000000	    -37.31159754	     -2.51496007	      2.13634612	     55.81274746	     -9.61833562	     18.48013015	     97.47268235	     91.71241334	     63.65375512	     -6.80124323	     32.65783337	     93.24350837	     73.09975665
      3.21666670	    -17.14225435	      1.68151047	      1.37256850	      0.88559112	      1.01368826	     -0.28277946	     42.35677853	    -11.06798719	     -4.36000562	     31.65085310	     -0.12578187	    -10.00709368	      0.00000000	     42.79586063	    -11.99069294	     -9.25318680	     32.82952069	      1.60936737	      5.70656977	      0.00000000	    -35.38802405	     -2.62536425	      2.46477912	     51.23911233	     -9.63907831	     18.26936512	     98.17023875	     91.86812729	     59.06695002	     -7.39248258	     33.14347229	     94.07530920	     73.23017609
      3.23333330	    -16.41274071	      1.57686373	      1.42524856	      0.89075016	      1.02102984	     -0.27647317	     39.56629146	    -10.72661057	     -4.99349662	     28.98691935	     -1.02388620	     -9.37345924	      0.00000000	     40.16467097	    -11.91768052	     -9.36724506	     30.37304331	      1.18696000	      6.22561851	      0.00000000	    -33.19682236	     -2.91177621	      2.62323145	     46.90630330	     -9.12894411	     18.30452704	     98.35015322	     91.98918525	     55.01332480	     -8.01288232	     33.44138430	     94.07009522	     73.24775231
      3.25000000	    -15.46333192	      1.63862961	      0.92449933	      0.90801066	      1.02693043	     -0.28412905	     36.55170926	    -10.53373548	     -5.10559594	     26.73567966	     -0.94520799	     -8.48075069	      0.00000000	     37.02204116	    -11.74389816	     -9.65519690	     28.11365464	      1.39816525	      6.85701288	      0.00000000	    -30.90969637	     -3.06282340	      2.89791191	     41.75808356	     -8.67792194	     18.32987045	     98.69675158	     92.15837856	     50.08718057	     -8.71546815	     33.42318982	     94.68872988	     73.23066023
      3.26666670	    -14.74334863	      1.69853463	      0.91209738	      0.91255951	      1.03115344	     -0.28408896	     34.12132464	    -10.55456872	     -5.49232873	     24.89493476	     -1.37977039	     -7.80099917	      0.00000000	     34.42563135	    -11.32984168	     -9.81823302	     25.84039153	      1.16962130	      7.25585098	      0.00000000	    -28.30822200	     -3.16933483	      3.05596606	     37.48514038	     -8.69147109	     18.56453311	     98.48611125	     92.22108031	     45.88344229	     -9.37228726	     34.14136322	     95.35585460	     73.25061869
      3.28333330	    -13.73124666	      1.77988844	      0.93445921	      0.92455423	      1.04123803	     -0.28367957	     31.28383131	    -10.60387974	     -6.49879355	     22.79073089	     -1.75482448	     -7.31287452	      0.00000000	     31.37040561	    -10.88952100	    -10.09554036	     23.35954317	      1.04034493	      7.80761499	      0.00000000	    -26.08047151	     -3.31115269	      2.92395826	     33.09745196	     -8.15165471	     18.59887491	     98.60523418	     92.35283740	     41.68009124	    -10.10280172	     34.07245169	     95.71256266	     73.13438830
      3.30000000	    -12.99508431	      1.64201851	      0.70138036	      0.93342603	      1.04518875	     -0.28340422	     29.02887095	    -10.22755538	     -7.61294936	     21.05239896	     -2.39279543	     -6.84838369	      0.00000000	     28.63669655	    -10.78695881	    -10.44909587	     20.92464307	      0.72457785	      7.98179287	      0.00000000	    -23.64446408	     -3.35179596	      3.06120784	     29.09697399	     -7.97726716	     18.95976250	     98.52694991	     92.46503615	     37.86033387	    -10.85826483	     34.09754173	     96.37443117	     73.00642903
      3.31666670	    -12.30540054	      1.42888456	      0.74765704	      0.93882542	      1.06128081	     -0.28115050	     26.61543357	     -9.73255437	     -8.51942985	     18.86234266	     -3.42789210	     -6.53054714	      0.00000000	     26.08099676	    -10.65450043	    -10.54902813	     18.36660778	     -0.03417125	      8.17217907	      0.00000000	    -21.57111842	     -3.28834425	      2.92823789	     25.60631804	     -7.82606380	     18.86736142	     97.97305427	     92.50457814	     34.12260592	    -11.62592766	     34.22469585	     96.43126741	     72.83787836
      3.33333330	    -11.78281943	      1.25689954	      1.16443350	      0.94494389	      1.06080946	     -0.27960692	     24.16948800	     -9.47566085	     -7.68471238	     16.77307718	     -3.12748248	     -5.96081178	      0.00000000	     24.11314008	    -10.48501466	    -10.34258194	     16.31465887	     -0.39932790	      8.22422115	      0.00000000	    -19.11926269	     -3.20042983	      2.74961793	     22.27451829	     -7.84638281	     19.25756015	     97.93436873	     92.51106473	     30.97413060	    -12.48915819	     34.89994609	     96.56531743	     72.77286097
      3.35000000	    -11.14196853	      1.27749472	      1.59684012	      0.95494893	      1.06047944	     -0.28015544	     21.94402300	     -9.46562715	     -6.75299111	     15.16705389	     -2.72248971	     -5.36025392	      0.00000000	     22.19761558	    -10.20520546	    -10.01924393	     14.73031487	     -0.63098013	      8.50042439	      0.00000000	    -16.92302327	     -3.23945354	      2.32864366	     18.69687706	     -7.43296188	     19.76942925	     98.53652763	     92.51603491	     27.86701762	    -13.44876293	     35.54420803	     96.90859420	     72.66065245
      3.36666670	    -10.15591315	      1.11751105	      1.60959218	      0.96882882	      1.06921192	     -0.28297374	     19.55498017	     -9.09099743	     -7.46970461	     13.70484222	     -3.24316005	     -5.31254532	      0.00000000	     19.65557261	    -10.17241691	     -9.97246591	     12.89271548	     -0.83350924	      9.36341249	      0.00000000	    -15.39086616	     -3.00695961	      2.21575515	     15.21355108	     -7.34989461	     19.83365760	     98.80887696	     92.43083134	     23.97466184	    -13.98940809	     35.02174169	     97.75609930	     72.20831076
      3.38333330	     -9.50308202	      1.02560245	      1.91768069	      0.97666572	      1.07088429	     -0.28018666	     17.54198041	     -8.90976276	     -6.63204892	     12.60254930	     -2.94908045	     -5.12986525	      0.00000000	     17.94065531	    -10.04085776	     -9.54124618	     11.71215823	     -0.75895700	      9.47203886	      0.00000000	    -13.22905806	     -2.83202394	      2.18768618	     12.08175124	     -7.84430265	     20.31831680	     98.94292878	     92.43358957	     20.83834869	    -14.73358236	     35.66488303	     98.00134060	     72.16361701
      3.40000000	     -8.49153236	      0.86859537	      1.96301921	      0.98460310	      1.07125529	     -0.28295074	     15.65045315	     -8.56847828	     -6.23081468	     12.01900711	     -3.11965237	     -6.06369397	      0.00000000	     15.87158466	    -10.03749316	     -9.28241616	     10.83953263	     -0.46416796	     10.10892457	      0.00000000	    -12.26312679	     -2.43476900	      1.57579644	      9.62249304	     -8.04985850	     20.35397451	     99.73256720	     92.24705386	     16.89979597	    -15.10515957	     33.75023297	     99.55290427	     71.48569616
      3.41666670	     -7.76250827	      0.70354156	      1.90585773	      0.98935288	      1.07320276	     -0.28433207	     14.35754551	     -8.17599259	     -6.58085159	     11.60599659	     -3.86827404	     -7.24403940	      0.00000000	     14.16388843	    -10.09226076	     -9.29476003	      9.82925220	     -0.35575593	     10.04679996	      0.00000000	    -10.87074898	     -2.07269801	      0.08351639	      8.34026108	     -8.49714157	     22.68054710	     98.73126465	     91.88512350	     12.66074488	    -15.75620887	     31.79964324	    100.90279491	     70.22774110
      3.43333330	     -7.13391020	      0.38980616	      2.19249299	      0.99369989	      1.07200322	     -0.28381435	     13.18046077	     -7.79149942	     -6.70379198	     11.43414530	     -3.64221715	     -7.58179276	      0.00000000	     13.05837413	    -10.30599925	     -8.88961313	      9.45255479	      0.16879672	      9.93579058	      0.00000000	     -9.41711534	     -1.66607380	     -0.13144720	      6.00579508	     -9.23538636	     23.31393465	     99.79832828	     91.82295722	     10.26650983	    -16.17357140	     32.03491183	    101.73623063	     70.12517667
      3.45000000	     -6.52892534	      0.22969481	      2.57231988	      0.99882524	      1.07002403	     -0.28704427	     12.24697338	     -7.63823618	     -6.53628230	     11.62770004	     -3.39157655	     -8.47055607	      0.00000000	     12.16431283	    -10.32633498	     -8.40432300	      9.37329197	      0.66632166	      9.48464525	      0.00000000	     -8.29520581	     -1.42736785	     -0.57250555	      3.89184554	    -10.12408598	     24.18370370	    100.94920256	     91.78925563	      8.07980236	    -16.62829398	     32.21793538	    102.88942166	     70.02582244
      3.46666670	     -5.85397325	      0.12577359	      3.03273460	      1.00996947	      1.07101343	     -0.28507709	     10.94086400	     -7.47946341	     -6.18727081	     11.58454496	     -2.83454818	     -8.94162643	      0.00000000	     11.02390626	    -10.37096103	     -8.14208839	      9.12735038	      1.07314850	      9.37330763	      0.00000000	     -6.88734067	     -1.31375089	     -0.87278528	      1.72231173	    -10.55901159	     24.71298351	    101.16514151	     91.80058697	      6.18779619	    -17.08613860	     32.65144545	    103.19727538	     70.01848233
      3.48333330	     -5.07721393	      0.00334757	      3.20417082	      1.01978078	      1.07564509	     -0.28550408	      9.58536362	     -7.14967274	     -6.26026007	     11.46678020	     -3.36293025	    -10.42774082	      0.00000000	      9.65927947	    -10.51622549	     -7.99688796	      8.90508377	      1.48161324	      9.31155520	      0.00000000	     -6.15572432	     -1.22101174	     -1.76624914	      0.04908068	    -10.95527852	     25.59377852	    101.87809946	     91.71747557	      3.32582767	    -17.34522815	     31.32114784	    104.41774127	     69.67997456
      3.50000000	     -4.46040846	     -0.09094620	      3.31699265	      1.02553054	      1.07360882	     -0.28924554	      8.49729609	     -7.01638007	     -6.85017428	     11.53240136	     -3.42017183	    -10.80021117	      0.00000000	      8.41826767	    -10.50412650	     -8.14134216	      8.57061187	      1.92726404	      9.13926151	      0.00000000	     -4.88881373	     -1.04431719	     -2.00169752	     -1.52934058	    -11.49049565	     25.94128562	    101.93809199	     91.71590191	      1.68802145	    -17.44792176	     31.49111173	    104.14809691	     69.65050698
      3.51666670	     -3.64760690	     -0.12279735	      3.61414719	      1.02940047	      1.07418647	     -0.29202386	      7.04644883	     -7.00388705	     -6.72373392	     11.43235372	     -2.95717483	    -11.33079851	      0.00000000	      7.14878484	    -10.44966946	     -8.03900372	      8.41049763	      2.40882826	      8.75777093	      0.00000000	     -4.25375969	     -0.80218026	     -2.63583185	     -2.72805424	    -12.00530086	     25.99177252	    101.84299707	     91.61812069	      0.14572089	    -17.10570318	     30.54973663	    103.22129670	     69.47431182
      3.53333330	     -3.06019856	     -0.19901808	      3.83429972	      1.02962303	      1.07994869	     -0.29633239	      6.11201199	     -6.94930653	     -6.08526432	     11.47554981	     -1.58832477	    -11.79637624	      0.00000000	      6.18914435	    -10.34128157	     -7.62115876	      8.19069548	      3.05227168	      8.57158809	      0.00000000	     -3.75474420	     -0.38549480	     -3.12940316	     -3.51672202	    -12.52663380	     26.10229093	    101.18859114	     91.55886400	     -0.82259730	    -16.76785623	     30.62489880	    102.40091815	     69.42898916
      3.55000000	     -2.24097483	     -0.47129965	      4.00651100	      1.02921687	      1.07713535	     -0.29489984	      5.37217323	     -6.59793698	     -5.30934222	     11.92108816	      0.64162998	    -12.58933630	      0.00000000	      5.33319133	    -10.52575931	     -7.00869253	      8.36381772	      3.87766126	      8.15504002	      0.00000000	     -3.81550596	      0.14557541	     -3.41138749	     -3.65339210	    -13.02420049	     26.36940831	    100.47608419	     91.49520422	     -1.13684140	    -16.33795076	     30.70043450	    101.39333058	     69.40366631
      3.56666670	     -1.29839947	     -0.81717155	      4.03974953	      1.03422914	      1.08185847	     -0.29290082	      4.70033301	     -5.96010136	     -5.07412148	     12.39966045	      2.39776549	    -13.44128724	      0.00000000	      4.09707896	    -10.89396284	     -6.52719980	      8.29812346	      4.49653465	      7.88787721	      0.00000000	     -4.01648781	      0.75350878	     -3.46271806	     -3.47704225	    -13.37454299	     26.80711752	     99.28083449	     91.40128049	     -1.22477531	    -15.86578934	     30.84134750	    100.01401152	     69.39554209
      3.58333330	     -0.50234764	     -1.10570920	      4.09168989	      1.03380478	      1.08080667	     -0.29612184	      4.19132381	     -5.51690021	     -4.17342510	     13.05793140	      4.62374030	    -14.04962070	      0.00000000	      3.34101440	    -11.28956484	     -5.89888258	      8.71065743	      5.10211368	      7.14446015	      0.00000000	     -4.16830634	      1.32391170	     -3.59362212	     -3.23465623	    -13.70468983	     27.29108158	     98.42008194	     91.29293269	     -0.95366503	    -15.41249667	     31.14389170	     98.73765845	     69.42025620
      3.60000000	      0.29105370	     -1.29680303	      3.92461003	      1.03124001	      1.08421183	     -0.29576160	      3.96082888	     -5.10190101	     -3.95826930	     13.90203596	      5.97306313	    -14.73814924	      0.00000000	      2.66001898	    -11.53424477	     -4.90396017	      9.15332561	      6.02431314	      6.56903381	      0.00000000	     -4.61971594	      1.68398367	     -3.50315392	     -2.53401850	    -13.98132322	     27.72317407	     97.34417848	     91.16059621	     -0.25787254	    -14.92909265	     31.42143013	     97.25892215	     69.46383473
      3.61666670	      0.63254839	     -0.93515575	      3.95308874	      1.03021984	      1.08223446	     -0.29626408	      3.65317202	     -5.54371018	     -4.21135493	     14.15407353	      4.97569477	    -14.70086153	      0.00000000	      2.54983326	    -11.14098077	     -4.46130259	      9.57573560	      5.77122631	      5.56016239	      0.00000000	     -4.49082220	      1.30837142	     -3.34333976	     -1.65764404	    -14.12665486	     28.26284403	     96.34601187	     91.00351096	      0.73861919	    -14.65949503	     31.99756202	     96.10025175	     69.54203115
      3.63333330	      0.67930007	     -0.36524818	      3.70650610	      1.02844665	      1.08008763	     -0.29465829	      3.71354320	     -6.26074582	     -4.35689218	     14.29410512	      3.87144075	    -14.54978654	      0.00000000	      2.87742870	    -10.52534685	     -3.89972053	     10.32017545	      6.03630246	      4.48688776	      0.00000000	     -4.41687252	      0.67850539	     -2.98846984	     -0.77077775	    -14.18636034	     28.80219978	     95.79888494	     90.82072073	      1.60342368	    -14.67233383	     32.49880276	     95.28771524	     69.62472169
      3.65000000	      0.96248389	     -0.28747873	      3.52220811	      1.02882738	      1.08598855	     -0.29484066	      3.73344200	     -6.23460350	     -4.12392856	     14.48351464	      4.38723356	    -14.61725644	      0.00000000	      2.86258803	    -10.32051560	     -3.27168520	     10.83138883	      6.67262114	      3.70179323	      0.00000000	     -4.90139491	      0.83831848	     -2.60490127	      0.31684647	    -14.35875225	     29.28441967	     95.01905333	     90.63501406	      2.59073168	    -14.31134450	     32.83414889	     93.91590607	     69.68764801
      3.66666670	      1.11886305	     -0.28732561	      3.61946476	      1.02306816	      1.08175499	     -0.29748502	      3.75962706	     -6.27521330	     -3.58656448	     14.60532831	      5.61135207	    -14.50588954	      0.00000000	      3.30663511	    -10.32498706	     -2.89923777	     11.56367311	      6.58764388	      2.75533427	      0.00000000	     -5.39487869	      1.02480984	     -2.45086244	      1.40872187	    -14.63002903	     29.42364915	     94.51696429	     90.43605882	      3.97423923	    -13.87975854	     33.04427729	     92.81267176	     69.76524367
      3.68333330	      1.00984480	     -0.23976661	      3.66791471	      1.01629135	      1.07677540	     -0.29917148	      4.23616123	     -6.50389403	     -3.24920377	     14.98783115	      6.60777844	    -14.48925488	      0.00000000	      4.17935041	    -10.19627513	     -2.29003755	     12.43793904	      6.49129894	      1.82616030	      0.00000000	     -5.71143488	      1.22149815	     -2.09135138	      2.83567528	    -15.01230915	     29.54452615	     94.05808448	     90.18127308	      5.56800534	    -13.43211787	     33.40468673	     91.86300608	     69.90999756
      3.70000000	      0.62823580	     -0.08955227	      3.72276313	      1.01300076	      1.07014508	     -0.29853017	      4.92598226	     -6.85861311	     -2.81428838	     15.31975514	      7.20743102	    -14.29909474	      0.00000000	      5.43444022	    -10.06212294	     -2.07388900	     13.45557489	      6.19336654	      1.11103924	      0.00000000	     -5.84739713	      1.17415487	     -1.72954631	      4.38041415	    -15.28668431	     29.40964279	     93.87320137	     89.96131410	      7.26751477	    -12.96575408	     33.40193512	     91.35987175	     70.03006191
      3.71666670	     -0.08102926	      0.39260880	      3.85003436	      1.00736369	      1.07741202	     -0.29937033	      5.68412022	     -7.67075260	     -2.66098178	     15.16595358	      6.87750856	    -13.92217188	      0.00000000	      6.79836356	     -9.37932490	     -1.81417069	     13.95412166	      5.91092951	      0.89548649	      0.00000000	     -5.86090535	      0.72769003	     -1.65355857	      6.21071294	    -15.15044738	     29.19456172	     92.99838875	     89.76506248	      9.36226640	    -12.53006948	     33.47045947	     90.03592832	     70.11595265
      3.73333330	     -0.96663359	      0.96895636	      3.68768494	      1.00197110	      1.08419454	     -0.29494342	      6.59517653	     -8.42174306	     -2.38735062	     14.63430198	      6.00041497	    -13.17412101	      0.00000000	      8.13706010	     -8.76410032	     -1.85921351	     14.19396982	      5.30858595	      0.72277906	      0.00000000	     -6.02307173	      0.02877267	     -1.43651045	      8.14538408	    -14.60750690	     28.85995526	     91.73473729	     89.56579806	     11.57373957	    -12.14439296	     33.45735832	     88.59371326	     70.17633753
      3.75000000	     -1.91215571	      1.29955926	      3.61824514	      0.99205476	      1.08300741	     -0.29481749	      7.84348428	     -8.93529144	     -2.83894334	     14.11206487	      4.43512144	    -12.50995842	      0.00000000	      9.66313698	     -8.30454241	     -2.10473987	     14.33514868	      4.55593564	      0.88100788	      0.00000000	     -6.50918348	     -0.36086036	     -1.35295461	     10.35146894	    -13.99940895	     28.37650811	     90.53974995	     89.35389257	     14.11381844	    -11.55124027	     33.44389148	     86.92225149	     70.21850862
      3.76666670	     -2.83388685	      1.60256224	      3.62498832	      0.98505355	      1.08934703	     -0.29621393	      8.97310199	     -9.40013366	     -3.35613112	     13.35456645	      2.46507580	    -11.79558971	      0.00000000	     11.06228268	     -7.83365781	     -2.20790934	     14.17711888	      3.37081872	      1.18022652	      0.00000000	     -7.22318134	     -0.79292665	     -1.22578560	     12.60365198	    -13.49037030	     28.16152912	     89.33373263	     89.15609414	     16.74525385	    -10.78682984	     33.21893908	     85.00842428	     70.19931603
      3.78333330	     -3.74346211	      1.79380465	      3.54851370	      0.97446882	      1.07929930	     -0.30222859	     10.52693853	     -9.83638132	     -3.72165611	     13.10958360	      1.11321001	    -11.17353890	      0.00000000	     12.60318995	     -7.46743110	     -2.54456269	     14.28923675	      2.85631688	      1.39720310	      0.00000000	     -8.56895708	     -0.77749419	     -1.11362489	     15.59830036	    -13.30799710	     27.66010127	     89.31592675	     89.08183517	     19.46867950	     -9.87917650	     32.79981369	     84.84868264	     70.17569424
      3.80000000	     -4.96592906	      1.89069191	      3.63260920	      0.96721462	      1.06992615	     -0.30199626	     12.74239839	    -10.27563619	     -4.26784243	     13.54155522	      0.28744414	    -10.74918620	      0.00000000	     14.74121914	     -7.21499890	     -2.76445647	     14.94252529	      2.92818733	      1.48229434	      0.00000000	     -9.20447881	     -0.60904570	     -1.05945028	     19.15065522	    -13.71257872	     28.44225805	     88.46205193	     88.82943257	     23.26215777	     -8.57474797	     33.41585250	     82.52070051	     70.11994451
      3.81666670	     -6.06400350	      2.07348614	      3.68232917	      0.95478076	      1.07268179	     -0.29643710	     14.79792735	    -10.73934009	     -4.20841411	     13.91492243	     -0.29323045	    -10.25607026	      0.00000000	     16.75397848	     -6.96608531	     -3.09158569	     15.39709932	      2.64856675	      1.60790043	      0.00000000	    -10.96403481	     -0.59830486	     -1.19384593	     22.58922296	    -13.40101071	     27.65644520	     88.23329679	     88.68405279	     26.84397442	     -7.81813860	     32.82870405	     82.18156918	     70.04009546
      3.83333330	     -7.61612406	      2.20088196	      3.54023602	      0.94483803	      1.07118430	     -0.29708788	     17.57212414	    -11.06558551	     -4.35196921	     14.47428174	     -0.74002391	     -9.46001239	      0.00000000	     19.13685194	     -6.82004685	     -3.44934231	     15.71279657	      2.45985900	      2.14453046	      0.00000000	    -11.96880573	     -0.76732562	     -1.08180322	     26.41618663	    -13.26500064	     27.93918426	     86.80874313	     88.34217119	     30.58837985	     -7.15014014	     33.13035344	     80.62652453	     69.81905692
      3.85000000	     -8.77355327	      2.21894624	      3.70828260	      0.93718526	      1.06759809	     -0.29415269	     19.66056497	    -11.25927385	     -4.71561486	     14.81901671	     -1.64227594	     -9.03418205	      0.00000000	     21.09455514	     -6.77872778	     -3.61193496	     15.82901862	      1.77514248	      2.50936694	      0.00000000	    -14.07031384	     -0.81340988	     -1.00865681	     29.95770227	    -12.84351096	     27.18869956	     86.66041642	     88.23330407	     34.05345925	     -6.69391945	     32.41313186	     80.44382024	     69.72984895
      3.86666670	    -10.36428339	      2.26244159	      3.64543484	      0.92362788	      1.06314549	     -0.30011884	     22.83184241	    -11.67997683	     -5.31253508	     16.00764124	     -2.06727099	     -8.51138109	      0.00000000	     23.74435170	     -6.65497041	     -4.11652762	     16.40724223	      1.70161894	      2.84235625	      0.00000000	    -15.18228592	     -0.78613025	     -1.23957967	     34.35260183	    -12.55833978	     27.66311640	     84.70187178	     87.78424427	     37.91209430	     -6.47757960	     32.33890984	     78.46248816	     69.29062919
      3.88333330	    -11.69930088	      2.14800674	      3.89105445	      0.91551448	      1.05520898	     -0.30015401	     25.45291718	    -11.98957225	     -5.13390348	     17.10133618	     -2.13314283	     -7.84108939	      0.00000000	     26.39303048	     -6.61957313	     -4.03811128	     17.35051159	      1.58601250	      2.54746814	      0.00000000	    -16.65972292	     -0.60360140	     -1.57382151	     37.91461413	    -12.44410867	     27.59684069	     84.43389394	     87.28255227	     41.16608954	     -6.39546840	     31.83820807	     78.27663758	     68.77908832
      3.90000000	    -13.08418492	      1.98051028	      3.96617199	      0.90552828	      1.04483911	     -0.30042687	     28.35363222	    -12.23540852	     -4.77508565	     18.54472828	     -1.83484004	     -7.46481252	      0.00000000	     29.17359528	     -6.69270582	     -3.91232027	     18.54996185	      1.89569771	      2.54721685	      0.00000000	    -18.21683698	     -0.34846428	     -1.75647955	     41.78222102	    -12.41144971	     27.24650335	     84.43522598	     86.94788729	     44.80347349	     -5.88047523	     31.19324196	     78.37213606	     68.42176439
      3.91666670	    -14.47761714	      1.70873650	      3.98025613	      0.90083084	      1.03727249	     -0.29776967	     31.24053916	    -12.27899176	     -4.54373408	     20.22959439	     -1.36293076	     -7.16744191	      0.00000000	     32.11767340	     -7.02196591	     -3.68395492	     20.16715698	      2.11660783	      2.14741923	      0.00000000	    -19.48780179	     -0.12345434	     -1.66946741	     45.32244772	    -12.34806422	     27.59607476	     84.01213553	     86.60572306	     48.09795105	     -5.59011542	     30.81107899	     77.94238433	     67.93784450
      3.93333330	    -16.02277122	      1.57581188	      3.88361784	      0.88932377	      1.03006404	     -0.29813976	     34.60958178	    -12.42505817	     -3.92179177	     22.32765138	     -0.78308613	     -7.12605959	      0.00000000	     35.36524589	     -7.27032584	     -3.52334207	     22.06415402	      2.49244385	      1.68734510	      0.00000000	    -20.75744345	     -0.08476088	     -1.74826916	     48.84546181	    -12.22781839	     27.63883274	     84.34754120	     86.30532486	     51.40831332	     -5.55234503	     30.18007221	     78.26508788	     67.46459629
      3.95000000	    -17.62496260	      1.32139430	      3.65892927	      0.87849812	      1.01959587	     -0.29758079	     38.37094122	    -12.36164740	     -3.80536303	     24.76260486	     -0.36453919	     -7.06594176	      0.00000000	     38.90213994	     -7.71071948	     -3.25250399	     24.23526440	      2.96215512	      1.24924803	      0.00000000	    -21.99719851	     -0.00473422	     -1.77370479	     52.41357162	    -11.99215675	     27.11415436	     84.62574609	     86.03400656	     54.86372588	     -5.67004786	     30.01054941	     79.28965789	     67.08204611
      3.96666670	    -19.30905438	      1.12111326	      3.49487537	      0.87036024	      1.01239608	     -0.29810701	     42.19040892	    -12.51073136	     -3.98104974	     27.32632189	     -0.02300024	     -6.97887946	      0.00000000	     42.80013543	     -8.02978710	     -2.95462600	     26.87466285	      3.46811657	      0.69961743	      0.00000000	    -23.21789958	      0.03376676	     -1.78006271	     55.83192565	    -11.80198790	     26.47648424	     84.14510289	     85.78783227	     58.39082161	     -5.67513280	     29.56088911	     79.27480434	     66.61011044
      3.98333330	    -20.69023192	      1.01212020	      3.35393513	      0.86538880	      1.00654628	     -0.29702482	     45.48813603	    -12.66586941	     -4.07710569	     29.65999892	      0.35429959	     -6.79593124	      0.00000000	     46.20173475	     -8.34129597	     -2.86982684	     29.38704887	      3.87703105	      0.37367079	      0.00000000	    -24.50183590	     -0.04547568	     -1.65368675	     59.04611452	    -11.32340742	     25.78443232	     84.35066509	     85.59017074	     61.50006804	     -5.36450888	     28.84883796	     79.54734858	     66.19688810
      4.00000000	    -21.90416985	      0.75641840	      3.54693769	      0.86188468	      0.99905721	     -0.29767029	     48.10787389	    -12.92007338	     -4.16202874	     31.65671123	      1.08349314	     -6.21926125	      0.00000000	     49.28980731	     -8.53012497	     -2.21005693	     31.82129861	      4.27426936	      0.32169621	      0.00000000	    -25.79582453	     -0.05540768	     -1.86558531	     62.13592857	    -10.73680064	     25.35269267	     84.43859778	     85.42338043	     64.48286777	     -5.00851237	     28.13815139	     79.20418570	     65.73379608
      4.01666670	    -22.93007866	      0.72650479	      3.34063868	      0.85612806	      0.98852182	     -0.29808899	     50.97622688	    -13.14730902	     -4.03392833	     34.08024651	      1.67025822	     -6.08558898	      0.00000000	     52.04096967	     -8.73372902	     -1.81628194	     34.32381685	      5.04547023	      0.35688484	      0.00000000	    -27.11990958	     -0.26889935	     -2.02749893	     64.63950749	    -10.15918473	     25.17803512	     84.71140378	     85.31831381	     67.32014750	     -5.00820768	     27.53374859	     79.20736192	     65.29514736
      4.03333330	    -23.97613933	      0.76086115	      3.18990492	      0.85191647	      0.97602393	     -0.30148671	     53.88201716	    -13.60617092	     -3.77191658	     36.62661519	      2.77085531	     -5.30237960	      0.00000000	     54.74608898	     -8.76446263	     -1.52751771	     36.82799976	      5.95899189	      0.10631322	      0.00000000	    -28.16504213	     -0.31140759	     -2.01045054	     67.23425537	     -9.85746145	     24.88206180	     85.27347370	     85.22045633	     69.86016066	     -4.68580788	     27.06749510	     79.73832721	     64.86533770
      4.05000000	    -24.78633828	      0.80725602	      3.14504478	      0.84266857	      0.96743461	     -0.29559892	     56.72882100	    -13.84840539	     -3.35941315	     39.36053418	      3.92592178	     -4.74357966	      0.00000000	     57.38684335	     -9.05747354	     -1.65101131	     39.37141906	      6.71569993	      0.22252143	      0.00000000	    -29.67158050	     -0.62099792	     -2.07560146	     70.33931379	     -8.98067221	     24.44443850	     85.50908436	     85.11565229	     72.92076188	     -4.61259003	     26.29480350	     79.45731019	     64.38621567
      4.06666670	    -25.46155165	      0.79827704	      2.90647062	      0.83914139	      0.95205657	     -0.29439897	     59.49772636	    -13.87478425	     -2.74386593	     42.21233929	      5.41034593	     -4.41118517	      0.00000000	     59.94877569	     -9.66762051	     -1.90991474	     41.99403346	      7.64827147	      0.48461840	      0.00000000	    -30.95046838	     -0.77676049	     -1.97786118	     73.18057956	     -8.03019235	     24.16851193	     85.84059222	     85.04448819	     75.71916432	     -4.60404046	     25.65781321	     79.22493868	     64.03979624
      4.08333330	    -26.16052025	      0.77094181	      2.89890732	      0.83023395	      0.94319525	     -0.29370819	     62.35810027	    -13.96359525	     -2.11797457	     45.13846212	      6.60242608	     -3.89085424	      0.00000000	     62.71712034	    -10.20041458	     -2.26889152	     44.79358800	      8.34222844	      0.79950998	      0.00000000	    -32.39069238	     -1.00685457	     -2.22357099	     76.23538615	     -7.29567585	     24.26462774	     85.84072715	     85.01058477	     78.79982698	     -4.54097830	     25.07550394	     78.82204238	     63.65988588
      4.10000000	    -26.68428654	      0.90277458	      3.03702781	      0.82293491	      0.93099498	     -0.29465091	     65.26212985	    -14.35097569	     -1.49568929	     48.24653283	      7.65526366	     -3.52881984	      0.00000000	     65.49641173	    -10.45310711	     -2.69177257	     47.77652109	      8.94849357	      0.92149764	      0.00000000	    -34.10435951	     -1.07603471	     -2.20704139	     79.84118501	     -7.74469823	     24.28366586	     86.63497222	     85.00277916	     81.98639984	     -4.30556398	     25.16893057	     79.80514569	     63.36344015
      4.11666670	    -27.03073819	      0.82350736	      3.32792364	      0.82443002	      0.91718163	     -0.29340845	     67.43940103	    -14.60775277	     -0.76729565	     51.06452627	      8.85966075	     -3.75547629	      0.00000000	     68.08011016	    -10.67702263	     -2.57133788	     51.00978189	      9.75111354	      0.67741492	      0.00000000	    -35.66140371	     -0.87348301	     -2.24191192	     82.41215846	     -7.62451135	     23.70557851	     86.71966778	     84.98510150	     84.61484119	     -3.86936189	     24.69954365	     80.12717704	     63.26483263
      4.13333330	    -27.67955322	      0.97947172	      3.42688709	      0.82135511	      0.89981632	     -0.29399637	     70.07676054	    -14.90528075	     -0.02383540	     53.94809024	     10.45953160	     -3.08443094	      0.00000000	     71.08450743	    -10.96386623	     -2.43846715	     54.49913400	     10.81752985	      1.26247258	      0.00000000	    -36.80073176	     -0.84911548	     -1.95927469	     85.24631426	     -8.61617947	     23.30154783	     87.73166513	     85.02989874	     87.08982582	     -3.48929397	     24.61570436	     81.30495791	     63.01825991
      4.15000000	    -28.06558585	      1.03960468	      3.73818526	      0.81762508	      0.88571125	     -0.29725418	     72.33918549	    -15.33603846	      0.79458611	     56.60649338	     11.94842435	     -3.01754218	      0.00000000	     73.90633233	    -10.90662797	     -2.00685989	     57.93574061	     11.71747947	      1.32700270	      0.00000000	    -38.02254791	     -0.55325264	     -1.83656248	     87.85967399	     -8.88118056	     22.17524582	     88.12322084	     85.01813001	     89.33642171	     -2.80112469	     24.24642943	     81.97723371	     62.85671362
      4.16666670	    -28.49028365	      1.23028541	      3.91545918	      0.81528172	      0.86715126	     -0.29811390	     75.16701434	    -15.72886941	      1.50627816	     59.89403049	     13.10951962	     -3.20382304	      0.00000000	     76.40843459	    -10.87554898	     -1.88918126	     60.90959449	     12.59508113	      1.55027495	      0.00000000	    -38.93231174	     -0.45502047	     -1.93033737	     89.97650951	     -9.25216794	     21.20398018	     88.77719059	     85.07465316	     91.73737890	     -2.87791564	     24.16701469	     82.14347421	     62.67470248
      4.18333330	    -28.95039836	      1.27367380	      4.09387380	      0.80356169	      0.85376616	     -0.29948494	     77.99226917	    -15.98240826	      2.16914603	     62.92755560	     13.94569526	     -3.76184990	      0.00000000	     79.06338284	    -10.69874136	     -1.67171502	     63.68237388	     13.56654087	      0.93606019	      0.00000000	    -39.78642994	     -0.16392138	     -2.03408904	     92.71913365	     -9.17989752	     20.50640182	     88.83536745	     85.07082146	     94.38030314	     -2.47270186	     23.92829342	     82.34643516	     62.65256743
      4.20000000	    -29.77241446	      1.55860750	      4.16912397	      0.80142041	      0.84216418	     -0.30057805	     80.97065854	    -16.26336411	      2.87032001	     65.44246483	     14.17625359	     -3.92147709	      0.00000000	     81.57031141	    -10.49399511	     -1.83283940	     65.65375735	     13.44661416	      0.04694196	      0.00000000	    -40.39506170	     -0.27355606	     -2.20394421	     95.36367012	     -9.31297285	     20.41311814	     88.94753442	     85.22631431	     96.95828830	     -2.62475673	     24.58171427	     82.60260754	     62.68337769
      4.21666670	    -30.33001173	      1.51701093	      4.36580333	      0.79732063	      0.83464474	     -0.29561899	     83.00004378	    -16.28683415	      3.21371608	     67.37920925	     14.54218180	     -4.16907001	      0.00000000	     83.55141635	    -10.44395109	     -1.56591680	     67.25700147	     13.58557578	     -0.11901132	      0.00000000	    -41.26225206	     -0.12494294	     -2.26399837	     97.52711685	     -9.06294442	     20.07011174	     89.08395180	     85.26384506	     99.38744812	     -2.35435317	     24.12318571	     82.72607009	     62.68523488
      4.23333330	    -30.56674623	      1.47958922	      4.62612646	      0.79512605	      0.82106739	     -0.29353830	     84.63905654	    -16.43939055	      3.55225544	     69.29046244	     15.03970258	     -4.12340423	      0.00000000	     85.33163416	    -10.45748605	     -1.15936084	     69.11164848	     13.40008665	     -0.55325221	      0.00000000	    -42.48070710	      0.02827237	     -2.39939983	     99.44649233	     -9.34997658	     20.25818978	     89.85354894	     85.53650406	    101.81991800	     -2.35192696	     24.11369703	     83.06148444	     62.83261583
      4.25000000	    -30.65665635	      1.38209294	      4.93836132	      0.79319540	      0.80361809	     -0.29640463	     86.50284310	    -16.75037854	      3.99875640	     71.79818230	     15.74526608	     -4.07726806	      0.00000000	     87.28701881	    -10.37732565	     -0.65596780	     71.39259615	     13.64728755	     -0.82223628	      0.00000000	    -43.27922383	      0.35511969	     -2.49469039	    100.96355283	     -9.24360140	     20.13658067	     89.98361086	     85.67523570	    103.54427791	     -2.00151251	     24.02732771	     82.90403009	     62.92337316
      4.26666670	    -30.81455818	      1.29968256	      5.12852304	      0.79099476	      0.79133159	     -0.29953922	     88.56325776	    -17.09918896	      4.29762880	     74.35566139	     16.29146778	     -4.23851746	      0.00000000	     89.19146825	    -10.19269274	     -0.25293252	     73.74756462	     14.08502315	     -1.34886247	      0.00000000	    -43.97950069	      0.64718283	     -2.49848068	    103.02828933	     -9.23776441	     19.75919115	     89.90101758	     85.78201156	    105.28573833	     -1.59426193	     24.18009000	     82.78191053	     63.04979022
      4.28333330	    -30.90197672	      1.18321249	      5.28324005	      0.78857807	      0.78102799	     -0.30115671	     90.13498560	    -17.50224593	      4.63932823	     76.34307281	     17.26523661	     -3.54148354	      0.00000000	     90.93106304	    -10.02575520	      0.10456139	     75.77159539	     14.45072728	     -1.84944452	      0.00000000	    -44.49190464	      0.94082476	     -2.42495842	    104.05090680	     -9.27497855	     19.95683428	     90.46863448	     86.08251531	    106.59235566	     -1.42538575	     24.69857644	     82.95512598	     63.35753165
      4.30000000	    -30.92791038	      1.08849756	      5.27488565	      0.78664132	      0.77270264	     -0.29913741	     91.52433719	    -17.63986830	      4.75302513	     78.00904434	     17.41457259	     -3.37011650	      0.00000000	     92.34363822	    -10.08142893	      0.43099326	     77.48994508	     14.51813433	     -2.01626085	      0.00000000	    -44.84444578	      1.10084505	     -2.49179649	    104.32454156	     -8.91349110	     20.71077189	     90.87006511	     86.30446573	    107.64009215	     -1.39388854	     24.87472830	     82.70029430	     63.52903610
      4.31666670	    -31.22010807	      0.99332050	      5.33624069	      0.78712866	      0.76631237	     -0.30017429	     92.63408865	    -17.85074599	      4.81882281	     79.21292542	     17.94537840	     -2.68242548	      0.00000000	     93.69793578	    -10.07296841	      0.65818771	     78.78546761	     14.74283878	     -2.24284868	      0.00000000	    -44.96221731	      1.31648900	     -2.31240684	    104.89456748	     -9.58787648	     21.81233111	     91.64851428	     86.69473225	    108.53761457	     -1.28711017	     25.20570250	     82.91776238	     63.93673422
      4.33333330	    -31.31968342	      0.98636875	      5.13534406	      0.79082197	      0.75894189	     -0.30187192	     93.31786718	    -18.01215450	      4.78768979	     80.09739210	     18.52990179	     -1.90709454	      0.00000000	     94.52502273	    -10.30000190	      0.84368933	     79.93854794	     15.24666711	     -2.01655331	      0.00000000	    -45.04929327	      1.38585084	     -2.04184819	    105.63476452	     -9.88790940	     21.84165188	     91.58416776	     86.86766706	    109.27047245	     -1.16929299	     25.18156295	     82.98602529	     64.19914319
      4.35000000	    -31.27345659	      1.11344004	      5.01517698	      0.78757605	      0.75422301	     -0.30454961	     93.92266142	    -18.37547594	      4.86757159	     80.85461440	     19.02660911	     -0.90673533	      0.00000000	     94.99429029	    -10.26011154	      0.80420765	     80.82439168	     15.65151443	     -2.23238976	      0.00000000	    -45.32804805	      1.38967592	     -1.77122113	    106.83494040	    -10.31554536	     21.91791985	     91.00264671	     87.07478864	    110.01099091	     -0.88478550	     24.99595564	     82.92371592	     64.58139607
      4.36666670	    -31.46297435	      1.22248362	      4.92200105	      0.78851496	      0.75226411	     -0.30220257	     94.58868193	    -18.58949758	      4.95558682	     81.40721610	     19.28009668	     -0.44251456	      0.00000000	     95.49194792	    -10.46690934	      0.68342731	     81.38494278	     15.64513311	     -2.50747097	      0.00000000	    -45.34797332	      1.26320337	     -1.50190338	    107.75470545	    -10.38242223	     21.68429437	     90.52925257	     87.11083651	    110.73705368	     -0.75762655	     24.99682474	     83.12879613	     64.69873209
      4.38333330	    -31.44274671	      1.49859542	      4.76782591	      0.78850810	      0.74915918	     -0.30088885	     94.86253879	    -18.66599632	      5.13639669	     81.82895504	     19.85761223	      0.55429175	      0.00000000	     95.71146762	    -10.86236414	      0.33696723	     81.93553230	     15.47653885	     -2.76531591	      0.00000000	    -45.42276055	      0.98915249	     -1.50670466	    108.24508857	    -10.32694819	     21.83308674	     89.97601761	     87.24375410	    111.17750057	     -0.92032186	     25.30257643	     83.21177545	     64.96290694
      4.40000000	    -31.52306371	      1.58170792	      4.79086563	      0.78675567	      0.75148352	     -0.29535663	     95.00652615	    -18.52296106	      5.08031523	     81.95339503	     19.90057309	      0.59786813	      0.00000000	     95.71908389	    -11.06458257	      0.15027691	     81.75933886	     15.07478742	     -2.81841511	      0.00000000	    -45.44107563	      0.80451698	     -1.42699546	    108.23305585	    -10.16207120	     21.93621886	     89.89097771	     87.29920812	    111.45635216	     -0.76599106	     25.51591790	     83.21636494	     65.06472382
      4.41666670	    -31.72566495	      1.70398532	      4.63662933	      0.79721596	      0.74299707	     -0.30156590	     95.39933391	    -18.61229693	      5.05273373	     82.63872549	     20.63749207	      1.16231967	      0.00000000	     96.00390190	    -11.40356782	     -0.08965061	     82.27463702	     15.35425556	     -2.84409488	      0.00000000	    -44.54587956	      0.64700740	     -1.37274734	    107.54938861	    -10.32744628	     21.93574874	     90.10792348	     87.43279939	    110.69409467	     -0.95146276	     26.00401742	     83.51201939	     65.36935752
      4.43333330	    -32.17890825	      1.68382886	      4.76115877	      0.80359288	      0.75033028	     -0.30138388	     95.15408611	    -18.88163339	      4.81337899	     82.40428615	     21.01751660	      1.55867854	      0.00000000	     95.82814555	    -11.51596826	     -0.43374340	     82.03860079	     15.52038800	     -2.69050191	      0.00000000	    -43.29771873	      0.63207187	     -1.35344132	    105.54626051	    -10.14112091	     21.42363153	     90.86437411	     87.63869927	    108.86012896	     -0.83546432	     26.11310711	     84.50298880	     65.78288396
      4.45000000	    -32.22800889	      1.90325693	      4.88346792	      0.79657266	      0.76795078	     -0.30494042	     94.17374587	    -19.06786868	      4.60942529	     80.96380905	     20.18232782	      1.00284261	      0.00000000	     94.36170686	    -11.14350640	     -1.14127495	     80.39679258	     15.20980104	     -2.49202397	      0.00000000	    -43.04504879	      0.60969640	     -1.44019904	    104.44415243	    -10.29759209	     21.36988944	     90.65434177	     87.76455721	    107.75457291	     -0.51674783	     26.25472417	     84.47768948	     66.00100601
      4.46666670	    -32.34377569	      2.13337629	      4.90777871	      0.79305685	      0.77904533	     -0.30228021	     93.29753588	    -18.84822474	      4.48349101	     79.24485825	     18.56273682	     -0.28276828	      0.00000000	     92.77668634	    -10.87768586	     -1.78101657	     78.05165221	     14.61362830	     -2.48908576	      0.00000000	    -42.92441875	      0.32153416	     -1.55111772	    103.36767567	    -10.16221219	     21.24883476	     90.18601878	     87.94987779	    107.13142238	      0.06415787	     26.66179338	     84.50095422	     66.39189065
      4.48333330	    -32.61655781	      2.33460734	      4.79069514	      0.78891787	      0.79285426	     -0.29736146	     92.40036790	    -18.25427310	      4.27539343	     77.08040975	     16.76081231	     -1.70639908	      0.00000000	     91.10579447	    -10.78004925	     -2.30897679	     75.27396136	     13.43118280	     -2.91419410	      0.00000000	    -42.99131251	     -0.10194317	     -1.55890114	    103.53565712	    -10.18177197	     20.89243668	     89.80367199	     88.01613424	    107.09308845	      0.22548898	     26.95701167	     84.43845755	     66.73025187
      4.50000000	    -32.48519028	      2.52025297	      4.52241181	      0.79243832	      0.80329196	     -0.29489251	     90.99669438	    -17.45634995	      4.12162323	     75.13314143	     15.34735885	     -2.89009954	      0.00000000	     89.29060468	    -10.99606331	     -2.84739962	     72.77298199	     12.40597671	     -2.71195147	      0.00000000	    -43.18787597	     -0.60023862	     -1.52841305	    103.25825396	     -9.90562073	     20.78567703	     89.33402919	     88.07857643	    106.87912737	      0.19026049	     27.52735929	     83.93765846	     67.15474890
      4.51666670	    -32.17051894	      2.77118511	      4.36974002	      0.79896833	      0.81385134	     -0.29709612	     89.18839982	    -16.98038660	      4.04021806	     73.17957992	     14.31771299	     -4.11354953	      0.00000000	     87.31180500	    -11.13529545	     -3.40866014	     70.79374176	     11.81712175	     -2.42331440	      0.00000000	    -43.24196831	     -1.01689944	     -1.52800974	    102.57289982	     -9.98935305	     20.67131610	     88.42322558	     88.09537418	    106.50455882	     -0.29267714	     27.85959934	     83.91002613	     67.52768479
      4.53333330	    -31.64118249	      2.90945986	      4.46404580	      0.79808066	      0.83349166	     -0.29551220	     86.79535284	    -16.64654389	      3.92007035	     70.66696403	     12.92867230	     -5.46355503	      0.00000000	     84.84633169	    -11.01700467	     -4.07693532	     68.17184700	     10.65242820	     -2.31218213	      0.00000000	    -43.58308391	     -1.17225066	     -1.66234929	    101.44792576	    -10.05200224	     20.16691056	     88.71439348	     88.11017772	    105.93520493	     -0.48332167	     28.41410778	     83.81494027	     67.87770363
      4.55000000	    -31.31483266	      2.81607577	      4.19826558	      0.79800449	      0.84200952	     -0.29593576	     84.78396901	    -16.20080146	      3.50504848	     68.25786015	     12.07807352	     -5.70249072	      0.00000000	     82.95508323	    -11.19214518	     -4.52159210	     65.92660039	      9.97630823	     -2.11574152	      0.00000000	    -43.13895209	     -1.37771812	     -1.57310289	     99.68732984	     -9.76786598	     20.35759802	     88.66236339	     88.11851972	    104.69811930	     -0.82247045	     28.86069309	     83.70024008	     67.96322589
      4.56666670	    -30.69886849	      2.86922921	      3.90096613	      0.80356171	      0.85631071	     -0.30775264	     81.81003097	    -16.07918377	      3.65109711	     65.06799759	     11.46633792	     -6.18875812	      0.00000000	     80.63707640	    -11.28127107	     -5.33553136	     63.85473895	      9.68235642	     -1.62833461	      0.00000000	    -42.93040893	     -1.18163864	     -1.42853916	     97.51436800	     -9.49529147	     19.41802017	     88.29519082	     88.10433493	    102.77559513	     -1.04403555	     29.43637576	     84.64191831	     68.28069154
      4.58333330	    -29.77955667	      2.94945965	      3.72918119	      0.80489961	      0.87879187	     -0.30148554	     79.26814549	    -15.84567516	      3.17091879	     62.57298220	     10.14462756	     -7.21336319	      0.00000000	     77.51238945	    -11.22673170	     -6.07402496	     60.89608534	      8.92451934	     -0.46802585	      0.00000000	    -43.23506171	     -1.13957150	     -1.14935871	     96.15425723	     -9.74629276	     18.85771101	     87.98669495	     88.09735623	    100.78918931	     -0.99936500	     29.77512243	     85.17398914	     68.56448840
      4.60000000	    -29.14179127	      3.05871039	      3.26801399	      0.80918519	      0.89141214	     -0.29681165	     77.47784113	    -15.21342799	      2.67069262	     60.58141553	      8.14635428	     -8.79651290	      0.00000000	     74.67909426	    -11.59465509	     -6.96883123	     58.08183496	      8.38898324	      0.38025958	      0.00000000	    -43.01713872	     -1.34877449	     -0.68909616	     93.88131153	     -9.88830208	     18.80399583	     88.85054780	     88.13889303	     98.37009660	     -1.59573871	     29.87494794	     86.32078644	     68.84374748
      4.61666670	    -28.09109610	      2.74766394	      2.71953788	      0.81603101	      0.90544848	     -0.30168738	     74.80607502	    -14.26929095	      2.57104863	     58.48723015	      9.64467529	     -8.10090148	      0.00000000	     71.70979859	    -12.01221308	     -7.33998583	     55.56188881	      8.15728178	      1.37007327	      0.00000000	    -42.54777092	     -1.13743794	      0.19668842	     91.44637913	    -10.18964309	     18.73580236	     88.94929306	     88.15413117	     95.19658504	     -1.94644680	     30.14548274	     87.28655833	     69.13174275
      4.63333330	    -26.65885842	      2.59331886	      2.53437076	      0.82917833	      0.92725012	     -0.29612152	     70.30320188	    -13.66569091	      1.86863395	     54.88677610	      8.56698154	     -8.64763485	      0.00000000	     67.57593452	    -12.11622057	     -7.95359047	     52.16657566	      7.25697962	      2.50653348	      0.00000000	    -42.46511416	     -1.20996888	      0.37518226	     87.98788355	    -10.26341907	     18.50006345	     90.27798879	     88.20067089	     91.65348689	     -2.94547933	     29.87204033	     88.77944075	     69.38535033
      4.65000000	    -24.96253015	      2.25891927	      2.03769554	      0.83489751	      0.94211182	     -0.29513400	     66.27012259	    -12.82230833	      0.99671891	     52.27804888	      9.26755713	     -8.81156009	      0.00000000	     63.48858640	    -12.48591009	     -8.14045122	     49.13510566	      6.61193253	      3.67802696	      0.00000000	    -42.35368153	     -1.22867295	      0.86520443	     84.13368842	    -10.21498645	     18.74666864	     91.57372880	     88.34136922	     88.10300608	     -3.70974571	     29.81976301	     89.44363345	     69.64238815
      4.66666670	    -23.52405178	      1.83686626	      1.67561068	      0.83804514	      0.95669456	     -0.28990184	     62.10333637	    -11.93106499	      0.25791930	     49.15408107	      9.28744552	     -8.84697673	      0.00000000	     59.92367592	    -12.92310410	     -8.42015330	     46.23842548	      5.62296293	      4.31283741	      0.00000000	    -41.84912801	     -1.37111875	      1.21782364	     80.18128346	     -9.90115967	     18.88226880	     92.79800802	     88.47413648	     84.75072673	     -4.88375198	     29.79692696	     90.24399158	     69.85107711
      4.68333330	    -22.01726556	      1.37551251	      1.49992702	      0.84129745	      0.96863585	     -0.28560658	     57.80936773	    -11.11062969	     -0.21286181	     45.83784909	      8.96006165	     -8.85597134	      0.00000000	     56.58042447	    -13.32166892	     -8.36483910	     43.62789493	      4.69537202	      4.96998727	      0.00000000	    -41.41921394	     -1.49922128	      1.61110950	     76.31758352	     -9.68961689	     18.53911793	     93.63936574	     88.62654970	     81.60352527	     -5.46947597	     30.27651514	     91.23403499	     70.11606789
      4.70000000	    -20.50828316	      1.29984467	      1.51942951	      0.85126019	      0.98423444	     -0.28962465	     53.07544459	    -10.93444924	     -0.45857721	     41.67174901	      7.62119914	     -8.49772820	      0.00000000	     52.98389024	    -13.08714461	     -8.56240738	     40.87534804	      3.65965824	      5.44480446	      0.00000000	    -40.59192886	     -1.61654414	      1.89193584	     72.03032468	     -9.92300006	     18.22830278	     93.42918572	     88.79838749	     77.50057655	     -5.66310261	     30.98507804	     92.03232542	     70.35708197
      4.71666670	    -18.88436994	      1.40100436	      1.63407859	      0.86586339	      0.99563384	     -0.29627712	     48.15413049	    -11.30724964	     -0.86877052	     37.45829134	      6.08047575	     -7.82461168	      0.00000000	     49.07108272	    -12.46457442	     -9.02044808	     38.18951361	      2.99446232	      5.95928853	      0.00000000	    -39.49017264	     -1.57606051	      1.61779287	     66.98227321	     -9.97353400	     18.22558180	     94.79783638	     89.05645683	     73.13612197	     -6.12519143	     31.33286993	     92.51889625	     70.57882406
      4.73333330	    -17.53140949	      1.63511315	      1.61661221	      0.87803249	      1.00253949	     -0.29504671	     44.00583873	    -11.65453592	     -1.37734871	     33.96734569	      4.43124802	     -7.10400538	      0.00000000	     45.40829155	    -11.93458934	     -9.42059902	     35.52325482	      2.47883527	      6.75248983	      0.00000000	    -37.81932353	     -1.82048919	      1.67758781	     62.14335114	    -10.16295594	     18.18910334	     94.94042785	     89.29794980	     68.48647998	     -6.42523253	     31.98879663	     93.11847988	     70.81294599
      4.75000000	    -16.68048470	      1.78941164	      1.64367658	      0.88410586	      1.01278255	     -0.29070047	     40.67094349	    -11.79865334	     -1.77000058	     30.74972711	      3.21588237	     -6.31999877	      0.00000000	     42.57088278	    -11.51048915	     -9.75206310	     33.14312962	      1.68561349	      7.24935591	      0.00000000	    -35.64110676	     -2.15361115	      1.75495154	     57.81389881	    -10.08526991	     18.34937533	     95.28197268	     89.44820274	     64.28055466	     -7.03326293	     32.14598224	     93.29186506	     70.92739719
      4.76666670	    -15.79023202	      1.88156720	      1.30048666	      0.89356590	      1.02090546	     -0.28965873	     37.86310302	    -11.62327422	     -2.39988221	     28.18562056	      2.05585103	     -5.91910846	      0.00000000	     39.47490216	    -11.37192637	     -9.94930906	     30.43976363	      1.23204155	      7.91359951	      0.00000000	    -33.50531024	     -2.51968482	      1.93057643	     52.77667301	     -9.73422701	     18.16726099	     95.94410842	     89.67980188	     59.74668765	     -7.74225735	     31.70737635	     93.67298236	     71.01036897
      4.78333330	    -15.17804694	      1.60793284	      0.89083298	      0.90660185	      1.02566071	     -0.28602581	     35.73024040	    -10.82576836	     -2.57660483	     26.67859348	      3.08445823	     -5.77994123	      0.00000000	     36.89397217	    -11.73815366	     -9.88755187	     28.21047387	      1.29898405	      8.48589836	      0.00000000	    -31.03842428	     -2.62837655	      2.45759529	     48.39497609	     -9.55226416	     18.21090329	     96.29297166	     89.88653482	     55.48777614	     -8.52133632	     31.68378895	     94.23442704	     71.07163095
      4.80000000	    -14.34719073	      1.11833637	      0.68236691	      0.92134737	      1.03699511	     -0.29037857	     33.54162380	     -9.88681743	     -3.29433843	     25.15981198	      4.25951856	     -5.88324950	      0.00000000	     33.98100306	    -11.97641523	    -10.12279299	     25.83401012	      1.11514454	      8.93566346	      0.00000000	    -28.69904329	     -2.12258304	      3.08543597	     44.31597592	     -9.71117908	     18.54871219	     96.24025311	     90.02815985	     50.96566071	     -9.08637520	     32.01087871	     94.33506994	     71.09620228
      4.81666670	    -13.21630250	      0.69672299	      0.78783257	      0.93228385	      1.04982567	     -0.28995729	     29.93368947	     -9.21887367	     -3.70430351	     22.57690341	      4.65680209	     -5.62852359	      0.00000000	     30.60430924	    -12.00767362	     -9.76496316	     23.18056000	      0.86962658	      9.37495117	      0.00000000	    -26.53824207	     -1.81993345	      3.04841989	     39.64499763	     -9.52012476	     18.97892763	     95.96891929	     90.23695966	     46.72672267	     -9.58640999	     31.79117015	     94.29715582	     71.06148727
      4.83333330	    -12.41109609	      0.80091535	      0.81552220	      0.93725811	      1.05563225	     -0.29070148	     27.05440945	     -9.16467703	     -4.48225498	     19.94391212	      2.82532392	     -5.49061813	      0.00000000	     27.66659405	    -11.51190828	    -10.20744035	     20.63653429	      0.12585854	      9.76672587	      0.00000000	    -24.12342550	     -2.07888493	      2.64740265	     35.54262896	     -8.96084850	     19.54545347	     96.11005121	     90.42964280	     42.88324144	     -9.93988279	     31.56401529	     93.88984128	     70.95638313
      4.85000000	    -11.81131698	      0.99413757	      0.74757150	      0.94050863	      1.05897781	     -0.29112174	     24.90818594	     -9.20167737	     -4.83723611	     17.83047012	      0.89068711	     -5.51008846	      0.00000000	     25.15624553	    -10.88817964	    -10.51068400	     18.04390855	     -0.61470716	      9.62525079	      0.00000000	    -21.77033378	     -2.49256673	      2.51295188	     32.10292856	     -8.75949608	     19.41381666	     95.46759907	     90.49575777	     39.36734776	    -10.50698275	     31.60654890	     94.32899574	     70.82095304
      4.86666670	    -11.40986850	      1.32053673	      0.66134632	      0.95316418	      1.06274714	     -0.29202307	     23.01963196	     -9.41682060	     -5.67900597	     15.87839957	     -0.83697306	     -5.31839092	      0.00000000	     22.90287567	    -10.23990377	    -10.42713858	     15.75315207	     -1.11627541	      9.80764058	      0.00000000	    -19.24889350	     -3.03251590	      2.44299340	     29.06482945	     -8.83357267	     19.86044447	     95.39375347	     90.52685178	     36.38506774	    -11.06440455	     32.21005258	     94.75191337	     70.77240055
      4.88333330	    -10.63091410	      1.39902088	      0.98275044	      0.96624595	      1.06246552	     -0.29173629	     20.60033619	     -9.54814157	     -5.80762763	     14.24133779	     -1.59305868	     -5.32026944	      0.00000000	     20.48219685	     -9.75005596	     -9.94730503	     13.64332619	     -1.26526484	      9.80229353	      0.00000000	    -17.26838185	     -3.00376922	      1.72833554	     25.88279678	     -8.62564381	     19.72309325	     95.65853281	     90.54034799	     33.36162580	    -11.84611747	     32.20966158	     95.35861096	     70.50500983
      4.90000000	     -9.99171507	      1.41385572	      1.41210562	      0.97780636	      1.07480732	     -0.28978103	     18.21848204	     -9.54850823	     -5.81222627	     12.46525288	     -2.39211087	     -4.83380961	      0.00000000	     18.19069945	     -9.33171160	     -9.73355061	     11.53103031	     -1.58999089	      9.99919624	      0.00000000	    -15.19589504	     -2.90024418	      1.25859683	     22.43258907	     -8.64640035	     19.90512219	     96.10375898	     90.58953891	     29.84383666	    -12.18460586	     31.89007728	     95.51683338	     70.11759528
      4.91666670	     -9.27539799	      1.23803618	      1.56410718	      0.98483783	      1.07324563	     -0.28955219	     16.37892328	     -9.22015009	     -6.07301362	     11.51754840	     -3.03148950	     -5.05558331	      0.00000000	     16.19408784	     -9.27794322	     -9.58085231	     10.09908783	     -1.44194820	     10.19498350	      0.00000000	    -13.43012708	     -2.62878984	      1.05271982	     19.44336338	     -8.79731283	     20.30043343	     96.84085301	     90.61751723	     26.27118437	    -12.61706321	     31.86468974	     96.80916154	     69.68160920
      4.93333330	     -8.61389061	      1.09248758	      1.70952211	      0.99366719	      1.07404475	     -0.29240507	     14.80762265	     -8.99335409	     -6.41711913	     10.90593530	     -3.84748941	     -5.50204719	      0.00000000	     14.33176963	     -9.16957562	     -9.50841485	      8.78564330	     -1.39603713	     10.19236239	      0.00000000	    -11.51955843	     -2.17646399	      0.91458501	     16.75799238	     -9.23938392	     20.80377648	     97.44233072	     90.62443709	     23.18563018	    -12.97471354	     32.31596765	     97.96731880	     69.40750866
      4.95000000	     -7.94568854	      0.76067856	      1.93977518	      0.99966464	      1.07088737	     -0.29540974	     13.49032109	     -8.62602108	     -5.91765729	     10.75285561	     -3.37266448	     -6.10813239	      0.00000000	     12.70955963	     -9.24218204	     -9.24178523	      7.84189445	     -0.63711072	      9.97046403	      0.00000000	     -9.87111342	     -1.40441548	      0.66109765	     14.37701102	    -10.13049494	     21.47711827	     98.67920665	     90.61591982	     20.43933594	    -13.25520770	     32.25060948	     98.97264185	     69.06314514
      4.96666670	     -7.16831869	      0.41572693	      2.02067571	      1.00429615	      1.08265114	     -0.29371555	     12.58865803	     -8.07688278	     -6.15774752	     10.99443932	     -2.80097012	     -6.81902479	      0.00000000	     11.11683178	     -9.42804130	     -9.00007434	      7.08179979	     -0.16041570	      9.97204813	      0.00000000	     -8.64036249	     -0.87813561	      0.58431780	     12.07905627	    -10.59424234	     22.07606550	     98.79102548	     90.63801558	     18.06852935	    -13.55406006	     32.72570784	     98.93317540	     69.00205665
      4.98333330	     -6.24124123	      0.20354677	      2.39685931	      1.01983421	      1.07853903	     -0.29362035	     10.63088987	     -7.74067691	     -5.53887658	     10.43472204	     -3.55195467	     -8.18035701	      0.00000000	      9.32380889	     -9.59634383	     -8.88223435	      6.42126103	     -0.08757103	     10.23468048	      0.00000000	     -7.55675095	     -0.60707928	     -0.36533016	     10.10787275	    -11.04412092	     23.44055190	     99.51959747	     90.48315786	     14.56305497	    -13.67975624	     31.15441828	    100.46762517	     67.87378656
      5.00000000	     -5.68105962	      0.05890166	      2.71584094	      1.02639714	      1.07946857	     -0.29642389	      9.35084432	     -7.58718867	     -6.19556580	     10.22511117	     -3.95430571	     -8.45653657	      0.00000000	      7.95129122	     -9.63830924	     -8.57797748	      5.80773237	      0.45605511	     10.61291678	      0.00000000	     -6.10774496	     -0.41083664	     -0.73243658	      7.97024114	    -11.58985022	     24.19654137	    100.43374687	     90.39029283	     11.53140724	    -13.70288532	     30.80556033	    101.28805083	     67.45170070
      5.01666670	     -5.08672809	      0.02271393	      2.90184735	      1.03404142	      1.08181443	     -0.29760026	      8.00035797	     -7.47720498	     -6.41848390	      9.96150369	     -4.14300271	     -8.63678421	      0.00000000	      6.56642012	     -9.58497805	     -8.47696016	      5.31839385	      0.81928800	     10.51595632	      0.00000000	     -4.64901119	     -0.36099470	     -0.67793233	      6.12781713	    -11.92785212	     24.65576639	    100.38125313	     90.38680923	      9.45120985	    -13.89030702	     31.10127375	    101.39770316	     67.39218764
      5.03333330	     -4.53420473	      0.04039614	      2.93951360	      1.03435645	      1.08227113	     -0.29780504	      6.86894554	     -7.43518600	     -6.80178148	      9.55513098	     -4.71978147	     -9.16453642	      0.00000000	      5.40334456	     -9.48610719	     -8.16741184	      4.93391226	      1.22640094	     10.57967352	      0.00000000	     -3.90124559	     -0.24255402	     -1.24403211	      4.82383463	    -12.15702954	     25.05585324	    100.88886963	     90.20014920	      6.89546977	    -13.87712476	     29.51194640	    102.43738464	     66.83926884
      5.05000000	     -4.03365856	      0.04486271	      2.71277346	      1.03862411	      1.07882780	     -0.29801407	      6.17910654	     -7.35063475	     -7.04056336	      9.61348957	     -4.67569273	     -9.35341872	      0.00000000	      4.41502233	     -9.52250962	     -8.00890550	      4.75072622	      1.71652755	     10.48818767	      0.00000000	     -2.92502873	     -0.13238883	     -1.18632946	      3.45323756	    -12.57076355	     25.48879496	    100.81094991	     90.20884183	      5.59064586	    -14.10057982	     29.65423234	    102.47344415	     66.81244447
      5.06666670	     -3.61070654	      0.15770841	      2.68842187	      1.04281551	      1.07662841	     -0.29717911	      5.32879149	     -7.44998030	     -6.80804576	      9.38396169	     -4.51716057	     -9.42722876	      0.00000000	      3.63904028	     -9.45252002	     -7.68404807	      4.66212960	      2.20553145	     10.38089234	      0.00000000	     -1.91094178	     -0.11169807	     -1.26278808	      2.17717301	    -13.05303876	     25.79993944	    100.93782934	     90.20893198	      4.31539609	    -14.31515260	     29.69523442	    102.52585275	     66.77721366
      5.08333330	     -3.22124874	      0.27697637	      2.62077057	      1.04779121	      1.07943509	     -0.30174002	      4.65315204	     -7.59157909	     -6.85821461	      9.21430134	     -4.74035276	     -9.81508613	      0.00000000	      2.89874202	     -9.22303554	     -7.15898903	      4.52110713	      2.54645558	      9.54841751	      0.00000000	     -1.33253074	      0.06773751	     -2.17355595	      1.53406375	    -13.47087214	     26.83665365	    101.48555519	     89.93117645	      1.65049446	    -14.11457051	     27.77197191	    103.58207365	     66.25965623
      5.10000000	     -2.76803446	      0.36681941	      2.54545629	      1.05229930	      1.07400100	     -0.30527772	      4.12669064	     -7.82604746	     -7.10643424	      9.48201122	     -4.66269713	    -10.02684538	      0.00000000	      2.20068851	     -9.08447929	     -7.38673641	      4.60130234	      3.11529353	      9.18043546	      0.00000000	     -0.65144061	      0.27608321	     -2.38515558	      0.63450814	    -13.95063893	     27.05713914	    101.42393343	     89.92977422	      0.50887244	    -13.94296304	     28.23616200	    103.50726653	     66.27427119
      5.11666670	     -2.20220915	     -0.02852305	      2.49097585	      1.05691160	      1.07929021	     -0.30125922	      3.65800479	     -7.23404993	     -6.50252898	      9.73405990	     -2.19980520	    -11.07872614	      0.00000000	      1.34396206	     -9.47201010	     -6.69253455	      4.66684829	      4.57059867	      8.73897474	      0.00000000	     -0.38638866	      1.02565927	     -2.43576639	     -0.12675448	    -14.43762354	     27.34021541	    101.32754714	     89.90839388	     -0.55826151	    -13.79211828	     28.39756484	    103.08481410	     66.27833419
      5.13333330	     -1.50353537	     -0.54206029	      2.63843164	      1.05918087	      1.08303052	     -0.30338374	      3.07180880	     -6.54105599	     -6.05940220	     10.20611297	      0.04027859	    -12.05006872	      0.00000000	      0.46561986	     -9.98664686	     -6.20707585	      4.85878975	      5.49906021	      8.05814302	      0.00000000	     -0.47723672	      1.95595324	     -2.77362433	     -0.66023250	    -14.85048180	     27.43068271	    100.98249511	     89.84923849	     -1.06453164	    -13.37816725	     28.25468957	    102.07627012	     66.28345390
      5.15000000	     -0.93332889	     -1.01727497	      2.68436312	      1.05825683	      1.08441694	     -0.30244634	      2.69519777	     -5.84752316	     -5.77685978	     10.69611298	      2.09241930	    -12.97631315	      0.00000000	     -0.21448043	    -10.54009004	     -5.74173217	      5.08428695	      6.28695508	      7.61919094	      0.00000000	     -0.54111240	      2.65680791	     -2.82404388	     -0.92661450	    -15.04813921	     27.47137380	    100.57308566	     89.80942501	     -1.38625305	    -13.13069983	     28.14301731	    101.28322090	     66.29882392
      5.16666670	     -0.23346992	     -1.33484895	      2.67325002	      1.05538362	      1.08964049	     -0.30536928	      2.14983978	     -5.39705315	     -5.53417687	     11.04036293	      3.01795008	    -13.37709358	      0.00000000	     -0.91919209	    -10.84202026	     -5.22934834	      5.28957782	      6.74445196	      6.76525413	      0.00000000	     -0.96145859	      3.20729165	     -2.75018687	     -0.77644200	    -15.27711008	     27.76698680	     99.89889605	     89.71575898	     -1.31726307	    -12.56522910	     28.04167980	     99.60262154	     66.39082460
      5.18333330	      0.11770505	     -1.45607114	      2.58282224	      1.05656542	      1.08989579	     -0.30514903	      1.85499730	     -5.17044052	     -5.29391012	     11.12136887	      3.65516842	    -13.56159149	      0.00000000	     -1.27043536	    -10.90016644	     -4.86131982	      5.45205816	      7.31474355	      6.39993197	      0.00000000	     -1.16602307	      3.41949581	     -2.63529246	     -0.51718784	    -15.47287122	     28.05246494	     99.51616030	     89.65714402	     -1.01044008	    -12.24336008	     28.05353867	     98.75355164	     66.47060705
      5.20000000	      0.42705558	     -1.54044196	      2.48739796	      1.05169891	      1.09047707	     -0.30532563	      1.50592002	     -5.09254995	     -4.46788756	     10.95865501	      4.61808717	    -13.35635011	      0.00000000	     -1.47474581	    -10.94819012	     -4.91989887	      5.50328199	      7.04406047	      5.48804674	      0.00000000	     -1.48327089	      3.59441044	     -2.24225630	      0.26614398	    -15.70005461	     28.66147289	     98.91138922	     89.54540856	     -0.28111504	    -11.87080294	     28.23577156	     97.59873770	     66.63128216
      5.21666670	      0.63516169	     -1.49365995	      2.29274338	      1.04690847	      1.09305895	     -0.30651140	      1.52118687	     -5.12471232	     -4.30427302	     10.92801614	      5.25532679	    -13.42101436	      0.00000000	     -1.40428155	    -10.81933350	     -4.50730146	      5.78753325	      7.12782878	      5.07306537	      0.00000000	     -1.97815413	      3.70552298	     -1.86561450	      1.50258152	    -15.94651223	     29.21138846	     98.13979127	     89.40003603	      0.71406000	    -11.48831449	     28.36323734	     96.45789062	     66.80858174
      5.23333330	      0.76638790	     -1.47229573	      2.24892726	      1.04296178	      1.09294436	     -0.30320095	      1.47715609	     -5.04617307	     -4.03572238	     10.61494016	      5.66216411	    -13.31167892	      0.00000000	     -1.15197696	    -10.74778584	     -4.17273266	      6.04569142	      7.13978276	      4.67967240	      0.00000000	     -2.53119041	      3.73887162	     -1.63523468	      3.03273348	    -15.97503676	     29.75764497	     97.33734832	     89.26007530	      2.15378166	    -11.19483351	     28.59586268	     95.33541777	     66.97146674
      5.25000000	      0.73786686	     -1.38941204	      2.04139261	      1.03650759	      1.09409046	     -0.30298740	      1.78400849	     -5.08403268	     -4.07594711	     10.43612677	      5.83043502	    -13.32397499	      0.00000000	     -0.67636304	    -10.69101305	     -4.23031873	      6.35504034	      6.87878977	      4.36698201	      0.00000000	     -3.25115191	      3.71961300	     -1.27765602	      4.91961993	    -15.92417010	     30.10912502	     96.26624783	     89.13180408	      3.88961256	    -10.76779858	     28.68338264	     94.18585450	     67.08405615
      5.26666670	      0.70063858	     -1.43891963	      2.03854226	      1.03177738	      1.09515530	     -0.30408758	      2.14124693	     -4.95273735	     -4.10244561	     10.30402400	      5.95586736	    -13.59568808	      0.00000000	     -0.04258050	    -10.73666413	     -4.04267789	      6.78019021	      6.59230404	      4.06432696	      0.00000000	     -4.09334624	      3.82236888	     -1.19096008	      6.85802758	    -15.75907869	     30.42916331	     95.01789150	     88.99436403	      5.80999661	    -10.27892008	     29.01332578	     92.85884429	     67.19959085
      5.28333330	      0.38047885	     -1.32597743	      1.98600727	      1.02141466	      1.09423985	     -0.30665477	      2.98328492	     -5.10913349	     -4.07607641	     10.30895163	      6.38688851	    -14.01609187	      0.00000000	      1.06393097	    -10.50574552	     -3.88744498	      7.36234369	      6.48983340	      3.86549615	      0.00000000	     -5.03214278	      3.76917218	     -1.06574667	      9.29312500	    -15.72221953	     30.71489190	     94.15865799	     88.84019691	      8.24483374	     -9.68722442	     29.31928769	     91.58944998	     67.31861878
      5.30000000	     -0.04543739	     -1.32912210	      1.97622808	      1.01606512	      1.08766519	     -0.30786326	      3.95668053	     -5.17676882	     -4.38966025	     10.42836112	      6.46211670	    -14.27480545	      0.00000000	      2.13348432	    -10.50861916	     -4.07291439	      7.66977294	      6.11416340	      3.76854516	      0.00000000	     -5.95729711	      3.87613160	     -0.95474757	     11.57201432	    -15.56463353	     30.47492679	     93.93502756	     88.76375936	     10.61632087	     -9.00480290	     29.11373975	     91.11244881	     67.33382184
      5.31666670	     -0.75705353	     -1.36195325	      1.93404389	      1.00571190	      1.09121698	     -0.30617376	      5.37885767	     -5.22826463	     -4.36115393	     10.61024134	      6.43719369	    -14.62635445	      0.00000000	      3.44069526	    -10.42223529	     -3.97670767	      7.74820137	      5.66866117	      3.78697248	      0.00000000	     -6.62389202	      3.98860827	     -0.69442303	     14.26172176	    -15.49063712	     30.79034919	     92.64377467	     88.63374144	     13.54969068	     -8.38612390	     29.55861874	     89.45833719	     67.37164201
      5.33333330	     -1.53298667	     -1.51532226	      1.92562634	      0.99312269	      1.09513711	     -0.30294348	      7.06434426	     -5.01173660	     -4.21184329	     10.94108525	      6.29980257	    -15.31195447	      0.00000000	      4.90406706	    -10.56460455	     -3.91256446	      7.81749378	      4.95884904	      3.76330530	      0.00000000	     -7.74699941	      4.19975833	     -0.40830734	     17.25012041	    -15.21972338	     30.86876218	     91.24534393	     88.46721214	     16.94356072	     -7.84198124	     29.76600367	     87.93251147	     67.35690484
      5.35000000	     -2.80882915	     -1.11480394	      2.07803926	      0.98547103	      1.09077768	     -0.30632190	      8.78303210	     -5.69917796	     -5.10303560	     10.86239582	      3.60775408	    -15.28339669	      0.00000000	      6.78296864	    -10.07800525	     -4.08682442	      7.59693723	      3.47788125	      3.95380633	      0.00000000	     -8.21951681	      3.83343024	     -0.41490130	     19.99177207	    -14.97241330	     30.75686975	     90.21348191	     88.28861363	     20.07760683	     -7.33798798	     29.76528930	     86.70491085	     67.28098510
      5.36666670	     -4.41878079	     -0.50599175	      1.99494126	      0.97151054	      1.07998145	     -0.31131535	     11.18437664	     -6.77535498	     -4.80609647	     11.10680908	      1.75643205	    -14.90046407	      0.00000000	      9.28099928	     -9.28515591	     -4.23123767	      7.83887671	      2.71319761	      3.57091849	      0.00000000	     -8.58201223	      3.38713412	     -0.18106124	     23.35150506	    -14.85607849	     30.67622311	     89.15202363	     88.06565154	     23.51608165	     -6.82613733	     29.41774882	     85.57079599	     67.11624394
      5.38333330	     -5.94826536	     -0.00302544	      2.03544315	      0.96823178	      1.08100839	     -0.31119111	     13.28105953	     -7.64519471	     -5.53406664	     10.93374867	     -0.73255883	    -14.49522138	      0.00000000	     11.53255498	     -8.60468348	     -4.35646566	      7.85068751	      1.78191740	      3.79218552	      0.00000000	     -9.18726178	      2.93983175	     -0.11093718	     26.63308701	    -14.37845088	     30.67263196	     87.51369867	     87.75895873	     26.73119142	     -6.51704913	     29.21131157	     84.27960985	     66.85426938
      5.40000000	     -7.46796681	      0.38371375	      2.11397807	      0.95611273	      1.08367230	     -0.30585020	     15.52712690	     -8.37710151	     -5.36155392	     11.08873979	     -2.54492055	    -13.70728171	      0.00000000	     13.97807061	     -8.04641239	     -4.47268260	      8.14178403	      1.10483823	      3.87894558	      0.00000000	    -10.21243033	      2.57637167	     -0.09892696	     30.07819520	    -13.99746074	     30.85987096	     85.95905195	     87.47383987	     30.27704243	     -6.23222772	     28.87974572	     82.62653053	     66.55304463
      5.41666670	     -8.92288524	      0.56401917	      2.19682129	      0.94700682	      1.07585821	     -0.30667404	     18.04390280	     -8.78953934	     -6.21608171	     11.51800753	     -4.51208800	    -13.62332035	      0.00000000	     16.48242832	     -7.79662489	     -4.48564073	      8.70786972	      0.74848782	      4.33463387	      0.00000000	    -11.50021200	      2.34297785	     -0.05154422	     33.60536546	    -13.95562432	     30.91644759	     85.26686983	     87.19002243	     33.74589774	     -6.11750416	     28.66223466	     81.81834090	     66.28349196
      5.43333330	    -10.53986513	      0.24065676	      1.92660846	      0.93076988	      1.06895306	     -0.30958769	     21.73118355	     -8.51479094	     -6.32563602	     12.96860985	     -4.30766447	    -14.27906568	      0.00000000	     19.59954608	     -8.09368731	     -4.61611845	      9.87080586	      0.80922298	      4.34723548	      0.00000000	    -13.06620352	      2.78339557	      0.36395113	     37.71816590	    -14.14057909	     31.03713821	     84.31944870	     86.79857760	     37.41207060	     -5.72669223	     28.57220181	     81.08146175	     65.95668662
      5.45000000	    -12.16657084	      0.27734537	      2.15327821	      0.91866417	      1.06476281	     -0.30655715	     25.09445126	     -8.89208347	     -7.09845817	     14.46858977	     -5.64482053	    -14.47196836	      0.00000000	     23.00300113	     -7.98531547	     -4.43925404	     11.37782183	      0.43457364	      4.22198279	      0.00000000	    -14.70269602	      2.65202744	      0.46894121	     42.01539411	    -14.06234736	     30.83619142	     83.98025253	     86.49205217	     41.55240687	     -5.27579906	     28.36323494	     80.27121854	     65.69707213
      5.46666670	    -14.16168453	      0.26850539	      2.14735137	      0.90403714	      1.05830767	     -0.30371037	     28.94901478	     -9.22438191	     -6.76064078	     16.07120211	     -6.43231892	    -14.44648864	      0.00000000	     26.86546475	     -8.11186690	     -4.63777086	     13.08737611	      0.07517349	      3.85013049	      0.00000000	    -15.86612392	      2.37743463	      0.65630149	     46.29156388	    -13.97977670	     30.82786511	     83.22379184	     86.09753631	     45.79509629	     -5.07186434	     28.18412789	     79.46344068	     65.30756420
      5.48333330	    -15.95080575	      0.26249638	      2.49436311	      0.89954088	      1.04783537	     -0.30296527	     32.32965894	     -9.70598900	     -6.64824812	     17.71304031	     -7.02323118	    -14.37727899	      0.00000000	     30.53242449	     -8.14607638	     -4.40515661	     14.85286668	      0.03496700	      3.79927965	      0.00000000	    -16.97289892	      2.12924015	      0.26570496	     49.69044671	    -13.71429395	     30.76365486	     83.67626965	     85.77404373	     49.35212139	     -5.54672353	     28.50973467	     79.78433938	     65.01418699
      5.50000000	    -17.83338277	      0.39599352	      2.65653407	      0.88995326	      1.03469107	     -0.30380057	     36.00277225	    -10.40228001	     -6.47543756	     19.68852725	     -7.21171430	    -14.10796496	      0.00000000	     34.42140930	     -8.17353283	     -4.61496435	     17.02421294	      0.27968884	      3.64594369	      0.00000000	    -18.05042015	      1.77922339	     -0.02499540	     53.69703359	    -14.03146435	     30.90261011	     84.76745237	     85.53202545	     53.10641077	     -5.91929187	     28.54824747	     80.49379120	     64.74115812
      5.51666670	    -19.66195620	      0.56908675	      2.40214859	      0.87899510	      1.02785244	     -0.30272026	     40.11145373	    -10.88534786	     -6.93053413	     22.11954764	     -7.80317108	    -14.24292023	      0.00000000	     38.16690365	     -8.44224722	     -4.54397824	     19.12950125	      0.57229876	      3.57005870	      0.00000000	    -19.28729513	      1.20607107	      0.18583215	     57.96736233	    -14.04040432	     30.93881558	     84.26205337	     85.33413338	     57.09502611	     -5.90491911	     28.72098269	     80.95601970	     64.47781916
      5.53333330	    -21.56948320	      0.70072014	      2.39934980	      0.86425507	      1.01776632	     -0.29753517	     44.44811589	    -11.36828227	     -7.23956208	     24.78489740	     -8.14877288	    -14.27544319	      0.00000000	     42.40664028	     -8.68489303	     -4.74216167	     21.82219764	      0.93012592	      2.89222931	      0.00000000	    -20.48429926	      0.59537235	      0.03862080	     62.07249443	    -13.72243042	     30.85543320	     84.54903278	     85.16510412	     61.12505257	     -6.53483540	     28.84701400	     81.19574819	     64.20762685
      5.55000000	    -23.41292384	      0.72421650	      2.45187926	      0.85821959	      1.00896966	     -0.30017220	     48.57439741	    -11.81568066	     -7.38162322	     27.52194975	     -7.91979371	    -14.41308085	      0.00000000	     46.52849250	     -8.86311268	     -4.45838018	     24.63843145	      1.47103175	      2.45254732	      0.00000000	    -21.52951363	      0.27654857	     -0.16277402	     65.85207845	    -13.58545837	     30.82593699	     85.08106290	     85.05509032	     65.10572761	     -6.80342313	     29.27641083	     81.71428532	     63.99609559
      5.56666670	    -25.01475865	      0.79668134	      2.90737036	      0.85387414	      0.99987758	     -0.30123644	     51.68238327	    -12.60832819	     -6.07206276	     29.67225883	     -6.34611542	    -12.68259818	      0.00000000	     50.45464274	     -8.70207256	     -3.77853732	     27.68276302	      2.27851415	      2.20964099	      0.00000000	    -22.43955820	     -0.01385434	     -0.69365555	     69.41625982	    -13.64494226	     31.10402190	     84.78944863	     85.00953724	     68.78622012	     -6.82253398	     29.74180550	     81.07649617	     63.77489945
      5.58333330	    -26.16730653	      0.78127025	      2.93374445	      0.84570839	      0.99026697	     -0.30220767	     54.74591887	    -13.05422671	     -5.71682349	     32.15841012	     -5.27739083	    -11.76541316	      0.00000000	     53.82710750	     -8.79543123	     -3.47277040	     30.60309810	      2.98421134	      2.16861509	      0.00000000	    -23.90446102	     -0.18504389	     -0.81508118	     73.09009115	    -13.59579913	     30.87273394	     84.54036810	     84.95895744	     72.33075526	     -6.54567321	     29.55258277	     80.29918853	     63.54984038
      5.60000000	    -27.54649373	      0.81389219	      2.90624960	      0.83480119	      0.97089351	     -0.29978185	     58.48103233	    -13.44343663	     -4.95262897	     35.29271147	     -3.60101813	    -10.69659655	      0.00000000	     57.80074695	     -9.04986012	     -3.50455613	     34.10884339	      4.25499383	      1.97645440	      0.00000000	    -24.83003226	     -0.51529145	     -0.78721372	     76.22947411	    -13.33796516	     30.71843168	     84.88678255	     84.93002909	     75.34099624	     -6.36170514	     29.68257457	     80.56449085	     63.42483425
      5.61666670	    -28.96830610	      0.83210414	      2.95476254	      0.82543796	      0.95830010	     -0.29662995	     62.27929789	    -13.68714226	     -4.12941450	     38.32683418	     -1.96903147	    -10.13992593	      0.00000000	     61.88258300	     -9.33403872	     -2.97913852	     37.67639076	      5.45026047	      2.06756554	      0.00000000	    -25.92470534	     -0.86612089	     -1.02412691	     79.79980587	    -12.60537767	     30.64769587	     85.37256893	     84.93175349	     78.78086891	     -6.64150460	     29.12662726	     79.55281341	     63.27413480
      5.63333330	    -30.39167673	      0.78680607	      2.96428553	      0.82120450	      0.94637502	     -0.29703301	     65.92537613	    -13.91863476	     -3.46348506	     41.28360043	     -0.13873494	     -8.92252806	      0.00000000	     65.76829399	     -9.80777776	     -2.86763848	     40.92588272	      6.30098222	      2.63176023	      0.00000000	    -26.54311869	     -1.04617186	     -0.79623597	     82.72361581	    -12.63353288	     30.52244516	     85.74000680	     84.91772139	     81.63441463	     -6.48666951	     29.20422488	     79.88783882	     63.17735482
      5.65000000	    -31.36119174	      0.61078922	      3.07033587	      0.81972731	      0.93987504	     -0.29613545	     68.43066142	    -13.98993608	     -3.09106534	     43.58074432	      1.48189469	     -7.98462908	      0.00000000	     68.59685971	    -10.20484894	     -2.86167358	     43.47385001	      6.80646747	      2.64399880	      0.00000000	    -27.66956381	     -1.10980238	     -0.80377031	     85.06893413	    -12.32281874	     30.16364657	     86.38601122	     84.93863527	     84.11787787	     -6.01473727	     29.27380081	     79.98608824	     63.10648020
      5.66666670	    -32.18522873	      0.46896345	      3.28834897	      0.81669973	      0.93224055	     -0.29744697	     70.29781527	    -14.17254966	     -2.80907280	     45.15282256	      2.10301708	     -7.95776051	      0.00000000	     70.74486199	    -10.39872503	     -3.06824735	     45.36960505	      7.12786521	      2.65154436	      0.00000000	    -29.08624646	     -1.04633050	     -0.78660359	     87.39500138	    -12.02997468	     29.49084323	     86.39523542	     84.92803401	     86.63082677	     -5.59294324	     28.58890393	     79.95692327	     63.07096432
      5.68333330	    -32.66760429	      0.33437374	      3.37962033	      0.81450657	      0.91637672	     -0.29755749	     72.32730509	    -14.43802637	     -2.78296692	     47.46136143	      3.03463356	     -7.88958028	      0.00000000	     72.83913296	    -10.83523998	     -3.45065301	     47.77331893	      7.80146084	      2.47165893	      0.00000000	    -30.54677467	     -1.06152682	     -0.89625349	     89.55688906	    -11.64225121	     29.03568790	     86.72589981	     84.94841886	     88.84807962	     -5.10854428	     28.16743914	     80.16932464	     63.06937759
      5.70000000	    -33.33067560	      0.62209800	      3.55305271	      0.81110524	      0.90224374	     -0.30357279	     74.77728800	    -15.23330887	     -2.12931085	     50.00220440	      5.06840523	     -6.15540197	      0.00000000	     75.10463843	    -10.90104969	     -4.17718021	     50.42296702	      9.06748151	      2.90500934	      0.00000000	    -31.86005678	     -1.16654692	     -0.96278966	     92.17899244	    -12.41348095	     29.48875901	     87.54285463	     85.15740118	     90.99900028	     -4.64714006	     27.90887208	     80.59555145	     63.16664675
      5.71666670	    -33.72382403	      0.61161673	      3.88896376	      0.80320856	      0.88594233	     -0.30184503	     77.15903273	    -15.94751157	     -1.52751453	     52.84286724	      6.55164241	     -5.17941122	      0.00000000	     77.66091745	    -10.92441767	     -4.29207072	     53.23042189	      9.91469214	      2.70471830	      0.00000000	    -33.17608358	     -1.07624363	     -0.98594314	     94.87295218	    -13.43951184	     29.71046413	     88.13475559	     85.32876409	     93.30936389	     -4.09260785	     27.65644930	     81.14515489	     63.30955356
      5.73333330	    -34.11990410	      0.54852281	      4.08790067	      0.79202382	      0.87380182	     -0.30069812	     79.74755168	    -16.22496673	     -0.62919859	     55.54840832	      7.72707036	     -5.35289596	      0.00000000	     80.50078827	    -11.00534409	     -3.98858104	     56.34628324	     10.81624985	      2.26728518	      0.00000000	    -34.60053222	     -0.92175195	     -1.12877349	     97.47838272	    -13.27674394	     29.13472422	     88.21109069	     85.34223218	     95.90107415	     -3.89168742	     26.85554976	     80.95215838	     63.30843613
      5.75000000	    -34.42614813	      1.04774503	      4.15418167	      0.78735485	      0.85921633	     -0.30680291	     82.18726906	    -16.68824050	      0.77051083	     58.03492730	      9.61658582	     -3.65546921	      0.00000000	     82.99463128	    -10.81284796	     -4.12790477	     59.33862520	     11.31450844	      1.40775141	      0.00000000	    -35.86588952	     -1.11952412	     -1.23783427	    100.67416750	    -13.66594224	     30.55574781	     88.22062386	     85.57758125	     98.41829671	     -3.38100921	     26.26789109	     80.35416626	     63.44604300
      5.76666670	    -34.46991307	      1.23920894	      3.97664785	      0.78607386	      0.84286055	     -0.30937147	     84.32988320	    -16.82782869	      1.80462728	     60.64747803	     11.21661306	     -2.72274414	      0.00000000	     85.37717473	    -10.77759537	     -3.60471807	     62.61868767	     12.16846322	      0.52745169	      0.00000000	    -37.22486728	     -1.02104889	     -1.03918950	    103.58946458	    -14.29750838	     31.38189724	     87.89312630	     85.75022157	    100.53906320	     -2.99280762	     25.75679529	     79.96849803	     63.65028804
      5.78333330	    -34.60398154	      1.41651192	      3.76907119	      0.78182101	      0.83116573	     -0.30708072	     86.44786811	    -16.69741028	      2.76431884	     63.19892273	     11.91139815	     -2.63702043	      0.00000000	     87.63749545	    -10.73527418	     -2.98932496	     65.68012369	     12.62146898	     -0.26877429	      0.00000000	    -38.36685376	     -1.04568586	     -0.82816934	    105.53545717	    -13.76087152	     31.33746478	     87.73628669	     85.78760145	    102.29194700	     -2.59349510	     25.02766103	     79.87294191	     63.69405588
      5.80000000	    -34.51368346	      1.59390559	      3.75675324	      0.77579537	      0.82439464	     -0.30036504	     88.13337967	    -16.25808817	      3.84512968	     65.46197129	     12.42476201	     -3.00901195	      0.00000000	     89.05934614	    -10.64305832	     -2.50769730	     67.53991892	     12.57369890	     -1.16585769	      0.00000000	    -39.79160437	     -1.19037173	     -0.94988279	    107.79900370	    -13.52215252	     31.92518421	     87.31349517	     85.86893332	    104.28023358	     -2.03187251	     24.15806135	     79.05260516	     63.81976357
      5.81666670	    -34.30434721	      1.65299446	      3.66589179	      0.77002674	      0.81242341	     -0.30333741	     89.84550926	    -15.89757739	      4.49148775	     67.64257443	     12.45661333	     -3.61987629	      0.00000000	     90.51181076	    -10.53967986	     -1.97728547	     69.42818380	     12.53312298	     -2.07649911	      0.00000000	    -41.25423092	     -1.09036873	     -0.87463749	    109.89252500	    -12.79447475	     32.08219963	     86.24215256	     85.86065894	    106.15257127	     -1.57084566	     23.89346701	     78.51940912	     63.91409868
      5.83333330	    -34.25029161	      1.64492136	      3.54264093	      0.77508773	      0.79641434	     -0.30529485	     92.00895550	    -15.52139356	      4.90439103	     70.54993431	     12.83293382	     -4.25662197	      0.00000000	     91.97296112	    -10.35424447	     -1.13212761	     71.46173573	     13.13974530	     -2.50195821	      0.00000000	    -42.19068490	     -0.98273356	     -0.86946122	    111.06945221	    -12.31430544	     31.77086341	     86.27349685	     85.83577941	    107.31616222	     -1.39719398	     23.61795230	     78.67419468	     63.92987516
      5.85000000	    -34.45489794	      1.60543693	      3.50304214	      0.76544983	      0.78643220	     -0.30510558	     93.50928164	    -15.33140592	      5.50412216	     72.16182179	     13.25656444	     -4.45067358	      0.00000000	     93.83119468	    -10.23983113	     -0.49719661	     73.38399184	     13.36036434	     -2.72249876	      0.00000000	    -42.89457294	     -0.86824148	     -1.06633887	    112.22702268	    -11.99473958	     31.46896636	     86.07543607	     85.80680753	    108.75998417	     -1.44641756	     23.23202878	     78.53968824	     63.92844370
      5.86666670	    -34.53158705	      1.60111935	      3.34873262	      0.76632108	      0.77786267	     -0.30896966	     94.56497617	    -15.17910670	      6.12838645	     73.36324229	     13.78525727	     -4.42549818	      0.00000000	     95.16775291	    -10.12643140	      0.00852530	     74.96730242	     13.47596639	     -2.83506192	      0.00000000	    -43.37185049	     -0.67489816	     -1.02385330	    113.12007037	    -11.70161984	     31.24169700	     85.79935171	     85.77459282	    109.87948933	     -1.59856218	     22.97122249	     78.30072490	     63.92902133
      5.88333330	    -34.42698491	      1.52467220	      3.30136996	      0.76389377	      0.76976070	     -0.30896898	     95.03490313	    -15.35356263	      6.30985467	     74.18924396	     14.87422411	     -3.22332776	      0.00000000	     96.23768712	    -10.05737244	      0.41491185	     76.41818814	     13.46541810	     -3.01456615	      0.00000000	    -43.86485703	     -0.30747860	     -1.00515315	    113.76197119	    -10.94048117	     31.44643957	     85.12788545	     85.69687567	    110.62443838	     -1.79736763	     23.20945007	     78.25656170	     63.99676459
      5.90000000	    -34.32379760	      1.51306098	      3.04871680	      0.76370280	      0.76271662	     -0.30995894	     95.69872509	    -15.27191824	      6.50379812	     75.11388787	     15.24141421	     -3.13537777	      0.00000000	     97.06937241	    -10.20673333	      0.76895048	     77.68716160	     13.53710185	     -3.27710905	      0.00000000	    -44.19446643	     -0.30283817	     -0.90430449	    114.01292346	    -10.71701493	     31.41057907	     84.96129056	     85.67323782	    111.15497122	     -1.71156931	     23.32670066	     78.42349950	     64.02040455
      5.91666670	    -34.26965729	      1.31784139	      2.94482407	      0.76518010	      0.76180732	     -0.30950619	     95.95070103	    -15.50095580	      6.19484781	     75.81221820	     15.94005645	     -2.08500962	      0.00000000	     97.69032828	    -10.41762635	      1.04646480	     78.56574371	     13.18546427	     -3.65051641	      0.00000000	    -44.50655172	     -0.09917516	     -0.70474250	    114.08216153	    -10.58233082	     31.28538994	     84.15203517	     85.60515945	    111.45136007	     -2.05105081	     24.11340649	     78.55193962	     64.11083570
      5.93333330	    -33.94262394	      1.36847327	      3.02498196	      0.76164829	      0.75903022	     -0.31521155	     96.23792171	    -16.14628947	      6.10142702	     76.51921961	     16.16670675	     -1.30181375	      0.00000000	     97.81606023	    -10.15067014	      0.98876954	     79.06110891	     13.10686246	     -3.87198888	      0.00000000	    -45.05155701	      0.13201133	     -0.75396511	    114.58832327	    -10.66813979	     31.25966970	     83.21151447	     85.51689440	    111.97950062	     -1.88747088	     24.63677984	     78.26723852	     64.17972832
      5.95000000	    -33.78342109	      1.42789452	      3.15860666	      0.76536295	      0.75655213	     -0.31524582	     96.59854709	    -16.84815731	      5.84338709	     77.28898802	     16.42895117	     -0.64096081	      0.00000000	     97.79272045	     -9.92164319	      0.95014900	     79.32278289	     12.94959333	     -4.43879155	      0.00000000	    -45.36359899	      0.31425356	     -0.59673382	    115.01484935	    -11.11563386	     31.40106268	     82.84217447	     85.42197827	    112.33961608	     -1.99302587	     25.42879239	     78.70181098	     64.29632103
      5.96666670	    -33.79021222	      1.52621484	      3.23837744	      0.76179735	      0.75703872	     -0.31044993	     96.66256670	    -17.04476047	      5.86463839	     77.34664349	     16.73868726	     -0.05340333	      0.00000000	     97.77584570	     -9.95404058	      0.75897494	     79.31626973	     12.88198014	     -4.66183668	      0.00000000	    -45.42849979	      0.21786273	     -0.60775707	    115.32613026	    -11.43591020	     31.69627869	     82.56820257	     85.30457642	    112.78144104	     -2.18521315	     26.39005647	     78.94955048	     64.42735230
      5.98333330	    -33.85142127	      1.72440179	      3.25943316	      0.75895996	      0.75756484	     -0.31785459	     96.73543948	    -17.32673223	      6.05880818	     76.99516928	     16.78850922	      0.34846848	      0.00000000	     97.74868661	     -9.77079174	      0.52180681	     79.10423577	     12.85469557	     -4.62392429	      0.00000000	    -45.34106972	      0.33130514	     -0.41925892	    115.79949742	    -11.87393997	     31.65477378	     82.16018874	     85.24771630	    113.10501313	     -1.89103666	     26.98839239	     79.09226806	     64.49723976
      6.00000000	    -33.74488604	      1.95245250	      3.40820951	      0.75945356	      0.76013093	     -0.31466123	     96.48000168	    -17.37431045	      6.27388242	     76.57577834	     16.57996632	      0.07639671	      0.00000000	     97.26421501	     -9.62770088	      0.16710856	     78.64460031	     12.51690715	     -4.98693391	      0.00000000	    -45.48005024	      0.10100045	     -0.49508187	    116.54471044	    -12.89939836	     32.50485688	     82.69673180	     85.10383084	    113.93242756	     -1.48964409	     28.54193672	     79.02945917	     64.74300573
      6.01666670	    -33.60848852	      2.26964428	      3.59003175	      0.75705621	      0.76853108	     -0.31889207	     95.78452931	    -17.56262407	      6.49416282	     75.51298123	     16.05341707	     -0.53263364	      0.00000000	     96.40950717	     -9.30515259	     -0.38221222	     77.64110727	     11.90630865	     -5.23831991	      0.00000000	    -45.47366262	     -0.11171457	     -0.64780430	    116.81876016	    -13.59174022	     32.93805630	     82.86306869	     84.83268121	    114.43313198	     -0.53011267	     28.77364972	     77.90473960	     64.93501449
      6.03333330	    -33.56391667	      2.38453202	      4.08442652	      0.76468025	      0.77491998	     -0.31228615	     94.83711485	    -17.73243481	      6.45293662	     74.59900211	     16.02599124	     -1.27892070	      0.00000000	     95.36508088	     -9.19769788	     -0.96321092	     76.43360988	     11.43242541	     -4.94591075	      0.00000000	    -45.06607103	     -0.00408458	     -0.79822367	    116.40106818	    -14.13158128	     33.02702995	     82.98111463	     84.79079470	    113.80296120	     -0.21415174	     29.05529219	     78.11957857	     65.00100998
      6.05000000	    -33.70551839	      2.62793083	      4.23427325	      0.76249774	      0.78610926	     -0.31132402	     93.78984398	    -17.48422269	      6.50421176	     73.05588714	     14.74448606	     -3.36482907	      0.00000000	     94.07547763	     -9.27731060	     -1.64602100	     74.66371664	     11.06386986	     -4.84588922	      0.00000000	    -44.72279092	     -0.50132981	     -0.96201605	    115.71045247	    -14.09640232	     32.79079225	     83.39067766	     84.56786610	    113.66709177	      0.07326792	     29.49930088	     77.66447784	     65.23251919
      6.06666670	    -33.45044711	      2.75450588	      4.15761031	      0.76904716	      0.79699460	     -0.31570024	     92.25878417	    -17.30677330	      6.33607977	     71.54802345	     13.82478871	     -4.21690052	      0.00000000	     92.14680566	     -9.46458744	     -2.40304239	     72.63909680	     10.83761686	     -4.55163733	      0.00000000	    -44.54758900	     -0.78458496	     -1.14265730	    114.64052377	    -14.95527386	     32.66148675	     84.64973575	     84.44781056	    112.63677727	     -0.04015098	     30.02620690	     78.25771985	     65.55587608
      6.08333330	    -33.24280888	      2.84983398	      4.20839450	      0.76797029	      0.81030272	     -0.30593912	     90.72984990	    -16.88636389	      5.91630581	     69.87220146	     12.48363381	     -6.18120107	      0.00000000	     89.87003310	     -9.79542240	     -3.08664038	     69.86896261	     10.48164336	     -3.51733579	      0.00000000	    -44.29957353	     -1.30604063	     -1.27021548	    113.77653151	    -14.73675448	     33.08690421	     85.22329707	     84.34262242	    111.74120911	     -0.22933776	     30.35857668	     78.33354943	     65.83573690
      6.10000000	    -32.90518217	      2.92367743	      4.00606292	      0.77875964	      0.82497291	     -0.30678815	     88.60127254	    -16.36749392	      5.31162189	     67.70991492	     10.60402632	     -8.09837115	      0.00000000	     87.25876548	    -10.32162123	     -4.10439169	     67.13351267	      9.86702953	     -2.70551313	      0.00000000	    -44.12114681	     -1.72399882	     -1.21049715	    111.19381554	    -15.63279045	     32.38186584	     86.59138013	     84.29129909	    110.08094192	     -1.15193785	     31.09114495	     79.66208041	     66.22356189
      6.11666670	    -32.53201052	      2.95225135	      3.83230394	      0.77974122	      0.83769892	     -0.30998647	     86.26928931	    -16.00947686	      5.05336618	     65.46718998	      9.93228749	     -8.78080734	      0.00000000	     84.87180482	    -10.63756515	     -5.03079285	     64.73157997	      9.66208195	     -2.03294351	      0.00000000	    -43.68146825	     -1.92686421	     -1.13094066	    108.89722933	    -16.28251334	     31.84867643	     90.06749556	     84.35294424	    108.10723186	     -1.85003531	     31.21795775	     81.34715699	     66.65665937
      6.13333330	    -31.97012537	      2.92296134	      3.25213213	      0.77981023	      0.84687330	     -0.30715331	     84.46821805	    -15.22269968	      4.53597402	     63.55413643	      8.30451667	    -10.42995602	      0.00000000	     82.75272019	    -11.22279186	     -5.63735409	     62.76171970	      9.38100690	     -1.87064108	      0.00000000	    -43.24104740	     -2.40726122	     -0.66610578	    106.84269638	    -17.05503626	     31.41218994	     90.29691569	     84.43746460	    106.50042903	     -2.33301856	     31.39723544	     81.68522729	     67.01642154
      6.15000000	    -31.72428176	      2.80765296	      3.19675924	      0.78223613	      0.86411356	     -0.30034620	     82.13500314	    -14.54567600	      4.53728014	     61.06875925	      7.57609934	    -11.39541881	      0.00000000	     80.77203738	    -11.46924808	     -6.20088543	     60.37529702	      8.57695077	     -1.42657221	      0.00000000	    -42.53169658	     -2.75048732	     -0.45985940	    103.76031816	    -17.15378369	     30.74002778	     91.21731191	     84.57764688	    104.76211070	     -2.69325350	     31.89701870	     81.94163517	     67.45851964
      6.16666670	    -30.86155148	      2.84831651	      3.08294060	      0.78584663	      0.87767208	     -0.29776441	     79.51814082	    -13.73625216	      4.73858486	     58.65837381	      6.39159507	    -13.06765589	      0.00000000	     78.15127939	    -11.69284412	     -6.83735901	     58.11311906	      8.30736637	     -0.30861390	      0.00000000	    -42.00710315	     -3.41405238	     -0.90657851	    100.78180421	    -15.82140956	     30.61219512	     90.83819159	     84.68111366	    103.39698952	     -3.59461898	     33.34595986	     82.28112237	     67.85660404
      6.18333330	    -30.10500842	      2.52541498	      3.21210912	      0.79065636	      0.89299119	     -0.29596859	     76.42165327	    -13.05638278	      4.69403241	     55.78960600	      5.40391077	    -14.30658401	      0.00000000	     75.69299585	    -11.81515799	     -7.09389034	     55.81602585	      7.43357345	      0.30648285	      0.00000000	    -41.34848494	     -3.53373764	     -1.00531525	     97.43726062	    -15.02178244	     29.53205295	     91.04082952	     84.79155253	    100.87649413	     -3.97779686	     34.28278963	     82.98032579	     68.21186358
      6.20000000	    -29.22473604	      2.38568941	      3.29864529	      0.79585551	      0.90734252	     -0.30136950	     73.14037534	    -12.81969921	      4.68218232	     52.72688925	      5.01671850	    -14.20637092	      0.00000000	     73.09875598	    -11.66541724	     -7.73475670	     53.66197296	      6.73400020	      0.65014435	      0.00000000	    -40.48616500	     -3.59096862	     -1.00609439	     94.61334570	    -15.12415101	     30.37988803	     91.25714680	     84.87555902	     97.79669035	     -3.89363961	     35.13564225	     83.16818441	     68.30305956
      6.21666670	    -27.63915963	      2.08668851	      3.52123915	      0.80261858	      0.92567736	     -0.29933272	     68.74592285	    -12.54915071	      4.46628938	     49.43124515	      4.16597403	    -14.80030266	      0.00000000	     69.42535085	    -11.33607571	     -7.87502028	     50.69783368	      6.06686532	      1.33394519	      0.00000000	    -40.60627289	     -3.34393280	     -0.90947451	     90.43279336	    -15.80921544	     28.06450108	     92.75041249	     85.03141263	     94.69101640	     -3.74926512	     34.59439150	     84.09489984	     68.56294007
      6.23333330	    -26.41857219	      1.97623868	      3.44209709	      0.80608916	      0.93521437	     -0.30425196	     65.46088800	    -12.38274350	      4.47323513	     46.84677209	      3.60869257	    -15.04481285	      0.00000000	     66.46602339	    -10.94913138	     -7.96379140	     48.36021049	      5.43774990	      1.33164821	      0.00000000	    -39.93300501	     -3.20973509	     -0.66543543	     86.19260553	    -15.96659112	     27.23917742	     94.15042761	     85.28320562	     91.66845249	     -3.84791249	     34.62400423	     84.43503403	     68.78947800
      6.25000000	    -25.17516048	      1.65582701	      3.21387945	      0.81703571	      0.94559195	     -0.30145656	     61.95739526	    -12.01371089	      3.90678929	     44.13289220	      3.24470653	    -14.72052123	      0.00000000	     63.56090284	    -10.97837041	     -7.56747803	     46.26969448	      4.75131258	      1.50412632	      0.00000000	    -38.93814402	     -3.19461792	     -0.15895977	     81.65086493	    -15.88076025	     26.00193788	     95.99097727	     85.52704360	     88.38572760	     -4.26317596	     35.11933077	     85.75796952	     69.09207802
      6.26666670	    -24.07162840	      1.54519250	      2.84287600	      0.82900090	      0.95471688	     -0.30306673	     58.90632976	    -11.71855729	      3.51953938	     41.96201239	      2.71804979	    -14.69885561	      0.00000000	     60.72783128	    -11.01364297	     -7.49560681	     44.59427966	      4.48085868	      1.39506023	      0.00000000	    -37.61365704	     -3.21638246	      0.62812907	     76.63868772	    -15.69793905	     24.80676338	     96.92688256	     85.98536971	     84.63965345	     -4.94190939	     35.60888933	     87.20685123	     69.48960484
      6.28333330	    -22.79461689	      1.24429578	      2.23468038	      0.84283811	      0.96233843	     -0.30476046	     56.32891073	    -10.94856802	      3.46002228	     41.13732566	      2.31025165	    -15.51426910	      0.00000000	     57.81805233	    -11.47636657	     -7.47109886	     43.29367364	      4.59080753	      1.70443890	      0.00000000	    -35.99294900	     -3.07928641	      1.45681201	     71.38768415	    -15.82238957	     23.79610699	     98.22857708	     86.42070316	     80.19300700	     -5.35074040	     35.70555751	     89.01608647	     69.83205812
      6.30000000	    -21.87864310	      1.27336575	      2.15286771	      0.84831396	      0.97687056	     -0.30117668	     53.26225513	    -10.95296467	      2.96845518	     38.65206027	      1.13694541	    -15.79809790	      0.00000000	     54.91699700	    -11.42950936	     -7.90751615	     41.20305742	      4.23764906	      2.36089419	      0.00000000	    -34.12443929	     -3.22814813	      1.92914240	     65.92221713	    -15.42265543	     22.75302804	     98.92261500	     86.98176660	     75.80814118	     -5.88346344	     36.04046047	     89.94040126	     70.24600566
      6.31666670	    -20.55163724	      1.33145590	      2.02998956	      0.85629497	      0.99294100	     -0.30495394	     49.42626785	    -11.12060535	      2.27743524	     35.50808978	      0.54617982	    -14.70571354	      0.00000000	     51.38776161	    -11.06931657	     -8.30235779	     38.57619809	      3.73341592	      2.97548273	      0.00000000	    -32.60786793	     -3.35875954	      2.31262211	     61.07378281	    -15.27996273	     21.63000521	     97.78554995	     87.26508533	     71.55905553	     -6.26961844	     36.48566412	     90.25117396	     70.49324303
      6.33333330	    -19.47538425	      1.37614829	      1.88031632	      0.86360259	      1.00140186	     -0.30013142	     46.47071837	    -11.06809374	      0.82656282	     32.99983915	     -0.89712090	    -14.69150186	      0.00000000	     48.23551645	    -11.01566635	     -8.90454552	     35.97097051	      3.03453017	      3.86676273	      0.00000000	    -31.11633920	     -3.58458448	      2.79836143	     56.62686789	    -14.85627194	     20.85860949	     98.37925916	     87.58438870	     67.97676694	     -6.56468401	     36.66472096	     90.43108610	     70.72225422
      6.35000000	    -18.32614317	      1.45186473	      1.52520066	      0.87107883	      1.01163159	     -0.30376220	     43.58051917	    -11.09710816	     -0.37088647	     30.72163149	     -2.01342233	    -13.74714632	      0.00000000	     45.15896929	    -10.89190407	     -9.48345438	     33.72858149	      2.64744813	      3.95435831	      0.00000000	    -29.54902577	     -3.66166512	      3.36644266	     52.42243661	    -14.46241241	     20.02227891	     97.95966226	     87.89183109	     64.75724850	     -6.78909907	     37.29664783	     90.42009786	     70.94922364
      6.36666670	    -17.24032470	      1.26935276	      1.81742008	      0.88160914	      1.02073929	     -0.29909360	     40.18474804	    -10.97561016	     -1.02820079	     28.05359809	     -2.27112155	    -12.85419944	      0.00000000	     42.46021587	    -10.78951792	     -9.50140965	     31.71398301	      2.01983435	      4.78040654	      0.00000000	    -27.83993323	     -3.36514282	      3.68029417	     48.30338116	    -13.90751233	     19.15625961	     98.09237695	     88.08344188	     61.11382550	     -6.99318219	     37.48305014	     90.45157727	     71.07085896
      6.38333330	    -15.94444655	      1.24811054	      1.71013409	      0.89494066	      1.02992035	     -0.29793990	     36.88658003	    -10.76432102	     -2.26382182	     25.74895478	     -2.64823343	    -12.35554240	      0.00000000	     39.23185169	    -10.82358834	     -9.80583024	     29.57235092	      1.66302846	      6.14432235	      0.00000000	    -26.15961368	     -3.43433506	      4.27634577	     44.57175749	    -13.30260934	     18.40628686	     97.46943548	     88.28413036	     57.13335053	     -7.37432036	     37.39725695	     90.37719674	     71.16911979
      6.40000000	    -14.68026328	      1.21070149	      1.28684149	      0.91223423	      1.03899868	     -0.30288465	     33.50850839	    -10.50552749	     -3.14948970	     23.38868396	     -3.20313526	    -11.69072535	      0.00000000	     35.66460183	    -10.80326751	    -10.59337068	     27.10548570	      1.38714091	      7.04399491	      0.00000000	    -24.25626440	     -3.37825997	      4.44078017	     39.83318371	    -12.27445022	     18.56047834	     97.71325609	     88.59078255	     52.78899931	     -8.51553100	     37.53216756	     90.63714398	     71.25179636
      6.41666670	    -13.58469719	      1.15138656	      1.37450034	      0.91994190	      1.05315954	     -0.29846775	     30.03735554	    -10.26198499	     -3.84040667	     20.70451016	     -3.70330821	    -10.84505493	      0.00000000	     32.33515862	    -10.61121146	    -10.19360419	     24.51981772	      0.78150568	      8.00797893	      0.00000000	    -22.49077163	     -3.23586651	      4.65577470	     35.76746973	    -11.43486250	     18.32217555	     97.32891963	     88.82832207	     48.68687586	     -9.21364722	     37.24502187	     90.42975581	     71.25139968
      6.43333330	    -12.52783298	      1.00743232	      1.42185048	      0.92857306	      1.05494809	     -0.30013010	     27.19045103	     -9.98671843	     -5.18956647	     18.46303075	     -4.66813863	    -10.60376214	      0.00000000	     29.31116415	    -10.47485765	    -10.38085537	     22.11700877	      0.38596544	      8.46415735	      0.00000000	    -20.76972969	     -3.01607956	      4.62790469	     32.00715993	    -10.97154696	     18.18166392	     97.63434988	     89.04032448	     44.82159797	     -9.94769741	     37.21194326	     91.02361113	     71.25444256
      6.45000000	    -11.93811201	      0.73110589	      1.52749979	      0.93526143	      1.06053602	     -0.29512242	     24.98067459	     -9.41571337	     -5.61889522	     16.53372045	     -5.26365353	    -10.18503895	      0.00000000	     27.04556500	    -10.51028440	     -9.97512675	     19.97847951	     -0.05744514	      8.62372451	      0.00000000	    -18.82006817	     -2.87075644	      4.69346338	     28.61306289	    -10.46756768	     18.54530968	     97.84703783	     89.15697453	     41.69763961	    -10.62734587	     37.81462166	     91.73821602	     71.27290870
      6.46666670	    -11.39999292	      0.47140452	      1.65467531	      0.93902821	      1.06401756	     -0.29148989	     23.18433275	     -8.81779659	     -5.88058791	     14.79155286	     -5.97047988	     -9.77005542	      0.00000000	     25.11877429	    -10.61473635	     -9.63133937	     18.01426834	     -0.33876039	      8.80666919	      0.00000000	    -17.15697838	     -2.83025622	      4.41949229	     25.38101507	     -9.55562393	     18.27966318	     97.87646126	     89.21104616	     39.21561426	    -11.47392561	     37.72592229	     92.18339435	     71.20379890
      6.48333330	    -10.70018178	      0.33824154	      1.39900124	      0.95017865	      1.06283683	     -0.29488571	     21.41699767	     -8.40683484	     -6.74116774	     13.49438959	     -6.73724405	     -9.73511709	      0.00000000	     22.86553265	    -10.64140635	     -9.58060583	     16.13663738	     -0.25178966	      9.13913803	      0.00000000	    -15.41413135	     -2.74170240	      4.34500731	     22.36605282	     -8.72008954	     18.07990082	     98.40297437	     89.30509252	     36.08039798	    -12.33084959	     36.99351769	     92.88252802	     71.00473469
      6.50000000	    -10.10800083	      0.20096171	      1.22663805	      0.96565907	      1.07180516	     -0.29707716	     19.37850293	     -8.01832938	     -7.33349324	     11.96258261	     -7.36916716	     -9.54913357	      0.00000000	     20.42283391	    -10.55993883	     -9.56989825	     13.94064704	     -0.46504024	      9.34717612	      0.00000000	    -13.14759849	     -2.73095894	      4.38650477	     19.05017046	     -8.75767278	     18.48129290	     98.27303134	     89.35257229	     32.72745085	    -12.86747842	     37.39404859	     93.15057163	     70.95238118
      6.51666670	     -9.04191467	     -0.02644523	      1.30836698	      0.97532963	      1.07358903	     -0.29837204	     16.88684463	     -7.68589152	     -8.05302406	     10.63983305	     -7.56159441	     -9.33963165	      0.00000000	     17.54842479	    -10.52060539	     -9.74140850	     11.78653985	     -0.45653798	      9.89659491	      0.00000000	    -11.77430956	     -2.27445909	      3.95141881	     16.07903582	     -8.32633433	     18.36791021	     98.55839963	     89.43522067	     28.70474450	    -13.17807742	     35.83010852	     94.59591968	     70.57743286
      6.53333330	     -8.22872110	     -0.33205186	      1.55044457	      0.98246576	      1.07443374	     -0.29538316	     14.71136371	     -7.24957101	     -8.06542939	      9.54959076	     -7.56218052	     -9.18829243	      0.00000000	     15.22683438	    -10.56784642	     -9.55500074	     10.02797704	     -0.34518806	     10.31956761	      0.00000000	    -10.20172724	     -1.88497342	      2.87172186	     14.21922339	     -8.06427614	     19.47085171	     98.15442956	     89.57287693	     25.13338686	    -13.93561262	     34.28709037	     96.00923397	     69.99566583
      6.55000000	     -7.70961081	     -0.52465918	      1.59204711	      0.98743332	      1.07518024	     -0.29245621	     13.20346814	     -6.79015783	     -8.41955666	      8.55837114	     -7.61713882	     -9.54423764	      0.00000000	     13.38375115	    -10.68786491	     -9.83039968	      8.51687425	     -0.12289984	     11.14389742	      0.00000000	     -8.57107645	     -1.63190460	      1.95881725	     13.03598886	     -7.98482258	     21.71238993	     97.57451358	     89.65904988	     21.66309740	    -14.70894445	     32.64581003	     97.29410618	     69.24812650
      6.56666670	     -7.28883897	     -0.71766027	      1.73649284	      0.99413758	      1.07592052	     -0.29691887	     11.86581913	     -6.46066644	     -8.94999781	      7.66179630	     -7.81694775	     -9.45880458	      0.00000000	     11.90343865	    -10.70711183	     -9.55113872	      7.26115669	     -0.12990064	     10.93442926	      0.00000000	     -7.02523739	     -1.33605111	      1.82506731	     10.99494076	     -8.21945716	     22.57602858	     97.57688716	     89.55534490	     18.59319545	    -14.84307709	     31.79848420	     98.06907010	     68.83244143
      6.58333330	     -6.75290360	     -0.76836793	      1.97306908	      0.99967254	      1.08200905	     -0.29779589	     10.35534242	     -6.25693288	     -9.53860960	      6.57026669	     -7.98579678	     -9.35648368	      0.00000000	     10.44339770	    -10.59134702	     -9.46365056	      6.18975331	     -0.01409096	     11.38207424	      0.00000000	     -5.89854963	     -1.18500616	      1.74120639	      9.09564310	     -8.47298135	     23.39678411	     97.35060249	     89.45382763	     15.84535184	    -14.71245735	     30.79119554	     98.19440836	     68.45392935
      6.60000000	     -6.29709192	     -0.82853648	      2.16358831	      1.01006387	      1.07910706	     -0.30039930	      9.07762243	     -6.10793355	     -9.81851086	      5.89488849	     -8.14574139	     -9.39754643	      0.00000000	      9.12137854	    -10.48327113	     -9.31810874	      5.38898162	      0.23519447	     11.44990873	      0.00000000	     -4.51946238	     -1.00685268	      1.84322777	      7.19396205	     -8.87109995	     23.86651695	     97.43675208	     89.45099683	     13.59570062	    -14.66938372	     31.16819858	     98.38037317	     68.41975644
      6.61666670	     -5.60999906	     -1.03497557	      2.58570707	      1.01778893	      1.07563740	     -0.30396909	      7.59585725	     -6.03588094	    -10.08302244	      5.55381859	     -8.24274787	     -9.32268109	      0.00000000	      7.80449675	    -10.49857140	     -8.96361970	      4.90898489	      0.63810292	     11.57821312	      0.00000000	     -3.90122190	     -0.48955727	      1.42152741	      5.43176963	     -9.28973846	     23.88469002	     98.63472346	     89.32616929	     10.83762624	    -14.30359018	     30.23291354	     99.19861486	     68.16955748
      6.63333330	     -5.12685852	     -1.06177514	      2.83909480	      1.02480623	      1.07904032	     -0.30101330	      6.53722456	     -6.04132563	     -9.82920848	      5.64180419	     -7.95103318	     -9.43846194	      0.00000000	      6.60599943	    -10.45237456	     -8.71589952	      4.37244508	      1.11591228	     11.55601941	      0.00000000	     -2.78845714	     -0.37214570	      1.23255887	      3.77789797	     -9.54281597	     24.27290113	     98.61577650	     89.32685363	      9.14989121	    -14.45131798	     30.57190320	     99.10482725	     68.14933590
      6.65000000	     -4.39507469	     -1.19488171	      3.08558907	      1.02704565	      1.07833166	     -0.30087598	      5.19410315	     -5.79879189	    -10.11596768	      5.35728223	     -8.03593980	     -9.99722027	      0.00000000	      5.17501295	    -10.54804066	     -8.42692808	      3.81366087	      1.55777251	     11.59270701	      0.00000000	     -2.22283612	     -0.02810877	      0.59996690	      2.84504041	     -9.57535411	     24.74338596	     98.82802009	     89.17174633	      7.57445501	    -14.56352483	     29.52956070	     98.95357538	     67.84578466
      6.66666670	     -3.96618785	     -1.18625493	      3.26440356	      1.03122297	      1.08010802	     -0.29629214	      4.47625479	     -5.72460110	     -9.95514153	      5.46545553	     -7.90516345	    -10.06083977	      0.00000000	      4.28416643	    -10.60026307	     -8.31914000	      3.42661156	      1.84155303	     11.47866732	      0.00000000	     -1.40022973	      0.00145690	      0.46065131	      1.43989684	     -9.61966822	     25.10298816	     98.61072693	     89.16406508	      6.57296667	    -14.93366753	     29.60029968	     98.75893187	     67.82058717
      6.68333330	     -3.35324242	     -1.10602824	      3.28878079	      1.03405132	      1.08041358	     -0.29510220	      3.43618614	     -5.61522449	     -9.82403141	      5.16815577	     -7.92392811	    -10.37072203	      0.00000000	      3.16494351	    -10.57607193	     -8.11127186	      2.94761976	      1.99559821	     11.27785958	      0.00000000	     -0.76564550	     -0.03128655	      0.02776010	      0.75027190	     -9.18638022	     25.11498953	     97.87503019	     89.00053214	      5.37173360	    -14.95103381	     28.89870804	     98.09752203	     67.64524301
      6.70000000	     -2.98518813	     -1.06575344	      3.26432360	      1.03390979	      1.08189491	     -0.29707176	      2.95295735	     -5.52597323	     -9.90617268	      5.18646575	     -7.76518888	    -10.56358313	      0.00000000	      2.59103221	    -10.54898933	     -8.11051678	      2.82946163	      2.23816589	     11.18673656	      0.00000000	     -0.26251873	     -0.06083205	     -0.06933409	      0.06379240	     -9.41313885	     25.20350742	     97.69677234	     88.97822989	      4.50991076	    -14.91742529	     29.05858662	     97.92023579	     67.63748830
      6.71666670	     -2.41125695	     -1.03391438	      3.32949511	      1.03533445	      1.08122557	     -0.30045988	      2.12451930	     -5.45443178	     -9.79270489	      4.95104085	     -7.86693391	    -10.85153348	      0.00000000	      1.78733000	    -10.48955327	     -7.94784763	      2.67051103	      2.34599213	     10.97047947	      0.00000000	      0.00973965	      0.03991374	     -0.25618937	     -0.23006169	     -9.49709188	     25.34111141	     96.78295903	     88.81848196	      3.86117676	    -14.38191712	     28.62719831	     96.79437352	     67.56650071
      6.73333330	     -2.04288894	     -0.91847348	      3.22694303	      1.03548237	      1.08615585	     -0.30203626	      1.67165454	     -5.59844970	     -9.69119116	      4.89411702	     -7.95671237	    -11.01670279	      0.00000000	      1.34191766	    -10.29340475	     -7.91836963	      2.70049326	      2.43400783	     10.67827072	      0.00000000	      0.22518871	      0.05222905	     -0.31017537	     -0.24513995	     -9.74608272	     25.79911528	     95.89609342	     88.66323474	      3.59750183	    -13.79670298	     28.46805066	     95.70014759	     67.54601116
      6.75000000	     -1.90264442	     -0.88549909	      3.12057190	      1.03706078	      1.08684791	     -0.30230525	      1.54777017	     -5.67980531	     -9.66506777	      4.97144146	     -7.93070734	    -11.04244964	      0.00000000	      1.23893315	    -10.23082472	     -7.91951666	      2.91459697	      2.44973081	     10.64941580	      0.00000000	      0.37801277	      0.11876149	     -0.38429249	     -0.22939009	     -9.82873778	     25.80790426	     95.84702981	     88.65427173	      3.53189696	    -13.63002239	     28.55515825	     95.65752952	     67.55143632
      6.76666670	     -1.42316410	     -1.06149725	      3.10784682	      1.03336437	      1.08306741	     -0.30113939	      1.14792979	     -5.52663551	     -8.99584974	      5.27406677	     -7.47655691	    -11.52275814	      0.00000000	      0.90762960	    -10.37353486	     -7.73012617	      3.25975080	      3.02719712	     10.01338382	      0.00000000	      0.13930401	      0.55822250	     -0.11873616	      0.76556852	    -10.53026292	     26.99713672	     94.88678240	     88.47905572	      4.05174035	    -12.86216579	     28.89133735	     93.99880294	     67.61131466
      6.78333330	     -1.15357678	     -1.37031920	      3.31057455	      1.03385857	      1.08578035	     -0.30468958	      1.16568840	     -5.25231198	     -8.42057133	      5.86248291	     -5.95919679	    -12.37225720	      0.00000000	      0.91402265	    -10.63217549	     -7.21637543	      3.63745516	      3.67966994	      9.86927050	      0.00000000	     -0.23434142	      1.18542553	     -0.14464436	      1.37358797	    -10.99772741	     27.22042691	     94.54317893	     88.37959659	      4.52259978	    -12.36384599	     28.97739669	     93.51065710	     67.64666942
      6.80000000	     -0.76068158	     -1.69422340	      3.41528949	      1.02925448	      1.08841441	     -0.30273089	      1.22251744	     -4.80131513	     -7.38743876	      6.28723429	     -4.45967369	    -13.50487926	      0.00000000	      0.81996166	    -11.01732294	     -6.68023360	      3.93174891	      4.03639982	      9.23624356	      0.00000000	     -0.89903636	      1.77253547	     -0.01497213	      2.82705681	    -11.83129230	     28.08388177	     93.98210609	     88.16355513	      5.79109090	    -11.64243065	     29.16719145	     92.04287609	     67.74456006
      6.81666670	     -0.70029109	     -1.65631794	      3.64319739	      1.02562434	      1.08589915	     -0.30558283	      1.43377550	     -4.93429831	     -7.14283946	      6.62443024	     -4.44911215	    -14.18563719	      0.00000000	      1.20807690	    -11.02802401	     -6.14862202	      4.39365112	      3.86024252	      8.82258231	      0.00000000	     -1.13630691	      1.91995379	     -0.01618445	      4.29772925	    -12.37433231	     28.58769476	     93.68742526	     87.90572476	      6.97168166	    -11.14884215	     29.61884348	     91.31023980	     67.87897929
      6.83333330	     -0.73737495	     -1.85027258	      3.57638606	      1.02217671	      1.08840868	     -0.30756349	      2.11352860	     -4.73051535	     -6.25679390	      7.09465656	     -3.18176435	    -15.06415976	      0.00000000	      1.53811174	    -11.13920593	     -5.90342329	      4.58643510	      4.36357784	      8.54115914	      0.00000000	     -1.76709161	      2.52138298	      0.13924162	      5.83856847	    -12.97140843	     28.75084312	     93.47828685	     87.69804490	      8.21270005	    -10.48304687	     29.68274592	     90.65056400	     67.96533433
      6.85000000	     -0.74951236	     -1.78375852	      3.77960775	      1.02007284	      1.08576118	     -0.30871804	      2.35382854	     -4.91879206	     -5.98244547	      7.35750516	     -2.90862758	    -15.62018080	      0.00000000	      1.82766316	    -10.99170992	     -5.58038593	      4.62017152	      4.07019932	      8.22543432	      0.00000000	     -2.42421660	      2.73049355	     -0.08641105	      7.35879505	    -13.31688966	     29.15106601	     92.90502192	     87.51332447	     10.13859991	     -9.83556973	     30.09456502	     89.49440382	     68.05724402
      6.86666670	     -1.29788429	     -1.56888172	      3.73815484	      1.01091435	      1.08226425	     -0.30784952	      3.12536061	     -5.34003710	     -5.90184103	      7.28749957	     -3.21938674	    -15.44147864	      0.00000000	      2.61284304	    -10.66777296	     -5.73700553	      4.46245032	      3.81106808	      8.18530801	      0.00000000	     -2.86028495	      2.68132777	     -0.13398878	      9.13307107	    -13.35927700	     28.86496807	     93.00244643	     87.46434482	     11.76911498	     -9.20443860	     30.07444161	     89.62767276	     68.07673846
      6.88333330	     -2.04371998	     -1.09329502	      3.41227234	      1.00747760	      1.08531029	     -0.30665229	      4.01516419	     -5.99390584	     -5.58578503	      6.93500304	     -3.56781531	    -15.15806821	      0.00000000	      3.40750512	    -10.06529850	     -6.01701133	      4.07486966	      3.28398852	      7.86854854	      0.00000000	     -2.86975339	      2.26991476	      0.19841602	     11.24637938	    -13.61447535	     29.39240707	     92.08167263	     87.34246723	     14.10978796	     -8.76114950	     30.58486917	     88.19989571	     68.10969226
      6.90000000	     -2.95460169	     -0.70525479	      3.15236581	      0.99608551	      1.08552824	     -0.30721296	      5.19356213	     -6.55086725	     -5.44543948	      6.55522601	     -4.08777616	    -14.60171214	      0.00000000	      4.48824649	     -9.51326235	     -6.26381323	      3.72767100	      2.88311483	      7.90210800	      0.00000000	     -3.20729742	      1.94518362	      0.28882940	     13.86073792	    -13.45764940	     29.23408043	     91.09826945	     87.17660082	     16.89215372	     -8.30993819	     30.65916651	     86.73822009	     68.06045488
      6.91666670	     -3.84861993	     -0.40994451	      3.01192934	      0.98654767	      1.08169967	     -0.30931666	      6.54349086	     -7.01132613	     -5.44448308	      6.31766397	     -4.67667679	    -14.15739684	      0.00000000	      5.76541827	     -9.05304347	     -6.30969242	      3.47111292	      2.47568608	      7.85354201	      0.00000000	     -3.87279965	      1.76913390	      0.35572343	     16.88475580	    -13.55681128	     29.25998362	     90.39802576	     87.03235534	     19.91336269	     -7.69613644	     30.75424551	     85.24351300	     67.96331837
      6.93333330	     -4.92208471	     -0.00376454	      2.97445801	      0.97724829	      1.08112813	     -0.31516266	      8.04000435	     -7.69609572	     -5.57185149	      5.93202949	     -5.20654444	    -13.43964486	      0.00000000	      7.37637867	     -8.38685404	     -6.27607585	      3.35746993	      1.87141175	      7.88031107	      0.00000000	     -4.60026796	      1.55852510	      0.11153978	     19.72847312	    -13.65313656	     29.04405373	     89.59850878	     86.87278360	     23.07965227	     -6.88807534	     30.54423183	     83.51242153	     67.77068788
      6.95000000	     -5.92118511	      0.20503861	      2.88460438	      0.97109527	      1.08012092	     -0.31396065	      9.67461018	     -8.11365838	     -5.72871188	      5.88532012	     -5.73419078	    -12.71780883	      0.00000000	      9.01149626	     -7.99697968	     -6.32798290	      3.46119679	      1.50359886	      7.82283879	      0.00000000	     -5.58552835	      1.59446643	      0.10915782	     22.70715334	    -13.84686554	     28.60937490	     88.52368621	     86.68579186	     26.21241854	     -6.18606544	     30.29601210	     82.03922419	     67.55054432
      6.96666670	     -6.89276645	      0.34267516	      2.89667903	      0.96366936	      1.07808613	     -0.31293301	     11.29542302	     -8.45011447	     -5.83947447	      5.93227093	     -6.58315658	    -12.16396468	      0.00000000	     10.71949895	     -7.69168115	     -6.41278296	      3.68426496	      0.84552340	      7.98466441	      0.00000000	     -7.01987027	      1.71525533	      0.00686893	     25.59099635	    -14.05787649	     27.71489803	     88.29312038	     86.59924858	     28.91556103	     -5.60723749	     29.80794867	     82.00630596	     67.48449640
      6.98333330	     -8.35067606	      0.50559690	      2.79167420	      0.95105881	      1.07916852	     -0.31212053	     13.88081653	     -8.84856266	     -6.00432262	      6.60876414	     -6.92240056	    -11.55666659	      0.00000000	     13.17140647	     -7.37487991	     -6.43592398	      4.30891268	      0.61657717	      7.67206794	      0.00000000	     -7.85947089	      1.77792026	     -0.13288896	     28.87313939	    -13.96717840	     27.66746559	     86.78387562	     86.40946028	     32.19388127	     -5.05509204	     29.84405327	     80.23957204	     67.22976737
      7.00000000	     -9.72116618	      0.75417646	      2.70999248	      0.93834989	      1.07400776	     -0.31409726	     16.37808822	     -9.35604481	     -5.90867150	      7.17683508	     -7.22809900	    -10.95790467	      0.00000000	     15.65090677	     -6.99090176	     -6.55314646	      4.99347994	      0.15008073	      7.39615918	      0.00000000	     -9.19906027	      1.74613379	     -0.10433479	     33.00990396	    -14.15902043	     27.27324472	     85.84300129	     86.16539719	     35.56677865	     -4.57519053	     29.60243323	     79.49476414	     66.96317287
      7.01666670	    -11.27887041	      0.90616950	      2.64814847	      0.92567641	      1.06760301	     -0.31586861	     19.35230457	     -9.80878980	     -5.78119728	      8.01575089	     -7.59714837	    -10.59596177	      0.00000000	     18.50867992	     -6.72425520	     -6.63313190	      5.92090139	     -0.22492481	      7.13685889	      0.00000000	    -10.52062201	      1.81825729	     -0.05710905	     37.34510668	    -14.26798812	     27.73225637	     84.38292051	     85.84146945	     39.03880892	     -4.29114988	     29.23949890	     78.34825294	     66.53290813
      7.03333330	    -12.91221624	      1.08458645	      2.60058061	      0.91372141	      1.06480907	     -0.31050212	     22.50350411	    -10.20353984	     -5.57765869	      9.00801956	     -7.91525700	    -10.29060792	      0.00000000	     21.62301533	     -6.57446686	     -6.73420158	      7.12940955	     -0.50342451	      6.89250454	      0.00000000	    -12.04363869	      1.70835818	     -0.17470980	     41.25390187	    -13.37732003	     27.75809250	     83.70752343	     85.46751987	     42.61446059	     -4.36967077	     28.36596768	     77.81801518	     66.05167343
      7.05000000	    -14.58038523	      1.13362887	      2.62948879	      0.90217922	      1.05738865	     -0.30791100	     25.78665343	    -10.44329347	     -5.36431958	     10.16264380	     -8.05881184	    -10.09785772	      0.00000000	     24.98667486	     -6.64354965	     -6.90131807	      8.65151928	     -0.66503721	      6.76457497	      0.00000000	    -13.51542518	      1.62723619	     -0.34525309	     45.09691908	    -12.85262490	     27.73126603	     83.86045184	     85.12299664	     46.07068916	     -4.50249007	     27.50547612	     78.10922682	     65.58624349
      7.06666670	    -16.47592880	      1.21668843	      2.65504060	      0.88861414	      1.05123108	     -0.31001979	     29.46258943	    -10.82359076	     -5.26778420	     11.50534541	     -8.29480245	     -9.94137426	      0.00000000	     28.75825172	     -6.66809665	     -6.92691268	     10.37420905	     -0.90803211	      6.49541979	      0.00000000	    -15.01034150	      1.61304805	     -0.54426108	     49.29584315	    -12.57139254	     27.67913882	     84.02008990	     84.83873553	     50.06117833	     -4.76709346	     27.40773706	     78.71495382	     65.24505080
      7.08333330	    -18.28498415	      1.28822420	      2.53038131	      0.88293935	      1.04151565	     -0.31109425	     33.16561148	    -11.13020538	     -5.26770809	     13.22220322	     -8.25613682	     -9.76413622	      0.00000000	     32.39071969	     -6.79148927	     -6.97675478	     12.26345437	     -0.79417345	      6.02251160	      0.00000000	    -16.37151808	      1.55059880	     -0.80183288	     52.51676769	    -12.43722235	     27.74807698	     84.62943931	     84.64213949	     53.19870455	     -5.12771257	     27.21957077	     79.33977317	     64.93471361
      7.10000000	    -19.85031104	      1.39263490	      2.49540935	      0.87632896	      1.03510028	     -0.30699939	     36.43133074	    -11.47777625	     -5.23178258	     14.93261431	     -7.95328985	     -9.68729755	      0.00000000	     35.74460210	     -6.96176970	     -7.04295073	     14.34906962	     -0.41462774	      5.40559798	      0.00000000	    -18.02720065	      1.38985942	     -0.94791587	     55.55060010	    -12.04491309	     27.17969068	     85.41109108	     84.53896104	     56.48144476	     -5.40962441	     26.39255594	     79.57182967	     64.73853101
      7.11666670	    -21.93578181	      1.52347862	      2.32837282	      0.86563078	      1.02822575	     -0.30075083	     40.56361631	    -11.69313695	     -4.90822888	     17.09488098	     -7.68814863	     -9.38703199	      0.00000000	     39.72748883	     -7.30661596	     -7.13801258	     16.60984266	     -0.43175109	      4.83767633	      0.00000000	    -18.93050757	      0.79989404	     -0.68540195	     58.66266931	    -11.55188224	     26.69993029	     86.01142094	     84.39339564	     59.26110531	     -5.59581624	     26.09321281	     81.10440987	     64.47666077
      7.13333330	    -23.73240549	      1.64814528	      2.37596579	      0.85968727	      1.01554661	     -0.30252910	     44.36276820	    -12.08196233	     -4.84964792	     19.43616466	     -7.15968188	     -9.30100193	      0.00000000	     43.50358338	     -7.53977619	     -7.01286807	     19.14134474	      0.07473661	      4.14827798	      0.00000000	    -20.10835812	      0.39864203	     -0.95367582	     61.75732305	    -11.22755691	     26.36806464	     87.07563784	     84.33036150	     62.46446981	     -5.77518610	     25.82276164	     81.82948887	     64.25470098
      7.15000000	    -25.47426439	      1.76195095	      2.58041113	      0.85324443	      1.00584711	     -0.30683695	     48.41205750	    -12.67382268	     -4.56208217	     22.48561477	     -6.30070893	     -9.30893295	      0.00000000	     47.44050449	     -7.65651429	     -6.98987425	     22.12592732	      0.75043963	      3.41912530	      0.00000000	    -21.15737241	      0.13925786	     -1.23286613	     64.57969798	    -11.19922871	     25.72965676	     87.71186099	     84.28777623	     65.77468601	     -5.63134167	     26.01153263	     82.56681295	     64.06360142
      7.16666670	    -27.20786358	      2.16243455	      3.01952416	      0.84247391	      0.99935015	     -0.30706253	     52.60601841	    -13.75636553	     -4.28973939	     25.64228553	     -5.56411417	     -9.01771245	      0.00000000	     51.58282768	     -7.40270173	     -6.74143710	     25.48415262	      1.38401842	      2.62213138	      0.00000000	    -22.28786750	     -0.39060886	     -1.74505750	     67.78903540	    -10.96849014	     24.63732286	     88.00958377	     84.23524821	     69.24704109	     -5.38059294	     25.96770252	     82.50360636	     63.85699415
      7.18333330	    -28.83230538	      2.49608107	      3.73726299	      0.84274911	      0.98617270	     -0.30591968	     56.42765468	    -14.96543588	     -3.26230722	     29.16982371	     -3.71278697	     -8.28231433	      0.00000000	     56.08137090	     -7.00938895	     -5.92848316	     29.74708617	      2.49362771	      1.63160292	      0.00000000	    -23.15971804	     -0.76636559	     -2.32267746	     70.04049918	    -11.01976002	     23.71547386	     89.45416501	     84.28746030	     71.81455799	     -5.29962476	     26.45576481	     83.78143552	     63.77102057
      7.20000000	    -30.19959603	      2.81001394	      4.29601420	      0.83380153	      0.97581505	     -0.30255356	     60.13824705	    -15.81450987	     -2.73934806	     32.46462558	     -2.72982130	     -8.10125781	      0.00000000	     60.35688024	     -6.84471937	     -5.22238168	     33.80149618	      2.98719349	      0.85332354	      0.00000000	    -24.27152173	     -1.11667968	     -2.51987245	     72.94973303	    -10.91634196	     22.90689059	     90.04435458	     84.37187466	     74.70242496	     -4.89196301	     26.62754288	     83.79325410	     63.69103541
      7.21666670	    -31.36156508	      2.77880309	      4.31594928	      0.82776484	      0.95898820	     -0.30047274	     63.87886597	    -15.95723873	     -2.20486273	     36.33496543	     -1.56261033	     -8.39401376	      0.00000000	     64.35416078	     -7.25419440	     -4.77129714	     37.96890320	      3.69615240	      0.37011355	      0.00000000	    -25.22609143	     -1.24974208	     -2.37478952	     75.63859980	    -10.84878467	     22.39852238	     90.93183215	     84.53164566	     77.50435139	     -4.68815033	     26.56231154	     83.75491780	     63.63942471
      7.23333330	    -31.97210113	      2.59656062	      4.31631679	      0.82034946	      0.94975859	     -0.29969034	     66.60240017	    -16.01119470	     -1.96623752	     39.48048493	     -0.72413850	     -8.79534241	      0.00000000	     67.04454265	     -7.72126034	     -4.57562845	     40.90375851	      4.21428133	      0.30168377	      0.00000000	    -26.79948485	     -1.07842337	     -2.25159846	     78.50295278	    -10.41933619	     21.61056671	     91.04138920	     84.53229214	     80.41174977	     -4.27150129	     25.79485718	     83.47371100	     63.59535832
      7.25000000	    -32.44161241	      2.26513275	      4.21140687	      0.81592005	      0.94254695	     -0.30005164	     69.25175913	    -15.78486828	     -1.60051087	     42.50766215	      0.07354445	     -9.08975600	      0.00000000	     69.33552800	     -8.23952620	     -4.64481936	     43.43675236	      4.67061899	      0.31920339	      0.00000000	    -28.32017983	     -0.71140642	     -1.94672282	     81.04609249	     -9.88993008	     20.92593084	     91.46482601	     84.56172319	     82.98940350	     -4.00900675	     25.29004548	     83.11267306	     63.57879385
      7.26666670	    -32.63449813	      2.15239367	      4.08695629	      0.81708789	      0.93053753	     -0.30100912	     71.54512232	    -15.84726890	     -1.91626639	     45.45715693	      0.45255875	     -9.94857874	      0.00000000	     70.76555148	     -8.72097792	     -4.91552068	     45.42811590	      5.78045696	      1.28445600	      0.00000000	    -30.12013897	     -0.73162886	     -1.35389296	     82.97602423	    -10.28688046	     20.43929050	     92.40403315	     84.87868557	     85.36080435	     -3.29757296	     25.68797567	     82.54417049	     63.68664708
      7.28333330	    -32.68494145	      2.04683672	      4.28032718	      0.81264198	      0.91470282	     -0.30433991	     74.02064947	    -16.22575173	     -1.75386772	     49.03817052	      1.50828522	    -10.67066313	      0.00000000	     72.65940847	     -8.82822359	     -4.95974417	     48.14515061	      6.87550472	      0.83029974	      0.00000000	    -31.81110679	     -0.38399339	     -1.32207915	     85.21176338	    -10.33868405	     19.75758084	     92.54795494	     84.92527079	     87.39674598	     -2.85710311	     25.38360236	     82.79705785	     63.72159956
      7.30000000	    -32.57415555	      2.13325647	      4.65865245	      0.81402983	      0.89614551	     -0.30834321	     76.23228323	    -17.12015382	     -1.05226485	     52.64666892	      3.17505887	     -9.90697632	      0.00000000	     74.53334170	     -8.83299412	     -5.18488630	     51.39211277	      8.63957631	      1.52359783	      0.00000000	    -33.60988508	     -0.11293674	     -1.41414044	     87.33674253	    -11.40650402	     19.95234229	     93.49644229	     85.31533302	     89.43117031	     -2.76042232	     25.77882136	     83.51399813	     63.98191938
      7.31666670	    -32.46737254	      2.12689074	      4.92784555	      0.80468849	      0.87963568	     -0.30856916	     78.46290898	    -17.63906852	      0.10902810	     56.08772158	      5.65082593	     -8.58384279	      0.00000000	     76.95735329	     -8.97331177	     -5.02810079	     55.16698821	     10.16343839	      1.61406020	      0.00000000	    -35.13743237	      0.18176811	     -1.28774572	     89.88056400	    -12.38956399	     20.30290716	     94.08025273	     85.67785795	     91.54880879	     -2.48739038	     26.37953783	     84.25632630	     64.34949543
      7.33333330	    -32.36955788	      2.34964965	      4.79331969	      0.80380564	      0.85913211	     -0.31089552	     81.37818026	    -18.02548158	      0.88302829	     60.12308122	      7.07592633	     -7.74291890	      0.00000000	     79.45872865	     -9.17608576	     -4.72011536	     59.08526175	     11.68711018	      1.54677521	      0.00000000	    -36.32597973	      0.08319051	     -1.32079677	     92.04648291	    -13.01136938	     20.94855795	     93.98470555	     86.06685308	     93.64797628	     -2.60990885	     26.72431932	     84.25103288	     64.72783033
      7.35000000	    -32.78176941	      2.22421330	      4.89402716	      0.79630330	      0.84498145	     -0.30312668	     83.82725766	    -17.76149808	      2.35130851	     63.24956011	      9.36638538	     -6.67450457	      0.00000000	     82.51220337	     -9.64649446	     -4.28166479	     62.66006227	     12.60900531	      1.18788390	      0.00000000	    -37.09339357	      0.03701615	     -1.54590122	     94.36802332	    -12.69761238	     21.37503244	     94.54122091	     86.35130358	     95.90654108	     -3.20397802	     26.86484231	     84.54645625	     65.12913953
      7.36666670	    -32.88889129	      2.38050741	      4.95885515	      0.79131049	      0.83160703	     -0.30629123	     86.56399899	    -17.80763003	      2.99716443	     66.52032675	      9.65083955	     -6.84374294	      0.00000000	     84.91097793	     -9.57418792	     -3.79676416	     65.58847754	     13.20139734	      1.07302996	      0.00000000	    -38.33215153	      0.01123070	     -1.85255445	     96.57361988	    -12.72482550	     22.60805854	     94.59303500	     86.77085042	     98.04407864	     -3.59505335	     27.17797873	     84.37283122	     65.60751835
      7.38333330	    -33.12570674	      2.28106115	      4.70464227	      0.79052069	      0.81404808	     -0.30566777	     88.58619509	    -17.35523595	      3.95357638	     69.22764053	     11.47512709	     -6.18825733	      0.00000000	     87.36323677	    -10.02923248	     -3.16728284	     68.38701634	     14.01808275	      0.78235829	      0.00000000	    -39.06588694	     -0.06391752	     -2.04528624	     98.45874859	    -12.56488818	     23.03536594	     94.92303790	     87.08236248	     99.74792773	     -4.02650582	     27.23807753	     84.94808949	     66.11037963
      7.40000000	    -33.09379868	      2.28349629	      4.75528973	      0.78727122	      0.79786201	     -0.30477910	     90.20572623	    -17.41641084	      4.81528201	     71.54165645	     13.24903137	     -4.93218844	      0.00000000	     89.68982363	    -10.08737099	     -2.57453441	     71.45390782	     14.61752863	      0.46405216	      0.00000000	    -40.22133330	      0.09513985	     -2.09053149	    100.43049243	    -13.31691573	     23.63146235	     94.83263103	     87.45113127	    101.17922139	     -4.04094487	     27.52395311	     85.39603296	     66.69477883
      7.41666670	    -32.92538213	      2.10196596	      4.60141201	      0.77987327	      0.78171388	     -0.30327270	     92.29979142	    -17.08951414	      5.59163341	     74.46325310	     14.40940623	     -4.48981222	      0.00000000	     92.08325994	    -10.28780678	     -1.74542316	     74.48314163	     15.09163275	     -0.01800433	      0.00000000	    -41.48963439	      0.16781186	     -2.26811270	    102.67462449	    -13.63896655	     24.12255285	     94.39487758	     87.72388331	    103.59086369	     -4.23543346	     27.45351177	     84.89651303	     67.22138832
      7.43333330	    -32.46189205	      2.01339221	      4.36583330	      0.78554450	      0.77815610	     -0.30784505	     94.25513253	    -16.90671651	      5.94666205	     77.67309086	     17.04666064	     -3.30987262	      0.00000000	     93.44461575	    -10.33350840	     -1.04342032	     76.97172066	     15.41940949	     -0.31781183	      0.00000000	    -42.94742473	      0.48735253	     -2.33703666	    103.83391019	    -13.62686616	     24.51789739	     93.36482677	     88.01048934	    104.50656676	     -4.51716484	     27.30364205	     84.48460449	     67.69869121
      7.45000000	    -32.17085145	      1.93110203	      4.30357834	      0.78642458	      0.75917922	     -0.30689607	     96.16475545	    -16.75624546	      6.35814477	     80.85760558	     17.22842185	     -3.53185087	      0.00000000	     94.69463660	    -10.44238903	     -0.50758257	     79.22477759	     16.08413495	     -0.61442714	      0.00000000	    -43.78731881	      0.73324846	     -2.27140539	    104.90707024	    -13.82135157	     24.70780913	     93.28348251	     88.13883215	    105.12135478	     -4.48971381	     27.32045987	     85.03256436	     68.02389437
      7.46666670	    -31.89750739	      1.79355413	      4.32140166	      0.78006863	      0.74420307	     -0.30312445	     97.85346687	    -16.90540764	      6.34533305	     83.38356446	     17.28486093	     -3.64096946	      0.00000000	     96.32347220	    -10.65374519	      0.34091179	     81.76348996	     16.63349456	     -1.40594942	      0.00000000	    -44.70461880	      0.90743464	     -2.26611243	    106.11206802	    -13.67664279	     25.15630962	     93.37097277	     88.26884468	    105.98429229	     -4.84513953	     27.28169644	     85.19553678	     68.33306000
      7.48333330	    -31.02163299	      1.52304913	      4.07004796	      0.77201292	      0.73278288	     -0.30412613	     99.37548832	    -16.66991253	      6.40364104	     86.00446895	     18.78136008	     -3.61474959	      0.00000000	     97.44689320	    -10.89891010	      1.33286893	     84.10608532	     17.04426221	     -1.52188278	      0.00000000	    -45.83058091	      1.27289464	     -1.92889303	    107.29463454	    -13.49032850	     25.86885913	     92.29247245	     88.39292850	    107.08512638	     -5.11246220	     27.36836993	     84.74931385	     68.70663062
      7.50000000	    -30.85841710	      1.65088541	      4.18719040	      0.77992956	      0.72731729	     -0.30082974	    100.76595119	    -16.99061174	      6.07437471	     87.95530446	     18.41692425	     -4.09369340	      0.00000000	     98.12085127	    -11.03166973	      1.62278592	     85.03973619	     16.75941712	     -1.60587845	      0.00000000	    -46.28411963	      1.13946814	     -1.89982531	    108.08677289	    -12.92046870	     26.35371581	     92.35639836	     88.45561600	    107.56248462	     -4.97874905	     27.30129282	     84.93293326	     68.85349753
      7.51666670	    -30.95633554	      1.56854297	      4.09395654	      0.77869546	      0.71711955	     -0.30119514	    100.76768560	    -16.90357860	      6.48844750	     88.27183210	     18.71948318	     -3.42748300	      0.00000000	     99.08158008	    -11.33964299	      1.79959379	     86.17378851	     16.84509397	     -1.51230598	      0.00000000	    -46.10761296	      1.26856276	     -1.56644860	    108.34527660	    -13.26987489	     27.86519344	     92.77714960	     88.66831877	    107.33065766	     -5.31002496	     27.81822777	     85.94565601	     69.39607165
      7.53333330	    -30.86765068	      1.67680913	      4.10756907	      0.77625968	      0.71488733	     -0.29865655	    100.41427100	    -17.17269314	      6.54765780	     88.03579550	     18.59068448	     -2.62679403	      0.00000000	     99.52531461	    -11.47570134	      1.72328656	     86.81715615	     16.29637622	     -2.01826678	      0.00000000	    -46.34179895	      1.14965996	     -1.29456993	    108.55967405	    -13.23053552	     28.28016130	     92.15817683	     88.76801661	    107.73708404	     -5.05250963	     28.00656956	     85.83504377	     69.67940371
      7.55000000	    -30.81800228	      1.72582291	      4.11931017	      0.78466652	      0.70591966	     -0.30094596	    100.60654750	    -17.39259440	      6.91666111	     88.75758488	     19.15943713	     -2.10173806	      0.00000000	     99.93861400	    -11.67412125	      1.51730371	     87.74204914	     16.76013361	     -1.79886206	      0.00000000	    -45.91789566	      1.30986805	     -0.95702548	    108.27486207	    -13.73470904	     29.08652742	     91.78016052	     88.87545557	    107.20099490	     -4.97150010	     28.62100901	     86.01986818	     70.00547242
      7.56666670	    -31.09504046	      1.97260782	      4.26069565	      0.77963056	      0.70473593	     -0.29984128	    100.87739718	    -17.83540856	      7.29605445	     88.79572344	     19.65929065	     -0.90622693	      0.00000000	    100.34209055	    -11.82410252	      1.05392568	     88.01293555	     16.74750335	     -1.92073473	      0.00000000	    -45.52319190	      1.28031419	     -0.74282046	    108.45680300	    -14.19045890	     29.74848269	     91.36365387	     88.96602355	    107.31807052	     -4.61664797	     28.74392383	     85.95518705	     70.34933527
      7.58333330	    -31.00893081	      2.00612319	      4.26046513	      0.77393107	      0.70159509	     -0.29977086	    101.56868367	    -17.69131827	      7.72113235	     89.59074514	     19.83387598	     -1.03962858	      0.00000000	    100.70023312	    -11.93400011	      0.98255300	     88.31145645	     16.84519818	     -1.85226170	      0.00000000	    -45.43889410	      1.39347248	     -0.66186163	    108.92332387	    -13.91104469	     29.96715906	     91.27161589	     88.97875358	    107.88256992	     -4.72615382	     28.71758748	     85.58451507	     70.43914829
      7.60000000	    -31.11607922	      2.32461451	      4.64480281	      0.76870737	      0.70440853	     -0.29443280	    101.96757584	    -17.99692422	      7.95200159	     89.46744209	     19.64321021	     -0.80366016	      0.00000000	    100.66595841	    -11.79436015	      0.57953181	     87.81171542	     16.19402982	     -2.30448349	      0.00000000	    -45.33457227	      1.33521201	     -1.07207077	    109.53282338	    -13.61156582	     30.27983015	     89.68390089	     88.96874820	    109.21812605	     -5.08142441	     28.71095127	     84.61405333	     70.72252461
      7.61666670	    -30.99433924	      2.45450400	      4.64357288	      0.76782166	      0.70794168	     -0.29674022	    101.90498847	    -17.61517454	      8.17349510	     89.26746835	     19.50141766	     -1.22651827	      0.00000000	    100.47084893	    -11.95932158	      0.22283100	     87.42824737	     15.94751138	     -1.97782112	      0.00000000	    -45.32505666	      1.31496664	     -1.44360760	    110.60319251	    -13.13966573	     30.87967163	     89.02734910	     88.96793264	    110.04301953	     -5.31705055	     28.67716518	     83.84588486	     70.90818846
      7.63333330	    -31.14098492	      2.70997729	      4.72540041	      0.76842597	      0.72035151	     -0.29317142	    101.22662431	    -17.65738545	      7.88749422	     88.03040428	     19.03201434	     -1.43398536	      0.00000000	     99.72133699	    -12.09190888	     -0.28104231	     86.36853776	     15.14954240	     -2.24539812	      0.00000000	    -45.27676740	      1.20296752	     -1.24873346	    111.37189381	    -13.54878011	     30.81564257	     87.60405214	     88.90970212	    110.69525372	     -5.12550188	     29.21769133	     82.98218388	     71.10922007
      7.65000000	    -31.35889015	      2.95299059	      4.66330929	      0.77439937	      0.72586189	     -0.29179070	    100.37404665	    -17.06873400	      8.16037343	     86.86280742	     19.01399059	     -1.95894696	      0.00000000	     98.87217354	    -12.33405117	     -1.00791492	     85.20867337	     14.83139451	     -2.37056382	      0.00000000	    -44.81495841	      1.03039529	     -1.06130358	    110.82008759	    -14.21051563	     30.83072710	     87.49508865	     88.88559022	    110.37594150	     -5.08059175	     29.73610864	     83.27748546	     71.26467374
      7.66666670	    -31.84617867	      3.27452100	      4.82214497	      0.77009090	      0.74020172	     -0.29572814	     98.97400654	    -17.37533895	      7.86154858	     84.29506042	     18.64340848	     -1.83933795	      0.00000000	     97.85819589	    -11.99103946	     -1.81084304	     83.45804353	     13.93192388	     -2.99206866	      0.00000000	    -44.31306036	      0.85023321	     -1.30300490	    111.11269350	    -14.52799370	     30.44424974	     87.10989066	     88.82045511	    110.57956347	     -4.57109784	     30.15451961	     83.08375722	     71.41997062
      7.68333330	    -32.07758805	      3.37307311	      4.70714661	      0.76566123	      0.74926008	     -0.29252315	     97.71819827	    -16.91698314	      7.90852220	     82.08729798	     18.21158704	     -2.37917799	      0.00000000	     96.65047366	    -11.72914002	     -2.04658562	     81.39681031	     13.25616965	     -3.59186061	      0.00000000	    -43.93761593	      0.62718513	     -1.24216382	    111.38398415	    -14.82575426	     30.42596430	     86.96992556	     88.74151270	    111.19925335	     -4.34997766	     30.92049368	     82.10039634	     71.63861270
      7.70000000	    -32.55619031	      3.58799466	      4.57056883	      0.76837584	      0.76406097	     -0.29270237	     96.39493523	    -16.87792430	      7.46428791	     79.49996360	     17.51677507	     -2.44040242	      0.00000000	     95.35661235	    -11.47176671	     -2.38645096	     79.03930352	     12.47353391	     -4.22012420	      0.00000000	    -43.16640582	      0.22281356	     -1.29152201	    111.71446043	    -15.00878597	     30.48295451	     86.86738759	     88.66084427	    111.32866515	     -4.23523517	     31.14774107	     82.04741257	     71.79033010
      7.71666670	    -32.43086879	      3.66642316	      4.21913844	      0.76562704	      0.78084566	     -0.29020583	     94.79915945	    -15.95479850	      7.47694872	     77.28840382	     15.92615376	     -4.24358323	      0.00000000	     93.32883043	    -11.36179452	     -2.54800265	     76.39020802	     12.07878907	     -4.52830064	      0.00000000	    -43.15930908	     -0.16269572	     -1.41544769	    112.39175932	    -14.96537277	     30.64241842	     85.75155362	     88.55998067	    111.66123016	     -3.75089119	     30.84149031	     80.78183853	     71.87605302
      7.73333330	    -32.29685679	      3.72028375	      4.23120788	      0.77140614	      0.79756697	     -0.29069043	     92.29436010	    -15.85103269	      6.86813824	     74.14493263	     14.85159704	     -4.85573509	      0.00000000	     91.16915699	    -11.13233482	     -3.04902838	     73.69219401	     11.20432578	     -5.10308107	      0.00000000	    -42.76830088	     -0.18891948	     -1.13276251	    112.30235936	    -15.22805511	     30.77323390	     85.36111034	     88.41182977	    111.46501467	     -3.28376937	     30.82621309	     80.73222106	     71.99388236
      7.75000000	    -31.90523096	      3.74741910	      4.00827206	      0.76708997	      0.81091604	     -0.29029593	     89.87616677	    -14.95203066	      7.33785940	     71.37185755	     13.76882149	     -6.24573555	      0.00000000	     88.73863773	    -11.10261745	     -3.58227934	     70.92807817	     11.02683806	     -4.99212524	      0.00000000	    -42.56968969	     -0.44155074	     -1.23530653	    112.65488295	    -15.42414439	     30.82468527	     84.86350151	     88.18545158	    111.69269324	     -3.38628892	     30.80126049	     80.11618762	     72.08578231
      7.76666670	    -31.37379209	      4.03480573	      3.73404946	      0.77153381	      0.83217006	     -0.29470890	     87.11047414	    -14.90659210	      6.58577009	     67.92519420	     11.46589094	     -7.85048116	      0.00000000	     85.90310616	    -10.89858750	     -4.38195631	     67.97665036	     10.05846048	     -4.89627160	      0.00000000	    -42.42186508	     -0.61896861	     -1.12589119	    112.28066564	    -15.49646838	     30.63620035	     84.64002280	     87.98117764	    111.44910533	     -3.66003144	     30.61757396	     80.07217737	     72.13015615
      7.78333330	    -30.92393821	      3.86545596	      3.39529345	      0.77008371	      0.83775078	     -0.28952253	     84.74512062	    -13.97159170	      7.06908897	     65.50334002	     11.22600164	     -8.43648782	      0.00000000	     83.70569472	    -11.44421858	     -5.16371692	     65.69728676	     10.41681337	     -4.19462088	      0.00000000	    -41.71582159	     -0.69348687	     -0.87754928	    111.88726622	    -15.70089910	     30.62281701	     85.58606941	     87.78743943	    110.83820615	     -3.92618448	     30.84018171	     80.97190188	     72.19558253
      7.80000000	    -30.80018757	      3.96772402	      3.24721642	      0.77365789	      0.85666673	     -0.29427160	     82.16040363	    -14.12679012	      6.55588588	     61.89929181	     10.49028631	     -8.05096989	      0.00000000	     81.54164576	    -11.52262689	     -6.23186040	     62.98960952	      9.69767975	     -3.60902724	      0.00000000	    -40.45911593	     -0.70102788	     -0.83405358	    110.96408453	    -15.78856913	     31.03765218	     85.68204716	     87.77065217	    109.38588911	     -3.84704869	     31.30510919	     81.05104762	     72.21579732
      7.81666670	    -29.69409089	      3.80770804	      3.05382789	      0.77966909	      0.87502839	     -0.28993063	     78.74369234	    -13.42335929	      6.69308517	     59.19409152	     10.33641624	     -8.78097887	      0.00000000	     78.41864296	    -11.83738725	     -7.19273257	     60.49916405	      9.81386786	     -2.98310196	      0.00000000	    -40.08493005	     -0.77319605	     -0.75857454	    109.08988145	    -16.13588403	     30.74178646	     86.17829654	     87.62342114	    107.84634992	     -4.16716491	     30.19174348	     81.11351825	     72.13561749
      7.83333330	    -28.86714274	      3.74920488	      2.98092735	      0.78363317	      0.89486431	     -0.28981682	     74.85585334	    -13.51225390	      5.73006587	     55.07764720	      9.75613379	     -8.53350053	      0.00000000	     75.50083416	    -11.69759741	     -7.79344534	     57.91735517	      9.21013476	     -2.39170270	      0.00000000	    -39.33679947	     -0.79857109	     -0.82317580	    106.81429372	    -15.73353937	     30.09590771	     86.25533336	     87.47931109	    105.51137130	     -3.80336571	     29.86156678	     81.47812627	     72.05575772
      7.85000000	    -27.78283552	      3.47248799	      2.47797581	      0.79120750	      0.90611013	     -0.28767076	     71.36327461	    -12.47185853	      5.81106552	     52.13403588	      9.46769097	     -9.30492452	      0.00000000	     72.10480406	    -11.96712162	     -7.89599880	     54.97900496	      9.16005275	     -1.61112005	      0.00000000	    -38.19440908	     -0.98249673	     -0.70076940	    103.58595268	    -15.76672323	     29.74692097	     87.62170101	     87.38836491	    102.45031561	     -4.12631871	     29.97981291	     82.77858590	     72.05680417
      7.86666670	    -26.91657221	      3.33950823	      2.27259464	      0.78917317	      0.92810187	     -0.28823102	     67.60904476	    -12.32836601	      5.14914005	     48.07384962	      8.62559141	     -8.95630748	      0.00000000	     68.89469203	    -11.77357220	     -8.10937077	     51.65193028	      8.03190555	     -1.04258268	      0.00000000	    -37.20636420	     -1.20650486	     -0.66617492	    100.63634150	    -15.24553989	     28.65508346	     87.13871205	     87.25882667	    100.28078767	     -3.77045328	     29.96575643	     82.83649015	     71.96166451
      7.88333330	    -25.48607627	      3.03000650	      1.81554053	      0.79903144	      0.93783258	     -0.28613328	     64.28482167	    -11.31449631	      5.41396983	     45.71877264	      7.89531264	     -9.97753192	      0.00000000	     65.24974718	    -11.94680027	     -8.37054155	     48.68222165	      7.60714901	     -0.52744487	      0.00000000	    -36.29309559	     -1.40682962	     -0.32554889	     97.44469641	    -15.51255992	     28.17161837	     88.34118122	     87.20647209	     97.80970077	     -3.62860406	     30.41119773	     83.47539946	     71.91365674
      7.90000000	    -24.53976028	      2.91050286	      1.44393651	      0.80243045	      0.95288111	     -0.28630596	     61.03629008	    -11.23258280	      4.38224795	     42.54467237	      6.86238834	     -9.70789052	      0.00000000	     62.24658199	    -12.01924870	     -8.50603878	     46.04334697	      6.70243573	     -0.39314639	      0.00000000	    -34.87541193	     -1.75896688	     -0.01470337	     94.43297572	    -15.46296333	     27.50315090	     88.00652372	     87.09753695	     95.49436467	     -3.28803906	     30.90588249	     82.70889693	     71.77261573
      7.91666670	    -23.17520142	      2.49506303	      1.05324648	      0.81375051	      0.95793241	     -0.28231088	     58.24368363	    -10.21448538	      4.74900509	     41.23315822	      6.13953460	    -11.01936800	      0.00000000	     59.21769791	    -12.41833617	     -8.56776835	     44.05951987	      6.50538342	     -0.11121739	      0.00000000	    -33.31524038	     -1.85844392	      0.36165223	     90.64428190	    -15.43226927	     26.88866874	     89.65360689	     86.97252786	     92.23400046	     -3.35989611	     31.32738132	     82.77914337	     71.63175360
      7.93333330	    -22.26507889	      2.54701827	      0.86875426	      0.82099662	      0.97710921	     -0.28679231	     55.02747569	    -10.54283316	      3.66284457	     38.35764164	      5.10817017	    -10.49146287	      0.00000000	     56.25745550	    -12.18708773	     -8.81846997	     41.63479384	      5.82135324	      0.18890934	      0.00000000	    -31.47664680	     -2.05602298	      0.91858770	     87.52116002	    -15.65838029	     27.32594541	     89.80445178	     86.96211693	     88.97048597	     -3.69887730	     32.22440347	     82.91894737	     71.62779918
      7.95000000	    -20.45534448	      2.06244311	      0.55407502	      0.83610691	      0.98544344	     -0.28592925	     51.24121919	     -9.79154785	      3.67275747	     36.52824108	      4.48657798	    -11.40819682	      0.00000000	     52.27949827	    -12.37033980	     -8.93051205	     39.17747578	      5.80296457	      0.87668565	      0.00000000	    -30.10421852	     -1.94131634	      1.01939172	     82.21839245	    -14.97935954	     25.49302946	     91.09912290	     86.79746569	     84.91575722	     -4.00262056	     31.80639314	     83.70998404	     71.34639042
      7.96666670	    -19.27092402	      2.13377370	      0.46120373	      0.84272397	      1.00126973	     -0.28480200	     47.45472225	    -10.15810874	      2.23303097	     33.25303349	      3.52685877	    -10.82158335	      0.00000000	     48.87285384	    -12.02537190	     -8.76148483	     36.62901062	      5.09142748	      1.67973263	      0.00000000	    -28.22504605	     -2.20342252	      0.98491693	     78.16476096	    -14.33689939	     24.93401958	     90.02527337	     86.71596353	     81.30158602	     -4.49753553	     32.32493968	     82.85782151	     71.07791181
      7.98333330	    -18.06665330	      1.95851941	      0.09567514	      0.84737315	      1.00461047	     -0.28298834	     44.83176012	     -9.58324159	      2.61992465	     31.54550680	      3.20358670	    -10.98255306	      0.00000000	     46.02777088	    -12.02856612	     -8.93452015	     34.76954244	      4.95873323	      1.48349097	      0.00000000	    -26.27109042	     -2.34246750	      0.89152607	     74.50688412	    -13.84614360	     24.84494517	     90.51547426	     86.63922689	     78.10245515	     -5.24662660	     32.79779398	     83.02215609	     70.83393348
      8.00000000	    -16.90847560	      1.99410737	      0.28275907	      0.85430154	      1.02586754	     -0.28146296	     41.17870926	     -9.92811727	      0.83831404	     28.21888857	      2.03362897	    -10.48834159	      0.00000000	     42.79952173	    -11.52339229	     -8.59075959	     31.98972690	      3.96293224	      1.83795898	      0.00000000	    -24.67861443	     -2.70231286	      0.53113139	     70.54796615	    -13.12165547	     24.35607068	     90.57509349	     86.54320932	     74.65909935	     -5.79912604	     33.32855689	     82.73468940	     70.47322631
      8.01666670	    -15.73075969	      1.59923091	      0.13103166	      0.86549913	      1.02628644	     -0.28108230	     38.36861267	     -9.27771665	      0.65508079	     26.51081277	      1.52222868	    -11.32624110	      0.00000000	     40.01680981	    -11.62449158	     -8.57821876	     30.22338815	      3.98419924	      1.90056258	      0.00000000	    -22.68980864	     -2.58326899	      0.65107513	     66.79445787	    -13.14631781	     24.22774404	     90.95073516	     86.41127577	     71.45833049	     -6.13186783	     33.65687545	     81.82815025	     69.98743391
      8.03333330	    -14.81792517	      1.57702809	      0.39644697	      0.87397650	      1.03937234	     -0.28130688	     35.36029663	     -9.47974572	     -1.00476040	     23.63949465	      0.53585958	    -10.43180769	      0.00000000	     37.40320192	    -11.31371210	     -8.63016813	     27.97646398	      3.29142273	      2.36796143	      0.00000000	    -20.85653961	     -2.92592063	      0.49853350	     62.73291899	    -12.80364418	     23.42544255	     91.20404633	     86.24224136	     68.66553012	     -6.52148321	     34.34642731	     81.56686287	     69.50850055
      8.05000000	    -13.73905811	      1.03324886	     -0.08581385	      0.88647182	      1.04508385	     -0.27959287	     32.99636040	     -8.42621648	     -2.10713771	     22.25366773	     -1.00979867	    -11.99506971	      0.00000000	     34.42855683	    -11.72122387	     -9.03264627	     25.76801164	      3.21619430	      2.99906937	      0.00000000	    -18.96453186	     -2.88694677	      0.61910246	     58.58864965	    -12.58784034	     22.77274305	     92.26813117	     86.05894665	     65.46501589	     -7.35823203	     34.99820097	     82.31309238	     68.99404047
      8.06666670	    -13.07259666	      0.84494011	     -0.38057694	      0.88960967	      1.05738825	     -0.27773877	     30.84596528	     -8.05442504	     -4.57190375	     20.22468340	     -2.64759781	    -12.10232931	      0.00000000	     31.93792267	    -11.91035741	     -9.25702753	     23.36744874	      2.44446746	      3.46535510	      0.00000000	    -17.09473014	     -3.04254747	      0.84671246	     55.26575092	    -12.58229407	     22.79328784	     92.03154717	     85.97293524	     62.94997017	     -8.20143834	     35.67618517	     82.39114226	     68.73140336
      8.08333330	    -11.96414561	      0.11804755	     -0.68806379	      0.89812724	      1.05646445	     -0.27921681	     28.66457347	     -6.94870113	     -5.34155996	     19.08084504	     -3.58133548	    -13.60215610	      0.00000000	     29.32021840	    -12.47007747	     -9.30137831	     21.68487420	      2.67961772	      3.46704591	      0.00000000	    -15.53615801	     -2.50621703	      0.79612715	     52.06466189	    -13.15116131	     22.77943425	     93.54404846	     85.84075423	     60.41091662	     -9.20302491	     35.94089231	     83.82663100	     68.18282799
      8.10000000	    -11.31863988	      0.15903334	     -0.74579977	      0.90632597	      1.07332647	     -0.28299996	     26.34757224	     -7.02931352	     -7.09211588	     16.76696033	     -4.92095989	    -13.18478992	      0.00000000	     27.00842765	    -12.19879239	     -9.35342505	     19.62718309	      1.94713544	      3.77993038	      0.00000000	    -13.75781735	     -2.58550127	      0.96538820	     49.07991979	    -13.29328719	     23.21395169	     93.19980741	     85.81553546	     57.78195054	     -9.60410779	     36.57794956	     84.22823715	     67.96305613
      8.11666670	     -9.84309529	     -0.35742380	     -0.71487793	      0.92238282	      1.07444670	     -0.28727445	     23.33300853	     -6.46681614	     -8.23618816	     15.30229241	     -5.89464707	    -13.42015936	      0.00000000	     23.72953862	    -12.17364126	     -9.24310396	     17.68200392	      2.17608052	      4.27203698	      0.00000000	    -12.43934335	     -1.70598821	      0.57874556	     45.33655975	    -14.43934671	     23.82547084	     95.15673087	     85.81367743	     53.91682499	    -10.29270045	     36.12733939	     85.81534971	     67.43009842
      8.13333330	     -8.91291749	     -0.33919407	     -0.50509495	      0.92737164	      1.07959726	     -0.28451614	     20.77445135	     -6.56977621	     -9.93735407	     13.52592218	     -6.66724637	    -12.81120335	      0.00000000	     21.32209207	    -11.87833753	     -9.27803732	     16.03742853	      1.79631850	      4.47998987	      0.00000000	    -10.98973099	     -1.64630024	      0.31092459	     42.24974990	    -15.10000025	     24.10290154	     96.42299289	     85.82500334	     50.78021769	    -10.94336032	     35.67301499	     87.18124806	     66.93880950
      8.15000000	     -7.98878055	     -0.87463879	     -0.34469430	      0.93372051	      1.07649033	     -0.28027389	     18.79947466	     -5.78279078	    -10.44993159	     12.62519937	     -7.01968547	    -13.53024349	      0.00000000	     19.21168568	    -12.18707138	     -9.15558364	     14.66773710	      2.14881554	      4.70616469	      0.00000000	     -9.43488912	     -0.99267380	      0.18477855	     39.48683908	    -15.88047844	     24.75308495	     98.28784379	     85.89483925	     47.84918528	    -11.21750989	     35.06182667	     88.35811180	     66.45849092
      8.16666670	     -7.39834160	     -0.88461417	     -0.15931089	      0.93924201	      1.08029836	     -0.27988808	     17.11620815	     -5.66950532	    -11.46799206	     11.19956360	     -7.32966099	    -12.64438087	      0.00000000	     17.72684001	    -12.14289051	     -9.16737981	     13.63511500	      2.04432064	      5.08711735	      0.00000000	     -7.99236191	     -1.04738119	      0.18196836	     36.90127285	    -16.07847583	     25.03594906	     99.40199198	     85.98641826	     45.13546279	    -11.99803121	     34.81590585	     90.23499255	     66.05827080
      8.18333330	     -6.64185626	     -1.21883504	     -0.06901645	      0.94250558	      1.08164035	     -0.27767545	     15.61033802	     -5.04516933	    -11.44641145	     10.47865294	     -7.50266427	    -12.71889915	      0.00000000	     16.21321974	    -12.43136911	     -9.25052406	     12.72930995	      2.15911067	      5.40581896	      0.00000000	     -6.94305354	     -0.85004195	     -0.11684897	     34.75206776	    -16.71905347	     25.47974749	    100.63395737	     86.13292897	     43.05582893	    -13.40895510	     34.27347308	     91.95386162	     65.68971903
      8.20000000	     -6.14874515	     -1.00473725	      0.06928707	      0.94941026	      1.08820576	     -0.28204897	     14.29562673	     -5.26708185	    -12.14862201	      9.67179522	     -8.01310761	    -12.40340471	      0.00000000	     14.98506704	    -12.15108936	     -9.26936162	     11.93990295	      1.81421840	      5.63552104	      0.00000000	     -5.80423748	     -1.13316729	     -0.11530335	     32.35876843	    -16.76357097	     25.92791189	    100.63809685	     86.21542484	     41.06688695	    -14.34574388	     34.20770115	     91.96664490	     65.57417769
      8.21666670	     -5.31747698	     -1.18030000	      0.41905337	      0.96228736	      1.07862938	     -0.28383518	     12.79044386	     -5.07436750	    -11.71714004	      9.31326325	     -7.77110031	    -11.60353651	      0.00000000	     13.38440357	    -12.10617534	     -9.37307756	     11.31709041	      2.10575838	      5.73723584	      0.00000000	     -4.71235743	     -0.70062709	     -0.53052510	     29.66697008	    -17.69688105	     25.48847207	    102.23280058	     86.40889700	     38.12659257	    -14.25915848	     32.90541059	     93.50582249	     65.23081421
      8.23333330	     -4.75994377	     -0.81789786	      0.69222942	      0.96923148	      1.08990165	     -0.28714381	     11.23777649	     -5.58903715	    -12.19501530	      8.37369115	     -7.72490551	    -10.09058848	      0.00000000	     11.93901720	    -11.55063869	     -9.30344250	     10.37342939	      1.87856595	      6.58988523	      0.00000000	     -3.79355693	     -0.91480410	     -0.73271711	     26.45852073	    -17.92404940	     25.15063726	    103.07689908	     86.69024980	     34.95007999	    -14.27959752	     32.77576135	     95.26656753	     65.04879662
      8.25000000	     -4.21084234	     -1.05283051	      1.12022635	      0.97204787	      1.07573107	     -0.28781684	     10.23190857	     -5.44219598	    -11.50107554	      8.27753054	     -7.18789041	     -9.68271189	      0.00000000	     10.79716216	    -11.50698054	     -8.85503026	      9.79553528	      2.31615473	      7.20365964	      0.00000000	     -2.67722535	     -0.51270145	     -1.20516378	     23.68731515	    -19.41758646	     25.12664443	    105.40792612	     86.96371203	     32.70965893	    -14.55638465	     32.50555679	     97.34480085	     64.96388892
      8.26666670	     -3.65517871	     -0.71873209	      1.33731171	      0.97987389	      1.09218946	     -0.28690553	      8.67483989	     -5.92414037	    -11.52247354	      7.34610773	     -7.01102531	     -8.39328276	      0.00000000	      9.36176360	    -11.06265558	     -8.67748690	      8.76648868	      1.94906517	      8.10390109	      0.00000000	     -1.91484775	     -0.89922283	     -1.42041834	     20.71327647	    -19.24731363	     25.06950135	    106.48798045	     87.37611130	     30.16014591	    -15.97232274	     32.85554518	     99.04349185	     64.91587936
      8.28333330	     -3.18836448	     -1.00404054	      1.39784303	      0.98106295	      1.07966561	     -0.28419232	      7.99232719	     -5.58191370	    -10.71532162	      7.48598027	     -6.53958756	     -8.38649842	      0.00000000	      8.33682728	    -11.24342915	     -8.43353224	      8.22220742	      2.26416698	      8.51945232	      0.00000000	     -1.05528706	     -0.55162792	     -1.69412444	     18.59132600	    -20.08105993	     25.65142110	    108.20361435	     87.73105524	     28.46217857	    -17.00521535	     33.18304449	    100.68391101	     64.90962717
      8.30000000	     -2.61318137	     -0.72191569	      1.45348183	      0.98636152	      1.08678849	     -0.28604061	      6.55392548	     -6.02128914	    -10.20014564	      7.05529106	     -5.91552575	     -8.24504064	      0.00000000	      7.23331580	    -11.01730775	     -8.38487539	      7.72580591	      2.13714876	      8.60549380	      0.00000000	     -0.51406282	     -0.95974514	     -1.92080899	     16.27305841	    -19.73293868	     25.47200444	    108.14117523	     88.00960550	     26.23098805	    -17.60963136	     32.86608560	    101.13284235	     64.83793721
      8.31666670	     -2.23624108	     -1.10009893	      1.53118191	      0.98906650	      1.07513845	     -0.28657981	      6.03117568	     -5.58838929	     -9.68528703	      7.52765467	     -5.25606158	     -9.37467435	      0.00000000	      6.57126694	    -11.40446268	     -8.15837539	      7.63669537	      2.72226392	      8.55779489	      0.00000000	      0.03622470	     -0.31804100	     -2.05402231	     14.48426950	    -20.30573733	     25.51780481	    109.53695346	     88.35548650	     24.34472275	    -17.59592452	     32.59705135	    102.92152355	     64.82485736
      8.33333330	     -1.74660587	     -0.85184157	      1.57198897	      0.99866302	      1.08937635	     -0.28853189	      4.73001652	     -5.84809389	     -9.98948524	      7.06987727	     -5.36373283	     -9.79665955	      0.00000000	      5.56908049	    -11.19949004	     -7.90042023	      7.19267701	      2.33654225	      8.53514256	      0.00000000	      0.52201025	     -0.51037772	     -2.00955192	     12.14343060	    -19.47306611	     25.40269188	    109.02485655	     88.68343003	     21.60299254	    -17.49715220	     32.51192127	    103.56773301	     64.81148306
      8.35000000	     -1.50036389	     -1.16150599	      1.65761443	      1.00171643	      1.07864771	     -0.28675623	      4.19397760	     -5.40627363	     -9.69403353	      7.21359198	     -5.01640615	    -10.68957685	      0.00000000	      4.87398938	    -11.47696737	     -7.65698812	      6.90160327	      2.75754216	      8.63349442	      0.00000000	      1.16095550	      0.05127603	     -2.03243970	      9.84927613	    -19.58205758	     25.09693049	    110.20234731	     88.95973363	     18.89704546	    -17.07223177	     31.76375421	    104.96172687	     64.78416496
      8.36666670	     -1.19627705	     -0.84746917	      1.73726257	      1.00459712	      1.09258166	     -0.29194317	      3.26340530	     -5.78556229	    -10.10107456	      6.63150964	     -5.29076355	    -10.71850507	      0.00000000	      4.12132959	    -11.09104895	     -7.47439105	      6.38289623	      2.37840085	      8.54821636	      0.00000000	      1.52463121	     -0.16697767	     -2.03326278	      7.69146814	    -18.54356502	     24.87728542	    109.15569133	     89.17374267	     16.36530637	    -16.99951122	     31.50479333	    105.07702968	     64.75856377
      8.38333330	     -0.86289093	     -1.11119940	      2.10932554	      1.00320924	      1.07862700	     -0.28859859	      2.82782840	     -5.46067653	     -9.22551016	      6.91888133	     -4.49727209	    -11.04567207	      0.00000000	      3.64871579	    -11.24263239	     -7.10761524	      6.29985989	      2.95628438	      8.41464152	      0.00000000	      1.87605236	      0.10896718	     -2.35709619	      6.19758986	    -18.53774686	     25.01154622	    109.28478346	     89.23244968	     14.92160147	    -17.07634748	     31.75183712	    105.33016028	     64.76966561
      8.40000000	     -0.87633186	     -0.69351557	      2.35576892	      1.01000481	      1.08973748	     -0.29040899	      2.19231141	     -6.00065962	     -9.00172244	      6.21938881	     -4.53162078	    -10.97822476	      0.00000000	      3.32781709	    -10.81776846	     -6.71367413	      5.83034026	      2.39893367	      8.65485130	      0.00000000	      2.18590368	     -0.39983110	     -2.54098739	      4.43040946	    -17.26143863	     24.04684682	    108.47714240	     89.28697597	     12.82793324	    -17.15015236	     31.16347470	    105.24529715	     64.68867814
      8.41666670	     -0.62467043	     -1.05810617	      2.72986375	      1.01343217	      1.08041955	     -0.28822235	      1.81987928	     -5.54320277	     -8.21921739	      6.54074144	     -3.83402669	    -11.21419635	      0.00000000	      2.82121912	    -11.15205478	     -6.49812588	      5.62793199	      2.92982882	      8.58816411	      0.00000000	      2.47641920	      0.01527905	     -3.02023206	      3.09106437	    -16.95784073	     23.86337048	    108.66057985	     89.30622375	     11.49487378	    -17.04723319	     31.28851688	    105.24599948	     64.66299706
      8.43333330	     -0.69260353	     -0.71774444	      2.89691079	      1.01218598	      1.08833540	     -0.28895148	      1.35801888	     -5.94409239	     -8.05392972	      5.86719906	     -3.80489259	    -11.10444608	      0.00000000	      2.67940832	    -10.85987311	     -6.40089161	      5.24235724	      2.54581978	      8.80352232	      0.00000000	      2.61278456	     -0.45081946	     -3.17899535	      1.58439319	    -15.43541289	     22.68412180	    108.16901283	     89.34922722	     10.05339932	    -16.79348434	     30.53912831	    104.94668275	     64.48324329
      8.45000000	     -0.55971798	     -1.06376030	      3.17060601	      1.01229677	      1.07880293	     -0.28873009	      1.27285658	     -5.49886020	     -7.37457997	      6.11761579	     -3.34396497	    -11.30348117	      0.00000000	      2.39918445	    -11.15403026	     -6.20225758	      5.00892710	      2.92197057	      8.88041115	      0.00000000	      2.81765635	     -0.00504425	     -3.26980669	      1.07165549	    -15.48878436	     22.68126448	    108.60550910	     89.37910774	      9.17186657	    -16.44375602	     30.92072533	    105.19474312	     64.46006004
      8.46666670	     -0.59439823	     -0.74443753	      3.24844905	      1.01745687	      1.09090568	     -0.29127624	      0.84320037	     -5.87425181	     -7.27103470	      5.50143046	     -3.55778562	    -11.19281508	      0.00000000	      2.13801700	    -10.87276457	     -6.12863224	      4.53845902	      2.48285506	      9.28466404	      0.00000000	      2.86907902	     -0.40754106	     -3.08622305	     -0.10845982	    -14.64707097	     22.40832151	    107.81981372	     89.40489175	      7.82947222	    -16.29034553	     30.74573661	    104.62137150	     64.31934138
      8.48333330	     -0.48190540	     -1.10601229	      3.39801482	      1.01797088	      1.07898824	     -0.28669272	      0.70410759	     -5.32992606	     -6.65128903	      5.57167831	     -3.14509887	    -11.33474385	      0.00000000	      1.83289776	    -11.21049850	     -6.00652473	      4.32657238	      3.03760711	      9.38972284	      0.00000000	      3.03661041	     -0.06395986	     -3.10579573	     -0.90809573	    -14.58107013	     22.25912819	    107.92559555	     89.40536259	      6.73152397	    -16.05235041	     30.73889625	    104.47253138	     64.24758571
      8.50000000	     -0.61056891	     -0.86262452	      3.36394085	      1.01812617	      1.08721404	     -0.28820301	      0.38134496	     -5.54934574	     -6.48934362	      4.79436347	     -3.16896136	    -11.27026981	      0.00000000	      1.70722568	    -11.00054446	     -5.96124043	      3.91777909	      2.78364801	      9.74451888	      0.00000000	      3.08969086	     -0.42670998	     -2.86328077	     -1.71552380	    -13.98894760	     22.14845165	    107.18630947	     89.39410941	      5.73151464	    -15.90571135	     30.48661111	    103.83823711	     64.14040662
      8.51666670	     -0.63788270	     -1.28932278	      3.32511425	      1.01802763	      1.07627626	     -0.28769798	      0.63561800	     -4.96089727	     -5.74110493	      5.07498453	     -2.88721296	    -11.64154677	      0.00000000	      1.67949829	    -11.43864618	     -6.24196959	      3.96114585	      3.31001944	     10.04132556	      0.00000000	      3.26194938	      0.11714893	     -2.79553845	     -2.06482677	    -13.99792221	     21.28632308	    106.94760733	     89.32902230	      4.76688156	    -15.19336361	     29.68704354	    103.43493927	     63.91005750
      8.53333330	     -0.78373382	     -0.93105645	      3.28256047	      1.01979318	      1.08646948	     -0.29027217	      0.36281592	     -5.31727923	     -5.79410508	      4.40301387	     -3.03372097	    -11.69955504	      0.00000000	      1.55511396	    -11.08564278	     -6.32907010	      3.49973422	      2.85089891	     10.28888890	      0.00000000	      3.47457556	     -0.28654665	     -2.46382093	     -2.50372915	    -13.46601099	     21.14467708	    105.36584666	     89.29771142	      3.90725108	    -14.97951200	     29.43255819	    102.67225863	     63.72639400
      8.55000000	     -0.98311181	     -1.25055313	      3.22923774	      1.01703880	      1.07692924	     -0.29009602	      0.86025503	     -4.92104331	     -5.19005935	      4.74548715	     -2.86499367	    -12.19224413	      0.00000000	      1.77011661	    -11.34515736	     -6.60219669	      3.55553861	      3.32396594	     10.31671945	      0.00000000	      3.61069600	      0.11621042	     -2.49502646	     -2.73807414	    -13.62426121	     21.20009127	    104.71942840	     89.26325727	      3.26988429	    -14.42866100	     29.30622759	    102.47151131	     63.47421707
      8.56666670	     -1.15061846	     -0.94755499	      3.15026879	      1.01760175	      1.08637476	     -0.29174730	      0.85663642	     -5.19335594	     -5.97942680	      4.23376235	     -3.30039122	    -12.34018621	      0.00000000	      1.71397087	    -11.02751983	     -6.75020628	      3.08432197	      2.78664686	     10.51064598	      0.00000000	      3.52501543	     -0.21037771	     -2.25465612	     -2.95860213	    -13.30561365	     21.41010610	    103.95618413	     89.26238224	      2.75864981	    -14.11513588	     29.38959036	    102.23274744	     63.39335419
      8.58333330	     -1.19318705	     -1.27657755	      3.20585910	      1.01645582	      1.07886320	     -0.29124460	      1.22214241	     -4.78080886	     -5.68035165	      4.58058167	     -3.10673495	    -12.52524530	      0.00000000	      1.79585498	    -11.25935190	     -6.85468817	      3.16918104	      3.13733152	     10.45189256	      0.00000000	      3.40124044	      0.27740522	     -2.36423579	     -2.76712781	    -13.46556175	     21.26949738	    103.44872324	     89.24135468	      2.49812904	    -13.72440997	     29.49638796	    102.21148511	     63.31733697
      8.60000000	     -1.48761293	     -0.89176143	      3.18187305	      1.01667245	      1.08754658	     -0.29559777	      1.31109072	     -5.29668174	     -5.77204414	      4.06900016	     -3.30865517	    -12.46984013	      0.00000000	      2.02029047	    -10.80356139	     -6.91193193	      2.88373299	      2.70208103	     10.62202561	      0.00000000	      3.36953844	     -0.12020617	     -2.27995204	     -2.83227355	    -13.08373995	     21.49602918	    102.52827670	     89.24474465	      2.19187901	    -13.38831378	     29.59747392	    101.97492994	     63.23570681
      8.61666670	     -1.55417131	     -1.18099103	      3.23680920	      1.01675255	      1.07679207	     -0.29478900	      1.70177640	     -5.01343013	     -5.38336189	      4.46331298	     -3.07509414	    -12.55202885	      0.00000000	      2.09700249	    -10.95461639	     -6.84009084	      2.89264894	      3.08083972	     10.65793437	      0.00000000	      3.31478837	      0.33656475	     -2.47065755	     -2.52802396	    -13.28374506	     21.50281083	    102.44229673	     89.24471082	      2.10750654	    -13.04253580	     29.85239175	    102.11915202	     63.20688081
      8.63333330	     -1.97242129	     -0.81637132	      3.19984282	      1.01698294	      1.08522285	     -0.29617085	      1.92310289	     -5.53273543	     -5.34453008	      3.97084841	     -3.12860548	    -12.47645435	      0.00000000	      2.47436674	    -10.54617248	     -6.98865942	      2.67369455	      2.76110929	     10.86068687	      0.00000000	      3.44432073	      0.07165955	     -2.34012803	     -2.21990677	    -12.97810646	     21.99947210	    101.35032549	     89.26925823	      1.98814520	    -13.15597440	     30.01936699	    102.04156323	     63.10208495
      8.65000000	     -2.17389388	     -1.17105324	      3.23960589	      1.01484653	      1.07523263	     -0.29829225	      2.42464725	     -5.21477785	     -4.84949063	      4.35632934	     -2.85827621	    -12.57353083	      0.00000000	      2.77163809	    -10.76870286	     -6.98826428	      2.80036973	      3.25141380	     10.87388092	      0.00000000	      3.27757801	      0.58878446	     -2.47663175	     -1.67204279	    -13.24545149	     22.21994733	    101.63844925	     89.28438662	      2.06404851	    -12.80204416	     30.20422168	    102.31721599	     63.06119185
      8.66666670	     -2.50656757	     -0.72081864	      3.13795518	      1.01546112	      1.09192442	     -0.29945453	      2.54567112	     -5.82830255	     -4.86275012	      3.85657256	     -3.05993082	    -12.39623881	      0.00000000	      2.96650088	    -10.23905062	     -7.07030100	      2.40636383	      2.70095035	     11.21542256	      0.00000000	      3.25704799	      0.19675200	     -2.34285308	     -1.30765005	    -12.87482843	     22.78560028	    100.89945920	     89.32121938	      1.93645360	    -12.85025656	     30.23625061	    101.96160479	     62.97501158
      8.68333330	     -2.66164432	     -1.08403558	      3.15882654	      1.01738570	      1.07750957	     -0.30091712	      2.97175186	     -5.47658394	     -4.39829904	      4.17275040	     -2.86511255	    -12.45482993	      0.00000000	      3.08628594	    -10.45544774	     -7.12773981	      2.44842136	      3.26649990	     11.26564774	      0.00000000	      3.12633620	      0.77284898	     -2.42770547	     -0.87898051	    -13.12360047	     23.11801311	    101.26584363	     89.34458735	      1.93692181	    -12.51355965	     30.31283129	    102.16096644	     62.94155673
      8.70000000	     -2.93030736	     -0.69537927	      3.07010373	      1.01746855	      1.09015576	     -0.30241141	      2.99643631	     -6.03847499	     -4.43646100	      3.64488433	     -3.01158132	    -12.20451387	      0.00000000	      3.13579461	     -9.99229703	     -7.44777726	      1.98575580	      2.81016771	     11.80038317	      0.00000000	      3.15744742	      0.42927610	     -2.50280472	     -0.36907474	    -12.83095376	     24.13464325	    100.36345390	     89.39080701	      1.63877287	    -12.42786089	     29.70916972	    101.74947191	     62.77977667
      8.71666670	     -3.08192053	     -0.99818107	      3.06554509	      1.01748482	      1.08013658	     -0.30084075	      3.32701739	     -5.70658588	     -4.12291970	      3.76401248	     -3.05232518	    -12.22144020	      0.00000000	      3.18916284	    -10.19374568	     -7.56407931	      1.91876819	      3.19657864	     11.77115419	      0.00000000	      3.02691705	      0.87121508	     -2.48626018	     -0.20852621	    -13.21961965	     24.33950672	    101.15299779	     89.39040675	      1.48961183	    -12.20214997	     29.49741854	    102.21266256	     62.76958689
      8.73333330	     -3.25246335	     -0.63231282	      2.91372189	      1.01939912	      1.09314170	     -0.30531275	      3.35284796	     -6.08674678	     -5.07416514	      3.28425183	     -3.78920955	    -12.25924351	      0.00000000	      3.07917485	     -9.76795438	     -7.89231475	      1.43774011	      2.53490833	     11.97946309	      0.00000000	      2.79883524	      0.50076383	     -2.11805731	     -0.25085238	    -13.01928308	     24.60058894	    100.76052852	     89.38965982	      1.34856916	    -12.09860514	     29.20347316	    102.06038276	     62.75528459
      8.75000000	     -3.22095214	     -0.96171271	      2.74616260	      1.01939953	      1.08216670	     -0.30398575	      3.58183003	     -5.58731811	     -5.41355067	      3.44041750	     -4.19305444	    -12.39813829	      0.00000000	      2.82424505	    -10.00071066	     -8.29460552	      1.30686020	      2.80627835	     12.04701997	      0.00000000	      2.60220382	      0.97761950	     -1.97008275	      0.01846155	    -13.37435866	     24.72576254	    100.86489375	     89.37761113	      1.30615115	    -11.82811916	     28.88919797	    102.17345756	     62.77007155
      8.76666670	     -3.22861701	     -0.61431635	      2.68529989	      1.01920206	      1.09212832	     -0.30485959	      3.34593888	     -6.01931061	     -5.56697393	      2.96454086	     -4.35032408	    -12.27576438	      0.00000000	      2.61551000	     -9.57801805	     -8.50200258	      0.95012665	      2.41186218	     12.28429658	      0.00000000	      2.38092333	      0.63008751	     -1.82243026	      0.12401701	    -13.06820740	     25.11142625	    100.22683552	     89.37117201	      1.20628590	    -11.84208442	     28.43925872	    101.78117714	     62.79896007
      8.78333330	     -3.30695186	     -0.90092085	      2.61992330	      1.01776641	      1.08151039	     -0.30582474	      3.60026055	     -5.74890256	     -5.13896574	      3.14996078	     -4.19380992	    -12.24381925	      0.00000000	      2.56009395	     -9.71247018	     -8.72330665	      0.89503393	      2.96146398	     12.58453725	      0.00000000	      2.21186135	      1.01201850	     -2.04245035	      0.44794149	    -13.53924692	     25.75953143	    100.92893213	     89.36178574	      1.02093609	    -11.58447179	     27.91872264	    102.26449140	     62.97187996
      8.80000000	     -3.36207028	     -0.64882061	      2.47076647	      1.01650629	      1.09150698	     -0.30518633	      3.61950124	     -6.00477779	     -5.63673912	      2.76535178	     -4.41911657	    -12.29117089	      0.00000000	      2.45002411	     -9.45027816	     -8.90155063	      0.57601477	      2.56678800	     12.66565664	      0.00000000	      1.86935488	      0.69988375	     -1.96554578	      0.62455112	    -13.19533885	     25.93969050	    100.31681946	     89.35760290	      1.13272650	    -11.58373524	     27.71351266	    101.92765958	     63.02005086
      8.81666670	     -3.36145014	     -0.93075422	      2.33506445	      1.01693198	      1.08330384	     -0.30375975	      3.88024303	     -5.57941170	     -5.77428876	      2.94041435	     -4.49498694	    -12.36841573	      0.00000000	      2.29180475	     -9.65469283	     -9.00187712	      0.48294068	      2.90194398	     12.67722533	      0.00000000	      1.80010853	      1.05113328	     -2.08826867	      0.94190423	    -13.30194751	     25.94992847	    100.47989699	     89.35671534	      1.23577938	    -11.42617220	     27.70597271	    101.98530625	     63.06724577
      8.83333330	     -3.48906755	     -0.72786069	      2.19093634	      1.01676093	      1.09221470	     -0.30698462	      3.94053392	     -5.74450627	     -6.31967741	      2.55444008	     -4.79603038	    -12.38931514	      0.00000000	      2.36622659	     -9.45384862	     -9.15258915	      0.35130524	      2.55043548	     12.82266516	      0.00000000	      1.50185186	      0.88799220	     -1.95435365	      1.02855219	    -13.12916821	     26.14844044	    100.28933603	     89.36686350	      1.25783709	    -11.43875993	     27.63423105	    101.79629517	     63.10499532
      8.85000000	     -3.49718782	     -1.03579829	      2.16177654	      1.01669561	      1.08328678	     -0.30884139	      4.17212588	     -5.36153112	     -6.60697553	      2.69643447	     -5.06735379	    -12.38936788	      0.00000000	      2.24722662	     -9.63772669	     -9.29163230	      0.20794826	      2.85305101	     12.99861036	      0.00000000	      1.36466858	      1.32841556	     -2.15691214	      1.29203248	    -13.55724664	     26.21499604	    100.64188656	     89.37793487	      1.40142941	    -11.29795093	     27.53125925	    101.86736763	     63.20960287
      8.86666670	     -3.55859191	     -0.82251297	      2.09647726	      1.01806202	      1.09091608	     -0.30774835	      4.16433980	     -5.58759902	     -7.14739666	      2.39235045	     -5.28630584	    -12.37538778	      0.00000000	      2.21901038	     -9.39873283	     -9.31162751	      0.00000000	      2.56972670	     13.15438589	      0.00000000	      1.18317378	      1.17258150	     -1.98554696	      1.27096249	    -13.32808313	     26.33558424	    100.42435880	     89.38717179	      1.43360075	    -11.48803984	     27.32553532	    101.72904212	     63.26210158
      8.88333330	     -3.54690633	     -0.99184547	      2.11211038	      1.01711639	      1.07929067	     -0.30798952	      4.30365403	     -5.37590947	     -7.24755286	      2.44595653	     -5.32189370	    -12.34970339	      0.00000000	      2.19825116	     -9.45379189	     -9.45929986	      0.00000000	      2.84307593	     13.09792138	      0.00000000	      1.17448190	      1.34935897	     -2.22014618	      1.41932478	    -13.55959195	     26.18921894	    100.53839844	     89.38488131	      1.65707214	    -11.49260958	     27.25325996	    101.81157886	     63.29662545
      8.90000000	     -3.58452785	     -0.90347347	      2.10474074	      1.01812969	      1.09060251	     -0.30974518	      4.29804155	     -5.48348592	     -7.84614548	      2.16933723	     -5.50109700	    -12.16255570	      0.00000000	      2.28669445	     -9.39157556	     -9.42534967	      0.00000000	      2.62133265	     13.33046329	      0.00000000	      0.89767617	      1.40962055	     -2.10431182	      1.41090919	    -13.39326484	     26.17564970	    100.33169651	     89.39795486	      1.59694331	    -11.65306306	     27.00829087	    101.62552706	     63.40587850
      8.91666670	     -3.57189461	     -1.13698080	      2.11757281	      1.01878427	      1.07927978	     -0.30850524	      4.33347197	     -5.20564375	     -8.05294624	      2.09547372	     -5.15498541	    -11.69876188	      0.00000000	      2.18477043	     -9.58862851	     -9.48934305	      0.00000000	      3.01182961	     13.44866008	      0.00000000	      0.87266439	      1.72129830	     -2.22856561	      1.42822351	    -13.58347845	     25.91904464	    100.91598046	     89.43177308	      1.47582715	    -11.63088934	     26.70607426	    102.06426117	     63.74428396
      8.93333330	     -3.61898345	     -1.09711750	      2.11908696	      1.01851490	      1.08598876	     -0.30925047	      4.46697391	     -5.13294606	     -7.96863184	      1.90677768	     -5.07294328	    -11.66587046	      0.00000000	      2.26152413	     -9.57127969	     -9.38457941	      0.00000000	      3.02424846	     13.48898318	      0.00000000	      0.60100556	      1.70928180	     -2.23609533	      1.30994768	    -13.65868777	     25.90676485	    100.79044160	     89.43279136	      1.39604589	    -11.74090425	     26.66471218	    101.93126105	     63.75435448
      8.95000000	     -3.41217656	     -1.09391350	      2.28356689	      1.01848244	      1.08653314	     -0.30931250	      4.18287887	     -4.96343471	     -7.66752878	      1.54750346	     -4.29793303	    -11.31933481	      0.00000000	      2.05225522	     -9.62070501	     -9.03393055	      0.00000000	      3.17573818	     13.49955032	      0.00000000	      0.48815220	      1.66838967	     -2.31846325	      1.20270607	    -13.51984938	     25.59578331	    100.11839564	     89.44344282	      1.38504842	    -11.64115522	     26.37335940	    101.22964888	     63.92347643
      8.96666670	     -3.44880814	     -1.08928713	      2.38300831	      1.01505290	      1.08780912	     -0.30961680	      4.35851410	     -4.79454685	     -7.45872166	      1.44177286	     -4.26852185	    -11.17754538	      0.00000000	      2.18870800	     -9.67126616	     -8.83328075	      0.00000000	      3.11049333	     13.60776230	      0.00000000	      0.15847957	      1.62047091	     -2.32394828	      1.14003609	    -13.54780194	     25.58455866	     99.98405478	     89.44453692	      1.37935834	    -11.69068801	     26.33389818	    101.08719078	     63.93857755
      8.98333330	     -3.18706344	     -1.19996551	      2.47525993	      1.01822773	      1.08419281	     -0.30936735	      4.10484559	     -4.46681383	     -7.26963470	      1.29262373	     -3.47393275	    -10.66965819	      0.00000000	      1.93368263	     -9.87360414	     -8.47089013	      0.00000000	      3.03924895	     13.61671246	      0.00000000	     -0.02400974	      1.74917972	     -2.49229498	      1.25567566	    -13.33500243	     25.38011113	     99.45157834	     89.46651013	      1.69892877	    -11.64086162	     26.22799906	    100.26925582	     64.15997444
      9.00000000	     -3.18332775	     -1.18118290	      2.40150392	      1.01785853	      1.08627755	     -0.30899741	      4.22090162	     -4.30936102	     -7.21671870	      1.27601834	     -3.46640590	    -10.59131992	      0.00000000	      1.91074922	     -9.91918303	     -8.31874093	      0.00000000	      2.99953515	     13.69577897	      0.00000000	     -0.12636047	      1.72882038	     -2.48211975	      1.21788017	    -13.31886034	     25.40014251	     99.41972131	     89.46969578	      1.72521905	    -11.65730982	     26.21283918	    100.23162908	     64.17730152
      9.01666670	     -3.02256835	     -1.40188867	      2.41112912	      1.01756476	      1.08727272	     -0.30887205	      4.12338007	     -3.89329105	     -7.12133401	      1.25591733	     -2.97006509	    -10.03807406	      0.00000000	      1.77793459	    -10.23187066	     -8.09932764	      0.00000000	      3.02271684	     13.66417338	      0.00000000	     -0.36026286	      2.03443660	     -2.39269491	      1.25418894	    -13.31585332	     25.30236492	     99.23653818	     89.49402469	      1.90985785	    -11.57722752	     26.14949920	     99.91932575	     64.40383490
      9.03333330	     -2.99785025	     -1.35896338	      2.42402959	      1.01817534	      1.08481617	     -0.30908305	      4.16425981	     -3.80368391	     -7.11553831	      1.24596630	     -2.96864221	    -10.03130565	      0.00000000	      1.75681912	    -10.19249137	     -8.08933263	      0.00000000	      3.02288547	     13.66911117	      0.00000000	     -0.36760428	      2.03396247	     -2.39356389	      1.25210444	    -13.31627001	     25.30259444	     99.23554436	     89.49420524	      1.91459105	    -11.58210908	     26.14638635	     99.91599689	     64.40501058
      9.05000000	     -2.71774795	     -1.61719084	      2.41458598	      1.02042896	      1.08640240	     -0.31035073	      3.94961484	     -3.38543956	     -7.33657198	      1.28742696	     -2.28125192	     -8.86201687	      0.00000000	      1.42076147	    -10.50572506	     -7.61333071	      0.00000000	      3.15666475	     13.56201547	      0.00000000	     -0.79983891	      2.34166517	     -2.26096870	      1.17412575	    -13.39588051	     25.17976609	     99.48872865	     89.58366810	      2.21175403	    -11.54418124	     25.97735166	     99.39168622	     64.99969802
      9.06666670	     -2.72743173	     -1.60833041	      2.44163076	      1.02001305	      1.09139337	     -0.31021772	      4.00168532	     -3.29748086	     -7.32953316	      1.26831673	     -2.27686891	     -8.85779134	      0.00000000	      1.37933858	    -10.44022865	     -7.60977796	      0.00000000	      3.15546144	     13.56469928	      0.00000000	     -0.79974566	      2.34106319	     -2.26330715	      1.16993736	    -13.39720417	     25.17845823	     99.48930966	     89.58382225	      2.20627857	    -11.54651644	     25.97840167	     99.38987642	     65.00107072
      9.08333330	     -2.70688918	     -1.77977748	      2.43525670	      1.02017267	      1.08851741	     -0.31035379	      4.00087145	     -3.04586685	     -7.04858852	      1.20785643	     -2.04534763	     -8.72243317	      0.00000000	      1.27847644	    -10.59016711	     -7.49136611	      0.00000000	      3.15743563	     13.60487043	      0.00000000	     -0.92163881	      2.45287513	     -2.34134091	      1.09383900	    -13.50437383	     25.07291287	     99.41824557	     89.58524518	      2.02743021	    -11.63237856	     26.00499040	     99.27565905	     65.04910022
      9.10000000	     -2.65300866	     -1.97825694	      2.39107745	      1.02015970	      1.08887750	     -0.31028479	      3.97321914	     -2.69342239	     -6.82093767	      1.10835113	     -1.71874859	     -8.57694967	      0.00000000	      1.13212142	    -10.75468938	     -7.42526112	      0.00000000	      3.27842598	     13.57110395	      0.00000000	     -0.99279035	      2.65778410	     -2.42935431	      1.18023438	    -13.53465720	     24.93009344	     99.29482766	     89.58746285	      2.05555268	    -11.53865042	     26.03348282	     99.21691783	     65.11927930
      9.11666670	     -2.64459289	     -1.98214046	      2.40973658	      1.01985074	      1.09218837	     -0.30997695	      4.02246855	     -2.67320232	     -6.81782453	      1.07937200	     -1.71368221	     -8.57338506	      0.00000000	      1.09879192	    -10.73033432	     -7.42406443	      0.00000000	      3.27617048	     13.57166247	      0.00000000	     -0.99412344	      2.66320385	     -2.43046273	      1.17846036	    -13.53314255	     24.92938181	     99.29264018	     89.58757962	      2.04953412	    -11.53538591	     26.03699135	     99.21499249	     65.12047654
      9.13333330	     -2.20284113	     -2.06814367	      2.30933175	      1.02217664	      1.09167931	     -0.31420929	      3.45373675	     -2.60337352	     -6.65895200	      0.89457777	     -1.17823008	     -7.54448451	      0.00000000	      0.52280408	    -10.77748444	     -7.38389741	      0.00000000	      3.20308700	     13.25962004	      0.00000000	     -1.42794779	      2.92818574	     -2.47926168	      1.27895664	    -13.42786917	     24.55695842	     98.71950884	     89.62919044	      1.79271373	    -11.20967706	     26.10634638	     98.80485107	     65.43998492
      9.15000000	     -2.17238995	     -2.00841802	      2.38001583	      1.02367401	      1.09068576	     -0.31247464	      3.29576960	     -2.68473144	     -6.48928178	      0.68855263	     -1.00621214	     -7.40839296	      0.00000000	      0.44711301	    -10.67902159	     -7.41565028	      0.00000000	      3.16935456	     13.20510539	      0.00000000	     -1.38719194	      2.91287438	     -2.63392829	      1.33029701	    -13.58292676	     24.41470906	     98.70062413	     89.63269957	      1.55755663	    -11.04994601	     26.27072898	     98.74342809	     65.49027667
      9.16666670	     -2.18423103	     -2.00328331	      2.40936290	      1.02264730	      1.09101139	     -0.30923845	      3.31417749	     -2.70429205	     -6.48138488	      0.67057162	     -1.00185501	     -7.40259512	      0.00000000	      0.41515463	    -10.69708995	     -7.41633903	      0.00000000	      3.17033309	     13.20253705	      0.00000000	     -1.38629552	      2.91670786	     -2.63801871	      1.32856491	    -13.58756261	     24.41265742	     98.69909337	     89.63282913	      1.55649311	    -11.05071614	     26.27136737	     98.74065622	     65.49130066
      9.18333330	     -2.09293212	     -1.97930186	      2.40881891	      1.02280575	      1.09285928	     -0.30941023	      3.01119262	     -2.63060300	     -5.93079750	      0.22090345	     -0.75521508	     -6.92272429	      0.00000000	      0.28017010	    -10.68735396	     -7.46578732	      0.00000000	      3.13609155	     13.05523387	      0.00000000	     -1.40323453	      2.79922723	     -2.77433938	      1.32479512	    -13.50840327	     24.38921474	     98.54910516	     89.65179881	      1.66787248	    -11.39128811	     26.28441153	     98.47532012	     65.57042205
      9.20000000	     -2.08783818	     -1.98864159	      2.43980207	      1.02304284	      1.09346534	     -0.30880549	      3.03804184	     -2.55622186	     -5.81353168	      0.16916555	     -0.70794432	     -6.81136504	      0.00000000	      0.29021658	    -10.74005829	     -7.44459596	      0.00000000	      3.12228270	     13.04710738	      0.00000000	     -1.59192696	      2.71777118	     -2.73409965	      1.27013284	    -13.46922727	     24.42940389	     98.45325422	     89.65845637	      1.57318928	    -11.39918012	     26.33137937	     98.39437723	     65.58957071
      9.21666670	     -1.82839239	     -1.90086310	      2.26846654	      1.02366843	      1.09556551	     -0.30647527	      2.74550785	     -2.53902207	     -5.41037041	      0.00000000	     -0.27892853	     -5.95230567	      0.00000000	     -0.03281358	    -10.71115194	     -7.60906386	      0.00000000	      2.93296088	     12.87748346	      0.00000000	     -1.86690211	      2.60085899	     -2.56788415	      1.37040378	    -13.17895645	     24.42673636	     97.68885984	     89.71186623	      1.67421747	    -11.53783266	     26.43221913	     97.98681930	     65.78332102
      9.23333330	     -1.81027240	     -1.89359342	      2.29508329	      1.02261269	      1.09107351	     -0.30883288	      2.79172303	     -2.51502652	     -5.40104002	      0.00000000	     -0.27765986	     -5.94365259	      0.00000000	     -0.07342411	    -10.70360995	     -7.60782449	      0.00000000	      2.93187679	     12.88063066	      0.00000000	     -1.87265150	      2.59639931	     -2.56359076	      1.36512563	    -13.17513877	     24.42997883	     97.68603592	     89.71237728	      1.66995682	    -11.53894071	     26.43305400	     97.98634807	     65.78457922
      9.25000000	     -1.84466769	     -1.94218578	      2.28808440	      1.02227137	      1.09117690	     -0.30903656	      2.89976952	     -2.43916210	     -5.08858670	      0.00000000	     -0.17080369	     -5.65969877	      0.00000000	     -0.00740514	    -10.77304020	     -7.41707915	      0.00000000	      2.96998770	     13.02195084	      0.00000000	     -2.02103208	      2.66378469	     -2.59394941	      1.29369423	    -13.17108238	     24.42865526	     97.62395032	     89.72346680	      1.66230220	    -11.40758622	     26.49182907	     98.04545610	     65.82803924
      9.26666670	     -1.82594117	     -2.00017550	      2.24386083	      1.02591849	      1.09020423	     -0.30722248	      2.88827659	     -2.32848352	     -4.86820578	      0.00000000	      0.04746519	     -5.41092953	      0.00000000	     -0.06939130	    -10.85731262	     -7.43536643	      0.00000000	      3.05696240	     13.05790963	      0.00000000	     -2.06888669	      2.73097890	     -2.53488795	      1.01697130	    -13.06058878	     24.53207142	     97.54574891	     89.74278983	      1.51048763	    -11.38773079	     26.53731483	     98.09472341	     65.87758202
      9.28333330	     -1.82333777	     -1.98872857	      2.25763579	      1.02530972	      1.09030872	     -0.30746485	      2.89932310	     -2.31842167	     -4.85795169	      0.00000000	      0.05241367	     -5.40225518	      0.00000000	     -0.07770132	    -10.86384439	     -7.43888389	      0.00000000	      3.06016733	     13.05732514	      0.00000000	     -2.06969814	      2.73438686	     -2.53080289	      1.01066099	    -13.05935750	     24.53496853	     97.54348690	     89.74325314	      1.50544558	    -11.38810413	     26.53819708	     98.09627447	     65.87872903
      9.30000000	     -1.81100152	     -2.14258989	      2.08073459	      1.02618952	      1.08783768	     -0.30699327	      2.88710887	     -2.12552289	     -4.45210395	      0.00000000	      0.65210071	     -4.80155494	      0.00000000	     -0.18750824	    -11.09244284	     -7.61673498	      0.00000000	      3.27190157	     13.08636798	      0.00000000	     -2.03407766	      2.99013310	     -2.23349767	      0.76821975	    -13.08512500	     24.70400272	     97.47612682	     89.78743873	      1.34358145	    -11.38451451	     26.64234783	     98.38735733	     66.00643017
      9.31666670	     -1.85743648	     -2.16142294	      2.11572078	      1.02467430	      1.09253942	     -0.30399588	      2.95187852	     -2.06225547	     -4.37138181	      0.00000000	      0.65267434	     -4.67524860	      0.00000000	     -0.11475212	    -11.16833105	     -7.59728756	      0.00000000	      3.25586393	     13.12348626	      0.00000000	     -2.19058975	      2.94309533	     -2.20003220	      0.66040672	    -13.07448713	     24.76492698	     97.42253832	     89.79473561	      1.33642061	    -11.46877424	     26.62218092	     98.35003816	     66.02115721
      9.33333330	     -1.85464025	     -2.19018837	      2.08955813	      1.02606660	      1.08792889	     -0.30739434	      2.96568097	     -2.07715799	     -4.15834806	      0.00000000	      0.74154605	     -4.49184619	      0.00000000	     -0.16477058	    -11.19924683	     -7.55922356	      0.00000000	      3.23206871	     13.17076376	      0.00000000	     -2.17455104	      3.03863502	     -2.30901029	      0.52594470	    -13.08035520	     24.84858230	     97.39698067	     89.80562213	      1.55396382	    -11.53784285	     26.60248283	     98.38711522	     66.04587579
      9.35000000	     -1.85460784	     -2.23032335	      2.19634555	      1.02630259	      1.08727636	     -0.30755957	      2.97259681	     -2.00018635	     -4.06513519	      0.00000000	      0.81229262	     -4.41798504	      0.00000000	     -0.12955967	    -11.24568403	     -7.57424535	      0.00000000	      3.26840338	     13.16380761	      0.00000000	     -2.20627455	      3.01258058	     -2.26824818	      0.55203638	    -13.08509804	     24.88380321	     97.40987010	     89.81102942	      1.53634447	    -11.53737105	     26.64205035	     98.39284421	     66.05880489
      9.36666670	     -1.80263893	     -2.37038571	      1.97916249	      1.02669531	      1.08960211	     -0.30705893	      2.97505137	     -1.83320428	     -4.05694176	      0.00000000	      1.57992083	     -3.11136424	      0.00000000	     -0.27142966	    -11.43257984	     -7.76722940	      0.00000000	      3.36421002	     13.16920762	      0.00000000	     -2.37829420	      3.24091075	     -2.03571595	      0.62524304	    -13.52335050	     25.59527645	     97.61950949	     89.95020347	      1.74774811	    -11.58441350	     27.29235455	     98.41661060	     66.42550764
      9.38333330	     -1.81486099	     -2.35857820	      1.99719495	      1.02888205	      1.08850036	     -0.30676114	      2.99043890	     -1.82565798	     -4.05079439	      0.00000000	      1.58347878	     -3.10803609	      0.00000000	     -0.29913178	    -11.44182923	     -7.76329614	      0.00000000	      3.36050117	     13.17075108	      0.00000000	     -2.38772701	      3.24365214	     -2.03513900	      0.62312423	    -13.52494228	     25.59506857	     97.61683561	     89.95038779	      1.74649102	    -11.58615467	     27.29126797	     98.41391169	     66.42643208
      9.40000000	     -1.82515680	     -2.34537863	      2.01895145	      1.02943520	      1.08723962	     -0.30654941	      3.00665686	     -1.82206261	     -4.04011936	      0.00000000	      1.59015161	     -3.10317290	      0.00000000	     -0.33298719	    -11.45927089	     -7.76160464	      0.00000000	      3.36017604	     13.17006503	      0.00000000	     -2.39308655	      3.24910715	     -2.03578826	      0.61421934	    -13.52745417	     25.59710621	     97.61334482	     89.95063910	      1.73873924	    -11.58569542	     27.29346688	     98.41137221	     66.42739228
      9.41666670	     -1.78472039	     -2.47148033	      1.95948958	      1.02844752	      1.08930556	     -0.30300892	      2.97273689	     -1.61385239	     -3.74680238	      0.00000000	      2.04564605	     -2.94044153	      0.00000000	     -0.42035048	    -11.65815118	     -7.64433496	      0.00000000	      3.38487891	     13.15447108	      0.00000000	     -2.42489132	      3.45814858	     -1.95014825	      0.44364856	    -13.53367614	     25.66953335	     97.56659098	     89.96148934	      1.45325818	    -11.56570587	     27.37032752	     98.33929492	     66.47623150
      9.43333330	     -1.78603545	     -2.48949343	      2.03596938	      1.02996654	      1.08959218	     -0.30119561	      3.00476767	     -1.52071069	     -3.73291278	      0.00000000	      2.12402453	     -2.91173933	      0.00000000	     -0.40573609	    -11.73867488	     -7.68202302	      0.00000000	      3.39723424	     13.12128577	      0.00000000	     -2.45328712	      3.40517894	     -1.89028267	      0.49653361	    -13.50151107	     25.67912942	     97.58468087	     89.96345305	      1.43043422	    -11.58053309	     27.37027379	     98.31081907	     66.48596678
      9.45000000	     -1.76904186	     -2.59647159	      2.00257825	      1.03264607	      1.08716519	     -0.30063193	      2.98372201	     -1.29871054	     -3.63343706	      0.00000000	      2.61050528	     -2.77565079	      0.00000000	     -0.55252739	    -11.88708427	     -7.77773356	      0.00000000	      3.42468804	     13.02700364	      0.00000000	     -2.42749149	      3.53859027	     -1.87965057	      0.45241061	    -13.46316680	     25.71203475	     97.65104269	     89.96884081	      1.32012737	    -11.64055190	     27.43517699	     98.25196937	     66.54340167
      9.46666670	     -1.77502667	     -2.62347089	      2.05637063	      1.03240247	      1.08883252	     -0.30114186	      2.96557188	     -1.17669000	     -3.58297596	      0.00000000	      2.66323475	     -2.71955307	      0.00000000	     -0.58360415	    -11.96832683	     -7.79361802	      0.00000000	      3.41681540	     13.01540057	      0.00000000	     -2.40317619	      3.44873174	     -1.89513129	      0.49342219	    -13.48284994	     25.69273106	     97.70618651	     89.96921333	      1.29556124	    -11.63538676	     27.45705466	     98.24015952	     66.55448896
      9.48333330	     -1.81190346	     -2.60744191	      2.05030071	      1.03535422	      1.09140808	     -0.30264847	      2.95866206	     -1.15927987	     -3.57942158	      0.00000000	      2.67345139	     -2.71462491	      0.00000000	     -0.61118051	    -11.98801754	     -7.79319092	      0.00000000	      3.41085455	     13.01567832	      0.00000000	     -2.40478596	      3.44513299	     -1.90153722	      0.49148543	    -13.48535582	     25.69085167	     97.71428664	     89.96919885	      1.29387371	    -11.64296805	     27.45643693	     98.23526457	     66.55569811
      9.50000000	     -1.68748708	     -2.68436605	      1.96797398	      1.03623741	      1.08984267	     -0.30262440	      2.76193524	     -1.05678842	     -4.04976797	      0.00000000	      3.29836347	     -1.66818020	      0.00000000	     -0.87091362	    -12.15375983	     -7.84418610	      0.00000000	      3.41053039	     13.25449693	      0.00000000	     -2.48272792	      3.54080973	     -1.87856207	      0.19977409	    -13.81897325	     25.66471467	     98.65371854	     89.95875273	      1.12456490	    -11.72747949	     27.43085103	     98.11903601	     66.84123770
      9.51666670	     -1.69900409	     -2.67221715	      1.92419041	      1.03527343	      1.09114725	     -0.30274001	      2.76202964	     -1.06762525	     -4.06565777	      0.00000000	      3.30720891	     -1.67264457	      0.00000000	     -0.89625243	    -12.15960847	     -7.83813085	      0.00000000	      3.40691196	     13.25794511	      0.00000000	     -2.47071755	      3.54281675	     -1.88759426	      0.19368630	    -13.82670937	     25.66020794	     98.65238623	     89.95844332	      1.11937411	    -11.73284258	     27.43572993	     98.11842290	     66.84360366
      9.53333330	     -1.69804480	     -2.54628356	      1.74166995	      1.03680507	      1.09103364	     -0.30590113	      2.75025611	     -1.27382856	     -4.23271442	      0.00000000	      3.40744168	     -1.68768471	      0.00000000	     -1.02817447	    -11.97643658	     -7.91813799	      0.00000000	      3.41627326	     13.21910763	      0.00000000	     -2.40717962	      3.55528808	     -1.86242646	      0.07499944	    -14.00825056	     25.63811822	     98.58754225	     89.95591611	      0.96050089	    -11.87614250	     27.45171049	     98.04727754	     66.86688294
      9.55000000	     -1.72079825	     -2.53475634	      1.56953642	      1.03561647	      1.08997875	     -0.30182114	      2.80718763	     -1.27733815	     -4.26634200	      0.00000000	      3.42010878	     -1.67843913	      0.00000000	     -1.11066544	    -12.00489529	     -7.85100937	      0.00000000	      3.41140185	     13.25050107	      0.00000000	     -2.39592168	      3.49208114	     -1.89224199	      0.04276801	    -14.02910216	     25.64575939	     98.58665867	     89.95611340	      1.00418309	    -11.93083700	     27.42834811	     98.02517663	     66.87141371
      9.56666670	     -1.76387090	     -2.51279144	      1.58984094	      1.03594276	      1.08829882	     -0.30170309	      2.70279702	     -1.39900507	     -4.20920451	      0.00000000	      3.36476843	     -1.55671061	      0.00000000	     -1.25023250	    -11.86659147	     -7.82467770	      0.00000000	      3.34058846	     13.28490483	      0.00000000	     -2.20069979	      3.49130525	     -1.90371086	      0.04816366	    -14.07163554	     25.65668870	     98.61433884	     89.95686007	      1.12521746	    -12.12498195	     27.36678454	     97.98008929	     66.88373726
      9.58333330	     -1.78081569	     -2.48483186	      1.41075374	      1.03846045	      1.08701637	     -0.30330407	      2.74270768	     -1.43305570	     -4.21011258	      0.00000000	      3.35095718	     -1.52777022	      0.00000000	     -1.29207999	    -11.95213876	     -7.70027099	      0.00000000	      3.32664524	     13.34257607	      0.00000000	     -2.20999272	      3.42213581	     -1.91641327	      0.05157793	    -14.09815892	     25.66505524	     98.63175637	     89.95742952	      1.14281138	    -12.19009693	     27.36392122	     97.94366772	     66.88913967
      9.60000000	     -1.82335061	     -2.43580633	      1.40734206	      1.03900609	      1.09030319	     -0.30348248	      2.77192616	     -1.49322587	     -3.99616233	      0.00000000	      3.14296926	     -1.27695249	      0.00000000	     -1.23617205	    -11.98166970	     -7.18958295	      0.00000000	      3.02027226	     13.67222255	      0.00000000	     -2.17296149	      3.38986945	     -1.88915430	      0.09690360	    -14.17927725	     25.72184323	     98.67645301	     89.96094857	      1.16367417	    -12.34689260	     27.39853345	     97.79172030	     66.90974812
      9.61666670	     -1.91230869	     -2.60411439	      1.42938384	      1.04095938	      1.09018402	     -0.29863640	      2.90819791	     -1.30386264	     -3.67913327	      0.00000000	      3.68560498	     -1.10130896	      0.00000000	     -1.17540976	    -12.18428471	     -6.74156957	      0.00000000	      3.24568988	     13.75785233	      0.00000000	     -2.08697534	      3.71749886	     -2.03872297	      0.31805872	    -14.45209455	     25.68279119	     98.61856526	     89.95384237	      1.31522215	    -12.41266075	     27.62882205	     97.35149979	     66.98183876
