DataType=double
version=3
OpenSimVersion=4.6-2026-07-14-eaf7a98b4
endheader
time	/jointset/ground_pelvis/pelvis_tilt/value	/jointset/ground_pelvis/pelvis_tilt/speed	/jointset/ground_pelvis/pelvis_list/value	/jointset/ground_pelvis/pelvis_list/speed	/jointset/ground_pelvis/pelvis_rotation/value	/jointset/ground_pelvis/pelvis_rotation/speed	/jointset/ground_pelvis/pelvis_tx/value	/jointset/ground_pelvis/pelvis_tx/speed	/jointset/ground_pelvis/pelvis_ty/value	/jointset/ground_pelvis/pelvis_ty/speed	/jointset/ground_pelvis/pelvis_tz/value	/jointset/ground_pelvis/pelvis_tz/speed	/jointset/hip_r/hip_flexion_r/value	/jointset/hip_r/hip_flexion_r/speed	/jointset/hip_r/hip_adduction_r/value	/jointset/hip_r/hip_adduction_r/speed	/jointset/hip_r/hip_rotation_r/value	/jointset/hip_r/hip_rotation_r/speed	/jointset/walker_knee_r/knee_angle_r/value	/jointset/walker_knee_r/knee_angle_r/speed	/jointset/patellofemoral_r/knee_angle_r_beta/value	/jointset/patellofemoral_r/knee_angle_r_beta/speed	/jointset/ankle_r/ankle_angle_r/value	/jointset/ankle_r/ankle_angle_r/speed	/jointset/subtalar_r/subtalar_angle_r/value	/jointset/subtalar_r/subtalar_angle_r/speed	/jointset/mtp_r/mtp_angle_r/value	/jointset/mtp_r/mtp_angle_r/speed	/jointset/hip_l/hip_flexion_l/value	/jointset/hip_l/hip_flexion_l/speed	/jointset/hip_l/hip_adduction_l/value	/jointset/hip_l/hip_adduction_l/speed	/jointset/hip_l/hip_rotation_l/value	/jointset/hip_l/hip_rotation_l/speed	/jointset/walker_knee_l/knee_angle_l/value	/jointset/walker_knee_l/knee_angle_l/speed	/jointset/patellofemoral_l/knee_angle_l_beta/value	/jointset/patellofemoral_l/knee_angle_l_beta/speed	/jointset/back/lumbar_extension/value	/jointset/back/lumbar_extension/speed	/jointset/back/lumbar_bending/value	/jointset/back/lumbar_bending/speed	/jointset/back/lumbar_rotation/value	/jointset/back/lumbar_rotation/speed	/jointset/acromial_r/arm_flex_r/value	/jointset/acromial_r/arm_flex_r/speed	/jointset/acromial_r/arm_add_r/value	/jointset/acromial_r/arm_add_r/speed	/jointset/acromial_r/arm_rot_r/value	/jointset/acromial_r/arm_rot_r/speed	/jointset/elbow_r/elbow_flex_r/value	/jointset/elbow_r/elbow_flex_r/speed	/jointset/radioulnar_r/pro_sup_r/value	/jointset/radioulnar_r/pro_sup_r/speed	/jointset/acromial_l/arm_flex_l/value	/jointset/acromial_l/arm_flex_l/speed	/jointset/acromial_l/arm_add_l/value	/jointset/acromial_l/arm_add_l/speed	/jointset/acromial_l/arm_rot_l/value	/jointset/acromial_l/arm_rot_l/speed	/jointset/elbow_l/elbow_flex_l/value	/jointset/elbow_l/elbow_flex_l/speed	/jointset/radioulnar_l/pro_sup_l/value	/jointset/radioulnar_l/pro_sup_l/speed
0	-1.10875726190587	16.84804802086424	0.238345540604369	1.787420863100806	-0.1424614712767544	3.010749582951227	-4.354903700455595	0.9074044840935455	0.9606056978842085	1.227262829082737	-0.7368562096883208	-0.01671190481436802	1.2087131536184	-17.1338020146188	-0.1531161375048884	-2.038084311752044	0.02187923138627331	8.958156052892742	0.9962348585654969	3.243960360289524	0	0	0.2273066057076558	-22.00110606957077	-0.08873628835543942	2.707748345350402	-0.1293013823646587	0.007711359264882741	0.8383589913741691	-3.076228548141029	-0.1425570797661047	1.509574281679545	-0.2696158336706971	0.6028365226781059	1.314766079758723	15.67302213614396	0	0	-0.8642092143104898	-13.14765733577963	-0.1407707013943564	0.09738682240333374	0.266551140824186	1.110724250004848	1.144664667238966	-14.38520463179471	-0.606648501872827	-7.299926150364762	0.4251768483890508	-7.047071072645544	0.6096657935844181	12.90392733353656	1.110700297409829	5.92888618565258	0.2501407483292958	6.699060010211006	-0.2438678326629051	4.14514486431925	0.3559411950615233	6.955034728372146	1.122296790826983	-29.76083361086812	1.086464228079554	-6.29695545251796
0.0041667	-1.042691918756863	14.88086010554223	0.2454370398021205	1.617862127873444	-0.1303944813182041	2.783493613933444	-4.351209101882139	0.866970056809073	0.9653325497299593	1.043354072896228	-0.7369998322511954	-0.05182343633186037	1.141644058725819	-15.08050763777949	-0.1618344186251591	-2.144538086073777	0.05652298071151549	7.682741993069871	1.009536532556046	3.137908766272255	0	0	0.1423107644485616	-18.8281673950136	-0.07812805932342715	2.387065067266827	-0.129276168893197	0.00442753508883744	0.8276992993480718	-2.04984799702786	-0.1366803388585336	1.313256219914076	-0.2666075666279363	0.8374282840714823	1.376771402830964	14.10081739283984	0	0	-0.9149003064464621	-11.20136859162076	-0.1402535302810768	0.1496690458122059	0.2701121061472855	0.6042747740207167	1.087400524861458	-13.10722297723186	-0.635134264279978	-6.383721029934525	0.397148979670765	-6.40988270834984	0.661257623313819	11.87180455763157	1.134717121625807	5.601568421125234	0.2740257235491341	4.780987936693109	-0.2290338162580472	2.987847586414336	0.3850138430174702	6.989290032817708	1.003266461785926	-27.38744449481859	1.060733792603799	-6.053840370827095
0.0083333	-0.9846020939654245	13.02049818086834	0.2518392756818763	1.456650804812402	-0.1192479760763104	2.569048759909764	-4.347670796921297	0.8324248646940672	0.9693148492307964	0.8699263552253205	-0.7372847088213624	-0.08451658704886211	1.082864218347305	-13.15566780026901	-0.1709695483726905	-2.238275391400798	0.08600220803354353	6.479544348875724	1.022359978239555	3.014560474964513	0	0	0.07014223756862216	-15.84487429557085	-0.06881992674028263	2.083814133370085	-0.1292641817036781	0.001362931061275641	0.8211980179256737	-1.080281867569761	-0.1315964912158655	1.129047028770475	-0.2626680792253618	1.049864279992891	1.432368593685525	12.5977832103797	0	0	-0.9576995674434672	-9.360100905087432	-0.1395333379334249	0.1948445888331882	0.2716347025677452	0.1323322684997894	1.035389294994569	-11.86442569064801	-0.6599343053804442	-5.53107926663273	0.3717306075426972	-5.794815374868424	0.7086959638289142	10.91081438512392	1.157400472338491	5.289085220244284	0.2901102683776541	2.955067934370005	-0.2188630806059738	1.906904567027909	0.4140980926682846	6.960939051446572	0.893950626186736	-25.09917271013513	1.03601335596624	-5.812444656547815
0.0125	-0.9340400769201528	11.26687294804139	0.2575873203185117	1.303779155650363	-0.1089680623092811	2.367404727362497	-4.344264080706413	0.8037672495527747	0.9725964411909207	0.7069713514063721	-0.7377007797558155	-0.1147929262617191	1.031835776245237	-11.35919010829685	-0.1804689893271289	-2.319300727195756	0.1106191097880061	5.34850536589931	1.034633729244194	2.873909565553586	0	0	0.01000766936089417	-13.05108357088254	-0.06073883936662669	1.797980987382445	-0.1292645071098875	-0.001482599921149897	0.8186182052417426	-0.1674836198478814	-0.1272548576031318	0.9569378660660902	-0.2578894768100801	1.24015470753329	1.481848381394627	11.16384744196844	0	0	-0.9930464553092951	-7.623765893916589	-0.1386396964322715	0.2329156199270415	0.2712627350199535	-0.3051259201606569	0.9884820038077906	-10.6567531168189	-0.6813145776510733	-4.741959932999905	0.348828402449455	-5.201839548496907	0.7522793819534161	10.02091068774728	1.178813217799177	4.991421583576103	0.2987789392537506	1.221212357679257	-0.2130371028557669	0.9022639200648614	0.4429344777209072	6.869980423389859	0.7939896100688307	-22.89590841801464	1.01229459167601	-5.572756722500429
0.0166667	-0.8905624245556476	9.620030337843195	0.2627157773835519	1.159251149643903	-0.09950165909859054	2.17856681672272	-4.34096450441854	0.7809981111442279	0.975220875798555	0.5544933494942208	-0.7382379663534825	-0.1426516403109907	0.9880251950118538	-9.691122299664547	-0.1902795500616625	-2.387611691156084	0.130673705124985	4.289654787600052	1.046285388430233	2.715958790849103	0	0	-0.03888096471436096	-10.44686909602546	-0.05381243001537453	1.529573116544401	-0.1292762324255003	-0.00410898167699664	0.8197234317509131	0.6885227946818152	-0.1236051331310942	0.7969332981462234	-0.2523641394160804	1.408294202338134	1.525497422000295	9.799046990620793	0	0	-1.021377262263341	-5.992409008967208	-0.1376022279872562	0.2638809695958903	0.2691398777990947	-0.7080880512098814	0.9465334818438389	-9.48423550521283	-0.6995392100698082	-4.016384255283555	0.3283508940838495	-4.630970256363774	0.7923029861784449	9.202117382952707	1.199016578519276	4.708585188762981	0.3004150501205161	-0.4205338652945148	-0.2112381407849939	-0.02604749548380526	0.4712614316696737	6.716414077795408	0.7030317183743519	-20.7777075586117	0.9895709650837143	-5.334782382837759
0.0208333	-0.8537250137170203	8.080006030067285	0.2672593100280959	1.023069955071068	-0.09079560742979306	2.002539099051019	-4.337747608953432	0.7641177839416218	0.9772317663281451	0.4124956317656033	-0.7388861782863496	-0.1680921476259999	0.9508982443344499	-8.151499784997384	-0.2003480092823987	-2.443207101541825	0.1464664511698464	3.30301542744754	1.057242618377915	2.540712564424522	0	0	-0.07731276879144408	-8.032286547011207	-0.04796822065190311	1.278596335293451	-0.1292984438698151	-0.006516159062852281	0.8242769141490106	1.487718876503005	-0.1205969464881666	0.6490367293313435	-0.2461845187629065	1.554279526512648	1.563602931288438	8.503412122453939	0	0	-1.043128954059338	-4.466065623339218	-0.1364505686152117	0.287740150477726	0.2654099732834083	-1.076545695472311	0.9093980836102478	-8.346899730468955	-0.7148726345517759	-3.354367359625621	0.3102063793710645	-4.082220403399925	0.8290622267324699	8.454451561689128	1.218071891109511	4.440582290051926	0.2954025900373519	-1.970134648840852	-0.2131480655831288	-0.8780101481307172	0.4988174369136207	6.500245954067795	0.6207243917575965	-18.74461790610565	0.9678358460080753	-5.098527287209841
0.025	-0.8230811539250613	6.646726102364135	0.2712529011078364	0.8952290351299306	-0.08279613120474202	1.839313124881756	-4.33458870487234	0.7531254576762619	0.9786728629547468	0.2809713822210132	-0.7396353733517868	-0.1911156693706353	0.9199181073307401	-6.740248661232217	-0.2106218743695152	-2.486089626975376	0.1582988873966263	2.388539925994735	1.067433863135623	2.348162474326379	0	0	-0.1060794791886939	-5.807220022022989	-0.04313332630780807	1.045038596551339	-0.1293302293981786	-0.008704247625079613	0.832042241207956	2.230142987641416	-0.1181797180727027	0.5132410604725601	-0.239442612669548	1.678117687464514	1.596454798717127	7.27688064599915	0	0	-1.058739978405589	-3.044662471377863	-0.1352142696862603	0.304494307831556	0.2602165742832041	-1.410516539197851	0.8769275493278534	-7.244691199596604	-0.7275803491689563	-2.755877468706678	0.2943018779064501	-3.555563649190975	0.8628551578342036	7.777877335422905	1.236041849672558	4.187400023097964	0.2841251027707147	-3.42766437498748	-0.2184489342802335	-1.65366493273752	0.5253429538027843	6.221465675971066	0.5467092526871559	-16.79654187063174	0.9470810512557611	-4.863980095190644
0.0291667	-0.7981868760310098	5.320228797289739	0.2747312001554264	0.7757317583443726	-0.0754500890121861	1.688893272619983	-4.331463334759099	0.7480216081436396	0.9795877647526939	0.1599241345832193	-0.740475463765893	-0.2117215659516852	0.8945507076539667	-5.457407420806907	-0.2210479295887941	-2.516257780574299	0.166471372264387	1.546252829219089	1.07678676775856	2.138312518934688	0	0	-0.1259699585763611	-3.771729746866013	-0.03923529404674689	0.8289061329588256	-0.1293706754706132	-0.01067318696072835	0.8427827095451009	2.915775265587635	-0.1163030913631284	0.3895499863982948	-0.2322308582566661	1.779804915680824	1.624340110505677	6.119484486607972	0	0	-1.068647148417827	-1.728237445637972	-0.1339229648312594	0.3141427837603812	0.2537034863300732	-1.709991325312169	0.8489763472404978	-6.177637630947295	-0.7379267196331986	-2.220931233704213	0.2805457414914927	-3.051013429220409	0.8939771549437403	7.172413501738752	1.252987764018207	3.949044997999067	0.2669664224162088	-4.793084747417125	-0.2268227032640922	-2.352990485929938	0.5505764431188699	5.880077680336599	0.4806339451311726	-14.93352926787538	0.9272999742715725	-4.631146497556158
0.0333333	-0.7785976589339693	4.100542106411814	0.2777289061708614	0.6645806922597447	-0.06870427671208504	1.551282691300263	-4.328347037978322	0.748806145853416	0.9800201213103158	0.04935641679689046	-0.7413963530189356	-0.2299094298647005	0.8742614301421319	-4.303002228983069	-0.2315729445959691	-2.533711296018762	0.1712846155826022	0.776171753108213	1.085229057781454	1.91116835739327	0	0	-0.1377739217309442	-1.925857748280256	-0.03620158099487618	0.6302035043536681	-0.1294188677157406	-0.01242293770487785	0.8562613301682329	3.54460129977192	-0.1149166579408323	0.2779660399121365	-0.2246417377497288	1.859339568108444	1.647546429656067	5.031248932734408	0	0	-1.073287824774132	-0.5168183609153226	-0.1326062929615618	0.3166856025030703	0.2460146416439721	-1.974964108316101	0.8253985117422054	-5.145763368043407	-0.7461763383422165	-1.749539205690144	0.2688461156875211	-2.568581056774133	0.9227238499272461	6.638072031719245	1.268971042263115	3.725522401457904	0.2443109476560703	-6.066366312186697	-0.2379510339281917	-2.975972771837334	0.5742564896764941	5.476092414252514	0.4221453508446342	-13.15562174754676	0.9084859150247118	-4.400032020579607
0.0375	-0.7638676400812762	2.987607483832469	0.2802809278089683	0.5617705015395101	-0.06250501229928726	1.426474775509005	-4.325215129920073	0.7554791084639776	0.9800136070318252	-0.05073707847334155	-0.7423880119970045	-0.2456801341411171	0.8585142661341929	-3.276977673424904	-0.2421444486862463	-2.538451011090908	0.1730396298007447	0.07825973317902282	1.092689056533641	1.666719086607917	0	0	-0.1422818268139669	-0.2695154229921411	-0.03395943708977297	0.4489211728570877	-0.1294738953360057	-0.01395358384690752	0.8722421202627617	4.116651274326856	-0.1139699160495681	0.1784838648989554	-0.2167671813106505	1.916725462471776	1.666362930453799	4.012121748236093	0	0	-1.073099633840926	0.589652931836533	-0.1312937975265626	0.3121228861168764	0.2372934030030419	-2.205447607106734	0.8060464338272357	-4.149018880127823	-0.752594363339872	-1.341678757485089	0.2591103294495026	-2.108243374727753	0.9493929123950926	6.174827276563446	1.284054231049952	3.516821504218173	0.2165413753785012	-7.247570187789196	-0.2515164257931548	-3.522641694087887	0.5961233677766983	5.009490486115771	0.3708862356135765	-11.46273396871943	0.8906308305349616	-4.170625570588598
0.0416667	-0.7535524203436307	1.981455483881868	0.2824219529543695	0.467303953974855	-0.05679910539514098	1.314472981625237	-4.322043149870514	0.7680405478072958	0.9796118604485144	-0.1403535718367768	-0.7434403460091975	-0.2590332132539486	0.846774715911442	-2.379363001206583	-0.2527092132607529	-2.530476354328427	0.1720370477183324	-0.5474638820730128	1.099094466834887	1.404969950529018	0	0	-0.1402832040102975	1.197250652464744	-0.03243633932833365	0.2850641165101029	-0.1295348441350097	-0.01526508076235838	0.8904881537205878	4.631909415689604	-0.1134124684293871	0.09110628467029137	-0.2086996632112429	1.951960424099552	1.681077067074687	3.062129880801388	0	0	-1.068519815151475	1.591146098366932	-0.1300151171833266	0.300454488305678	0.2276836761293251	-2.401435048286145	0.7907742510795166	-3.187429354435275	-0.7574453398835451	-0.9973619651965117	0.2512465765831612	-1.670012226919753	0.9742799207780173	5.78269291398971	1.298298716142579	3.322947848833502	0.1840419769345253	-8.336664709674722	-0.2672006025521922	-3.992981384924061	0.615915621834603	4.480280840441292	0.3265036589880063	-9.854909622609659	0.8737280438835278	-3.942932714982295
0.0458333	-0.7472071767769517	1.082106409901928	0.2841867089467979	0.3811830163784333	-0.05153331825933653	1.215279536657496	-4.318806640962663	0.7864899504294495	0.9788585580334466	-0.2194912896808157	-0.7445432545398903	-0.2699684337649683	0.8385078950296345	-1.610175132226068	-0.2632140103676006	-2.509787974831609	0.1685777668604219	-1.100986674142255	1.104373092744033	1.125927853870758	0	0	-0.1325682081227367	2.474412100622003	-0.03155969567999119	0.1386356405507378	-0.1296007993479283	-0.01635740486480132	0.9107622869732926	5.090365402236981	-0.1131938804486135	0.01583496051285453	-0.2005316762473786	1.965044404780278	1.691976687515991	2.181293641221107	0	0	-1.059986029829405	2.487640882184246	-0.128799887342715	0.2816809449092206	0.2173294520385404	-2.56292297003158	0.779435709418523	-2.261016603371366	-0.7609939636651614	-0.7165948048263024	0.2451628711815333	-1.253897334991045	0.9976806245815548	5.461675795214274	1.311765963819284	3.143905554462231	0.1471974777321221	-9.333627055667527	-0.2846850844980122	-4.386983304091942	0.6333719954264483	3.88847843200073	0.2886440203794669	-8.332184234458452	0.8577707867323028	-3.71695885665711
0.05	-0.7443866825494766	0.2895170924463822	0.2856100452585326	0.3034035548791015	-0.04665403992906696	1.128889679244242	-4.315480912816307	0.8108282019159446	0.9777973172782926	-0.2881540306766909	-0.745686717212238	-0.2784863205731659	0.8331783719148789	-0.9693771448748965	-0.2736063683315209	-2.476384879542352	0.1629624025889721	-1.582335212547833	1.108453105732107	0.8295794023981983	0	0	-0.1199263603877835	3.562030226210024	-0.03125685962331068	0.009628716299686863	-0.1296708510298426	-0.01723060858663334	0.9328288633961114	5.492041240208444	-0.1132637064084791	-0.04733372065472519	-0.1923551227949368	1.955978032555076	1.699350375332222	1.369570748679271	0	0	-1.04793527185686	3.27918031572661	-0.1276776563234184	0.2558013547830031	0.2063739655685704	-2.689919123887306	0.7718837873340183	-1.369736158412545	-0.7635051670772154	-0.4993637993351345	0.2407668117680784	-0.8598787251072321	1.019892436804394	5.211760511168894	1.324518399951339	2.979686026936723	0.1063898935754224	-10.2385050807259	-0.3036526762513807	-4.70466636398625	0.6482324641121932	3.234054853823974	0.2569510757797094	-6.894484712277714	0.8427511532297641	-3.492693148694288
0.0541667	-0.7446462046541898	-0.3962896023804146	0.2867266806170062	0.2339677365353478	-0.04210804258360525	1.055305943738479	-4.312041506719481	0.8410549301351881	0.9764718067421536	-0.3463397697657696	-0.746860634604165	-0.2845865822177732	0.8302513390435632	-0.4569890408635761	-0.2838330571317377	-2.430267412418464	0.1554917970754319	-1.991495346276257	1.111262281953072	0.5159310856320823	0	0	-0.1031476878890287	4.46007210196681	-0.0314552537709241	-0.1019529328017679	-0.1297440845251634	-0.01788466308188586	0.956450785267325	5.836925244987717	-0.1135715192046214	-0.09839780703778724	-0.1842624943413605	1.924760727594318	1.703485890434904	0.6269831732010329	0	0	-1.032805112705838	3.965741623047518	-0.1266780614136975	0.2228160832317812	0.1949611915859542	-2.782419220131811	0.7679723233889763	-0.5136106756767634	-0.7652436177342431	-0.345676449760442	0.2379664540483209	-0.4879666494618025	1.041211074849587	5.032955619705576	1.336617472912371	2.830293741266276	0.06200385017377838	-11.0512737520673	-0.3237849375061437	-4.946020192466174	0.6602357122864168	2.517023558109479	0.2310713768764704	-5.541848622814525	0.8286623976357329	-3.270141035116175
0.0583333	-0.7475407144066477	-0.9753010594623701	0.2875713631925305	0.1728769274271338	-0.03784206640769767	0.9945296351227182	-4.308463974873151	0.877169197669735	0.9749257203536745	-0.3940474876675187	-0.7480549043699829	-0.2882691593268003	0.8291917582562413	-0.07301849472638221	-0.2938408626514922	-2.371437137980366	0.1464669705919161	-2.328459854303862	1.112728519559509	0.1849910538569858	0	0	-0.08302261483968026	5.168522999695569	-0.03208225261803752	-0.1961072561153403	-0.1298195848728519	-0.018319560542623	0.9813908055541413	6.125011183898185	-0.1140668688862612	-0.1373565088665028	-0.176346274317405	1.87139403652815	1.704671303595787	-0.04645375208595671	0	0	-1.015033419466711	4.547312105959491	-0.1258307281289112	0.1827261776961774	0.1832351488562172	-2.840422280618747	0.7675548066672816	0.3073405635471636	-0.7664740574340058	-0.2555341570340946	0.2366697005425671	-0.1381692380506633	1.061932341863707	4.92526285217421	1.348124693797997	2.695731749064898	0.01442431676381977	-11.77191687928334	-0.3447633161494401	-5.111041744894538	0.6691206986330268	1.737404007312443	0.2106509172937121	-4.274305366840741	0.8154976848470017	-3.049307795442353
0.0625	-0.7526254284903433	-1.447545071794118	0.2881788982931542	0.1201281951487041	-0.03380254843023127	0.9465578360874694	-4.304723610527741	0.91917273803215	0.973202637550287	-0.4312794743890347	-0.749259510518257	-0.2895342286667765	0.8294645439320818	0.182552924417795	-0.303577289359538	-2.299891232329705	0.1361882713499192	-2.59324491118583	1.112779807024882	-0.1632565783027846	0	0	-0.06034006678300256	5.687416925583495	-0.03306528181921058	-0.2728387731208616	-0.1298964425861628	-0.01853532184425687	1.007413491597957	6.356312885286179	-0.1146993440241866	-0.1642116961884809	-0.1686983771839567	1.795875397714415	1.703194732079973	-0.6507723526713243	0	0	-0.9950567426949459	5.023919680292362	-0.1251652224470675	0.1355297138299363	0.1713390063688938	-2.863931089539568	0.7704847398762825	1.093156965549219	-0.7674613072943823	-0.2289325942568146	0.2367843795516439	0.1895302996705815	1.082353522230419	4.888677039239251	1.359102394396697	2.575993591253617	-0.03596720614020877	-12.4004690537976	-0.366270784511761	-5.199738942432601	0.6746269872788123	0.8951587790956745	0.1953342901171728	-3.09179410130659	0.8032492430563223	-2.830182829507719
0.0666667	-0.7594553761233678	-1.813006461497116	0.2885840279799616	0.0757231060258531	-0.02993623491372905	0.9113921589597106	-4.3007959622727	0.967064755127316	0.9713462474897492	-0.4580344592037557	-0.750464351071565	-0.2883816728431667	0.8305346963096139	0.3097144602221231	-0.3129891172559475	-2.215630954844413	0.1249566859242962	-2.785841563390642	1.111344009406975	-0.5288040757561057	0	0	-0.03589039708541344	6.016734601640187	-0.03433172528530763	-0.3321450149767868	-0.1299737427475481	-0.01853193391931177	1.034281625175264	6.53082275348198	-0.1154184985635821	-0.1789622887259412	-0.1614112917085682	1.698205826165124	1.699344179313905	-1.185955636193084	0	0	-0.9733128913224713	5.395549128403776	-0.124711173892612	0.08122756853869065	0.1594167770890644	-2.852943840849166	0.7766156941969579	1.843818405328239	-0.768470100098688	-0.2658746873960087	0.2382184285764382	0.4951233031534437	1.10277040832676	4.923201618886353	1.369612072347562	2.471082675297397	-0.08878582136771951	-12.93691187459487	-0.3879888069827965	-5.212106908556279	0.6764934589438546	-0.009694166658831811	0.1847676157281824	-1.994346268489984	0.7919102592443411	-2.612771457957789
0.0708333	-0.7675854189837376	-2.071680301681088	0.2888215137446846	0.03966242540584571	-0.02618985549331861	0.8890329866959297	-4.296656596676484	1.020843887574257	0.9694002521271377	-0.4743121771632153	-0.7516593240299835	-0.2848116065501985	0.8318671390812361	0.3084676835159932	-0.3220231575018427	-2.118658785465036	0.1130732923656956	-2.906247787376613	1.108349134521744	-0.9116420426480448	0	0	-0.01046412875463363	6.15647494894045	-0.03580893971980448	-0.3740251856445668	-0.1300505703969851	-0.01830940473834244	1.061757906900731	6.648538644755542	-0.1161738781285264	-0.1816083682259352	-0.1545774720213579	1.578388463352061	1.693407876623034	-1.651993247186791	0	0	-0.9502398439276025	5.662195310410414	-0.1244981916903905	0.01982130086394029	0.1476124764861063	-2.807462040077605	0.7858009335165624	2.559308132712185	-0.7697651665621454	-0.3663572623135217	0.2408796584600887	0.7786032340470138	1.123478792942014	5.028833202599059	1.379715270219233	2.38100098526591	-0.1436463987505239	-13.38123578303414	-0.4095988277393255	-5.14814809424513	0.6744593437657738	-0.9771308598123442	0.1785965585189876	-0.9819851446936192	0.7814738330849615	-2.397078836935335
0.075	-0.7765710250645562	-2.223579008889032	0.2889261317494586	0.01194442234831812	-0.02250987213893029	0.8794792460386853	-4.292280780021069	1.080512716812605	0.967408211703946	-0.4801134096103744	-0.7528344134358307	-0.2788238584219546	0.8329269014450849	0.1788125344531731	-0.3306268678244965	-2.008970069452968	0.1008383016721966	-2.954469362734968	1.103722956705824	-1.311788855495025	0	0	0.01515006712751756	6.106644675128275	-0.037424391588262	-0.3984812954045581	-0.1301260161114402	-0.0178677236197784	1.08960702585825	6.709466209560057	-0.1169150837714415	-0.1721500617023115	-0.1482888845392596	1.436417557949792	1.685673599424631	-2.048907555815683	0	0	-0.9262738965967362	5.823871025533792	-0.1245558722677499	-0.04869203674232452	0.1360692697931159	-2.727483504063518	0.7978944214821093	3.239660491757478	-0.7716113309047676	-0.530385142250127	0.244676087489665	1.03998369960569	1.144775959841479	5.20557686077452	1.389474252406006	2.305744197168854	-0.2001677872700798	-13.73346210700427	-0.4307838494311457	-5.007859429426943	0.6682636817460995	-2.007197738069127	0.1764663955575839	-0.05466213580605244	0.771932323730789	-2.183094613028884
0.07916670000000001	-0.7859670819118445	-2.268695093468228	0.2889326398798608	-0.00742993755363108	-0.01884301672166251	0.8827316272889316	-4.287644073496864	1.146070022783704	0.9654138265474389	-0.4754376401507394	-0.7539795169321672	-0.2704184851301215	0.8331789069688774	-0.07925249794949664	-0.338747049687581	-1.886566981606271	0.08855277985353607	-2.930502533416169	1.097393445490455	-1.729235533635562	0	0	0.0401616815276898	5.867238151484871	-0.03910544178227356	-0.4055121300149535	-0.1301991649086374	-0.01720689327463479	1.117591694434358	6.713601941172383	-0.1175916613810202	-0.15058716039417	-0.1426379953744155	1.272295719811966	1.676429532439269	-2.376686547380975	0	0	-0.9018530012429283	5.880568614435716	-0.1249138309903102	-0.1243110557735935	0.1249311770277596	-2.613008910438209	0.8127494935315427	3.884857888579735	-0.7742733338902751	-0.7579566781032087	0.2495155548569791	1.279257630925985	1.166957712377849	5.453430911532037	1.398950552468132	2.245314650926858	-0.2579649011916558	-13.99357907725742	-0.4512253098390006	-4.791241533194373	0.6576456062764603	-3.099872333863654	0.17802289247476	0.7875974403639715	0.7632788524255057	-1.970823983507144
0.0833333	-0.7953284376689017	-2.207031316754218	0.2888758054398852	-0.01846048968543067	-0.01513601985234948	0.8987895913771305	-4.28272206333936	1.217514020143023	0.9634607972099735	-0.460285358167907	-0.7550845350406612	-0.2595957754351625	0.8320881567639025	-0.4657165974989447	-0.3463305509728511	-1.751452917285615	0.07651779777037107	-2.834350473360505	1.089288733924595	-2.163971435644334	0	0	0.06378026325954467	5.438267948356637	-0.04077944489608146	-0.3951181480369408	-0.1302691020268017	-0.01632693745195993	1.145474612003014	6.660947784809042	-0.1181531630501599	-0.1169206175654428	-0.1377172094207867	1.08602768525201	1.66596400532531	-2.635324844081392	0	0	-0.8774151534536352	5.832290495537014	-0.1256016543973927	-0.2070336855874908	0.1143421793173117	-2.464042248408152	0.8302192199944466	4.494886104123699	-0.7780158379629758	-1.049064120664585	0.2553057996235645	1.496420081301985	1.190319768984787	5.772386846488819	1.408205731102971	2.199713263065265	-0.3166525323125962	-14.16158376691993	-0.4706047181245183	-4.49830235214371	0.6423446752942329	-4.255126169373636	0.1829114609869108	1.544776431982912	0.7555064551623361	-1.760271981136054
0.08749999999999999	-0.8042106194327957	-2.038584718838361	0.2887903904640706	-0.02114776352205619	-0.01133534539131418	0.9276539090978908	-4.277489978262991	1.294848138257306	0.9615926835954068	-0.434655836340711	-0.7561394474857289	-0.2463552098386962	0.8291195637131722	-0.9805983147687625	-0.3533247597805952	-1.603621390912143	0.06503355914441522	-2.666008567195248	1.079336351068793	-2.616017429178529	0	0	0.08521705447091812	4.819713474844368	-0.04237387684125431	-0.3672988505514025	-0.1303349177121485	-0.01522781391319749	1.173020487166942	6.551501213030082	-0.1185491805249947	-0.07114881719621734	-0.1336185849223951	0.8776045132612078	1.654564576093774	-2.824834860753815	0	0	-0.8533965838037857	5.679034351450901	-0.1266489821557056	-0.2968638969337785	0.1044455002303405	-2.280576367459159	0.8501579621795798	5.069774420212225	-0.7831037848217672	-1.403721443315075	0.2619549902716082	1.691481474698093	1.215159540805886	6.162459975774693	1.417302011999244	2.168937844682432	-0.3758497133158778	-14.23748424034593	-0.4886049698663845	-4.129027824969277	0.6220992919835988	-5.473014697670433	0.1907779090325606	2.216911184223894	0.7486076189693179	-1.551428499257791
0.0916667	-0.8121684691803003	-1.763355498293757	0.2887111611533292	-0.01549139420310247	-0.007387722343555803	0.9693243487261418	-4.271923397358673	1.378070733104324	0.9598531877713602	-0.3985493126067141	-0.7571341537067414	-0.2306970190786446	0.8237380902806377	-1.623889915378427	-0.3596765104808373	-1.443075492704041	0.05440114445176224	-2.425478256352837	1.067464386497372	-3.085363288006274	0	0	0.1036815610774222	4.011582751500865	-0.04381609117261126	-0.3220542779162682	-0.1303956971149052	-0.01390954114785637	1.199992014034558	6.385262808058938	-0.1187292625316867	-0.0132724220424743	-0.1304345454004522	0.6470304085348485	1.642519548538574	-2.94520956036263	0	0	-0.8302352927087633	5.420800081143329	-0.1280854090770319	-0.3937997897050716	0.09538513579114376	-2.062614428898943	0.8724188514208117	5.609507774077719	-0.7898018660224001	-1.821922421882044	0.2693708875794099	1.864436333855821	1.241772778171165	6.623643497642636	1.426300951294061	2.152989668154664	-0.4351712527997175	-14.22127536005496	-0.5049075449316059	-3.683424066380461	0.596648898753778	-6.753510943504972	0.2012677240478209	2.803982503747334	0.7425754008953804	-1.344298611764236
0.0958333	-0.8187593757367282	-1.387253743251109	0.2886726688805707	-0.002005994291429792	-0.00324033750446491	1.022734578891142	-4.265998103172365	1.466768358525406	0.9582857589465124	-0.3525442751811534	-0.7580586304191257	-0.2127932620020776	0.8154124391315114	-2.387150538818849	-0.3653330515092811	-1.270665294479365	0.0449198043909923	-2.116963238270896	1.053602069254925	-3.569704597733151	0	0	0.1183885297414357	3.025795318412149	-0.04503389179370491	-0.2604319390878111	-0.1304505316230925	-0.0123859694313145	1.226152890972572	6.164516559755477	-0.1186432495799892	0.05605619511624697	-0.1282565781498228	0.3963479850474084	1.63011594296554	-2.999677748352526	0	0	-0.808366815805958	5.063315774416454	-0.129940203114168	-0.4971439478271994	0.08730404238266554	-1.812465425132925	0.8968539313577125	6.111998968540526	-0.7983723405079943	-2.298187278443856	0.2774612217736691	2.01538462950816	1.270452867200659	7.150658133175845	1.435263823419217	2.15117004296653	-0.4942329201480479	-14.11529543382165	-0.519196098003337	-3.166333073314394	0.5657369593553904	-8.08812968284642	0.2140270072431301	3.308056895032824	0.7374028679575224	-1.138663632397575
0.1	-0.8237313930126331	-1.003350439547346	0.2886928855102038	0.01119601175392208	0.001125591784283116	1.071084820364193	-4.259702705694341	1.554456460466951	0.9569151249200459	-0.3057467238756186	-0.7589084523557194	-0.1953506533227204	0.8038821671914793	-3.137546973812089	-0.3702692978151133	-1.09972758914628	0.03675286184086191	-1.806645787510044	1.037751517273567	-4.032891344982113	0	0	0.1289371655389655	2.049965823090947	-0.0459888844382537	-0.1989302472805169	-0.1304989617645798	-0.0108749422421676	1.251342133309034	5.925195210731234	-0.1182619467626127	0.1265755149776875	-0.1271103758059789	0.1576752477470041	1.617535770762071	-3.039194930831999	0	0	-0.7880407751382966	4.69678906180135	-0.1322203693143888	-0.5959377088175832	0.08027037240891963	-1.566448274370192	0.9232501193893947	6.544523140987002	-0.8089018354454123	-2.746269181535375	0.2861376459707755	2.145963961207851	1.301325518148305	7.660443689641546	1.444230026384614	2.152456787849875	-0.5527300052644377	-13.95637653600901	-0.5313109625605578	-2.653918678563889	0.5293771456527797	-9.343569052264906	0.2287697886598528	3.761939450799118	0.733089933764195	-0.9309856262749796
0.1041667	-0.8271544880829644	-0.6437770323895566	0.2887616872979104	0.02131469501838915	0.005670358164320412	1.108575695981065	-4.253048710710213	1.638893784451452	0.9557345830920931	-0.2613007498427439	-0.7596885043111187	-0.1793039389435396	0.7893475786883144	-3.82921095263933	-0.3745059682337498	-0.9348715549753582	0.02983506913043465	-1.51737611191042	1.020041107417061	-4.462429236006837	0	0	0.1355755196380645	1.14887511852698	-0.046699735382079	-0.1432448602371633	-0.1305412787821642	-0.009451693432197842	1.275521347464006	5.679706911117993	-0.1175917133600834	0.1947417665050211	-0.1269105194074541	-0.05789443476634453	1.604785463158105	-3.081342087275948	0	0	-0.7691958988668501	4.352362551859133	-0.1348948122934286	-0.6863952876495705	0.07422704280457322	-1.337105850697766	0.9512791697216219	6.89576660266121	-0.8211775938193201	-3.136387022361219	0.2953168834054459	2.256733052751569	1.334226640783602	8.124316753979757	1.453200138785424	2.153046556952961	-0.6104811191010532	-13.75723208403694	-0.5413552916395001	-2.172483994533356	0.4880471975865106	-10.47377509223937	0.2453227353438845	4.176929272362176	0.7296491139806105	-0.7200520646134554
0.1083333	-0.8291300054739208	-0.3085412756082117	0.2888662241276607	0.02834992365336047	0.01034860039523892	1.135206696898854	-4.246049835244436	1.720078421025494	0.9547343570663167	-0.2192073351219467	-0.7604045860927761	-0.1646534537312073	0.7720538403606469	-4.462127989832475	-0.378068325654516	-0.7761009295431081	0.0240788514106766	-1.249160396180913	1.00061153020601	-4.858309173319853	0	0	0.1386149739049137	0.3225421401707264	-0.04719067008460656	-0.0933769050127264	-0.1305778476103946	-0.008116253999132322	1.298664294798999	5.428057774594475	-0.1166423799576464	0.260553398430404	-0.1275607204199779	-0.2503567205583122	1.591854374452992	-3.126118111483166	0	0	-0.7517405050811393	4.030043715165347	-0.137928720829513	-0.7685148134563935	0.06910468742831975	-1.12444305800921	0.9806016934441596	7.165723849846277	-0.83495774991776	-3.46853352484097	0.3049161559809296	2.347689958859621	1.368964077298345	8.542267846149269	1.462171041238729	2.152939361212167	-0.6673173020548597	-13.51786830543084	-0.5494579961973968	-1.722039460311032	0.4422700727440266	-11.47872518636959	0.2635233376374128	4.553017800161991	0.7270940241165869	-0.5058681269761088
0.1125	-0.8297594133643107	0.002372922370482636	0.2889936539932138	0.03230203535521312	0.01511529622148854	1.15097910142606	-4.238719288091223	1.798014267113981	0.9539046007100409	-0.1794644591969936	-0.7610625482296236	-0.1513984944511803	0.7522448377265141	-5.036328465895402	-0.3809818810657318	-0.6234080917375703	0.01939623436792489	-1.001985765761177	0.9796020548909558	-5.220550159462194	0	0	0.1383670821268977	-0.4290727765954112	-0.04748594642344934	-0.0493239879070559	-0.1306090357434605	-0.006868559840852261	1.32074639087415	5.170235721808854	-0.115423705320309	0.3240135697627131	-0.1289647484805623	-0.4197208479664303	1.578730925851189	-3.173525152737209	0	0	-0.7355816728360541	3.729817080168287	-0.1412875068770611	-0.8423002280383595	0.06483358320735383	-0.928449688327146	1.010880432496452	7.354407840697395	-0.8500014511708803	-3.742724632261834	0.3148533827928699	2.418839045533354	1.40534819536124	8.914317028123495	1.471140260323833	2.152135195482012	-0.723073677841887	-13.23827371054549	-0.5557485457493165	-1.302563454213326	0.3925653730659114	-12.35846757303188	0.283210418068767	4.890223086736734	0.7254381061778175	-0.288423532369438
0.1166667	-0.8291440227559516	0.2889572238032023	0.2891311274820794	0.03317082427618197	0.0199250870658252	1.155892140097086	-4.231070778156372	1.872699335245426	0.9532355418363706	-0.1420731605446992	-0.7616681890640292	-0.1395394294713301	0.7301656742313233	-5.551796485792334	-0.383271881479279	-0.4767969250941955	0.01569966997536098	-0.7758589105026663	0.9571533324035573	-5.549142289380297	0	0	0.1351431435349162	-1.105948902604318	-0.04760978487111787	-0.01108737556532596	-0.1306352079823632	-0.005708644061749456	1.341741371885449	4.906246718434233	-0.113945513451995	0.3851206727609152	-0.1310263343016276	-0.5659819205874939	1.565404467174333	-3.223562167955728	0	0	-0.7206277524537728	3.451690647844113	-0.1449363674264481	-0.9077494604619297	0.06134438526715859	-0.7491310457353875	1.041776024964636	7.461811120776251	-0.86606686508217	-3.958951677417031	0.3250457948404246	2.470177892051116	1.443186878960194	9.240453717970238	1.480104676647098	2.1506340539716	-0.7775812629221476	-12.91845356150071	-0.5603558062069571	-0.91406715883559	0.3394559556421876	-13.11297663025016	0.3042215045898898	5.188535639108244	0.7246949970930275	-0.06772338222383478
0.1208333	-0.8273852641496444	0.5512056265840014	0.289265794217593	0.03095638056334379	0.02473261021394102	1.149946085930862	-4.223118044869673	1.944131950018668	0.9527173928316681	-0.107034251893628	-0.7622273119611358	-0.1290764931555485	0.7060616712528732	-6.008521792724355	-0.3849636337674809	-0.3362707293161748	0.01290151554643705	-0.5707844996987093	0.9334061518412663	-5.844078888265576	0	0	0.1292547430563636	-1.708072683512348	-0.04758642235792985	0.0213322237247301	-0.1306567296096236	-0.004636531339608917	1.361623078390472	4.636097322162676	-0.112217653269934	0.4438733255753759	-0.1336491454709325	-0.6891372598805066	1.551864367732758	-3.27622786158242	0	0	-0.7067869785865534	3.195670297579236	-0.1488404716212872	-0.9648612400558477	0.05856767367126501	-0.5864908335663569	1.07294904971775	7.487934038483505	-0.8829120610720758	-4.11721155757184	0.3354105986253121	2.501705979447682	1.482287872446775	9.520671741294825	1.489061171275942	2.148435997798761	-0.830671193637883	-12.55841698201545	-0.5634088050755081	-0.5565587827625799	0.2834650044112053	-13.74223875827963	0.326393998049919	5.44794969794857	0.7248782461625196	0.1562269095013427
0.125	-0.8245844264760822	0.7891307188376254	0.2893848136397724	0.0256585979216979	0.02949284961586918	1.133140653512223	-4.214874251239437	2.012315540254097	0.9523403307033258	-0.07434605134925368	-0.7627457599157287	-0.1200091832748528	0.6801763874112682	-6.40652630985697	-0.3860825591281747	-0.2018227590381842	0.0109139387568001	-0.3867526896200875	0.9084995752063496	-6.105374113301294	0	0	0.12101300593474	-2.235473021723423	-0.04744009207483689	0.04793636612877687	-0.1306739673971538	-0.003652170212195862	1.380366769407293	4.359774565615679	-0.1102498461692498	0.5002743483785531	-0.1367370463122917	-0.7891927773963394	1.538099019497938	-3.33152476161103	0	0	-0.6939666037938188	2.961743740200218	-0.1529652731860572	-1.013638308229396	0.05643383793957073	-0.4405212449649606	1.104062337520711	7.432777847739271	-0.9002963336950154	-4.217511869322057	0.3458657499892618	2.51342482109546	1.522461752943776	9.754984548777582	1.498007270098085	2.145540921455109	-0.8821784138821391	-12.1581466900574	-0.5650367694802864	-0.230021165317672	0.2251116310420376	-14.24628416218573	0.3495669116310103	5.668477715331766	0.726001426834359	0.3834380925920931
0.1291667	-0.8208429140105955	1.002725914545276	0.2894753351505032	0.01727749249916828	0.03416044196268211	1.105475855237402	-4.206353129552023	2.077248352532481	0.9520945713416802	-0.04400942807754036	-0.7632293352466318	-0.1123377676943342	0.6527550984106801	-6.745798370823587	-0.3866539503807269	-0.07345645992235686	0.009649317427835593	-0.223768654702692	0.882574362101891	-6.333020482112772	0	0	0.1107294568836163	-2.688134569177267	-0.04719502771011894	0.06872420376888318	-0.1306872865202607	-0.002755587463960081	1.397946258477901	4.07728485847968	-0.1080519351917654	0.5543223028476235	-0.1401937167292934	-0.8661452401251168	1.524097786513509	-3.389451635604117	0	0	-0.6820748883304765	2.749917385494087	-0.1572759469756862	-1.054079194244549	0.05487347440001829	-0.31122638345387	1.134776469854909	7.296340946222768	-0.9179777681978032	-4.259848118806599	0.3563284585868763	2.505333422587265	1.563516292825242	9.943384864132851	1.506939853961135	2.141948869331197	-0.9319340239926351	-11.71765084393991	-0.5653686911747853	0.06553674140726588	0.1649189565453116	-14.62509623664781	0.3735776721243298	5.850112998511725	0.7280781108044144	0.6139048312217721
0.1333333	-0.8162622213320322	1.191986963325529	0.2895245108874325	0.005813376438520024	0.03869003283944502	1.066952745987165	-4.197568438716914	2.138928945504928	0.9519703180321808	-0.01602502549619399	-0.7636838436203949	-0.1060623802751017	0.6240432274097122	-7.026331947494479	-0.3867031529070426	0.04882530620143437	0.009019959978176445	-0.08183554882428509	0.8557713699187077	-6.527013742570315	0	0	0.09871581662776482	-3.066049152637071	-0.0468754724303951	0.08369544712455816	-0.1306970525304376	-0.00194680145274409	1.414335470906105	3.788635202460083	-0.1056337854689669	0.6060159765511617	-0.1439228012241425	-0.9199936329191744	1.509850055467729	-3.45000699865028	0	0	-0.6710200033013878	2.56019552165812	-0.1617376500016186	-1.086183227625561	0.05381712432799057	-0.1986087518043658	1.164752066520128	7.07862953445221	-0.9357144213001133	-4.244221376636468	0.3667159333472741	2.477432691272345	1.605259179923099	10.08586981861251	1.515855805010119	2.137659952726314	-0.9797692924593102	-11.2369414635755	-0.5645336863308568	0.330108959330961	0.1034102785020908	-14.87867039857654	0.3982636258888662	5.99285258839256	0.7311217782335204	0.847621477034779
0.1375	-0.810943501916081	1.356922949854083	0.2895194961869444	-0.008734300546624099	0.04303659285522867	1.017569476622679	-4.188533301807817	2.197360279887292	0.951957766689514	0.009608499667599517	-0.7641151230102248	-0.1011827197937377	0.5942841118472636	-7.248140505696782	-0.3862555090613085	0.165028408951878	0.008938138187390287	0.03905344091322237	0.8282295139777606	-6.687363206499408	0	0	0.0852829163944718	-3.369234912293084	-0.04650564520913669	0.09285081482698129	-0.1307036316353181	-0.001225773356198324	1.42950949806758	3.493811742151706	-0.10300508526155	0.6553578508252076	-0.1478282172226228	-0.9507405405427216	1.49534418436521	-3.513193757453457	0	0	-0.6607093349907778	2.392569041897144	-0.1663158627535054	-1.109951949390693	0.05319525982205955	-0.1026629442836368	1.193651900803814	6.779633162112618	-0.9532656303469889	-4.170630892716032	0.3769461312004088	2.429721287894167	1.647501118173063	10.1824462516038	1.524752647186631	2.132673965769165	-1.025518910947386	-10.71599547454472	-0.5626607954466536	0.5637081881230711	0.04110444372632265	-15.00701881972645	0.4234639067548003	6.096703336584206	0.7351461398720195	1.08459924860961
0.1416667	-0.8049882314150306	1.497529039836665	0.2894474420402469	-0.02636530031265213	0.04715476374269482	0.9573268414020135	-4.179261471566005	2.252540836312618	0.9520471233976364	0.03289044755873196	-0.7645289784551175	-0.09769895361255015	0.5637231468279073	-7.411216607733089	-0.38533635199696	0.275149840540159	0.009316174667761263	0.1388946554895034	0.8000896322700751	-6.814063814204266	0	0	0.07074243911614429	-3.597681881191867	-0.04610978771580257	0.09618987776546394	-0.130707389305515	-0.0005925236388294038	1.443442236400479	3.192821331254328	-0.1001756945315094	0.7023466567651464	-0.1518136146119075	-0.9583843933792137	1.480569553838527	-3.579010490221115	0	0	-0.6510510734761495	2.247042764809057	-0.1709757454532712	-1.125384488997428	0.05293843341964157	-0.02339186385321367	1.221136570734086	6.39935607900076	-0.970389450495392	-4.039076346529925	0.3869362582852587	2.362199644360016	1.690049809655898	10.2331101924676	1.533627262206798	2.126991003031753	-1.069014099874709	-10.15482393135452	-0.5598791082361709	0.7663277061952116	-0.02147527555895307	-15.01013391143234	0.4490158753554221	6.161661350572617	0.7401646992529717	1.324832575723368
0.1458333	-0.7984979465892172	1.613802734616372	0.2892955058742442	-0.04707908872111067	0.05099920915955469	0.8862266770677624	-4.169766723454995	2.304469407484273	0.9522285844574678	0.05382034407035356	-0.7649312166667434	-0.09561111508986711	0.5326058044326852	-7.515558454142854	-0.3839710601320672	0.3791871770097203	0.01006634788579752	0.2176864564423606	0.7714926201963459	-6.907113736234067	0	0	0.05540617405109662	-3.751387267203445	-0.04571214411872267	0.09371276518675802	-0.1307086912824949	-4.706433853832951e-05	1.456107701505013	2.885671415486692	-0.09715549250685991	0.7469813513577626	-0.1557826356010638	-0.9429258396743162	1.465515570320798	-3.647455522686751	0	0	-0.6419533462048296	2.123619387402	-0.1756824504826356	-1.132480776165535	0.05297716261498562	0.03920318727676447	1.246866810192937	5.937810337752389	-0.9868439779310445	-3.849562982034854	0.3966035437872731	2.27487009433361	1.732712927004471	10.23786207810233	1.54247653392052	2.120611225994827	-1.110086296081334	-9.553441750110968	-0.5563178016566295	0.9379637659695923	-0.08380558083815354	-14.88802010726034	0.4747568585624721	6.187726471493962	0.7461908644677889	1.568315575624205
0.15	-0.7915737092524412	1.705749615419857	0.289050833371795	-0.070876660049753	0.05452486682737071	0.8042655707574315	-4.1600621464652	2.353148486013583	0.9524923604582202	0.0723991938535659	-0.7653276731093021	-0.09491910400783395	0.5011753066360226	-7.561171053414847	-0.382184907924	0.4771454122326169	0.01110099583959824	0.2754326258387527	0.7425773069632017	-6.966517439056541	0	0	0.03958479293807268	-3.830358448304396	-0.04533692964306914	0.08541935818755751	-0.1307079033676115	0.0004106307271408192	1.467480806014124	2.572347251416939	-0.09395413854932455	0.7892640771026765	-0.1596392091330117	-0.9043641374055775	1.450170553115899	-3.718532140264497	0	0	-0.6333236334061192	2.022292985259067	-0.1804014700915339	-1.131241151522249	0.05324197207130955	0.08512521371682538	1.270505188687407	5.394973783817445	-1.002388488455973	-3.602081702443768	0.4058659100667684	2.167728445929475	1.775301218326255	10.19670213660214	1.551297983068735	2.113534328424176	-1.148569866599821	-8.911820064007483	-0.552105785341605	1.078624606108904	-0.1453676647360689	-14.64067154565405	0.5005260408483545	6.174899950494058	0.7532384894289991	1.815059935683112
0.1541667	-0.7843170445373903	1.77336659967737	0.2887005798883753	-0.09775755415927918	0.057686393293667	0.7114450985909206	-4.150161510867154	2.398576786585842	0.9528286497938533	0.0886264663641184	-0.7657241542856758	-0.09562298722597731	0.469677115084527	-7.548051196520842	-0.3800032633868451	0.5690219762933503	0.01233240487504075	0.3121310200739193	0.713484578666122	-6.992272285654775	0	0	0.02359006966447953	-3.834590838648117	-0.04500838870488912	0.07130964642441656	-0.1307053912477842	0.0007805474136424823	1.477535534812297	2.252856136758184	-0.09058150742334173	0.8291937345134835	-0.1632869758709257	-0.8426993803497848	1.434523901812279	-3.79223873180672	0	0	-0.6250700748699793	1.943066785789023	-0.1850979573713313	-1.121665344720567	0.05366338554251768	0.114372513066581	1.291712393943809	4.770856519110234	-1.016781059304109	-3.296636360587012	0.4146405775760292	2.040776557369369	1.817622356729315	10.10962970297448	1.560088492863349	2.105760455073268	-1.184296188130562	-8.229972823744573	-0.5473722190843004	1.188305735528246	-0.205638216525442	-14.26808965460375	0.5261607516913843	6.123180695290923	0.7613210065768987	2.065059851280949
0.1583333	-0.7768295094893339	1.816652940456532	0.288231910915093	-0.1277210149155485	0.06043848006207368	0.6077678791726548	-4.140078605752753	2.44075333595671	0.9532276438971442	0.1025018568060125	-0.7661264666963716	-0.09772269759984389	0.4383566979233146	-7.476201312669481	-0.3774515325014217	0.6548148831086834	0.01367284244920305	0.3277815161012267	0.6843553384321933	-6.984378869256841	0	0	0.00773379475833839	-3.76408702721147	-0.04475076123963294	0.05138417791132959	-0.1307015207754538	0.001062680003009	1.486245999346311	1.927205961242503	-0.0870474903357278	0.8667694499951776	-0.1666295965231524	-0.757933880145931	1.418565044954858	-3.868573433691831	0	0	-0.6171007742760668	1.885941894810874	-0.1897370675764664	-1.103753885675769	0.05417191174873943	0.126944983677033	1.310149347077819	4.065476448384043	-1.029779878294042	-2.933236373766995	0.4228448135857669	1.894018188631476	1.859484040968042	9.976648519764275	1.56884494948641	2.097289817604294	-1.217096902066149	-7.50791784162186	-0.5422463127460125	1.267005637153314	-0.2640940494643633	-13.770287884331	0.5514983334789545	6.032571347252776	0.7704517490035255	2.318309205269616
0.1625	-0.7692121180532958	1.835610715534945	0.287631956931389	-0.1607684805876886	0.06273601242009902	0.4932289359164788	-4.129826491880423	2.479680158632948	0.9536795637990579	0.1140260312086471	-0.7665404458091508	-0.1012183359171439	0.4074572673790666	-7.345617953011159	-0.3745549327751154	0.7345282508040318	0.0150346748933267	0.3223848651565044	0.6553283899206847	-6.942836810972691	0	0	-0.007673385002478246	-3.618843629757359	-0.04458826919335455	0.02564199621050538	-0.1306966575036923	0.001257042037820834	1.493586922406042	1.595381093411375	-0.08336172198468809	0.9019930272109598	-0.1695709699649142	-0.6500635679849075	1.402282258412896	-3.947539910044144	0	0	-0.6093232660190304	1.850915570285984	-0.194284289712271	-1.077505914624065	0.05469809790380994	0.1228432290364264	1.325478267513132	3.278799712853747	-1.041144055351141	-2.511864298505261	0.4303964702287982	1.727446295201386	1.900696980680501	9.797752203772626	1.577564869223657	2.088122009420151	-1.246805978401637	-6.745620458445668	-0.5368569008583266	1.314728088639827	-0.3202161701999738	-13.14724233996852	0.5763779513198909	5.903067557061326	0.7806447196434974	2.574820153812603
0.1666667	-0.7615664229458077	1.830238594067389	0.2868878804319532	-0.196899269040714	0.06453367150340239	0.367830626804122	-4.119418954124305	2.515356203352155	0.9541746023199442	0.1231986283386183	-0.766971898334497	-0.1061098685346181	0.3772242987820604	-7.156302137186843	-0.3713388616092485	0.8081599473372183	0.01633017122957683	0.2959404390505562	0.6265446370480434	-6.867645896464302	0	0	-0.0223196720393988	-3.398861441546018	-0.04454515449409894	-0.005916490254259279	-0.1306911672567266	0.001363625693455759	1.499532382872472	1.257389274991242	-0.07953408981937723	0.9348635360926356	-0.1720147484278041	-0.5190902010368288	1.385664963097657	-4.029136360360938	0	0	-0.6016456594911532	1.837989448433983	-0.1987047772419948	-1.042921761413965	0.05517245398513585	0.1020667473055144	1.337360005825723	2.41084226655118	-1.050631741953125	-2.032528160977853	0.4372128000996454	1.541064161615323	1.941068861322644	9.572943395653484	1.58624513741005	2.078257225455742	-1.273254986322388	-5.943097521110044	-0.5313331854123603	1.331470829406372	-0.3734813422089919	-12.39896346616203	0.6006369385404344	5.734671032666641	0.7919132769143954	2.834586657894518
0.1708333	-0.7539939796005153	1.800537580846005	0.2859868577470439	-0.2361124021447927	0.06578618643480563	0.2315763523018432	-4.108869792279023	2.54778073092223	0.954702948140823	0.1300195127107874	-0.7674266293054695	-0.112397127805034	0.3479032034831221	-6.908260523074357	-0.3678287470739724	0.8757084244983213	0.01747160684829578	0.2484496301523138	0.5981449603842622	-6.758809141638631	0	0	-0.03589334181853037	-3.104148432661147	-0.04464564760984622	-0.04329031470172702	-0.1306854159189725	0.001382431571897301	1.504056593589114	0.9132388397275248	-0.07557449490768543	0.965380272463407	-0.1738646319118641	-0.3650177543340206	1.3687026120328	-4.113360731665521	0	0	-0.593976054494287	1.847163043884746	-0.2029636957952393	-1.000002556156262	0.0555254949457412	0.06461663739644008	1.345455743516419	1.46162786634718	-1.058001269718277	-1.495241551832897	0.4432111263832126	1.334876974165945	1.980407449090962	9.302229143598359	1.594882643187049	2.067695727554725	-1.296275807975946	-5.100369738108185	-0.5258043812921921	1.317234572882125	-0.4233666032313739	-11.52547372978854	0.6241126880465309	5.527387215669004	0.8042706759789294	3.097602365971015
0.175	-0.7465957978867787	1.746506250199348	0.2849159986027911	-0.2784097621604311	0.06644837052121723	0.08445957209982136	-4.098192044722321	2.576955297745402	0.9552548285016408	0.1344890117328412	-0.7679104767059606	-0.120080415521665	0.3197372896779176	-6.601481204485721	-0.3640497606735213	0.9371769246661228	0.01837133852847842	0.1799101588664768	0.5702681986082219	-6.616321322247855	0	0	-0.04808363799520145	-2.734690456651973	-0.04491398767671327	-0.086481271104175	-0.1306797689532187	0.001313460575842072	1.507134076402447	0.5629132681350177	-0.07149255151975549	0.9935447011500573	-0.1750244476397863	-0.1878388322807116	1.351383432919092	-4.200217066792399	0	0	-0.5862219998086987	1.878436796977898	-0.2070265161278449	-0.9487462386961413	0.05568776053604994	0.01049110167516593	1.349427203622632	0.4311109492215296	-1.063011478361662	-0.8999786809005129	0.4483091953269555	1.108874835709899	2.018523332512954	8.985596453115237	1.603474897130659	2.056437008757082	-1.315701943915027	-4.217396657859281	-0.5203993036900046	1.27201863571584	-0.4693525485202271	-10.52673120266987	0.6466442755776267	5.281206156286004	0.8177310746537139	3.363879902998079
0.1791667	-0.7394734362084169	1.668145023006722	0.2836624754080458	-0.3237904449569546	0.06647493925970464	-0.07351657395838192	-4.087399508006296	2.602879086611546	0.9558204327655235	0.1366069334822336	-0.7684292461977714	-0.1291595975384712	0.2929719935220298	-6.235969429731092	-0.3600273237230369	0.9925637536717624	0.01894163691127225	0.09032291241941331	0.5430552431738518	-6.440184646632845	0	0	-0.05857880656351121	-2.290493689885568	-0.0453744089001524	-0.1354885322705636	-0.1306745922420006	0.001156711200609967	1.508739009740117	0.2064207459535063	-0.06729815767173078	1.019356061502602	-0.1753978802039985	0.01244314455965378	1.333696870357553	-4.289703375883763	0	0	-0.578291594318859	1.931810752743939	-0.2108583995773899	-0.8891537390776239	0.05558976196398531	-0.06030916113641417	1.34893547272147	-0.680686678676399	-1.065420645771613	-0.2467517477024507	0.452424309496565	0.8630624570978788	2.055224250713037	8.623051270504625	1.612018787326164	2.044481314179177	-1.331365192012378	-3.294198023450941	-0.5152471689135367	1.195822987829585	-0.5109161284644385	-9.402755346107181	0.6680690733107899	4.996132362699769	0.8323077544036618	3.633412995564075
0.1833333	-0.7327284264908951	1.565456655784792	0.2822134781071615	-0.3722532504088436	0.06582066916555429	-0.2423479035446743	-4.076505989702643	2.625551592380826	0.9563899489781186	0.1363733117846766	-0.7689887400902276	-0.1396344057054373	0.2678526167136298	-5.811736085357479	-0.3557868809085858	1.041867801178636	0.01909480426297848	-0.0203092014043788	0.516646921810565	-6.230404553379436	0	0	-0.06706725624753042	-1.771571483552471	-0.0460511270460829	-0.1903107126524123	-0.1306702516227091	0.0009121903681265755	1.508845713392537	-0.156229949058251	-0.06300122217484759	1.042813818762451	-0.1748886896886549	0.2358225377614171	1.315632404217518	-4.381817416607817	0	0	-0.5700929538386774	2.00728283462361	-0.2144245296510824	-0.8212267876070157	0.05516203542248017	-0.1477818515650146	1.34364206585038	-1.873735408358211	-1.064987299532922	0.4644214837674447	0.455473865820068	0.5974464509370148	2.090318078650385	8.214603949604573	1.620511206501699	2.031828955846114	-1.343097711372918	-2.330797439569932	-0.5104771689883548	1.088650573156024	-0.5475347179940221	-8.153577643632957	0.6882245596734188	4.672174076742643	0.8480138895322008	3.906195057728402
0.1875	-0.7264618183210234	1.438436219413068	0.2805560901230665	-0.4238005047679805	0.06444028201852911	-0.4220425206925418	-4.065524511659733	2.644973903350944	0.9569536063555837	0.1337881354261491	-0.7695948013959225	-0.1515053428213997	0.2446226691340976	-5.328760807838533	-0.3513535686780845	1.08509143381889	0.0187431499249562	-0.1519914930313305	0.4911821687838258	-5.986970972882038	0	0	-0.07323798660811777	-1.177898928988236	-0.04696840890986571	-0.2509504437564838	-0.130667112625849	0.0005798863412045561	1.507428497162456	-0.525056224412137	-0.05861134310664159	1.06391909891997	-0.173400590079084	0.4823100697070117	1.297178209297383	-4.476563610509265	0	0	-0.5615336017543121	2.104856665334806	-0.217690343850384	-0.7449621237384771	0.05433508318451883	-0.2519311683669564	1.333208063357551	-3.148092507079218	-1.061469904816711	1.233575150370481	0.4573754690016982	0.3120140674550121	2.123615201100766	7.76023488462998	1.628949658269004	2.018479326434972	-1.350732460702184	-1.327148662248315	-0.5062181555298261	0.9504962473369409	-0.5786882755516658	-6.779138133758093	0.7069496510297802	4.309315748168094	0.8648637985978493	4.182239183239545
0.1916667	-0.7207684617149233	1.295116404242064	0.2786779495892828	-0.4778874457534046	0.06229240240940635	-0.6079586085165869	-4.054468743100498	2.661308732159775	0.957502064192514	0.1294169017802005	-0.7702528173321006	-0.1642728127241898	0.2235153257667543	-4.801655865963363	-0.3467520469525912	1.123169185449991	0.01780428521706207	-0.2983374959894889	0.4668001529888492	-5.711904287223859	0	0	-0.07679897743034893	-0.5330348464644545	-0.04814714315034034	-0.3134074202978575	-0.1306655237830751	0.0001805999124231843	1.504464248145193	-0.8969252028313197	-0.05413898175656168	1.082005529879295	-0.1708432404286329	0.7447951725036583	1.278328026539464	-4.568815498341387	0	0	-0.5525293497228662	2.215286740947592	-0.2206224245168631	-0.6620480101327191	0.05304384174653479	-0.367464414573308	1.317321180809519	-4.472146891383083	-1.054643833040799	2.040395180344535	0.4580532560313428	0.01489129529632939	2.154925804113499	7.262775616686717	1.637330076328365	2.003283419933076	-1.354113217710595	-0.2973320995169688	-0.5025921271893659	0.7900070170403957	-0.6038835182263808	-5.314825365835191	0.7240916624634741	3.919407406645404	0.8828663360535266	4.456322371643168
0.1958333	-0.7156430228591848	1.168514070584217	0.276573494178146	-0.532277837910533	0.05939355636937484	-0.7810254547168362	-4.043350324320182	2.675227094238434	0.9580330344488324	0.1255845887295429	-0.7709619438215174	-0.1758836403779792	0.2045814823950635	-4.290466440213343	-0.3419953238680103	1.159947288001413	0.0162754777590806	-0.4330987802227415	0.4436148059151996	-5.413498832576202	0	0	-0.077752058920369	0.06620247852815558	-0.04955833091282177	-0.3612402560298542	-0.1306655741818414	-0.0002001662787116285	1.499968956741288	-1.2589843114095	-0.04960290864479497	1.094335812894152	-0.1672149974181677	0.9940608788125541	1.259139527169515	-4.637505439183764	0	0	-0.5431113107298008	2.300568756879997	-0.2232084171136658	-0.5794207018894818	0.051289260676547	-0.47262834978995	1.29606345631017	-5.716027990541248	-1.044537855837226	2.801418592661167	0.4575327240425923	-0.2605342358792279	2.18409545425456	6.733841847157114	1.645634069846671	1.981516979201789	-1.353259448279275	0.70083619718932	-0.4996132337764053	0.6427256641479306	-0.6230686234140855	-3.906040221911606	0.7396457224257839	3.551143889716	0.9019652036759762	4.706993520022693
0.2	-0.7110027239927288	1.062192189047639	0.2742422255399235	-0.5867326807834899	0.05580456933571813	-0.9391901211131919	-4.032178526771308	2.686802232136706	0.958549695336997	0.122542349509115	-0.7717165952930567	-0.1861164490997338	0.1877305305457277	-3.801657992996278	-0.3370870807696784	1.195843405267	0.01421515617238889	-0.5534445094202693	0.4217190542698923	-5.092636156692111	0	0	-0.07632511952764574	0.6093765690145608	-0.05113469268570116	-0.3926739228111873	-0.1306671533194055	-0.0005531880375343537	1.493988259547077	-1.609862402577589	-0.04502795726855896	1.100614643139289	-0.1625821464124918	1.22696122387738	1.239718182020977	-4.68035931796189	0	0	-0.5333986434360029	2.356598463225264	-0.2254523395763462	-0.4978258766954454	0.04912294193046742	-0.5650766033568783	1.26981848885554	-6.865758714676617	-1.031374807140242	3.507660897940831	0.4559172572730366	-0.5106669960042322	2.210998884546627	6.174662512464675	1.653832813499153	1.952668169068638	-1.348325440776224	1.661156368449133	-0.4972124401089889	0.5124871783078545	-0.6365324858132052	-2.568430352199156	0.7537217339163345	3.209770846850326	0.9220554211475847	4.931946265977603
0.2041667	-0.7067631783927825	0.9761540415398184	0.2716839283525097	-0.6412506697397251	0.05158761306909498	-1.082448275158167	-4.020963381605974	2.696033783685762	0.9590553263386907	0.1202902855779239	-0.7725110122979414	-0.1949709436854875	0.1728696433218621	-3.335243061774733	-0.3320311086646026	1.230856643963713	0.0116834297811335	-0.6593712762333355	0.4012070130286816	-4.749323152015305	0	0	-0.07275176735624381	1.096472370134754	-0.05280786110761292	-0.4077070758308396	-0.1306701455716363	-0.0008784558924653139	1.486568870966153	-1.949550652500931	-0.04043945195229285	1.1008416520619	-0.1570129771872551	1.443490028768552	1.220172107256166	-4.697375176037037	0	0	-0.5235134649595253	2.383373462128583	-0.2273584360617776	-0.41726553005138	0.04659791583789736	-0.6448064986801845	1.23897915112654	-7.921308079997876	-1.015383226271279	4.159103173734298	0.4533122704305354	-0.7355000711663775	2.23550939589814	5.585249944427078	1.661896598671459	1.916737426954052	-1.339468968964158	2.583604003373238	-0.4953187970930391	0.3992952988868386	-0.644571284396918	-1.302030422594738	0.7664313877044258	2.895297439307245	0.9430293556150954	5.13117428460981
0.2083333	-0.7028399608647978	0.9104009627570326	0.2688984090882343	-0.6958304940847482	0.0468049196143665	-1.21079701530943	-4.009714924137588	2.702921611697878	0.9595532079944502	0.1188284225392202	-0.7733394315699574	-0.2024469612475907	0.159905802783052	-2.891232034263827	-0.3268312127415755	1.264986195563664	0.008740453163688695	-0.750877057514216	0.3821726643329824	-4.383568866190879	0	0	-0.06726581656297009	1.527480210469151	-0.05450945952388328	-0.4063399447050745	-0.1306744351787459	-0.001175963036263374	1.477757643514549	-2.278041311554583	-0.03586271832159577	1.095017052075899	-0.1505758694033981	1.643642686202343	1.200609431011271	-4.688553535185747	0	0	-0.5135779089792624	2.380894164147738	-0.2289309831576734	-0.3377415581495065	0.04376724716386132	-0.7118165801112608	1.203938756857454	-8.882654143997597	-0.9967919240870567	4.755731758321522	0.4498232732155454	-0.9350289761891137	2.257500518934546	4.965619377211785	1.669795729705071	1.873725870134418	-1.326848183157101	3.468158326785004	-0.4938613069486975	0.3031521288002411	-0.6474817189372373	-0.1068682629366818	0.7778865057278612	2.607730246016783	0.9647792893896084	5.30467372056049
0.2125	-0.6991483685470459	0.8649297965010018	0.2658852709345104	-0.7504747736920455	0.04151836912138478	-1.324242502405081	-3.9984423792575	2.707466046794101	0.9600466565605075	0.118156690222453	-0.7741961499672141	-0.2085448606406255	0.1487450814580142	-2.469603597593235	-0.3214908220181595	1.298233698311541	0.005446163343909485	-0.8279662456106893	0.3647086364335674	-3.995355742732216	0	0	-0.06010066055310709	1.902420778725105	-0.0561712349585552	-0.3885724638105479	-0.1306799067067603	-0.001445723749499872	1.467600778025613	-2.595350147542466	-0.03132275230932699	1.083140563596012	-0.1433387280069566	1.827428803660031	1.181136871390516	-4.653893971962477	0	0	-0.5037133917325143	2.349160450274522	-0.2301743666230698	-0.2592501437780973	0.04068379255752458	-0.7661100641854806	1.165088041701806	-9.749843052025176	-0.9758283389070046	5.297575290332783	0.4455555122425585	-1.109263288613124	2.276847338952684	4.31574106807568	1.677501078068518	1.823631434021973	-1.310620277888761	4.3148617979713	-0.4927688730408952	0.2240530531020598	-0.6455606336605714	1.017113495476575	0.7881997183099765	2.347055463532806	0.9871990814070308	5.452452901935819
0.2166667	-0.695603982820444	0.8397423642737273	0.262644314905554	-0.8051821993826213	0.03579018079982884	-1.422781477149353	-3.987155781590316	2.709666895541096	0.9605389524312093	0.1182751331949254	-0.7750754049711165	-0.2132644458976621	0.1392945058085024	-2.070368676918158	-0.3160137382701104	1.330598322490543	0.001860705749372362	-0.8906364713227024	0.348908948048158	-3.584692290480833	0	0	-0.05149007038164306	2.221283057614853	-0.0577248106202385	-0.3544044691543409	-0.1306864444256429	-0.001687730558844904	1.456145094165524	-2.901469142285602	-0.02684488012355962	1.065212253793602	-0.1353699126431248	1.994843380944067	1.161862557412274	-4.593396388036234	0	0	-0.4940420471461109	2.288172028959358	-0.2310928550930919	-0.1817932079566595	0.03740061008274262	-0.8076851900160792	1.122820223256965	-10.52285060123865	-0.952721221923551	5.784618792857849	0.4406144772586618	-1.258197916074277	2.293423324613455	3.635629525594418	1.684982943802021	1.766455065928093	-1.290943315015604	5.123692732821898	-0.4919705072043214	0.1620005838229364	-0.639104608819849	2.069885313781811	0.7974828186311651	2.113280316371422	1.010181031328822	5.574507355988449
0.2208333	-0.6921223709342751	0.8348385403660036	0.2591753638857915	-0.8599514559155399	0.0296826162560157	-1.50641211125163	-3.975865167109697	2.709524189486685	0.9610333761115599	0.1191837201681719	-0.7759714318995858	-0.2166056533680774	0.1314609381245842	-1.693536047646363	-0.3104037763955307	1.362079323139023	-0.001955746240631151	-0.9388867496512112	0.3348674581201188	-3.151589173479641	0	0	-0.04166795586330317	2.484061413291038	-0.05910182010457581	-0.3038373711708138	-0.1306939325030042	-0.001901978655306107	1.443437536285278	-3.196391351814731	-0.0224544220114429	1.041232770806741	-0.1267378531968148	2.145882989502756	1.142894599063607	-4.507063165491273	0	0	-0.4846859906025665	2.197931417065266	-0.2316907483923477	-0.1053725723961482	0.0339707769769779	-0.8365414176615904	1.077528847157622	-11.20166163007994	-0.9276995301052973	6.216852549715672	0.4351057226443427	-1.381830194944195	2.307102210574135	2.925302160693427	1.692211648399837	1.702198393020109	-1.26797568749899	5.894633082939148	-0.4913951930435257	0.1169955965422075	-0.6284106600161022	3.051424489174347	0.8058476987612133	1.906409446719899	1.033617384850039	5.670835079510286
0.225	-0.6886188512242197	0.8502180893905191	0.2554779882573866	-0.9147851722571777	0.02325749204496775	-1.575138419046577	-3.964579758683416	2.70703792178085	0.9615332436918053	0.1208824947550677	-0.7768785308559508	-0.2185686434323944	0.1251506971920133	-1.33908762152224	-0.3046643457285019	1.392678211369189	-0.005943297529734683	-0.9727193966466308	0.3226770345612782	-2.696025602446399	0	0	-0.03086750226418103	2.690768459316544	-0.060233994855092	-0.2368687426004274	-0.1307022556583991	-0.002088478322956685	1.429524118191369	-3.480130932622408	-0.0181763828472041	1.011200963601832	-0.1175103492546968	2.280554879353306	1.12433974299565	-4.394890160266609	0	0	-0.475766666155599	2.078434282973566	-0.2319723854957428	-0.02998456884736676	0.03044712112904283	-0.8526801322431019	1.029604157002302	-11.78630872199973	-0.9009903931080314	6.594297308458531	0.4291343980641868	-1.480166059667211	2.317758683137797	2.184724877113657	1.699158031149506	1.63085833092837	-1.241874093216281	6.627719854051933	-0.4909718762685638	0.08903593098592059	-0.6137749784548902	3.961778136288417	0.8134068406896643	1.72643292461762	1.05740208185603	5.741440696306035
0.2291667	-0.6850089914299554	0.8858813724437897	0.2515520054277084	-0.9696820346820938	0.01657706140973781	-1.628958214490146	-3.953309592299408	2.702208067725791	0.9620418357678108	0.1233714446312034	-0.7777909374922617	-0.2191533193607138	0.1202706829850246	-1.007032711393632	-0.298799258018951	1.422394221030481	-0.0100417795637904	-0.9921330812575907	0.3124315796263522	-2.21801170262044	0	0	-0.01932259312053542	2.841397215975846	-0.06105296341059861	-0.1534996002683612	-0.1307112980808636	-0.00224722408671576	1.414451754741867	-3.752680672185338	-0.01403608527599826	0.9751173350743987	-0.1077558155973592	2.398855229030206	1.106306107828995	-4.25687913433897	0	0	-0.4674061982120006	1.92968244143992	-0.2319420585856384	0.04436895615144394	0.0268827168907078	-0.8561004885809927	0.9794396305429659	-12.27677445510543	-0.8728227246759421	6.9169420377152	0.4228060455351569	-1.553202239427372	2.32526640592728	1.413914360188731	1.705792407119465	1.552436336855198	-1.21279684803295	7.32293408882902	-0.4906295449845921	0.07812287184869011	-0.5954944815809723	4.80092184329447	0.8202721157987212	1.573356037837932	1.081427377674857	5.786321585779089
0.2333333	-0.6812083694996639	0.9418268034111296	0.2473972547501101	-1.024640723402907	0.009703602102452425	-1.667870742543435	-3.942064702482384	2.695034827604843	0.9625624320979015	0.1266504816164014	-0.778702886951038	-0.2183597167394405	0.1167276581780093	-0.6973784803609544	-0.292812337079712	1.45122667072749	-0.01419101313944789	-0.9971278566337263	0.3042248088556827	-1.717559754442485	0	0	-0.007267183435357197	2.935946086993813	-0.06149038437728079	-0.05373253542707218	-0.1307209438903848	-0.002378213135840094	1.398267472052035	-4.014034432189938	-0.01005883871997268	0.9329829690866793	-0.09754271759953503	2.500781788713788	1.088901762147725	-4.09303433010034	0	0	-0.45972665752909	1.751680515632579	-0.2316040897925213	0.1176862553705914	0.02333064252553401	-0.8468028624409375	0.9274289605528474	-12.67305044878827	-0.8434255785702743	7.184780966843609	0.416226241348419	-1.600937892144468	2.329499344841161	0.6128901976020497	1.712085121330378	1.466934547858865	-1.180902553472962	7.98026046565174	-0.4902971795222688	0.08425606737383119	-0.5738664367364784	5.568838034421466	0.8265554620808684	1.447181491825352	1.105585504537416	5.805477596872076
0.2375	-0.6771322884562989	1.01805706771619	0.2430132736878452	-1.079663876478885	0.002698893914597012	-1.691877871037679	-3.93085431429494	2.685517857096953	0.9630983500286312	0.1307197631069605	-0.7796086800999027	-0.2161877974750407	0.1144281475060746	-0.4101100647832982	-0.2867069741505419	1.479176944439945	-0.01833111913411261	-0.987703962528093	0.2981498702320988	-1.194645735834668	0	0	0.005065648725143547	2.974419610788875	-0.06147794409769305	0.0624372408191733	-0.1307310779100905	-0.002481451757904819	1.381017117042907	-4.264204757817408	-0.006269667887826628	0.8847958431567475	-0.08693877895682969	2.586339450957202	1.072233527657586	-3.903347882874284	0	0	-0.4528495686346344	1.544419961322397	-0.2309627731691982	0.1899708480967456	0.01984372005465946	-0.8247868075297418	0.8739620680992043	-12.97515572460028	-0.8130258744216506	7.397826952318069	0.4095000837573566	-1.623375309166493	2.330331732769805	-0.218386060421385	1.718006968141532	1.374348859787835	-1.146347478926802	8.599730536691016	-0.4899037372533737	0.1074358119594359	-0.5491865102819606	6.265563570236356	0.8323692616104267	1.347903230104769	1.129770436974732	5.79890964908825
0.2416667	-0.6726963206533653	1.114571066050009	0.238399896098266	-1.134750175638142	-0.004374789293048192	-1.700978487180544	-3.919688462979133	2.673657300239855	0.9636528696462365	0.1355792198867558	-0.7805025520020132	-0.2126375640746406	0.1132789446097781	-0.1452351652011577	-0.2804869901609605	1.506244339583527	-0.02240191884392376	-0.963861106037999	0.2943005293423383	-0.6492813884341286	0	0	0.0174419578130902	2.956814845217728	-0.06094729120107471	0.1950075308271003	-0.1307415842730671	-0.002556936476077749	1.362747689693744	-4.503185242200136	-0.00269388641524507	0.8305568959042912	-0.07601245485107541	2.655525573026966	1.056409489327535	-3.687823414945251	0	0	-0.4468970200865722	1.307904699570266	-0.23002242351425	0.26122096227293	0.0164750286714302	-0.7900523943749246	0.8194326063267202	-13.1830796415982	-0.7818526392067803	7.55607290830634	0.4027331442794559	-1.620513041225661	2.327637455507453	-1.079895551789986	1.723528284023206	1.274681239735366	-1.109290160184218	9.181328071394601	-0.4893781978952307	0.1476621629641008	-0.5217518927660867	6.89107916594323	0.8378254397621233	1.275524603706776	1.153874409133349	5.766616973981723
0.2458333	-0.6678160729930127	1.23136575189241	0.2335569778604831	-1.189898296546851	-0.01145516703819351	-1.695172909184848	-3.908577179501536	2.659453526052361	0.9642292692512168	0.1412287068839075	-0.7813787388649504	-0.2077091513616801	0.1131867327016768	0.0972406675924055	-0.2741562170439555	1.532428238329065	-0.02634324021833062	-0.9256003784617627	0.292770338118748	-0.08148060907940792	0	0	0.02962779410687916	2.883134231577483	-0.05983012406437975	0.3439745625261509	-0.1307523470766564	-0.002604666477865452	1.343506287813383	-4.730970552680208	0.0006432125471786342	0.7702676469157131	-0.0648322314126759	2.708339083835445	1.041537651084833	-3.446467029012953	0	0	-0.4419910116882112	1.042141459849677	-0.2287873843330271	0.3314349251507136	0.01327763621916689	-0.742600914449304	0.7642343303853066	-13.29682060012259	-0.7501349741603162	7.659517009705344	0.3960309983472094	-1.592352067789937	2.321290737403464	-1.97161651206236	1.728619443896112	1.167934334650685	-1.069889373247036	9.725040474922798	-0.4886495538463063	0.2049335412951094	-0.491860039184165	7.445372372804698	0.8430359562418567	1.230046381333138	1.17778966293189	5.708601272645867
0.25	-0.6624067966753311	1.368446731478018	0.2284840234051788	-1.245110886357169	-0.01848046946159758	-1.674460858378388	-3.897529695337954	2.642905852742425	0.9648308688687264	0.1476684952781281	-0.7822315398397056	-0.2014023227685613	0.1140582021585474	0.3173290726235931	-0.2677180295341154	1.55772989752381	-0.03009519415479335	-0.872919943255076	0.2936527650251029	0.5087838571029847	0	0	0.04139008580087789	2.753374233142098	-0.05805805440873985	0.5093454864482559	-0.130763251197603	-0.002624644054343879	1.323338611578788	-4.947571623127476	0.003716573563169152	0.7039252022607586	-0.05346578591447247	2.744782518471722	1.027724956197528	-3.179267139785502	0	0	-0.4382532010989983	0.7471174853210132	-0.2272619066182685	0.4006161070542413	0.01030438174401171	-0.6824300900454002	0.7087570083346868	-13.31638405982683	-0.7180996875261891	7.708164221911404	0.3894987383415029	-1.538891037110969	2.311165303516542	-2.893591744529463	1.733251184444007	1.054103020600361	-1.028301027188345	10.23089384588856	-0.4876467434567043	0.2792526960226084	-0.4598062192275809	7.928469797320406	0.8481131416272932	1.211466379994251	1.201410161243286	5.624859760282461
0.2541667	-0.6563840869227214	1.525811445092382	0.2231808830965192	-1.300386622250766	-0.02538841550039918	-1.638842295220549	-3.886556042875373	2.624014593083265	0.9654609473642269	0.1548984589615863	-0.7830551906410066	-0.193717180039445	0.1158000604411121	0.5150239616592642	-0.2611762569459749	1.58214867814968	-0.03359760477659673	-0.8058205456639281	0.2970414187751904	1.121498652078101	0	0	0.05249487580524488	2.567535945340503	-0.05556276571404828	0.6911169241320426	-0.1307741807380218	-0.002616867726931069	1.302291736019718	-5.152982852329995	0.006500897453063605	0.6315309362832794	-0.04198159920539078	2.764854412934347	1.015079432729099	-2.886229229855075	0	0	-0.4358056146992033	0.4228388033503979	-0.2254503268537594	0.468762810407798	0.007608337834547104	-0.6095409073978748	0.6533943839504025	-13.24176616071697	-0.6859758701943929	7.70201140463127	0.3832419425109938	-1.460130321469143	2.29713528902181	-3.845800210341726	1.737393869912655	0.933189774568601	-0.9846838436374254	10.69887468051863	-0.4862987533976161	0.3706184571691669	-0.4258878324609911	8.340357281728091	0.8531689510764005	1.219786013977956	1.22462814018445	5.515393520596355
0.2583333	-0.6496635978463696	1.703455385809846	0.2176474293962032	-1.35572417534737	-0.03211673535779212	-1.588318611175867	-3.875666247413036	2.60278028482924	0.9661227808692463	0.1629183959706899	-0.7838439297819587	-0.1846539572347966	0.1183189314539359	0.6903213962137127	-0.2545347385380975	1.605684025943747	-0.03679032016284831	-0.7243043151353201	0.3030296674883888	1.756648262609583	0	0	0.06270827014941696	2.325625847042045	-0.0522760108882542	0.8892839226888538	-0.1307850197975877	-0.0025813386813818	1.280412820567884	-5.34719971328554	0.008970912784374714	0.5530868042938427	-0.0304481634373547	2.768554874867723	1.003708996696137	-2.56736126222911	0	0	-0.4347701550093074	0.06931424971656275	-0.2233570089886978	0.5358734369442181	0.005242550467513834	-0.523935573686689	0.5985401899971745	-13.07297208408291	-0.65399262155375	7.641060678300872	0.3773661626601489	-1.3560727218806	2.279075203928882	-4.828217968299787	1.74101791149645	0.8051977533955709	-0.9391967389892322	11.12897311075231	-0.4845346034770175	0.4790280183060435	-0.3904024574449607	8.68102750432403	0.8583153417992068	1.255004115243259	1.247335874513612	5.380206106831656
0.2625	-0.6421604923133645	1.901387080676	0.2118831335886802	-1.411126201892029	-0.03860364227548609	-1.522887381068703	-3.864869551058341	2.579201908717252	0.9668196935098315	0.1717286912685726	-0.7845920522159954	-0.1742122193129594	0.1215216309077809	0.8432297906984323	-0.2477968341290587	1.628337070620782	-0.03961341527734587	-0.6283673388275792	0.3117113405193647	2.414263176366557	0	0	0.07179710234903311	2.027632326376211	-0.04812929751061382	1.10385599428682	-0.1307956532567053	-0.002518055212274392	1.257747438797574	-5.530231528552602	0.01110152250014692	0.4685890409138649	-0.01893313892874234	2.755884081896863	0.9937207594366835	-2.222647931000263	0	0	-0.4352686654780684	-0.3134731450305871	-0.2209861628177864	0.6019512080251189	0.003259898606736865	-0.4256099797900766	0.544584211050925	-12.80999372767937	-0.6223767370999745	7.525309117238531	0.3719765308360607	-1.22671324350064	2.256858211045847	-5.840892175210564	1.744093975456345	0.6701208133659519	-0.8919953301689277	11.52120978164457	-0.4822831823399349	0.6044865831754371	-0.3536450953775499	8.950496817540554	0.8636646412952927	1.317122374286067	1.269427269141843	5.219291029888669
0.2666667	-0.6337904066700718	2.119602509570908	0.2058878626017611	-1.466591374519966	-0.0447868614041852	-1.442549638610161	-3.854175981234012	2.553279946256038	0.9675549622195231	0.181329161855693	-0.7852937955498779	-0.1623921672551243	0.1253148002373761	0.9737446691876326	-0.2409663806238306	1.650107236728941	-0.04200673004737827	-0.5180114001353788	0.323179869503982	3.09432841891624	0	0	0.07952745424193973	1.673560516344172	-0.04305435867190085	1.334828579646464	-0.1308059652114965	-0.002427017839275369	1.234342730718349	-5.702073502574915	0.01286744732329146	0.3780394562113643	-0.007505017461422589	2.726841748752352	0.9852226688548933	-1.852096579068444	0	0	-0.4374230839792714	-0.7255152472196802	-0.2183421455789993	0.6669945005560478	0.001713436789695778	-0.3145660276498446	0.4919201967561883	-12.45283401246172	-0.591357322317108	7.354757526689998	0.3671786092492057	-1.072054080157823	2.230358722138189	-6.883799615466482	1.746592460187225	0.5279619413548985	-0.8432384905605922	11.87557391620112	-0.4794734989531279	0.7469917544638873	-0.3159132907514844	9.148756190649051	0.8693288102965818	1.406140268651468	1.290794585308308	5.032651225622986
0.2708333	-0.6244690604917827	2.358095705163437	0.1996615055365631	-1.522118359804466	-0.05060414704821354	-1.347307848516492	-3.843595555462767	2.525015103935476	0.9683318602497312	0.1917195488767476	-0.7859434018426992	-0.1491941343587873	0.1296050241931361	1.081863705502969	-0.2340472238119739	1.670994033571537	-0.04391014565856997	-0.3932396666543976	0.337528418543679	3.796826860624496	0	0	0.08566553807826736	1.263420933387498	-0.03698301657128558	1.582195545061039	-0.1308158397889472	-0.002308229746389165	1.210245907314099	-5.862721914005936	0.01424344298597927	0.2814404412210676	0.003767717525311423	2.681429161810623	0.9783225298028407	-1.455717029748808	0	0	-0.4413551894217564	-1.166801114766768	-0.215429340734366	0.7310017907511056	0.0006561776802120935	-0.1908068401530921	0.4409417727306256	-12.00150490066923	-0.5611634254289036	7.129411972630192	0.3630779033066728	-0.8920998544164579	2.199451560085249	-7.956914171110252	1.748483819530806	0.3787248040935185	-0.7930852428675685	12.19205837314028	-0.4760346158757817	0.9065394984066344	-0.2775046816046639	9.275803428979465	0.875419779307948	1.522054693555712	1.311330153762732	4.820292099429439
0.275	-0.6141114918024472	2.616878115310137	0.1932035004176423	-1.577709823083465	-0.05599366871893856	-1.237157439108624	-3.833137530701984	2.494406025021431	0.9691537172496877	0.2029003510782934	-0.7865351593694082	-0.1346174871082333	0.1342992035121247	1.16759208944122	-0.2270427101852079	1.690998463730861	-0.04526367518733918	-0.254046149245603	0.3548512182939582	4.521792221956046	0	0	0.08997799175562027	0.7971938904912156	-0.02984664512569648	1.845968764334865	-0.1308251618231661	-0.00216168523169585	1.185502435697827	-6.012184474092792	0.01520435991747035	0.1787873591160672	0.01481739319924343	2.619644141232627	0.9731276681962571	-1.033490256518567	0	0	-0.4471870637012223	-1.637351929732401	-0.2122519187425847	0.7939761510093791	0.0001410630524722043	-0.05432647676377179	0.3920389095900941	-11.45598472815789	-0.532021927821335	6.849261638299451	0.3597796302604653	-0.6868419283355041	2.164009271025557	-9.060287352464693	1.74973863657796	0.2224022380846048	-0.7416909800365702	12.47067834395903	-0.4718953413644448	1.083137473417921	-0.2387141288176665	9.331644630896806	0.8820499211694548	1.664871212980219	1.330927775150553	4.582203457906875
0.2791667	-0.6026333963274647	2.895944259485591	0.1865137307932843	-1.633364432445743	-0.0608931711962765	-1.112100517349379	-3.822811927300933	2.461453359758167	0.9700238075098661	0.2148713285690758	-0.7870633088692632	-0.1186625257216813	0.1393039337569194	1.230926957383952	-0.2199566834443635	1.71012001532131	-0.0460071873418375	-0.1004336694523495	0.3752415031077876	5.269207912080306	0	0	0.09223098650918614	0.2748885582287309	-0.02157704179701385	2.126142497370368	-0.1308338154292599	-0.001987386813111086	1.160159510788199	-6.150457192934899	0.01572494418980225	0.07008245568854397	0.02557552157971219	2.541487580480978	0.9697459285261233	-0.5854254625853539	0	0	-0.4550405298561545	-2.137157452139977	-0.2088142566648025	0.8559160327176808	0.0002211179465134338	0.09487224486916802	0.3456052780862515	-10.81628319683247	-0.5041619002532524	6.514311274482516	0.3573893135135266	-0.4562843172916949	2.123906570524427	-10.19389376716427	1.750327350246331	0.05899774009426118	-0.6892146931217371	12.71142577844208	-0.4669847220231453	1.276782054848265	-0.1998392577233646	9.31627589270612	0.8893311779776968	1.834587367727315	1.349479758985074	4.318390089061614
0.2833333	-0.5899505773612996	3.195286709953182	0.1795921024608557	-1.689080849918137	-0.06524044630132778	-0.9721406212067223	-3.812628752896609	2.426157983371074	0.9709454006904118	0.2276321656020819	-0.787522097187807	-0.1013296827336552	0.1445257806776266	1.271867595460173	-0.212792995115421	1.728358261212435	-0.04608060939106458	0.06759356698100424	0.3987922128636925	6.039055184965326	0	0	0.09219089127944144	-0.3034805093861587	-0.01210611283585535	2.422709429642705	-0.1308416847865036	-0.001785339672887857	1.134264385050589	-6.277537154841392	0.01577998414635597	-0.04467144230261184	0.03597364267420518	2.446961944664145	0.9682849812261514	-0.1115343315720481	0	0	-0.4650372168549358	-2.666204633600313	-0.2051207565448643	0.9168199865713751	0.0009493102668989551	0.2567852861514864	0.3020343119278353	-10.08241904988153	-0.4778122904641043	6.124570892693303	0.3560123893062158	-0.2004334653975099	2.079018621540404	-11.35770512049374	1.750220463398592	-0.1114845132554717	-0.6358154770500646	12.91429626208671	-0.461231878503978	1.487467981596881	-0.1611777017490734	9.229700146771002	0.8973754293231092	2.031198116270501	1.366878515159398	4.028859250439218
0.2875	-0.5760090958647193	3.489972370043576	0.1724412878698219	-1.742247507674643	-0.06898743283394282	-0.8283429273549091	-3.802594736752621	2.390555614087299	0.9719201093185348	0.2398042188673729	-0.787907116799115	-0.08366881438328728	0.1498976980798076	1.311222676498048	-0.205555608235616	1.745211449610456	-0.04543990915276814	0.2372095424380756	0.4255528633491584	6.795245682665524	0	0	0.08967820057425634	-0.8946184826648308	-0.00139429455500197	2.712303302512388	-0.1308486746552442	-0.001571552126220413	1.107864548335741	-6.391743211392208	0.01534974924873811	-0.1610938858967426	0.04595068495427895	2.341377332294341	0.9688094772543446	0.3538570033730769	0	0	-0.4772544119322141	-3.188450208194101	-0.2011767958478305	0.9756953504121481	0.002362097390873661	0.418164321373667	0.2616418121795293	-9.31397723262832	-0.4531696927466739	5.7043991151364	0.355713350342464	0.04803863145537612	2.029293633198921	-12.4907099345392	1.749397599884311	-0.2817433546610083	-0.5816310105235628	13.0933463001445	-0.4545860674969293	1.698757740567219	-0.122995368707296	9.095066009406423	0.906275544011967	2.239034640899446	1.383038020380031	3.729858370391612
0.2916667	-0.5609245827492642	3.743649985363809	0.1650821302975361	-1.789054552489846	-0.07216060708074976	-0.6968405278796624	-3.792703568046328	2.357615242405928	0.9729401549235865	0.2493778449043379	-0.7882210300223041	-0.0672109983661426	0.1554929411843818	1.379302866433108	-0.1982523991225555	1.759946887783637	-0.04412781268498522	0.3897132698365317	0.4553270666273618	7.485132619591765	0	0	0.0848062886959363	-1.435398332604323	0.01043923212104285	2.960855698464084	-0.1308547975170462	-0.001369364274668141	1.081020757177745	-6.490614137723689	0.01444415286709795	-0.2727925823500706	0.05548075524799913	2.232478357239319	0.9711519608634545	0.7606968651754442	0	0	-0.4915248459962547	-3.651335781816569	-0.196994746299178	1.031090247253526	0.004406267005874735	0.5596936845993808	0.224343660602746	-8.597830915270738	-0.4302678036950542	5.289318359167326	0.3563358202419603	0.2415105734000453	1.975095870889714	-13.50391566594092	1.747887801723325	-0.4411262676791025	-0.5267078376102985	13.26903437612077	-0.4471081527646981	1.886685020217676	-0.08540442066438501	8.946104447327782	0.9160178206527515	2.435251931887659	1.397980927290227	3.44508414028764
0.2958333	-0.5448695426028768	3.956006904161385	0.1575414413099968	-1.829468810487501	-0.07481169273044998	-0.5777728468447881	-3.782944286437466	2.327362720088916	0.9739946164076929	0.2563358770742197	-0.7884688966747697	-0.05196955977147317	0.1614320860917321	1.476362408903303	-0.1908923940601849	1.772558092112523	-0.0422163123917102	0.5249432358045829	0.4878359481261981	8.108255766786336	0	0	0.07778733002220137	-1.925273966057463	0.02322198002956934	3.16807343819202	-0.1308601023831204	-0.001178978336168032	1.053797649792117	-6.57412727964335	0.01308313354626658	-0.3797108651889117	0.06455009589157538	2.120333375042409	0.9750666464265906	1.108553473432393	0	0	-0.5075989844082465	-4.054407023030675	-0.1925892677755685	1.082991179891338	0.006998384068250537	0.6812070135432828	0.1899197857900344	-7.934731564973878	-0.409084686101956	4.879639403407254	0.3576489663428473	0.3795761267326317	1.916928978301982	-14.39654827926202	1.745736808132498	-0.5895395661852705	-0.4710606121322538	13.44152983757314	-0.4388965018801361	2.051043063657545	-0.04846428250376793	8.783105431121445	0.9265528036582593	2.619652110474263	1.411767005358363	3.174743669862704
0.3	-0.5280153531041126	4.127053319731492	0.1498454915185907	-1.863492221583029	-0.07699261645706701	-0.4711341689101528	-3.773305227125974	2.299796594991953	0.9750726467738493	0.2606786493679091	-0.7886557953693939	-0.03794376699852191	0.1678361748937146	1.602405962841216	-0.1834840894758194	1.783045667944607	-0.03977727700220802	0.6429059314844525	0.5228029481530426	8.664645034638861	0	0	0.06883303955132394	-2.364268897430881	0.0367823557401341	3.333966468306847	-0.1308646386637035	-0.001000385172049094	1.026257901865733	-6.642286645846139	0.01128653365433235	-0.4818538665729553	0.07314560597588839	2.00493700265834	0.9803079930814446	1.39744352552828	0	0	-0.5252284126619121	-4.397683279565559	-0.1879747018046543	1.131400639610211	0.01005518501029723	0.7827101409384847	0.1581475726505419	-7.324647352459666	-0.3895968566291463	4.475342582951678	0.3594220055313722	0.4622419187057318	1.855292462107522	-15.16865062155349	1.742990207748055	-0.72699037413182	-0.4146999482905626	13.61084096441626	-0.4300489093925045	2.191839760199134	-0.01223168676280402	8.606061136709453	0.9378317791877379	2.792244028009451	1.424457029957624	2.918823982566606
0.3041667	-0.5105345403934944	4.256783639637359	0.142021092931625	-1.891123739116611	-0.0787551090322699	-0.3769275009287471	-3.763775429302433	2.274917625432793	0.9761633232543624	0.2624059634047143	-0.7887867862014843	-0.02513400043986718	0.1748258290836387	1.757431546562132	-0.1760365112543374	1.791409287118866	-0.03688270740960004	0.7435979040580117	0.5599491924890754	9.154284666965317	0	0	0.05815561697726695	-2.752370758809315	0.05094785271111585	3.458529319545065	-0.1308684553784405	-0.0008335894932156258	0.9984661461564872	-6.695090047714485	0.009074288566640134	-0.5792189630879587	0.0812535257378076	1.886291892625205	0.9866301910739504	1.627357965069243	0	0	-0.5441635745631703	-4.681154159897884	-0.1831657047804632	1.176317338855041	0.01349322420371882	0.8641999102600567	0.1288069138304771	-6.767594828742306	-0.371782377227302	4.076437794956713	0.3614240628939462	0.48950397085349	1.790689981470115	-15.82019982266373	1.739693737481845	-0.8534749979494427	-0.3576404585648548	13.77696357843095	-0.4206637546486922	2.309070882401663	0.02323396508539205	8.414975307633718	0.9498052832037982	2.953023117065324	1.436110771412394	2.677331739802389
0.3083333	-0.4925996907665319	4.34519623773186	0.1340950698883192	-1.912362930041618	-0.08015094139655574	-0.2951546562973197	-3.754343921668473	2.252726311765883	0.9772557218675287	0.2615178718844192	-0.7888669346334293	-0.0135405237512018	0.1825216139413233	1.941434396145424	-0.1685586890508339	1.797648825371263	-0.03360464823767897	0.8270173586733334	0.5989955977109501	9.577165315456964	0	0	0.04596742741235941	-3.089572067943804	0.06554590631006507	3.54176049028479	-0.1308716016160542	-0.0006785948780290272	0.9704870396146863	-6.732536770782749	0.006466373559915019	-0.6718039899921209	0.08886014222221775	1.764401009355552	0.9937873268897658	1.798293397240953	0	0	-0.5641547885692635	-4.904815013740038	-0.1781769517621423	1.217740325371036	0.01722901942185951	0.9256750862385422	0.1016774685501032	-6.263585453865172	-0.3556191492077426	3.682934418950631	0.363424241531544	0.4613636233946101	1.723625480282146	-16.35118458538063	1.735893187032492	-0.9689907968077591	-0.2998968225211081	13.93989380749101	-0.4108394686008429	2.402734465087804	0.05787334519328722	8.20985303540461	0.9624237849952492	3.101985944229628	1.446788099528846	2.450272217957827
0.3125	-0.4743820916694809	4.392295357887604	0.126093674503729	-1.927210813855526	-0.08123197997082632	-0.2258117098565238	-3.744999055157428	2.233221588791125	0.9783389974373552	0.2580143321779477	-0.788901311227507	-0.003162780436740608	0.1910446558786914	2.154423343869195	-0.1610591136373105	1.801764582204424	-0.03001490261983396	0.8931682995283075	0.6396659179322032	9.933307278709711	0	0	0.0324799377278207	-3.375889010756169	0.08040501024260613	3.583663975686141	-0.1308741266831653	-0.0005353938866286799	0.9423832216386612	-6.754628612522402	0.003482571150294731	-0.7596133914378415	0.09595228430811677	1.639258501993368	1.001534015306685	1.910258027075438	0	0	-0.5849538281965522	-5.068676576984783	-0.1730227562797206	1.255671587493362	0.0211793619944454	0.9671386197296034	0.07653697185678671	-5.812595034991174	-0.3410839301907893	3.29481356646916	0.3651917913085019	0.3778195255708009	1.654598038123364	-16.76163039738062	1.731634065856219	-1.073543315553839	-0.2414795537311371	14.09963947237256	-0.4006737683904907	2.472835004181466	0.09162961058536984	7.990684473995521	0.9756386707318406	3.239139659832477	1.456549640457779	2.237634518001479
0.3166667	-0.4560543205563792	4.398078382379103	0.1180437289931036	-1.935666804107487	-0.08204998751809814	-0.1689007733689589	-3.735729860690113	2.216404021354177	0.9794022258933274	0.251895334214592	-0.7888949802867299	0.005998936663425718	0.2005155385762885	2.396394321375968	-0.1535468140448935	1.803756382379761	-0.02618550683771208	0.9420485172769699	0.681681112018568	10.22269960643638	0	0	0.01790547931503983	-3.611312883573544	0.09535260819960641	3.58423728221088	-0.1308760796529964	-0.0004039903805138011	0.9142193454339558	-6.76136448992761	0.0001428473557794843	-0.8426448880145205	0.1025162268510086	1.51086725698212	1.009624359904319	1.963247044354996	0	0	-0.606311034268901	-5.172732764026964	-0.1677177892499474	1.290110089141645	0.02526077584248577	0.9885887951470334	0.05316513337293758	-5.414636304914033	-0.3281546608390437	2.912084746448306	0.3664958125116922	0.2388716879216482	1.5841115457864	-17.05152306819937	1.726962152099792	-1.167129650170988	-0.1824033154675053	14.25619662442569	-0.3902650756031963	2.519369968936064	0.1244434129013874	7.757474377922689	0.9894004245990222	3.364480546956007	1.46545524129887	2.039424262577016
0.3208333	-0.4377889654576296	4.362546659770531	0.1099720602324393	-1.937730927959846	-0.08265675205201266	-0.1244227651409766	-3.726525361922925	2.202273916337379	0.9804344850894263	0.243161119004117	-0.7888530100219789	0.01394445144608866	0.2110547547232211	2.667340478072358	-0.1460308205262131	1.803624254555668	-0.02218852017905406	0.9736574605395634	0.7247620097296951	10.44533775622511	0	0	0.002456487912942807	-3.795839868389389	0.1102161353766258	3.543481883962396	-0.130877509653691	-0.0002843870886403679	0.8860600699716225	-6.752744794144481	-0.003532797637655908	-0.920896658984005	0.1085382954128434	1.379230472639722	1.017812431271748	1.957261300441469	0	0	-0.6279766940269463	-5.21698323049717	-0.1622767360634381	1.321055129535823	0.02938977230432366	0.990025818160104	0.03134149293215466	-5.069716905456615	-0.3168091276460979	2.53475695019621	0.3671054499261072	0.04452543967130265	1.512670034130747	-17.22085998031209	1.721923263537508	-1.249747949381459	-0.1226828342629599	14.40956162109343	-0.379711835151481	2.542339090868482	0.1562554942562764	7.510228849670805	1.003659478283637	3.478006022698011	1.473564831320892	1.855645689312818
0.325	-0.4197572979549716	4.285698484511906	0.1019049133456854	-1.933403284492133	-0.08310410211760981	-0.09237555019402161	-3.717373920685801	2.19083059548483	0.9814249269629208	0.2318112672974846	-0.7887804651337414	0.02067414530206121	0.2227835672182979	2.967274819581985	-0.1385196220210185	1.801368192389908	-0.01809571126817747	0.9879966465696405	0.7686325588378585	10.60123241487807	0	0	-0.01365572612824384	-3.929478822640694	0.1248240982222245	3.461395824650268	-0.130878465909489	-0.0001765782699587892	0.8579680260017463	-6.728769111420994	-0.007524632565733175	-0.9943724604914009	0.1140052428131019	1.244341830299425	1.025852893672464	1.892300508014547	0	0	-0.6497026613617308	-5.20143010045177	-0.1567138885394657	1.348508194061601	0.03348316158364693	0.9714497577470227	0.01084404026451176	-4.777820280222838	-0.3070243194853248	2.162812065688847	0.3667898866690368	-0.205228547949418	1.440772372636286	-17.26964926202059	1.716562850184412	-1.321402178927064	-0.06232852879922932	14.55974182401341	-0.3691117291865076	2.541743472514213	0.1870088759620134	7.248936021264619	1.018367296703187	3.579721536368518	1.480938913421244	1.686289976696224
0.3291667	-0.4021319096320661	4.167534213589041	0.09386911500242076	-1.922683747462473	-0.08344382128062355	-0.07276034520029788	-3.708264562048185	2.182074430170093	0.9823626284943501	0.217845957333969	-0.7886824130383278	0.02618781294373774	0.2358224958458912	3.29619119087461	-0.1310222487951531	1.796988173566323	-0.01397913623185299	0.9850651094934062	0.8130136113670576	10.69037743800496	0	0	-0.03021874552273504	-4.012224706897011	0.1390039278563246	3.337979586461531	-0.1308789975365732	-8.056693656258714e-05	0.830007873357371	-6.689437464363066	-0.01181266506784232	-1.063070357129755	0.1189033814497398	1.106204450310066	1.033499817096958	1.768364103032702	0	0	-0.6712392279390432	-5.126071594203811	-0.1510439289740675	1.372468498113336	0.03745745516250423	0.9328603392603114	-0.008547650303624242	-4.538955343785921	-0.2987780605840019	1.796259213642108	0.3653182480903821	-0.5103862753954772	1.368922575228411	-17.19788540254786	1.710926721552774	-1.38209022434374	-0.001355110272194133	14.70673351410497	-0.3585632003238306	2.517582279820882	0.2166442754083883	6.973601658194695	1.033474322897336	3.669624221559705	1.487637398490402	1.531361708611518
0.3333333	-0.3850853530703177	4.008058170277392	0.08589148886280586	-1.905572804242184	-0.08372770343920984	-0.06557717337576094	-3.699186307039644	2.176005533803396	0.9832366717272544	0.2012656184333158	-0.788563923600706	0.03048536582039722	0.2502919346209856	3.654080654684104	-0.1235477297872519	1.79048437966574	-0.009910853478367045	0.9648635414032707	0.8576259703336511	10.71277308909077	0	0	-0.04702010970803885	-4.044077367394209	0.1525830964990618	3.173237619224835	-0.13087915369189	3.645031997455421e-06	0.8022442592101475	-6.634751349728541	-0.01637687434880459	-1.126988872164562	0.1232190783255901	0.9648217648949212	1.040507309314936	1.585457183033934	0	0	-0.6923367036068918	-4.990911673302064	-0.1452815499458922	1.392935592385697	0.0412291759559717	0.8742592093079657	-0.02705411059756292	-4.353125919748217	-0.2920480274707447	1.435106997143991	0.3624597705217211	-0.8709384244372932	1.297624651237624	-17.00557446405638	1.705060713623158	-1.431811023906363	0.06022265068824687	14.85053327838039	-0.3481646862276706	2.469856940999574	0.2451025173099868	6.684232873920031	1.048930961582337	3.747712345879412	1.493720262275249	1.390864083927688
0.3375	-0.3687889583547324	3.807262699604401	0.0779982845649085	-1.88206963349285	-0.08400756163980656	-0.07082568992264691	-3.690127523549914	2.172623615073054	0.9840362010044152	0.182069454726524	-0.7884300578483846	0.03356701021787912	0.2663133350960945	4.040960389979587	-0.1161045559278725	1.781856498501057	-0.005962628209770102	0.9273909726084512	0.9021936570212281	10.66842044314395	0	0	-0.0638485732488602	-4.025038333084456	0.1653900489487997	2.96716201519923	-0.130878983538534	7.606167796014087e-05	0.7747398333022097	-6.564708142541918	-0.02119757179610978	-1.186131073733634	0.1269390043529817	0.820186987576511	1.046629977921181	1.34357096834561	0	0	-0.7127469149830455	-4.795943849966523	-0.139441027850326	1.409910459314928	0.04471511701823057	0.7956435549907428	-0.04489719166003499	-4.22032308815466	-0.2868114305664755	1.079338080610741	0.357983470608161	-1.286902301854924	1.227377477036128	-16.6927072154734	1.699010236708245	-1.470566964251494	0.1223944245512174	14.9911480193388	-0.3380138764761753	2.398565165197374	0.2723264619919148	6.380815778516751	1.064688735160691	3.813989657617578	1.499247910388767	1.264790358650849
0.3416667	-0.3534152940147026	3.565151133267172	0.07021632748002476	-1.852174569181569	-0.08433518906223526	-0.08850621642276336	-3.681077233215468	2.171928851880529	0.9847502967112994	0.1602578327628466	-0.7882858852165655	0.03543262840106583	0.2840071270760071	4.456822155058068	-0.1087017568060452	1.77110466067855	-0.002206520854554143	0.8726476807073207	0.9464374766857645	10.55731816167106	0	0	-0.08049167876804877	-3.955106228779716	0.1772522409510813	2.719756232297016	-0.1308785362250302	0.0001366808386378845	0.7475592482739529	-6.479308971020854	-0.02625474300658383	-1.240495370433664	0.1300495123961394	0.6723034726090382	1.051621912394269	1.042709141102363	0	0	-0.7322201583991951	-4.541170650428424	-0.1335370532192596	1.423392565770116	0.04783179540410309	0.6970145425998902	-0.06229740673296087	-4.140551945357959	-0.2830459825158986	0.7289611965381122	0.3516585486251999	-1.758269919097892	1.158685081185984	-16.25928682570919	1.692821121816401	-1.498356720467699	0.1851454550671373	15.12857424746879	-0.3282092135062143	2.303707815056113	0.2982569052311838	6.063357148449731	1.080698056157652	3.868454140876424	1.50428030452774	1.153144077905895
0.3458333	-0.3391368399987439	3.281730769252448	0.06257243229986752	-1.815888558888632	-0.08476237430053636	-0.1186178810016722	-3.672024456857446	2.173921164163938	0.985368047434882	0.1358313701720141	-0.7881364761298981	0.03608221937172366	0.3034935798181772	4.90165492598066	-0.1013483581348793	1.758229200701477	0.001285426601850564	0.8006356012644562	0.9900782656740374	10.37947131405394	0	0	-0.09673698668257602	-3.834284564958267	0.1879972189471836	2.431027696072108	-0.1308778609265108	0.0001855014838843737	0.7207671256774822	-6.378556437534932	-0.03152835087588946	-1.290080629533793	0.1325370138225958	0.5211748861211489	1.055237310761729	0.6828810450183536	0	0	-0.7505068201346971	-4.226600342154725	-0.127584322675941	1.43338171392066	0.05049576361713243	0.5783752596821288	-0.07947531157280149	-4.113812496739975	-0.2807292547354055	0.3839845597939803	0.3432543823135695	-2.285027968931176	1.092051342992617	-15.7053280366135	1.686539213265052	-1.515180020382472	0.2484609303785691	15.26280877935189	-0.3188491065250315	2.185288015481081	0.3228347669792065	5.731865108152292	1.09690931295026	3.911104913773829	1.508877453932667	1.055927401802431
0.35	-0.3261250592629109	2.956988003165094	0.05509286468184706	-1.773209860857677	-0.08534093727980567	-0.1611621290423984	-3.662957563588582	2.17860064755581	0.9858785852157069	0.1087888944650631	-0.7879868901317235	0.03551581431071594	0.3248943856956408	5.375480055061995	-0.09405285665880184	1.743229500537872	0.004441421292856605	0.7113512776447413	1.03283999863353	10.13487136350734	0	0	-0.1123732248660186	-3.662567542087459	0.197453291692142	2.100962547333029	-0.1308770067661598	0.0002225259571285899	0.6944261618872721	-6.262445705885175	-0.03699874084319345	-1.33488923116454	0.134388091789894	0.3667939738246275	1.057230617795237	0.2640694080686322	0	0	-0.7673585918860928	-3.852217825529048	-0.121597103478738	1.439878383253343	0.05262376153852507	0.4397200114607657	-0.09665269345060523	-4.140103458786638	-0.2798386694879638	0.04439161123484319	0.3325397221210585	-2.867201736145709	1.027975362712731	-15.03080425773905	1.680209901403328	-1.521037671527132	0.312330604366259	15.39385805834874	-0.3100312949551133	2.043300082230954	0.3460027212998614	5.38632374575192	1.113274064163264	3.941944023579655	1.513099692901098	0.9731356638653489
0.3541667	-0.314552460098436	2.590929141413496	0.04780444294636438	-1.724139269264776	-0.08612266960532236	-0.2161383870363559	-3.653865574030779	2.18596728648549	0.9862709961980444	0.07913096050122462	-0.7878421975817304	0.03373338303541315	0.3483298584501964	5.878287213926336	-0.08682427937849908	1.726105843716442	0.007189414031652874	0.6047962309187134	1.074443494125907	9.82352177743466	0	0	-0.1271879416528915	-3.43995744922166	0.2054479767536869	1.729567219717334	-0.130876022914227	0.0002477529450874616	0.6686009885309231	-6.130979009900971	-0.04264588076280342	-1.374919927926246	0.1355891425523451	0.2091643238790397	1.057355995538651	-0.2137178414360242	0	0	-0.7825258284749531	-3.418029932700803	-0.1155900912519601	1.442882292111984	0.0541323298076111	0.28105140516577	-0.114050105448824	-4.219426109630156	-0.2803518326884565	-0.2898093048636792	0.3192838931113295	-3.504779243185593	0.9669610750489611	-14.23572733768335	1.673879028866285	-1.515929138542865	0.3767396785965449	15.52171882451716	-0.3018541998459677	1.877746574641762	0.3677016549945611	5.0267408486878	1.129742702438884	3.96097030490616	1.517007020951633	0.9047713704601458
0.3583333	-0.3045914126370557	2.183564456695697	0.04073396706407291	-1.668678191899191	-0.08715934337838135	-0.2835448880187104	-3.644737511215152	2.196020807419006	0.9865343778661778	0.046858374220214	-0.7877074683698423	0.03073501210006687	0.3739201164983557	6.410063291962029	-0.07967164687002462	1.70685871766288	0.009457394799067209	0.4809736401231202	1.114609681902073	9.445432431114627	0	0	-0.1409687642426591	-3.166461461081564	0.2118089319908014	1.316852114504216	-0.1308749585534127	0.0002611822670208086	0.6433561877208478	-5.984160057563656	-0.04844972152126893	-1.410171931091698	0.1361266247659982	0.04828983631840575	1.055367785354528	-0.7504671136052714	0	0	-0.7957590464359592	-2.924049237055154	-0.1095779835200211	1.442393494140711	0.05493806852813454	0.1023739692825929	-0.131888079527313	-4.351776636431891	-0.2822462154938027	-0.6186103618538266	0.3032564642968364	-4.197743193810345	0.9095121207855658	-13.32012069798347	1.6675924384388	-1.499854938809789	0.4416733028540635	15.64638812400795	-0.2944161807391835	1.688632314313005	0.3878725958887235	4.653125552367587	1.146265610446321	3.968183726381267	1.520659467833893	0.8508356429370512
0.3625	-0.2964135870736543	1.734874395193979	0.0339077302169495	-1.606823966586615	-0.08850280777999624	-0.3633848675532769	-3.635561740640625	2.208761692933089	0.9866578452506648	0.01196958651310067	-0.7875877627440458	0.02652055758057072	0.4017871452004976	6.970833814829218	-0.0726034655147355	1.685487198500353	0.01117351197717122	0.3398775616785089	1.153062369825984	9.000585175968242	0	0	-0.15350430221171	-2.842066449649699	0.2163642557220621	0.8627974210516607	-0.1308738627882256	0.0002628145675464288	0.6187545301041543	-5.821981801450761	-0.05439063400934273	-1.44064693278412	0.1359870279859767	-0.115837210956229	1.051020163037031	-1.346204172816398	0	0	-0.8068096948964706	-2.370252027139335	-0.103575044691138	1.438411965876847	0.05495762838485927	-0.09632087284291145	-0.1503884346409514	-4.537161392118771	-0.285499442303512	-0.9420273424388526	0.284225820202913	-4.946126850821787	0.8561280410559325	-12.28394038881753	1.661395520245271	-1.472814300753977	0.5071213086919543	15.76787194104322	-0.2878150693189415	1.475948223614948	0.4064580065106419	4.265459922970119	1.16279436176982	3.963584634254749	1.524117322498984	0.8113258923397197
0.3666667	-0.2901913942774143	1.244868238028011	0.02735253792188821	-1.538577847712092	-0.09020484165227387	-0.4556568570410756	-3.626327284332937	2.224189733984977	0.9866304926084531	-0.02553465945089759	-0.7874881508941093	0.02109007684677877	0.4320511161520191	7.560586367479418	-0.06562875781344385	1.661991722680002	0.01226574316423653	0.1815107601275836	1.189522449838704	8.488988285295777	0	0	-0.1645821554092539	-2.46677836822284	0.2189415645339516	0.3674125487224864	-0.1308727848000228	0.0002526493827865275	0.5948606124755021	-5.644447581003418	-0.06044857263885949	-1.466344029607502	0.1351567947804947	-0.2832129958799302	1.044067416272502	-2.00091684458246	0	0	-0.8154282409919144	-1.756649441020945	-0.09759597233860541	1.430937677138941	0.05410759161335695	-0.3150290730420497	-0.1697717159849655	-4.775577836602511	-0.2900890171553981	-1.260052290563265	0.2619614605439546	-5.749914247658583	0.8073125682071803	-11.12720693847034	1.655334118678033	-1.434807478569235	0.5730688583620855	15.88616724525007	-0.2821492440387102	1.239698558577825	0.4233988773233082	3.863752758908902	1.179279339799944	3.947172713648912	1.527440609302827	0.7862435862742736
0.3708333	-0.2860970573794007	0.7135592326071436	0.02109516967587068	-1.46394170327386	-0.09231718941513381	-0.5603581944268745	-3.617023169951578	2.2423044635686	0.9864414286750104	-0.06565336942208601	-0.7874137010808256	0.01444374400542993	0.4648319708450809	8.179305752628201	-0.05875653729361708	1.63637293054995	0.0126621258507514	0.00587765797926389	1.223711005168976	7.910656440272828	0	0	-0.1739900636202786	-2.040608055764103	0.2193686648997258	-0.1692891254788361	-0.1308717737684551	0.0002306873814064095	0.5717389636874648	-5.45156220981471	-0.06660348058730133	-1.487262776838275	0.1336224340179352	-0.453833384513307	1.034264082835731	-2.714587292836937	0	0	-0.821365385336275	-1.083258358003354	-0.0916554617445688	1.419970933045851	0.05230462392930686	-0.5537446618906395	-0.1902583839948492	-5.06701833882396	-0.2959923157996586	-1.572677767799424	0.2362331954667058	-6.60908409907479	0.7635689960063101	-9.849952448166281	1.649454065120011	-1.385835779188312	0.6395010661607862	16.00127131234854	-0.2775169935657464	0.9798898374953455	0.4386363566633255	3.448014206565917	1.19567093212943	3.918948783701721	1.530689365519676	0.7755888073315479
0.375	-0.2843025281811106	0.1409218756910539	0.01516195769066453	-1.382911950679663	-0.0948917518827673	-0.6774939054552828	-3.60763775454486	2.263106751204892	0.9860797467631573	-0.1083884691293593	-0.7873694764456384	0.006581240027443671	0.5002520397942247	8.827021669281253	-0.05199532379660271	1.6086295923885	0.01229071858064215	-0.187030175290246	1.255351556749809	7.265561880526654	0	0	-0.1815164265179246	-1.563535055771176	0.2174733703083703	-0.7473333636448753	-0.1308708788005909	0.0001969275092133443	0.5494524563000768	-5.243316429238677	-0.07283574559691594	-1.503404178592374	0.1313703358033675	-0.6277065667660567	1.02136396338896	-3.487249774309474	0	0	-0.8243722268397753	-0.3500464547973861	-0.08576778075396231	1.405511207185439	0.04946525079756186	-0.8124790979202883	-0.2120703847648252	-5.411496888151063	-0.3031871550668426	-1.879918780410343	0.2068089438489084	-7.523677645883152	0.7253975234555725	-8.452115608708851	1.643800769209682	-1.325896851932029	0.7064078355743587	16.11318966742224	-0.2740162842632795	0.6965095893493566	0.4521126702490437	3.018224310171349	1.211920706039271	3.878911489642861	1.533923860723174	0.7793610440739688
0.3791667	-0.2849796345553297	-0.471417422903518	0.009579645490454997	-1.295646671243474	-0.09798013822599666	-0.8065370530870886	-3.598160072581343	2.286565161273205	0.9855345846115066	-0.1536201764936591	-0.7873605350508416	-0.002458184082251694	0.5384307716991283	9.501722882347503	-0.04535415546915954	1.57868289364725	0.01107971662156635	-0.3965775246208919	1.284165650690919	6.555592201227589	0	0	-0.1869494489910431	-1.037396726196744	0.213083927277689	-1.364930459950088	-0.1308701489946959	0.0001516710345012618	0.5280655562157487	-5.020010735839021	-0.07912530105508869	-1.514724901567827	0.1283870763116373	-0.8045247683066877	1.00512232015141	-4.316023032535762	0	0	-0.8241999865868791	0.4408547719926126	-0.07994759166346249	1.387681412735111	0.04550643169753195	-1.090083439508939	-0.2354277531529909	-5.807370178929539	-0.3116507624653851	-2.181121563021368	0.1734592369317091	-8.490769777062871	0.6933003725708914	-6.938043616420679	1.638419978173223	-1.255312324811831	0.7737739102236608	16.22054368353558	-0.2717451707785842	0.3904997422328372	0.4637691604117924	2.575240902462161	1.227979209944069	3.827650467819834	1.537204053466202	0.7972811731613632
0.3833333	-0.2882049199030488	-1.070180008047515	0.004365735478083271	-1.207307844618292	-0.1016030195217891	-0.9301746703248498	-3.588580994728044	2.31165503017516	0.9848020959237432	-0.1974255814318602	-0.7873896288646492	-0.01138387855873657	0.5793697755819026	10.13750565695923	-0.03884673452267441	1.543913526842938	0.008994563584490755	-0.6019307093225413	1.309985482687453	5.842620518237838	0	0	-0.1901851608222911	-0.5225177402726873	0.206133476804272	-1.963417595746795	-0.1308696157161199	0.0001048477401362971	0.5076252103969711	-4.791419896093763	-0.08544955616760293	-1.519813429210243	0.1246771859386703	-0.9742617900347902	0.9854634279703	-5.106353654132306	0	0	-0.8207247916462054	1.219600494648134	-0.07420232575075059	1.370530585130393	0.0404125641747559	-1.348819636282919	-0.2604539863110442	-6.200612213642046	-0.3213221932660761	-2.454956407580984	0.1361260488072164	-9.414473454793635	0.6675249235413935	-5.450258432620348	1.633338535920987	-1.184662651823982	0.8415029760408442	16.27793256579679	-0.2707464761199082	0.09275300282643142	0.473597278851429	2.147057469135536	1.243831698991128	3.784606014958814	1.540573436875505	0.8201238213254914
0.3875	-0.2938431198754392	-1.629569706547697	-0.0004831848018085452	-1.120392947886879	-0.1057124147409928	-1.040020021838564	-3.578894778009633	2.337881062341558	0.9838939942069453	-0.2379052911305034	-0.7874543745658684	-0.01957061206088945	0.6228113078171872	10.70245469403497	-0.03249672825698754	1.503049436491814	0.006083471667977493	-0.7930008797132472	1.332891349902324	5.15660306448919	0	0	-0.1913599305433664	-0.0481154754796727	0.1967881362065726	-2.514388073225865	-0.1308692707634319	6.126921399383414e-05	0.4881380092434864	-4.562269477444127	-0.09178075648993894	-1.517985664280218	0.1202848221003408	-1.132066577234762	0.9626864919561946	-5.812444952870206	0	0	-0.8141004904431249	1.952373282980481	-0.06852288201958776	1.356020853485742	0.03431789384402185	-1.570405965207145	-0.2870593375980844	-6.565052282076153	-0.3320563160524301	-2.691097918064095	0.09513030150210298	-10.24835331911578	0.6477494707042595	-4.057772311010459	1.628540804989261	-1.119073482223762	0.9093228432279369	16.26334717153613	-0.2709399964917132	-0.1817702135396139	0.4817005774678081	1.74722101657966	1.259541964242108	3.759201110825325	1.544039019298643	0.8434175183978921
0.3916667	-0.3017300704776396	-2.149571675223093	-0.004972927778532723	-1.034904118327669	-0.1102507619426383	-1.136069974734476	-3.569096919483392	2.365242669232702	0.9828241565444162	-0.2750582143219257	-0.7875516919504502	-0.02701816149847889	0.6684592081770112	11.1965538843526	-0.02632968625270703	1.456091383945073	0.002406014815470571	-0.9697829357817129	1.352994979609881	4.49755727523323	0	0	-0.1906423622815033	0.3857972250180197	0.1852460918638322	-3.017826958091646	-0.1308691006269785	2.093661880175907e-05	0.469606763522136	-4.332564959508916	-0.0980899315786652	-1.509241401653826	0.1152598008614556	-1.277934912916626	0.9371430269448779	-6.434276949407487	0	0	-0.8045187626636475	2.63915389489154	-0.06289839273639994	1.344152661125827	0.02737734979977754	-1.754835770638816	-0.3151231763589551	-6.900680600533775	-0.3436958266283859	-2.889539069928584	0.05084720984045295	-10.9923861226302	0.6335774717143808	-2.760622103028604	1.624005817991652	-1.058546572377083	0.9769319851748448	16.1767852596871	-0.2722289745539564	-0.4330624820600633	0.4881969563383368	1.37574216164982	1.27518312682617	3.751437000190593	1.547602598131219	0.8671617215522632
0.3958333	-0.3117013918377514	-2.630174852061898	-0.009109340361940176	-0.9508433563185575	-0.1151604580069424	-1.218322720458566	-3.559182926924064	2.39373915329524	0.9816064755458916	-0.308883579105505	-0.7876784976875075	-0.03372637474194951	0.7160171046250312	11.61979392018011	-0.02037114052611744	1.403040715566087	-0.001978159459582331	-1.132273149156426	1.370408368095509	3.865497996477962	0	0	-0.1882012418258394	0.7792114049998943	0.1717057410358988	-3.473723879017535	-0.1308690917803244	-1.614919431712731e-05	0.4520341922293236	-4.102311875099705	-0.1043481131047434	-1.493581100181625	0.1096519990210811	-1.411863725973713	0.9091848133551987	-6.97183775318199	0	0	-0.7921715719027591	3.279927503470367	-0.05731798489205955	1.33492619779109	0.01974594233921001	-1.902105963911462	-0.3445247319256642	-7.207490151206124	-0.3560833338818715	-3.050276457816109	0.003652304226987927	-11.64655724313493	0.624611846302609	-1.558835507992705	1.619712582318698	-1.003083192679725	1.044028895500818	16.01825149883214	-0.2745165478041293	-0.6611186080694681	0.4932044698025584	1.032628798910022	1.290828314506241	3.761313234333378	1.55126596136131	0.8913558447143345
0.4	-0.3235934490152916	-3.071402306385705	-0.01289856297825974	-0.8682066268784101	-0.120384258465277	-1.2867822072058	-3.54914759294782	2.423371882382291	0.9802547542058573	-0.3393830091247282	-0.78783171796717	-0.03969557379068735	0.7651920758244404	11.97219511736427	-0.01464619626690044	1.343894884882032	-0.00700972850563747	-1.280479319492421	1.385244731802042	3.260394888892581	0	0	-0.184205156494153	1.132145948648733	0.1563644797015281	-3.882100719405864	-0.1308692306984947	-4.999000551022834e-05	0.4354217605874496	-3.871499171891611	-0.1105267830711136	-1.471004008157117	0.1035108820182632	-1.533859445091909	0.8791615853843369	-7.425153167525142	0	0	-0.7772499572546521	3.87472486634229	-0.05177038434109381	1.328341020604209	0.01157812213897453	-2.012223614107464	-0.3751453680777997	-7.485495661187261	-0.369062349480174	-3.173317797244734	-0.046082322468959	-12.21089808134616	0.6204549359053463	-0.4523548392232264	1.61563979939593	-0.9526806808468656	1.110316896351262	15.78773827922897	-0.2777060315930193	-0.8659495384370255	0.4968415134638716	0.7178644586553392	1.306551780687556	3.788830287320504	1.555031161919315	0.9160010492205958
0.4041667	-0.3372419101998323	-3.47324203088473	-0.01634643413106419	-0.7869959646104646	-0.1258645684233309	-1.341446295335232	-3.538986422479685	2.454140186194079	0.9787828817514312	-0.3665556526367315	-0.7880082701293876	-0.04492558877486238	0.8156877920639122	12.25374646779033	-0.009180390796535006	1.278655092002359	-0.0126290610586583	-1.414397375506177	1.39761600380742	2.682263445799885	0	0	-0.1788228527332197	1.444590928002253	0.1394206595297826	-4.242945967180908	-0.1308695038587628	-8.05848857531874e-05	0.4197722106187796	-3.640132369397939	-0.1165969715826694	-1.441510418436242	0.09688631325886572	-1.643918712691997	0.847425069693771	-7.794209279667682	0	0	-0.7599458182354136	4.423530052792927	-0.04624471899704387	1.324397382702062	0.00302888476888568	-2.085184740810912	-0.4068643448290596	-7.734689421191914	-0.3824754983853453	-3.258658778054739	-0.0979812052613462	-12.68539185874966	0.620709780434988	0.5587899159182279	1.611766482160357	-0.9073404287675454	1.175494465491666	15.48524854203743	-0.2817005862242776	-1.047549520958988	0.4992261073496596	0.4314577160266918	1.322426654120687	3.833988133806387	1.558899990212782	0.9410967598088325
0.4083333	-0.3524822749685215	-3.835685799418335	-0.0194588250932082	-0.7072132672174251	-0.1315437683622256	-1.38231416954565	-3.528694932524821	2.486043285417198	0.9772047589440782	-0.3904009772656871	-0.7882050692742818	-0.04941632078531787	0.8672077968423748	12.46444376483361	-0.003999236559524426	1.2073231220487	-0.01877646943010175	-1.53402461755395	1.407634353835073	2.131116571279109	0	0	-0.172223210064921	1.716540302041939	0.1210727860332181	-4.556252673235968	-0.1308698977255148	-0.0001079332176259397	0.4050881919102319	-3.408217040324779	-0.1225297191583787	-1.405101287849425	0.08982820255947145	-1.742039317078067	0.8143271574182981	-8.079000265620131	0	0	-0.7404512830802692	4.92633154729505	-0.04073011466770027	1.323095283637309	-0.005746737585706593	-2.120988930582221	-0.439560816753922	-7.9550664878241	-0.3961653638832244	-3.306298709270168	-0.1516686713984577	-13.07003042202834	0.6249789962813872	1.474577922189677	1.608071624400555	-0.8670633423606777	1.239260187287476	15.1107921380663	-0.2864032947158366	-1.205915033571389	0.5004763917208013	0.1734144238737241	1.338526049021317	3.896785054952976	1.562874226701136	0.9666423579688446
0.4125	-0.3691511612990068	-4.158751009565764	-0.02224182713709629	-0.628854705068544	-0.1373646507501101	-1.409387791526403	-3.518267897579235	2.519082711424901	0.9755341714768	-0.4109201276054897	-0.7884190449517195	-0.05316798538064169	0.9194593590072627	12.60429712212619	0.0008721239390609814	1.129895551031714	-0.02539271560501479	-1.639366787835233	1.415412643360309	1.606927809857	0	0	-0.1645746161947755	1.9480071245466	0.1015180244258108	-4.822035876533555	-0.1308703987931066	-0.00013203631386994	0.3913713083369498	-3.175742052558228	-0.1282964921801019	-1.361774868730434	0.08238594574318725	-1.828225968114487	0.7802173360456145	-8.279539795568535	0	0	-0.7189570478053912	5.383153484706541	-0.03521530036620959	1.324434660908196	-0.01459434917134052	-2.119637902049997	-0.4731163057904902	-8.146637439352263	-0.4099755201552939	-3.316239877644308	-0.2067729396588507	-13.36483223412863	0.6328655601634902	2.295053138118736	1.604533956264651	-0.8318474882951798	1.301317223984489	14.66435109312062	-0.2917175883468305	-1.341053677940457	0.5007105818308134	-0.05627780407976152	1.354924240596975	3.977224065060716	1.566955939236932	0.9926390699089663
0.4166667	-0.3870841050136832	-4.442428489888421	-0.02470130355712186	-0.5519222100918632	-0.1432696001549915	-1.422666014889355	-3.507700831457699	2.553257712157339	0.9737850177264706	-0.4281124914380728	-0.7886471127109057	-0.05618046591140202	0.9721460431277388	12.67330063266067	0.005408171121349739	1.04637401781911	-0.0324181238578657	-1.73042084379428	1.421062986990549	1.109710712927565	0	0	-0.1560459234490742	2.138984382755949	0.08095484888869411	-5.040287487217864	-0.1308709935286593	-0.0001528934791635312	0.3786242326779411	-2.942712965506095	-0.1338683275258064	-1.311531951915076	0.07460944281429974	-1.902476167632801	0.7454474682307339	-8.395820023316334	0	0	-0.6956551903646474	5.793983245696761	-0.02968940203057537	1.328415577463818	-0.02335892138317116	-2.081130350025222	-0.5074099885514777	-8.309396640903952	-0.4237485552515	-3.28848068739983	-0.2629183757555891	-13.56978698542122	0.643972180052148	3.020192440419796	1.601132475569025	-0.8016938939832182	1.361364122501609	14.14593353058656	-0.2975465659721229	-1.452961374463934	0.5000467921356259	-0.2576124344072189	1.371694349343184	4.075303868667218	1.571146910834213	1.019086287931065
0.4208333	-0.4061165205871351	-4.686712850116827	-0.02684314870570333	-0.4764175773148952	-0.149200993074556	-1.422149017586101	-3.496989261417793	2.58856742654104	0.9719712036122222	-0.4419777759124063	-0.7888861867482245	-0.05845371668884252	1.024971372001841	12.67145519091973	0.009583417599097865	0.9567607462907768	-0.03979297918411296	-1.807185114515115	1.424697703613158	0.639476242641278	0	0	-0.1468060686424181	2.289468950853446	0.05958183040938405	-5.211003978402098	-0.1308716683903019	-0.0001705043297902847	0.3668495446119576	-2.709135391768988	-0.1392162807872141	-1.254373992213641	0.06654862586427344	-1.964788563347855	0.7103694799922434	-8.427841191446735	0	0	-0.670737962241206	6.158812626122181	-0.02414154666285379	1.335037842669048	-0.03188543358802146	-2.005468536295194	-0.5423209707839914	-8.443341223495976	-0.4373270607853714	-3.223023161943164	-0.3197292454510214	-13.68489299147386	0.6579012547971623	3.649981857926793	1.597846167056243	-0.7766031008668417	1.419099622728304	13.55555448349926	-0.3037932770376058	-1.541636273679331	0.4986032232960233	-0.4305856559733555	1.38890946005192	4.191021476817611	1.575448914018305	1.04598336108902
0.425	-0.4260852080183609	-4.891615816087882	-0.02867340726830081	-0.4023371824572793	-0.1551016340824094	-1.407836774800373	-3.486127941791356	2.625013549469392	0.9701065035136927	-0.4525166465727898	-0.7891331986427699	-0.05998784683075073	1.077642677133564	12.59876070832074	0.01337267258289014	0.8610514349408595	-0.0474581024872001	-1.869663284741687	1.426429348284138	0.1962018273824332	0	0	-0.1370233127481152	2.399468052213933	0.03759598899257399	-5.334193544608944	-0.1308724098858783	-0.0001848697110849533	0.3560489876642476	-2.474998119443977	-0.1443117902756094	-1.190298246000167	0.05825284258554504	-2.015166146302498	0.6753327637726716	-8.375604837000392	0	0	-0.6443957991578115	6.477659138073246	-0.01856046168011595	1.344301774397703	-0.04001947807495122	-1.892648829034745	-0.5777308807243307	-8.548477616571169	-0.4505546055930271	-3.119864159262819	-0.3768339174494749	-13.71015577746322	0.674256224798126	4.184451621015446	1.594653780485112	-0.7565739045687042	1.474226597455105	12.89318561321106	-0.3103612269357224	-1.607082632049911	0.4964979612584992	-0.5752057716256479	1.406643901485928	4.324382444045964	1.579864032374813	1.073331580463003
0.4291667	-0.4468256062109682	-5.057131052234167	-0.03019796604668829	-0.3296828547718637	-0.1609138996245372	-1.379729133396845	-3.47511239630491	2.662595247122487	0.9682048219634524	-0.4597287307259528	-0.7893850628182567	-0.06078279290809573	1.129863481136399	12.45521637896365	0.01675043972294053	0.7592481613953233	-0.05535378643919718	-1.917853340646024	1.42637019286628	-0.2201009233837383	0	0	-0.1268665775319483	2.468977589279108	0.01519587855372045	-5.409851518202516	-0.1308732044752788	-0.0001959891614293006	0.3462251648718809	-2.240306747833383	-0.1491259058667814	-1.119306002090326	0.04977201883818969	-2.053607277739037	0.6406892423884107	-8.239109180353449	0	0	-0.6168209161138178	6.750513473603044	-0.0129352734221754	1.356207245411094	-0.0476060266444208	-1.742672598281746	-0.6135188375143833	-8.624802259669888	-0.4632737747420868	-2.979004797963857	-0.4338566690241776	-13.64557150264489	0.6926395518852947	4.623585470476102	1.591534303107339	-0.7416069680241042	1.526443727532159	12.15884022533448	-0.3171534739800678	-1.649298042574902	0.4938491893861009	-0.6914682896519124	1.424970770009223	4.475384204773082	1.584394041118833	1.101130305918963
0.4333333	-0.4681730799853673	-5.183256004157371	-0.03142274118940809	-0.2584562866109686	-0.1665801746308505	-1.33782726457992	-3.463938163490456	2.701311576666757	0.9662800670442412	-0.4636139750456614	-0.7896386932325871	-0.06083856245252439	1.181337349871337	12.24082819843848	0.01969126217174273	0.6513535882923182	-0.06342030157866138	-1.951754640039919	1.424632681136776	-0.6094229894355236	0	0	-0.1165048206612122	2.497997351434416	-0.007419907222449479	-5.437977794515922	-0.1308740386132965	-0.0002038625308100692	0.337380585506761	-2.00506692943233	-0.1536297044499547	-1.041399213274275	0.04115609824591922	-2.080111464783073	0.6067908009096784	-8.018360530661797	0	0	-0.5882056464480383	6.977370739951755	-0.007255112462701124	1.370753874886308	-0.05449010365576225	-1.555544781050384	-0.6495639240040457	-8.672314358221751	-0.475327202103549	-2.800449815835099	-0.4904217853126039	-13.49114495147148	0.7126535031693684	4.967376299218643	1.588466715175446	-0.7317024681982156	1.575449973150786	11.35253853513104	-0.3240730549520117	-1.668282328393293	0.4907751432180893	-0.7793714406312151	1.443963105113611	4.644022499927281	1.589040704436136	1.129378854074862
0.4375	-0.4899645404651292	-5.269996725952057	-0.03235373336185579	-0.1886540590446171	-0.1720432509490918	-1.28212915702771	-3.452599975471659	2.741164396515766	0.964346007810453	-0.4641725660266258	-0.7898910221635723	-0.06015515814101682	1.231771549971251	11.95558587594791	0.02216988988658025	0.5373625366094684	-0.07159850200923883	-1.971368810211781	1.421329110280541	-0.97178305853111	0	0	-0.1061062492570543	2.486528731650731	-0.03005440798502827	-5.418573723632031	-0.1308748988154206	-0.0002084901971554369	0.3295171337416041	-1.769267372548857	-0.1577945838163411	-0.9565741399663172	0.03245440185576877	-2.094679979655942	0.5739868883981526	-7.713348291820711	0	0	-0.558740248374383	7.158241826442403	-0.00150869986799397	1.387942361072732	-0.0605172225598851	-1.33125639506171	-0.6857478228674942	-8.691016192843975	-0.48655838330861	-2.584190642100268	-0.5461576232227321	-13.24686871134993	0.7339018111286879	5.215840609466898	1.585429776946995	-0.7268599296674386	1.620947788090594	10.47424183950031	-0.3310235075422701	-1.664036400765387	0.487393830436794	-0.8389194439823172	1.463695320869978	4.830305424276252	1.59380612245628	1.158078580882707
0.4416667	-0.5120353650834627	-5.317349717921966	-0.03299685158974597	-0.1202778986504667	-0.177245509318885	-1.212635650857701	-3.441093366908794	2.782152791089514	0.9624165519562945	-0.4614043705003705	-0.790138963574692	-0.05873256976494608	1.280869625857799	11.59949370669923	0.0241608552302306	0.4172775227310002	-0.07982866165969817	-1.976694866061406	1.416571885141626	-1.307171463134017	0	0	-0.09583981808472367	2.434570547571729	-0.05250903286198431	-5.351638060134859	-0.1308757715372319	-0.0002098719325503871	0.32263734237286	-1.532913716379804	-0.1615916130642996	-0.8648325689619921	0.02371687064096779	-2.097312043010704	0.5426294119994457	-7.324076750779017	0	0	-0.5286170325453944	7.293120736511772	0.004314835242975015	1.40777238654389	-0.06553238900289074	-1.069811485580484	-0.7219496217059497	-8.68090627748972	-0.496809934372342	-2.330231109746817	-0.6006884524490121	-12.91274541042066	0.755986777253862	5.368969006087141	1.582402469664983	-0.727079650890201	1.6626360519108	9.52396862628121	-0.3379078704306872	-1.636559525291889	0.4838234777909498	-0.8701098497073877	1.484240473634366	5.034229142123979	1.598692062189961	1.187228813772526
0.4458333	-0.5342209044549944	-5.325315261539972	-0.03335803253430503	-0.05332939510564326	-0.1821293555180263	-1.129348910527104	-3.429413888630283	2.824275735794362	0.9605056067340533	-0.4553095746654549	-0.7903794318506215	-0.05657085807636079	1.328335250218772	11.17256278738984	0.02563873738040354	0.2911016480533222	-0.08805104947079269	-1.967733194128363	1.41047355011294	-1.615581124951312	0	0	-0.085874469224185	2.342125503784851	-0.07458520824912919	-5.237174121577442	-0.130876643233109	-0.0002080078206852829	0.316743649766903	-1.296011653314801	-0.164991896605306	-0.7661769510313257	0.01499344901484071	-2.088008021383724	0.5130701400032468	-6.850558283265317	0	0	-0.4980283727632353	7.382005888783782	0.01022635634757685	1.430243380289087	-0.06938070577695683	-0.7712176648477866	-0.7580484064022595	-8.641985892001422	-0.5059245653529942	-2.038578670945967	-0.6536386583651081	-12.48878630202121	0.7785106227174396	5.426761246065237	1.579363773647849	-0.7323614443548018	1.700214009882408	8.501744292961599	-0.3446291886416298	-1.585853197713278	0.4801823301768646	-0.8729429300998596	1.505671541721956	5.255788124281985	1.60370027907795	1.216828836926366
0.45	-0.5563581099310876	-5.293893739158284	-0.03344323540774375	0.01219466516944288	-0.1866375438370745	-1.032264938208415	-3.41755624850762	2.867535252564022	0.9586269418609997	-0.4458878859669995	-0.7906093586373792	-0.05366991931143821	1.373875497288231	10.6747726250077	0.02657821607212462	0.1588288560375407	-0.09620652702817649	-1.944483364245515	1.403146193056531	-1.897026847883634	0	0	-0.07637842882447421	2.20918916285699	-0.09608594789384224	-5.075176413602811	-0.1308775004203441	-0.0002028977720813102	0.3118380817412798	-1.058549811872869	-0.1679667792610024	-0.6606025506288842	0.006333452864290493	-2.066767468174817	0.4856587297547018	-6.292770160029487	0	0	-0.4671644325175745	7.424901549814003	0.01623715348497537	1.45535642093328	-0.07190754061416987	-0.4354606001308882	-0.7939258622081546	-8.574253168170678	-0.5137456308172793	-1.70921932615665	-0.7046364243605238	-11.97497103578874	0.80107720047461	5.389220103473084	1.576292450539987	-0.7427055635913828	1.733383567218441	7.407519771988358	-0.3510909903490489	-1.511914984086884	0.4765883680555629	-0.8474188211497677	1.528063056264688	5.494993005751571	1.608832890604654	1.246880071168074
0.4541667	-0.5782823329229423	-5.223084486951821	-0.03325839017627747	0.07629265827232694	-0.1907124717249521	-0.9213855672719268	-3.405515993156831	2.911930344058417	0.956794465198916	-0.4331394107613238	-0.7908256581034643	-0.05002979648195191	1.417193997059849	10.10613261586746	0.02695385786521329	0.02046210182614317	-0.1042353623764141	-1.90694542004043	1.394702327523601	-2.151500906323273	0	0	-0.06752064821028232	2.035763257633817	-0.1168126667452662	-4.865647113014904	-0.1308783295531294	-0.0001945417925270024	0.3079231003531394	-0.8205338711453608	-0.1704873555770662	-0.5481116525300778	-0.002213172466933797	-2.033590463447804	0.4607469968964836	-5.650722734593058	0	0	-0.4362175767218469	7.421805034422951	0.02235809237969481	1.483111000862207	-0.0729579664466088	-0.06254701192144334	-0.8294610711143506	-8.477708694363457	-0.5201158116575026	-1.34215962274872	-0.7533060934119942	-11.37130870874856	0.8232887374772844	5.256343047252924	1.573167480131645	-0.7581119425815074	1.761843866965017	6.241318733426759	-0.3571963155065567	-1.414745822614899	0.473159836040038	-0.7935371145736463	1.551488017734176	5.751838680719913	1.614091655170919	1.277381811491754
0.4583333	-0.5998289452877918	-5.112890622264627	-0.03280945273037667	0.1389630972010796	-0.1942965782230005	-0.7967139554276559	-3.393288686724754	2.95745990392385	0.9550220801755772	-0.4170645747717852	-0.7910252457255799	-0.04565060356035238	1.457994592812052	9.466658957773834	0.02674028344707354	-0.1239950744262104	-0.1120778357175523	-1.855120776780447	1.385254574248663	-2.378998163906079	0	0	-0.05947001743421815	1.821853407904748	-0.136566854057501	-4.608592959586656	-0.1308791170883504	-0.0001829401994158862	0.3050010725646445	-0.5819695634164053	-0.1725247637119729	-0.4287072054847927	-0.01059649251852989	-1.988478233149807	0.4386865171055934	-4.924434449257296	0	0	-0.4053801782492666	7.372718072618257	0.02860002818279909	1.513506358877387	-0.07237719793963278	0.347512812312596	-0.8645331479668059	-8.352355824834993	-0.5248779280489436	-0.9374097272757699	-0.7992722319904347	-10.67781704312305	0.8447474947608106	5.028136698466566	1.569967847363137	-0.7785800293365981	1.785294504250654	5.003171756990964	-0.3628482382890353	-1.294348881639282	0.4700149628622144	-0.7113001243792864	1.576019327392515	6.026318349881723	1.619478319067068	1.308333309643537
0.4625	-0.6208348677080117	-4.963306855706566	-0.03210234339594723	0.2002089901849005	-0.1973325552332746	-0.6582441183424856	-3.380869010786717	3.004126117614158	0.9533235631592509	-0.3976626063939102	-0.7912050511874424	-0.04053213034201569	1.495984038852413	8.756320955500113	0.02591209136151654	-0.2745496067749233	-0.1196747904010586	-1.789006946842889	1.374914860319121	-2.579529540675133	0	0	-0.05239485455325673	1.567449345832713	-0.1551514121207141	-4.304001614521286	-0.1308798495392595	-0.0001680924358626895	0.303074166835536	-0.3428454374160135	-0.1740502830682984	-0.3023834779878682	-0.01876717507845767	-1.931428611859124	0.4198273076749635	-4.113870441626721	0	0	-0.3748423886498559	7.277638308188054	0.03497426679361107	1.546543953979349	-0.07001039022583323	0.7947385557577195	-0.899023728734486	-8.19818854255128	-0.527875125634272	-0.4949502114319682	-0.8421626882447514	-9.894462750779653	0.8650572741553266	4.704590103034008	1.566672306153773	-0.8041108063405413	1.803436706166132	3.693019410675208	-0.367950235538634	-1.150718382014401	0.4672717528046715	-0.6007039031280006	1.601731665185622	6.318445188471927	1.624995017943256	1.339736051319107
0.4666667	-0.6411354610211832	-4.774335359323731	-0.0311430117962653	0.2600288159965192	-0.1997628293296555	-0.5059788826395177	-3.368252524936493	3.051927906029206	0.9517128191852342	-0.374933851508816	-0.7913619895278249	-0.03467447305911363	1.530866114510455	7.975133106468303	0.02444388784988191	-0.4311981013192521	-0.1269665014463907	-1.708605002583094	1.363795783719215	-2.753089252951509	0	0	-0.04646407101150558	1.272555719465367	-0.1723678044829721	-3.951878676842641	-0.130880513361582	-0.0001499987413590308	0.3021447739849797	-0.1031672121300459	-0.1750350398637865	-0.1691432527945789	-0.02667528117508321	-1.862442539050336	0.4045210169121677	-3.219047131795548	0	0	-0.3447965857056439	7.136566367336578	0.04149166640280315	1.582223088366045	-0.06570271696360265	1.279120822695388	-0.9328119157277602	-8.01520951029109	-0.5289501841128054	-0.01479033696955476	-0.881601959295026	-9.021261397628555	0.8838203138749963	4.285707593973443	1.563259839397007	-0.8347038430980238	1.815969944022297	2.310890546771096	-0.3724053693902514	-0.9838569345439298	0.4650484428232304	-0.4617500842506861	1.628697959824218	6.628212820560883	1.630643501185028	1.371589299076649
0.4708333	-0.6605661537755354	-4.545982086331337	-0.02993743176760555	0.3184211903092002	-0.2015298852326901	-0.3399223992815747	-3.355434807661346	3.100864081055218	0.9502037448627315	-0.348878975364652	-0.7914929779807144	-0.02807779890450085	1.562344897419087	7.123116709590449	0.02231034059374604	-0.5939365791462794	-0.1338932731759858	-1.613917387996172	1.352010017250959	-2.899674106299821	0	0	-0.04184646839419347	0.9371810637941087	-0.1880176260344111	-3.552234308543566	-0.1308810950176313	-0.0001286596670019981	0.3022151890722465	0.1370593402628587	-0.1754502122286609	-0.02898997663467703	-0.03427089704376048	-1.781522100081322	0.3931189520493624	-2.239989028637735	0	0	-0.3154350999686019	6.949507291455179	0.04816307145778459	1.620542810651208	-0.05929953813181781	1.800646650430765	-0.965776878685859	-7.803424156722464	-0.5279460677066341	0.5030570151754905	-0.9172148735704851	-8.058237174776997	0.9006390006189154	3.771502656422635	1.559709441210996	-0.8703582231436049	1.82259422758301	0.8568209272191346	-0.3761167640768036	-0.7937693801713087	0.4634632199640042	-0.2944430234694943	1.656991019640853	6.955613176726501	1.636425505526812	1.403892272226374
0.475	-0.6789665065497263	-4.282183796739118	-0.0284921816387937	0.374389087825735	-0.2025787487367547	-0.1635531128652571	-3.342410892122414	3.150389896053458	0.9488097301957865	-0.3200712944126967	-0.7915950048884249	-0.02083100162197932	1.590134741405844	6.211818556539816	0.01948787461087781	-0.7600100076315435	-0.1403974247645183	-1.507128049364253	1.339668795035357	-3.020127405802734	0	0	-0.03870307315739655	0.5720465235242662	-0.2019099549506518	-3.114226336448991	-0.1308815814498874	-0.0001047065092303426	0.3032864734527744	0.3760446724608784	-0.1752687304319935	0.1155936895137914	-0.0415051726011282	-1.689412125985648	0.3859611023232001	-1.191826319791041	0	0	-0.2869458817824336	6.719723868470273	0.05499907971116271	1.660455539353427	-0.05065283631557355	2.349107048622264	-0.997799462604959	-7.561828957241456	-0.5247132520896286	1.047662844940134	-0.9486392598854418	-7.020431701176316	0.9151286518852013	3.178853964462067	1.556001057119403	-0.9093354953847457	1.823023317418066	-0.6500479016341775	-0.3789913182371822	-0.5855081335516092	0.4626304358401953	-0.1041423600445056	1.686677357752265	7.288641674006675	1.642342133681787	1.435131759666191
0.4791667	-0.696237721921787	-4.006632393793998	-0.02682989359293153	0.4219319769615205	-0.2029099962167432	0.002206162073706825	-3.329185470383161	3.197221537705072	0.9475350980604782	-0.2919588794292326	-0.7916664736992783	-0.01346950584590516	1.61413277149385	5.310786049174215	0.01599718977098835	-0.9128370910850335	-0.146455726760372	-1.401370351077812	1.326870837080059	-3.119463043516545	0	0	-0.0370237622595263	0.2415846657590001	-0.2139992998420132	-2.692927163671858	-0.1308819696574511	-8.193375667880531e-05	0.3053309275459655	0.6029762960613212	-0.1745032493500005	0.2496677757832641	-0.04834066486525881	-1.590606815125211	0.3831459140030455	-0.1656467765258902	0	0	-0.2594667497028488	6.46685110854232	0.06199304869250404	1.695663710219996	-0.03977849032935529	2.863084328722195	-1.028742259685383	-7.284468353528864	-0.5192772181824786	1.553290456019906	-0.9757513202290102	-5.998396253410323	0.9271733320361086	2.609195287162996	1.552142681050764	-0.9411936390828938	1.817277274292038	-2.094411081985798	-0.3810164980187608	-0.3894474409794293	0.4625788310026064	0.07694143716341699	1.717629472316823	7.555167144834297	1.648369879006263	1.456218203373247
0.4833333	-0.7123441639661923	-3.723282682295407	-0.02498918992909112	0.46004917981822	-0.2025799580522127	0.1538653720278662	-3.315771992076173	3.240810876870678	0.9463749828721533	-0.26511695407757	-0.7917072156656992	-0.006082703839565905	1.634421555575483	4.431628270705978	0.01190317830847346	-1.049651761197432	-0.1520799471516092	-1.298835311784252	1.313701550331002	-3.198515674560705	0	0	-0.03662677659610799	-0.04346045488799109	-0.2243869178369738	-2.297523419986405	-0.1308822667482952	-6.097424171400727e-05	0.3082919914796334	0.8160480987022797	-0.1732062404964867	0.3707400244455901	-0.05475192763600246	-1.485857504097849	0.3845290061194653	0.8233483991280084	0	0	-0.2330831685758413	6.194167717937503	0.0691215593911868	1.725117214172788	-0.02685605092537159	3.332333249960702	-1.058452099834841	-6.97035691905563	-0.5118386136918409	2.008975128066918	-0.9986686540029804	-5.007242818323674	0.9369273209774177	2.079443027743201	1.548170115252074	-0.9641919625217954	1.805683595821507	-3.457024626230361	-0.3822606941352104	-0.2106531684010234	0.4632513384484177	0.2434366194423146	1.749527751473032	7.74316514405028	1.654461030378195	1.465636682934503
0.4875	-0.7272540845167992	-3.43212106123958	-0.0230092521731312	0.4887425260508444	-0.2016473535056842	0.2914317967557727	-3.302183318578878	3.281160005872032	0.9453240379218277	-0.2395442299246766	-0.7917171265620151	0.001329758969206712	1.651093124314513	3.57430302088655	0.007272348414874038	-1.170460585177976	-0.157283773397264	-1.19951800972294	1.300244807274707	-3.257289093522217	0	0	-0.03732288921183356	-0.2831025208014131	-0.2331811656293834	-1.927996125709266	-0.1308824802897409	-4.182695826286184e-05	0.3121120794406442	1.015270307993918	-0.1714318038299757	0.4788162470616886	-0.06071449151643506	-1.375159164856183	0.3899556090979961	1.775206679698631	0	0	-0.2078764435325165	5.901660607643655	0.0763609791477893	1.748817465002612	-0.01207121905288621	3.756876336646386	-1.086777249275328	-6.619479576231662	-0.5026051315690937	2.414738734295395	-1.017520937192875	-4.046923819790281	0.9445573106731786	1.589571757687382	1.544120082655001	-0.978331569638643	1.788582212721247	-4.737953940864469	-0.3827958918458277	-0.04911673355399374	0.4645872212127498	0.3953511786888036	1.782046547364507	7.852644695702971	1.660567264602117	1.463387650444207
0.4916667	-0.7409345609718724	-3.13315423746671	-0.02092939318464952	0.5080109877341792	-0.2001709190769004	0.4149016272203759	-3.28843327511817	3.318267839653033	0.9443770012770373	-0.215241366425277	-0.7916960988578245	0.008767705600135022	1.664238005238973	2.738831662084781	0.002171497415064318	-1.275260087311725	-0.1620804831206635	-1.103420944416721	1.286585426169879	-3.2957811597333	0	0	-0.03892291258166233	-0.4773341458679872	-0.2404896341634212	-1.584355081314629	-0.1308826178268064	-2.449243111464259e-05	0.3167334020305885	1.200637643874007	-0.1692341276162884	0.5738933818632967	-0.06620341980774586	-1.258514240065446	0.3992709004438365	2.689903882992648	0	0	-0.1839297944730055	5.589336084359799	0.08368716308306955	1.766763686766267	0.004389394017527069	4.136701790017649	-1.113563816623287	-6.231843422749798	-0.4917849813138426	2.770569738911808	-1.0324361484653	-3.117463416173341	0.9502292672927928	1.139594669979535	1.540029591735032	-0.9836118021531944	1.76631382846072	-5.937165342032737	-0.382693979181092	0.09515736528408966	0.4665257011405208	0.532680943938451	1.8148579189329	7.883600345488912	1.666639819508497	1.449470739841814
0.4958333	-0.7533527887546566	-2.826389667105978	-0.01878893541554803	0.5178544417192578	-0.1982094434725418	0.5242724076387204	-3.274535702412244	3.352133604317548	0.9435286010302608	-0.1922089011291752	-0.7916440279927908	0.0162309566265226	1.673947064434182	1.925233458725413	-0.003332532244686649	-1.364048328757111	-0.1664833930277743	-1.010546306250048	1.272808244728198	-3.313991679508768	0	0	-0.04123757240633599	-0.6261523033157117	-0.246420057016078	-1.266607602231508	-0.1308826869118064	-8.97101103666669e-06	0.3220980929336093	1.372146156329533	-0.1666674407516738	0.6559696149771048	-0.07119382127950369	-1.135925743255094	0.4123196843533273	3.567419394230151	0	0	-0.1613263203318397	5.257202357229992	0.09107595798854054	1.77895565589961	0.02233901614255073	4.471802104145565	-1.138658058196971	-5.807459085099319	-0.4795865247437021	3.07646139958525	-1.043542644440473	-2.218882803452475	0.9541093449742045	0.7295211278157999	1.535935654851598	-0.9800328522732673	1.739219642534555	-7.054632990689559	-0.3820269053332228	0.2221662869967036	0.4690059422281311	0.6554231443474366	1.847633897032988	7.83603417729369	1.672629936160972	1.423886705167401
0.5	-0.7644768426618924	-2.511812625222399	-0.01662704600325808	0.5182733604994317	-0.1958215676448792	0.619549387892268	-3.260503438601623	3.382758925448294	0.9427735054350709	-0.1704457284603479	-0.7915608052861541	0.0237198702901496	1.680311824728994	1.133469357469807	-0.009173300054794579	-1.436829571417916	-0.170506131953789	-0.9208896371689561	1.258997106256777	-3.311921526967558	0	0	-0.04407777189161253	-0.7295641365304445	-0.251080576932414	-0.9747384363368609	-0.1308826951011177	4.738047011171312e-06	0.3281486817125135	1.529804077900819	-0.1637857822491356	0.72504888612534	-0.07566115833235118	-1.007387790083128	0.4289477512141716	4.407795334829649	0	0	-0.1401475076881621	4.905243483580236	0.09850374369862273	1.785393957626522	0.04159218768155321	4.762193364102587	-1.161908018666102	-5.346306192506074	-0.4662172263334948	3.332428399350372	-1.050969534174632	-1.351138849068124	0.9563639537292129	0.3593314473511994	1.531874989110462	-0.9675945482065171	1.707638841621264	-8.090410526140332	-0.3808665638190903	0.3319161281096391	0.4719672942833051	0.7635836716356514	1.880048875938612	7.709943907904701	1.678489286514331	1.386634318367655
0.5041667	-0.7742738874396312	-2.189430380621783	-0.01448304641531258	0.5092673947303157	-0.1930660693632527	0.7007297738825093	-3.246350321017845	3.410142951358681	0.9421064448872478	-0.1499524164450148	-0.7914463254312344	0.0312342677759324	1.683423070846956	0.3635591472318825	-0.01528397244802767	-1.493601492231923	-0.1741620073169872	-0.8344532048429603	1.245236846646202	-3.289570021675916	0	0	-0.04725425162040658	-0.7875655288983244	-0.2545788957139095	-0.7087555203247249	-0.1308826499455027	1.663434875621094e-05	0.3348273192027067	1.673607126060551	-0.1606433727971024	0.7811290694590829	-0.07958052747671333	-0.8729032513620922	0.4489999929763672	5.211010198152518	0	0	-0.120476488690674	4.533467196940483	0.1059463682240554	1.786078230287264	0.06196217000205274	5.007866990745177	-1.183159911909479	-4.848394489254943	-0.4518854173109348	3.538462797503422	-1.054845084427777	-0.5142534896002497	0.9571592066874242	0.02903594923458138	1.527884607228959	-0.9462968695374763	1.67191251346603	-9.044470148125233	-0.3792848911297168	0.4244036332136246	0.4753489335769575	0.8571594049270205	1.911774881747818	7.505329736648958	1.684169109073747	1.337714053455809
0.5083333	-0.7827112152250181	-1.859250951398902	-0.0123962564018452	0.4908370998437738	-0.1900017616882635	0.7678121247650423	-3.232090198594244	3.434285141522107	0.9415221413313253	-0.1307294112044733	-0.7913004861219957	0.03877396782236749	1.683371899844603	-0.3844794810186389	-0.02159768994667725	-1.534363305010299	-0.1774643617540576	-0.7512389678031708	1.231612296902758	-3.246938430182694	0	0	-0.05057771989318147	-0.8001567231467878	-0.2570228267317919	-0.4686643058439249	-0.1308825590008448	2.671767394730895e-05	0.3420760959477628	1.803552348330651	-0.1572944581157435	0.8242092870243749	-0.08292707782719813	-0.7324755687687479	0.4723209728737249	5.977046044973652	0	0	-0.1023962507419117	4.141883133285675	0.1133796781510717	1.781008664601159	0.08326211725923456	5.208818697762515	-1.202260143617675	-4.313737248427209	-0.4367995213034608	3.694561446803303	-1.055297902883725	0.2917543007548595	0.9566613570746397	-0.2613588756731054	1.524001515177267	-0.9161406463387194	1.632382143779078	-9.916791901194346	-0.3773538642033511	0.4996272040604508	0.4790899960329934	0.9361486234660977	1.942484006699146	7.222199401042531	1.68962065957882	1.277127504545729
0.5125	-0.7897567097285356	-1.521258488687578	-0.01040584567638092	0.4629815911714972	-0.1866872326353964	0.8207996605442285	-3.21773589206868	3.455186654782243	0.94101527569772	-0.1127757900197112	-0.7911231741767205	0.04633933234085084	1.680249366052244	-1.110682433710403	-0.02804805090679677	-1.559116966351362	-0.180426771272685	-0.6712429317023019	1.218207307659994	-3.184024706138759	0	0	-0.0538591283392753	-0.7673383236628282	-0.2585203453768353	-0.2544532683317778	-0.1308824298158393	3.498850659182553e-05	0.3498376319480556	1.919645982181581	-0.1537930396705265	0.8542916067047454	-0.08567619287833161	-0.5860980016664832	0.4987569743672428	6.705939645602005	0	0	-0.08598849753983069	3.730472496280024	0.120780055450847	1.770185017225157	0.1053067306306453	5.365058130990866	-1.219056470743331	-3.742308806064699	-0.4211668641865856	3.800731840105065	-1.052456587214011	1.066923210990148	0.9550366047587856	-0.5118669665464785	1.520262440181863	-0.8771244310883776	1.589386322292549	-10.70741765746175	-0.375145315886145	0.5575904514392891	0.4831298919795307	1.000555118796035	1.971850545855897	6.860539310611862	1.694795584132748	1.204871763436531
0.5166667	-0.7953776300685934	-1.175460823259205	-0.008551135832127138	0.4257011979499296	-0.1831812885568566	0.8596906020601101	-3.203301247960213	3.472846872822021	0.9405805718533133	-0.09609202948844184	-0.7909142865353856	0.05393018068148642	1.674146491720755	-1.815031495384509	-0.03456819992695675	-1.567861305845629	-0.1830625701879347	-0.5944671323565262	1.205106714187456	-3.100829629344388	0	0	-0.0569091865183011	-0.6891094833320149	-0.2591792410105698	-0.06612848070213416	-0.1308822699453612	4.144658293339746e-05	0.3580540307419935	2.021884742620963	-0.1501933588734956	0.871374838570624	-0.0878030077016165	-0.4337738490151439	0.5281526372961555	7.397672168953756	0	0	-0.07133625564631345	3.299244446284359	0.1281233462026459	1.753607340782987	0.1279091843671236	5.476579930904791	-1.233395245510012	-3.134121553044283	-0.4051958539775081	3.856969631794757	-1.046449664499739	1.811233526308985	0.9524511739254843	-0.7224808750718764	1.51670439122862	-0.8292488412357359	1.543266447482399	-11.41632550026332	-0.3727312155938097	0.5982913628091789	0.4874077652395861	1.05037682012913	1.999546563142897	6.420355318314432	1.699645132416332	1.120948144215236
0.5208333000000001	-0.7995413721208058	-0.8218665351741784	-0.006871435435189159	0.3789971541917668	-0.1795427541804346	0.8844845234068298	-3.188800120500201	3.487265488484356	0.9402127467375502	-0.0806784843034614	-0.790673723169191	0.06154632974796991	1.665154585209701	-2.497510548526177	-0.0410912749061672	-1.560596689956993	-0.1853851241690508	-0.5209132964436218	1.192395322533106	-2.997355926582475	0	0	-0.05953862619918636	-0.5654737143812135	-0.2591073835012067	0.09630646917633948	-0.1308820869472315	4.609181323743231e-05	0.3666673522017668	2.110266674705632	-0.1465496665697487	0.8754590405873992	-0.0892827171085408	-0.2755069806388084	0.5603523173761749	8.052228351358508	0	0	-0.05852238309651756	2.848210046104554	0.1353854019659643	1.731276240277433	0.150882599167581	5.543383030811544	-1.245123056063003	-2.489191409039298	-0.3890949311748703	3.863275269721073	-1.037405965716034	2.524668494298324	0.9490713809842041	-0.8931969827235086	1.513364359925155	-0.7725153447181508	1.494364217729506	-12.04350135774471	-0.3701835524747698	0.621729582790215	0.4918627367906734	1.085613056798298	2.025244282852824	5.901660815296793	1.704120585346055	1.025359081069489
0.525	-0.8022156144602584	-0.4604586516351047	-0.005405933739706162	0.3228672180670396	-0.1758301899582924	0.8951826147116556	-3.174245318858077	3.498443193873881	0.9399064916719795	-0.06653441460276537	-0.7904013663495922	0.06918814512130596	1.653364271687219	-3.158152352654107	-0.04755088424980163	-1.537322769978316	-0.1874079621925437	-0.4505778933229745	1.180157027162784	-2.873598631035815	0	0	-0.06155836569736389	-0.3964250821985623	-0.258412627479739	0.2328593783059898	-0.1308818883657267	4.892442047886355e-05	0.3756202818269442	2.184796020836208	-0.1429159500752013	0.8665444087999051	-0.0900906149838316	-0.1112897996062437	0.5952027242527277	8.669639612015727	0	0	-0.04762883637798157	2.377347645743002	0.1425425964916464	1.703190643798519	0.174041756537292	5.565470637311227	-1.25408730547307	-1.807487416907516	-0.3730713729321192	3.819649056559477	-1.025453632694311	3.207262360384559	0.9450632874673781	-1.024023484005657	1.510279099565278	-0.7069212182842129	1.44301777290953	-12.58897533482877	-0.3675741297761664	0.6279062364349572	0.4964342512290958	1.10626552016996	2.048617759497681	5.304430903824445	1.708173542171684	0.9180999856508404
0.5291667	-0.8033677176022881	-0.09124556537899202	-0.004193943982299823	0.2573123973930224	-0.1721024181387688	0.8917841117531757	-3.159650695823304	3.506379604043044	0.939656525137438	-0.05366020555556131	-0.7900971152861566	0.07685544431679617	1.638866791263328	-3.796940265764361	-0.05388016513039138	-1.498039528152841	-0.1891444425720976	-0.3834627269574226	1.168476644472068	-2.729559982738723	0	0	-0.06277912441788765	-0.1819660091690597	-0.2572028265704934	0.3435260375531323	-0.1308816817582031	4.994427141724603e-05	0.3848548883281219	2.245470493555232	-0.1393464598265212	0.8446306891979192	-0.09020188031191036	0.05887396697539155	0.6325482790987167	9.249889795396324	0	0	-0.03873851863038479	1.886667832391447	0.1495707791060248	1.669351018253436	0.1971997838556396	5.542840610496482	-1.260134517390937	-1.089024614117845	-0.3573336191173169	3.72609024178581	-1.010721425064485	3.858997631554324	0.9405931927124545	-1.114955802939826	1.507485607430091	-0.6324677172479791	1.389568748684257	-13.05273139844696	-0.3649749343025456	0.6168205540707504	0.5010614330560755	1.112333189544777	2.069339165499452	4.628677090485345	1.711755274250568	0.7991730121200969
0.5333333	-0.8029651881855492	0.2857635815681792	-0.003274755062786512	0.182334604763239	-0.1684182624301117	0.8742896035640825	-3.145030108008145	3.511074645204292	0.93945756021114	-0.04205612042614218	-0.7897608722502557	0.08454804240332833	1.621753643932434	-4.413859743797171	-0.06001226723182508	-1.442748483597195	-0.1906079511113454	-0.3195692921714033	1.157438937297671	-2.565244168708117	0	0	-0.06301169846689252	0.07789672298100564	-0.255585883841414	0.4283047228292796	-0.1308814746827876	4.915140683453823e-05	0.3943132133752947	2.292289135454472	-0.1358954400947428	0.8097188756661775	-0.08959175895298678	0.234980021134718	0.6722331635561932	9.792966313384696	0	0	-0.03193414068611763	1.376183095686645	0.1564458115204023	1.629758382928433	0.2201698086104903	5.47549510329265	-1.263111495499008	-0.3338215669356094	-0.3420900821616851	3.58260286833856	-0.9933383693206997	4.479859777177895	0.9358274404083792	-1.165993193335406	1.505020852791338	-0.5491569474115633	1.334358982560271	-13.43476136034062	-0.362457951876654	0.5884734231859964	0.5056834014288406	1.103816444344034	2.087080927875339	3.874418420056503	1.714817098176996	0.6685814347386808
0.5375	-0.8009754856005898	0.670586885935003	-0.002687592740440413	0.09793024118606143	-0.1648362810946239	0.8426982503945479	-3.130396358847843	3.512528542723209	0.9393042963200523	-0.03172160220951253	-0.7893925149206473	0.09226630863152033	1.602115065036877	-5.008940399361269	-0.06588078019247766	-1.371446982298777	-0.1918119755519566	-0.2588945220309777	1.147127880443574	-2.380643301658735	0	0	-0.06206689110842005	0.3831755878623475	-0.2536695797582161	0.4871995035764344	-0.1308812746826011	4.654578867281132e-05	0.403937983028852	2.325254193864693	-0.1326168874442132	0.7618072924108195	-0.08823544447830614	0.4170368160975824	0.7141044465661415	10.29889523407078	0	0	-0.02729794749307543	0.8458689319691922	0.1631440489082047	1.584410837346606	0.2427666121443931	5.363430883063665	-1.26286522282137	0.4581579749654442	-0.3275480803738497	3.389180048713607	-0.97343220699883	5.069878599115076	0.9309320255604714	-1.177138105026332	1.502921630956783	-0.4569849097940336	1.27772631164664	-13.73508355824133	-0.3600949872183293	0.5428634830966431	0.5102396089596695	1.080714875757419	2.101516719245281	3.04161868754247	1.717310545345458	0.5263189850105784
0.5416666999999999	-0.7973660787842447	1.063215393018864	-0.002471753413037106	0.004100993059593545	-0.1614152995900461	0.7970103029617078	-3.115763304485147	3.510741145021762	0.9391914477018256	-0.02265694464637295	-0.7889919447994251	0.1000100586818648	1.580042492877632	-5.582167163907693	-0.0714188481670006	-1.284136159153562	-0.1927698953080675	-0.2014399886456473	1.137628253178464	-2.175761081858917	0	0	-0.05975547246170823	0.7338648935905406	-0.251561808910772	0.5202080344410809	-0.1308810893158495	4.212741420788771e-05	0.4136712436407652	2.344364378863364	-0.1295650496372321	0.7008966213409693	-0.08610816513705009	0.6050401966095176	0.7580063640795685	10.76766307748024	0	0	-0.02491270093334746	0.2957373552617352	0.1696413490213764	1.533309262698612	0.2648033152105023	5.206649029520254	-1.259242427518309	1.286896327524387	-0.3139160405341143	3.145824627476582	-0.9511319025053139	5.629038826135789	0.9260732867538158	-1.148388834369277	1.501224919529446	-0.3559534975742061	1.220012535246036	-13.95368784267617	-0.3579580289850993	0.4799912069983402	0.5146691739540952	1.043028513173962	2.112318891198803	2.130295053161691	1.719186919290773	0.3723886571703857
0.5458333	-0.7921045921627778	1.463639398828182	-0.002666497831843707	-0.09915054844181029	-0.1582141279183515	0.737227365236802	-3.101144800996103	3.505712611681922	0.9391137247142981	-0.01486231957251508	-0.7885590664810672	0.1077791057884446	1.555627599415758	-6.133527066831648	-0.07655964703231992	-1.180818685930905	-0.1934951134195331	-0.1472069549865134	1.129024756874879	-1.950603156559622	0	0	-0.05588834383884191	1.129954588939869	-0.2493704842695052	0.5273304551149025	-0.1308809261393344	3.589645473824689e-05	0.4234550311480196	2.349619730577174	-0.1267941526717787	0.6269887922607111	-0.08318522318999126	0.7989854365518347	0.803782957109297	11.19925993105223	0	0	-0.02486094680117152	-0.2741977179680605	0.1759135889015697	1.47645509255416	0.2860930923308638	5.00515491520584	-1.252090161891744	2.152372277883872	-0.3014023020676579	2.852544242655768	-0.92656665008102	6.157328149393591	0.9214175590526461	-1.079747507508805	1.499967657471891	-0.2460654544189602	1.161559556445802	-14.09057190898212	-0.3561190441381782	0.3998587252477966	0.518911226875164	0.9907587861033095	2.119160144148009	1.140472215321643	1.720397582785961	0.2067945655533018
0.55	-0.7851582518930597	1.871878124022762	-0.003311105225790157	-0.2118293394714413	-0.1552913475254476	0.6633465675929049	-3.086553651916007	3.49744270133022	0.939065832604143	-0.008337352839949155	-0.7880937530057637	0.1155738228714896	1.528960269504173	-6.663046573831923	-0.08123671884349401	-1.061489603312743	-0.1940010821895154	-0.09619281782630833	1.121401483180791	-1.705158718007506	0	0	-0.05027611171498574	1.571463686519913	-0.2472033587293586	0.50856710747956	-0.1308807926982836	2.785261117304658e-05	0.4332320872334527	2.341020501267043	-0.1243582257586152	0.5400802575374862	-0.07944170119121034	0.9988818454450041	0.8512815870030032	11.59370651176719	0	0	-0.02722525417557191	-0.8639636450414304	0.1819370947877063	1.413845597869419	0.3064506441948507	4.758938868248181	-1.241254922754284	3.054627369554217	-0.2902143143155302	2.509324816567447	-0.8998638465108665	6.654771927181729	0.9171308427435468	-0.9712108296085025	1.499186698052452	-0.1273155056178303	1.102705056678307	-14.14574232769947	-0.3546498699418086	0.3024621914243446	0.5229052020989211	0.923903185558418	2.121713627480016	0.07210266176590857	1.720893978368388	0.0295287615157496
0.5541667	-0.7764946423579926	2.287922051934375	-0.004444846671545521	-0.33393301505036	-0.152705774391745	0.5753691756857041	-3.072003713823769	3.485931495758164	0.9390424825086798	-0.003082246760875814	-0.7875959081910692	0.1233940237766884	1.500132119966621	-7.170712189814513	-0.08538322914545336	-0.9261511988477862	-0.194301199234436	-0.0483989174211996	1.11484315598507	-1.439432926704964	0	0	-0.04272963779230463	2.058383224946799	-0.2451683445484968	0.4639175099617097	-0.1308806965501216	1.79960113048737e-05	0.4429444483595971	2.318566398545358	-0.1223115022866813	0.4401726349997716	-0.07485288200649071	1.204724839887239	0.9003463379342286	11.95099201520551	0	0	-0.03208822584566157	-1.473546985104789	0.1876877380358848	1.345482074118511	0.325689125174613	4.468005187976101	-1.226583675858178	3.993641271882433	-0.2805604460316535	2.116172788867063	-0.8711526332055228	7.121357110053388	0.9133794797550495	-0.822779969360224	1.498918991222761	0.0002938177855900047	1.043790925342163	-14.11919483295097	-0.3536224813706453	0.1878033215919458	0.5265902248613142	0.8424627910166831	2.119651942622267	-1.074790793656553	1.720627452251266	-0.1594049206338953
0.5583333	-0.766081512796021	2.711760916605835	-0.006106946289567306	-0.4654583054233843	-0.1505161921262105	0.4732978084249851	-3.057508839342106	3.471179387917235	0.9390383832092284	0.0009029182574210163	-0.7870654389775038	0.1312395199033181	1.469234975062628	-7.656512517629612	-0.08893239441632066	-0.774807296958119	-0.1944088819322054	-0.003826284888950818	1.109434396943157	-1.153432890136977	0	0	-0.03305996945757628	2.59069988349539	-0.2433733413025719	0.3933836660332051	-0.1308806452486929	6.326956948383143e-06	0.4525341571996152	2.282258460073739	-0.1207081782819094	0.3272687903709967	-0.06939412964900921	1.416509265612547	0.9508211437310048	12.27110920436112	0	0	-0.03953222473213932	-2.102932394859581	0.193141416196651	1.27136636915461	0.3436217970716033	4.132362466551101	-1.207923755207262	4.969390125419168	-0.2726489186965421	1.673099392672684	-0.8405623443802925	7.55707361094542	0.9103297606224861	-0.634459925243697	1.499201437662889	0.1367591342596651	0.9851590575605275	-14.01093300366919	-0.3531088109885173	0.05588548897561246	0.529905450057313	0.7464400820761203	2.112648134052153	-2.300177798907808	1.719549423887268	-0.3600015264866475
0.5625	-0.7538858420811974	3.143415062628158	-0.008336753742961917	-0.6064115239054636	-0.1487812307318201	0.357127566306729	-3.043081837940597	3.453185669694931	0.9390482434864549	0.003618333505921187	-0.7865022137208194	0.1391106878412179	1.436358408492064	-8.120470876066042	-0.09181768031151925	-0.6074506330202183	-0.1943375529438116	0.03752721929103121	1.105259451052862	-0.8471448800821426	0	0	-0.02107743465960299	3.168439213774117	-0.2419261209102576	0.2969621900153666	-0.1308806463445954	-7.155112019963803e-06	0.4619439461204192	2.232094943043252	-0.1196023389994604	0.2013633041799092	-0.06304040495199946	1.634245288436012	1.002553591258827	12.55407344510493	0	0	-0.04964017971593099	-2.752150085288839	0.1982744162173349	1.191494925366958	0.3600631994315648	3.751994592864781	-1.185121105237866	5.981920766858766	-0.2666874025609146	1.180083360121012	-0.8082200876137197	7.961942344584496	0.9081477627220857	-0.4062416577521737	1.500070964548362	0.282086994244386	0.927147126178963	-13.82095164320319	-0.3531807596757789	-0.09329763858193336	0.5327902675745196	0.635830449572954	2.100374686583202	-3.604117173505203	1.717611225954791	-0.5722706848336498
0.5666667	-0.739875337067062	3.582874411367515	-0.01117350630503156	-0.7567896269368323	-0.1475596840249224	0.2268607299251682	-3.028736563717202	3.431950656252261	0.939066772520205	0.005063888100929256	-0.7859061385769672	0.1470073396012699	1.401594195933255	-8.562575343484797	-0.09397228817441829	-0.4240846472355217	-0.1941006251897947	0.07566048671591788	1.102402968570315	-0.5205755172768757	0	0	-0.006593027552219076	3.791588984899691	-0.2409345900007596	0.1746544641150206	-0.1308807073928406	-2.244993729137811e-05	0.4711158541642904	2.168076552601215	-0.1190481917559221	0.06245873017433082	-0.05576705074968755	1.857927896808546	1.055387646358212	12.79987660857213	0	0	-0.06249451665778696	-3.421185188708097	0.2030626282367339	1.105869452513138	0.374826560490872	3.326909085864036	-1.158022962376599	7.031210218956247	-0.2628841634136887	0.6371347259572728	-0.7742551535484121	8.3359524833071	0.9069997954216372	-0.1381292079126721	1.501564486206111	0.4362742288314041	0.8700970371470715	-13.54925236927133	-0.3539102731883588	-0.2597431021484279	0.535183822705402	0.5106360230729455	2.082504522151162	-4.986580449969337	1.714764257846365	-0.7962077212927413
0.5708333	-0.7240372279354558	4.012713712531019	-0.01464457703033253	-0.9059631705018966	-0.1469005263859308	0.09129418137422364	-3.014484880826246	3.409258885243475	0.9390890549665519	0.005578275041985923	-0.7852771969246459	0.1548626215991833	1.365041132040803	-8.976662027868171	-0.09534379055198526	-0.2375854375438387	-0.1937111251765685	0.110934803075407	1.100927277107049	-0.1937100956308752	0	0	0.01053549279179372	4.418259793989425	-0.2404907442196583	0.0407450554758488	-0.1308808348031764	-3.853151601696702e-05	0.4800078038408802	2.104480077529292	-0.1190898668759186	-0.08041938547771825	-0.0475628941541332	2.07549495640816	1.109158165901479	13.00041113415593	0	0	-0.07814746295017053	-4.08307924736663	0.2074804728415095	1.013139808960317	0.3877466849952553	2.876391885574197	-1.126510692397382	8.086886293986584	-0.2614109463883864	0.07695086059726269	-0.7388009231178229	8.675555051393896	0.9070373457676075	0.1566186310021125	1.50371270666973	0.5937813950531914	0.8143142322370818	-13.22857972757767	-0.3553584802434703	-0.4337676377699538	0.5370242118869563	0.3698739050384038	2.058775593903903	-6.389486326708171	1.710965907750167	-1.026495372892872
0.575	-0.7065005910405724	4.397035131385148	-0.01869033895087613	-1.03202348507781	-0.1467804801982746	-0.03144189549868041	-3.000322978675115	3.388788709670321	0.9391129584672839	0.005860074350910626	-0.784615873905731	0.1625394134753534	1.326845894544274	-9.350057608216108	-0.09598554841253921	-0.07449164123003123	-0.1931790759149163	0.1440986871733923	1.100730563734989	0.09226367598182023	0	0	0.0301077684708042	4.962116109224058	-0.2405692787336449	-0.075317518675171	-0.1308810265731954	-5.328530901158041e-05	0.4886955801941871	2.070745145455052	-0.1196974171816156	-0.2086699202892253	-0.03851516968228137	2.262089426825868	1.16363734918985	13.13897364367487	0	0	-0.0964311591689407	-4.682294912643641	0.2114915785475006	0.9105121160005706	0.3988175681497869	2.440175607956839	-1.090712541221508	9.08640956870445	-0.2621710253887227	-0.4330850900000142	-0.7020172848556834	8.973462561422032	0.9083030985245909	0.4506850503053556	1.506501034894717	0.7431988540796142	0.7598313258117502	-12.92643673023472	-0.3575071400674809	-0.5954167088161026	0.5382415575699165	0.2115027634552748	2.029400750874979	-7.693179650927758	1.706216897570981	-1.252189417386617
0.5791667	-0.6874597219352142	4.734739397353095	-0.0232118118543134	-1.134302615575241	-0.1471439559893896	-0.1407945117264761	-2.98624150777015	3.370652195937034	0.9391375956480512	0.005930438641646712	-0.7839229449329602	0.1700333580840479	1.287180426539267	-9.682367026296973	-0.09599819088104991	0.06438753485315087	-0.1925131941358472	0.1751738975226918	1.101637607119211	0.3360889089921514	0	0	0.05176811301219847	5.420524829813099	-0.2410923633386646	-0.1726372811613544	-0.1308812769172242	-6.664681583133872e-05	0.4973068678960046	2.067765818528217	-0.120807692387547	-0.3217254071420459	-0.02875607031278765	2.416952175618379	1.218563704817773	13.21505214001285	0	0	-0.1170774835251436	-5.21713168091464	0.2150542726364933	0.7979039546878876	0.4081031953390677	2.019475877581782	-1.050870667858889	10.0278574158545	-0.2649475106633519	-0.8909164081250992	-0.664079699882387	9.229445041628702	0.9107909780356963	0.7432347800515228	1.50989435830849	0.8841767625071751	0.7065644759411386	-12.64487725093107	-0.3603022913825165	-0.7440810709544489	0.5387622106133181	0.035464113328468	1.99480813405853	-8.893997708628644	1.700537761344747	-1.472952303819936
0.5833333000000001	-0.667109362892643	5.025820083787951	-0.02810978540096807	-1.212798963423621	-0.1479351652175463	-0.2367615246642395	-2.972231079927515	3.354849695305981	0.9391620849436265	0.005789373837008124	-0.7831991896104801	0.1773442821544297	1.246216919096806	-9.973583785826692	-0.09548263092071831	0.1790496293445203	-0.1917222031322801	0.2041597635152743	1.103472733167576	0.5377612689644402	0	0	0.07515991257516659	5.793478030099436	-0.2419818772400135	-0.2512125710575067	-0.1308815800261626	-7.861576592430824e-05	0.5059696067721418	2.095541061067994	-0.122357337328907	-0.4195836797391715	-0.01841806661833974	2.540080628433149	1.273675557782843	13.22864704668904	0	0	-0.1398176197101943	-5.687579033803065	0.2181269019593157	0.6753183868876359	0.4156680579307457	1.614302232575041	-1.007228146315533	10.91120933155106	-0.2695227515162979	-1.296533985250939	-0.6251638015697103	9.443497857760448	0.9144945612841128	1.034260853703208	1.513857410164209	1.016712040712094	0.654429155671065	-12.38390730604536	-0.3636897428260534	-0.8797576237108802	0.5385125716332733	-0.1582371844280743	1.955427393020355	-9.991915383858283	1.693949214605905	-1.688778911444782
0.5875	-0.645642772886182	5.270291162786221	-0.03328540761938808	-1.267516296507933	-0.1490983821112085	-0.3193475408022958	-2.958281299161598	3.341380449244996	0.9391855465608439	0.005436873165771307	-0.7824453350519511	0.1844725366164719	1.204124596225561	-10.22372186543339	-0.09453973682450999	0.269500146112676	-0.1908147676388924	0.2310576764949693	1.106060413164111	0.6972904363268514	0	0	0.09992826261204157	6.08099361212312	-0.2431597690235714	-0.3110471600378905	-0.130881930113437	-8.919273380887747e-05	0.5148123594577309	2.154072206307352	-0.1242831144497614	-0.5022494353528435	-0.007632876287018896	2.63148069553048	1.328715206565584	13.1797590162694	0	0	-0.1643844170828214	-6.093659553143164	0.2206680292187507	0.5427495283984134	0.4215771705483902	1.224635224290472	-0.9600248597613374	11.7365077173645	-0.2756794508708786	-1.649957291332757	-0.5854424074526675	9.615631284516835	0.919407706580693	1.323777240735458	1.518355216319221	1.140811050489511	0.6033370988367861	-12.14351436881983	-0.3676155546938101	-1.002452879664129	0.5374190149113557	-0.3696104276254091	1.911685279254745	-10.98698537750831	1.686471487344512	-1.899679600104083
0.5916667	-0.6232546650803242	5.468145088898301	-0.03863947601972059	-1.298452445513761	-0.1505778277255782	-0.3885500962952412	-2.944382778868848	3.330244865023879	0.9392070989203692	0.00487293747634859	-0.7816621601304102	0.1914179438110376	1.161075619874177	-10.432773782773	-0.09327041008914126	0.3357360426502023	-0.1897996080499465	0.2558669157259778	1.109224993184397	0.8146710650868924	0	0	0.1257165865782297	6.283061599501197	-0.2445479257523519	-0.3521389373534351	-0.1308823213711442	-9.837741551867822e-05	0.5239630685561726	2.243358956694116	-0.1265216783713666	-0.5697201430078263	0.003467042421628558	2.69114904100261	1.383420977523115	13.0683869726688	0	0	-0.1905091063803054	-6.435361175477236	0.2226359890067756	0.4002002015562579	0.4258949840413127	0.8504847632482198	-0.9095037938649969	12.5037306756101	-0.2831999985938495	-1.951175964942371	-0.5450911294972374	9.745839681451752	0.9255240200119317	1.611776938210622	1.523352523280532	1.256470509668063	0.5532038045817377	-11.92370494963359	-0.3720255491912443	-1.112163426709572	0.5354079216930834	-0.5986511793664169	1.864011332533095	-11.8791801046396	1.678125273511828	-2.10564913070295
0.5958333	-0.6001398411040332	5.619378791858601	-0.04407277098151911	-1.305607524088397	-0.1523176927583252	-0.4443680120919055	-2.930526127524781	3.321443125884032	0.9392258606261547	0.004097587914626693	-0.7808504465336085	0.1981803436320854	1.11724224382875	-10.60073599971783	-0.09177558354842309	0.3777566010206809	-0.1886854551010731	0.2785869609823735	1.112790763922391	0.8899018554551194	0	0	0.152168210013011	6.399680218704961	-0.2460682143042165	-0.3744875915397993	-0.1308827479874283	-0.0001061696407445806	0.533549647107466	2.363398062179351	-0.1290096536878663	-0.621994730433065	0.014749201034555	2.719085375144405	1.437531229064377	12.89453583818338	0	0	-0.2179227687843958	-6.712678017635166	0.2239891709386746	0.2476741868087543	0.4286861020214017	0.4918592704007439	-0.8559082527975618	13.21286188376612	-0.2918666536243556	-2.20018465622615	-0.5042856401374006	9.834121432865597	0.9328369921617997	1.898253088791213	1.528814029603744	1.363687946261895	0.5039446800094365	-11.72448358287571	-0.3768655020429314	-1.208887099257186	0.5324057613062446	-0.8453533066969022	1.81283547007748	-12.66848185620035	1.668931350432654	-2.306682737531053
0.6	-0.5764914272341929	5.723999531001014	-0.04948646622917052	-1.288981875681108	-0.1542622969741202	-0.4868039674951145	-2.916700956525175	3.314974809335217	0.9392409516101057	0.003110787263229647	-0.7800109171531424	0.2047600606799999	1.072793554342053	-10.72761657858328	-0.09015607848977315	0.3955638382431849	-0.1874809580149286	0.2992189028437781	1.116582279734391	0.9229864185672466	0	0	0.1789283752426136	6.430855067517695	-0.2476426135427127	-0.3780941953495465	-0.1308832041816444	-0.0001125697835191314	0.543700702091757	2.514195284732306	-0.1316838478839052	-0.6590757068489022	0.02608192718384012	2.715291038921358	1.490788211592257	12.65819726782516	0	0	-0.2463584779866684	-6.925623391038351	0.2246860551824351	0.08516416279005648	0.4300153099688191	0.1487415314489672	-0.7994776419763513	13.86393538067514	-0.3014623152767374	-2.396995317792509	-0.4631986662063514	9.880480776350236	0.9413406545945894	2.183219443552465	1.534704833073167	1.462468506790303	0.4554715970147431	-11.54584070576758	-0.3820815432657733	-1.292628540117535	0.5283387759092716	-1.109728651508443	1.758583877207305	-13.3549285192808	1.658909823036985	-2.502790070355909
0.6041666999999999	-0.5525042099760333	5.782003117257233	-0.05478134285775336	-1.248575043195335	-0.1563558366525589	-0.5158564622532124	-2.902897875225738	3.310840154626268	0.9392514903986373	0.001912551593646768	-0.7791443530005076	0.2111569304604375	1.027901788403558	-10.81341099518165	-0.0885128235448457	0.3891564552350595	-0.1861948452550844	0.3177621709564959	1.120423838837614	0.9139224430770043	0	0	0.2056404194684592	6.376582321684825	-0.2491929925806211	-0.3629579874944554	-0.130883684142716	-0.0001175776401189602	0.5545441585532433	2.695748112432669	-0.1344808907812111	-0.68096163530605	0.03733273519013682	2.679764981073112	1.542930266130163	12.35937468428599	0	0	-0.2755473429012226	-7.074189867435511	0.2246850161003738	-0.08732632958157449	0.4299471756320434	-0.1788596602604933	-0.7404551946575935	14.45693345001632	-0.3117692673916069	-2.541601346886664	-0.4220058713096831	9.884915090013406	0.9510285265425739	2.466669108756635	1.540989642966403	1.552809516719848	0.4076999826237888	-11.38778134669875	-0.3876194582569447	-1.363385272070078	0.5231334101591478	-1.391771504863656	1.701686392212574	-13.93849991584253	1.64808144854578	-2.693966245120332
0.6083333	-0.5283730083594547	5.793389836742981	-0.05985819336877394	-1.184388852496227	-0.1585424937756323	-0.5315252809087778	-2.8891074908616	3.30903917697763	0.9392565959551695	0.000502917274841425	-0.7782515376825012	0.2173708060321498	0.9827392255374756	-10.85811866954159	-0.08694674962525212	0.3585354774846477	-0.1848358531201073	0.3342163954767053	1.124139734645185	0.8627116638411718	0	0	0.2319476845115214	6.236866359806018	-0.250641222836629	-0.3290800059710314	-0.130884182057285	-0.0001211931404776841	0.5662078750665114	2.908051080863361	-0.1373374004082021	-0.687652537559402	0.04836914723812959	2.612509196541931	1.593695840733098	11.99807750863895	0	0	-0.3052204001402214	-7.158376198862949	0.2239444950545087	-0.2697927912763299	0.4285464009025345	-0.4909370009487045	-0.6790843929103366	14.99184395063179	-0.3225697255266473	-2.634001152328382	-0.3808829292116604	9.847425776709352	0.9618940135555051	2.74859533626613	1.547633130736969	1.634709111702594	0.3605451965226623	-11.25030855806869	-0.393425001514172	-1.421156064408875	0.516716217995841	-1.691474461768085	1.64257310738538	-14.41918574373439	1.636467061636235	-2.880206851151689
0.6125	-0.5042908998744325	5.758160236029533	-0.06461817437701185	-1.096420222597335	-0.1607666095543748	-0.5338111755771393	-2.875319418009402	3.309571789940982	0.9392553875561021	-0.001118183356715219	-0.7773331901977746	0.2234019856659361	0.9374748881945926	-10.8617417476658	-0.08555867459848117	0.3036994351614983	-0.1834126190801844	0.3485823662198196	1.127554528719523	0.7693516227030136	0	0	0.2574954057687155	6.011700475407795	-0.2519092797154306	-0.2764586246101414	-0.1308846921481288	-0.0001234164581423503	0.5788205583159246	3.151114380729923	-0.1401902019394525	-0.6791487347774041	0.0590594791638746	2.513520456998505	1.642827025256885	11.57428839834215	0	0	-0.3351108318479291	-7.178186426329223	0.2224228717134762	-0.4622439808245083	0.4258775700463845	-0.7875054705676966	-0.6156042689334142	15.46869255863641	-0.3336466914203874	-2.674199169379284	-0.3400025515075005	9.768011036922243	0.973931317721117	3.029011658756397	1.554600450905191	1.708171222981999	0.3139192116160853	-11.13341574107798	-0.3994443494034377	-1.465943690176326	0.5090132776536347	-2.00885190819384	1.581669827042757	-14.7970090762453	1.624086651054221	-3.061520828142104
0.6166667	-0.4804527024121694	5.676313482429893	-0.06896207196520002	-0.9846704086199607	-0.1629723675376969	-0.5227136096003897	-2.861524264084376	3.312438064744201	0.9392469840238878	-0.002950719006457862	-0.7763900935317225	0.2292503180322464	0.8922810514282498	-10.82427866352292	-0.08444953243831559	0.224648772607721	-0.1819338777884206	0.3608596632142473	1.130492509352553	0.6338430429624857	0	0	0.2819269110890817	5.701086996363974	-0.2529190312478339	-0.205094431584414	-0.130885208602251	-0.000124247489632233	0.5925100881068754	3.424933285743884	-0.1429759140724863	-0.6554498840367171	0.06927124642631582	2.382799995829881	1.690062231625936	11.08801527486439	0	0	-0.364949683055342	-7.133617756789469	0.2200785691922103	-0.6646756387256149	0.4220053537465704	-1.068557392944366	-0.5502582513035444	15.88746573907316	-0.344782389870712	-2.66219255395798	-0.2995404157104912	9.646671267313662	0.9871338727824599	3.307911291689572	1.56185628311474	1.773193783662538	0.2677374013377577	-11.03710644212656	-0.4056232621996854	-1.49774660703597	0.499951113101482	-2.343896863163258	1.519406595407065	-15.07195714223746	1.610961032852426	-3.237903647072082
0.6208333	-0.4570532104487349	5.547853218441086	-0.07279071215952083	-0.8491429486471094	-0.165103953036833	-0.4982333311148557	-2.847712637181526	3.317637848586771	0.9392305048717033	-0.004994638082347179	-0.7754230330456281	0.2349156693546242	0.8473299835238243	-10.74573179529797	-0.08372023034135777	0.1213862587364174	-0.1804083692265421	0.3710480669982698	1.132778010609651	0.4561906941225887	0	0	0.3048856354768927	5.305036453402593	-0.2535923702616129	-0.114989814351201	-0.1308857256060441	-0.0001236862651238157	0.6074042408689363	3.729500117120035	-0.1456311619453199	-0.616557101118182	0.07887201042596273	2.220352092625725	1.735140053776023	10.53927205805574	0	0	-0.3944680037451183	-7.02467357748641	0.2168700895817404	-0.8770825473676223	0.4169945382094543	-1.33408658147331	-0.4832899477207225	16.24815553214809	-0.3557590400372611	-2.597983473557634	-0.2596721591832559	9.483410889291708	1.001495000620065	3.585287596127972	1.569365279312521	1.829775537034194	0.2219150964812079	-10.96138223162432	-0.4119074848598425	-1.516564519165949	0.4894563787920326	-2.696600649641631	1.456213587254154	-15.24402704646043	1.597111094622469	-3.409351252306696
0.625	-0.4342855365967305	5.372773277871778	-0.0760051916597	-0.6898313372566177	-0.1671057046193371	-0.4603691650483693	-2.833874150857836	3.325171391062291	0.9392050683398653	-0.007250038694063757	-0.7744327241743174	0.2403983115742822	0.8027907170840224	-10.62609737268093	-0.0834716263407865	-0.006093063132382584	-0.1788447228718196	0.3791480666230935	1.134235525393197	0.2363860487341496	0	0	0.32601665359654	4.823529835793424	-0.2538512349660869	-0.006140447819676257	-0.1308862373832017	-0.0001217327576784887	0.6236318783498912	4.064829494300189	-0.1480927610718088	-0.5624685191383491	0.08773001808666232	2.026168949761924	1.777802308546482	9.928032407820364	0	0	-0.4233989686340478	-6.851348659015769	0.2127556940867966	-1.099474902445271	0.410909534416397	-1.584105781759503	-0.4149381216993968	16.55077925124827	-0.3663596521159155	-2.481568846093075	-0.2205705537468842	9.27822206623285	1.017009071115111	3.861153886347235	1.577092635563929	1.877919199064591	0.1763643339112823	-10.90623947475102	-0.4182432167268705	-1.522398329840499	0.4774549572344159	-3.066980197681583	1.392516411071206	-15.31322704840176	1.582556717802039	-3.575871873462659
0.6291667	-0.412344488178562	5.15107618441628	-0.0785063229388485	-0.5067385417876425	-0.168921805148357	-0.4091215383367722	-2.819999412688318	3.335038595377686	0.9391697937371534	-0.009716874323967459	-0.7734199517125248	0.2456981065264653	0.7588355282490983	-10.46537678779682	-0.08380463795970346	-0.1577870052318117	-0.1772516776871147	0.3851593924992308	1.134689370002907	-0.02556713525666363	0	0	0.3449633608462901	4.256575623538654	-0.253617509178352	0.1214517303766874	-0.1308867381200606	-0.0001183869640582139	0.6413208074367265	4.430914476627748	-0.1502973327005976	-0.4931848891998271	0.09571281456374341	1.800254085272923	1.817787534997445	9.254308744404025	0	0	-0.4514736168101082	-6.613644843539104	0.2076938635572077	-1.331847725875853	0.4038151020202045	-1.81860843480338	-0.34544634486972	16.7953275427806	-0.3763664388452523	-2.312949586156313	-0.1824112530904306	9.031108213352525	1.033669433886425	4.135503487009413	1.585003009474179	1.91762331049612	0.1310004519941136	-10.87168023591701	-0.4245762046395331	-1.515247431607242	0.4638734676100567	-3.455027254265207	1.328745224426671	-15.27955178382436	1.567318772837585	-3.737461336558196
0.6333333	-0.3914247931617034	4.882768936952917	-0.08019498695054778	-0.2998698125410471	-0.1704964553092921	-0.3444921627101392	-2.806079033728116	3.347239140711454	0.9391238013167883	-0.01239507815693808	-0.7723855026114588	0.250814933599507	0.7156366370886402	-10.26357537698697	-0.08482012688689246	-0.3336910552240059	-0.175637975457537	0.3890819755470664	1.13396395708948	-0.3296610537006188	0	0	0.3613693623153178	3.6041904994947	-0.2528131240035296	0.2677829833196884	-0.1308872220040169	-0.0001136490146829878	0.6605986947343983	4.827745170949358	-0.1521815227546252	-0.408708421109405	0.1026880290316323	1.54261406339579	1.854834529180164	8.518119486433763	0	0	-0.4784230695665305	-6.311570153505551	0.2016431697952923	-1.574195081465112	0.395776097577472	-2.037589471173058	-0.27505829829559	16.98179662831499	-0.3855616699702841	-2.092131619913905	-0.1453698204429566	8.742076770612668	1.051469328510316	4.40832986837672	1.593061041079036	1.948887222256694	0.08573877115554283	-10.8577046035426	-0.4308521957000098	-1.495112463528405	0.4486386807847904	-3.860731870317523	1.265330191993902	-15.14300576437844	1.551418195797175	-3.894115940996062
0.6375	-0.3717196831909146	4.567838656527753	-0.0809721776740233	-0.06921521965895537	-0.1717739669363723	-0.2664779359088057	-2.79210262231403	3.361773612699151	0.9390662079024279	-0.01528477874881568	-0.7713300890712408	0.2557490384050377	0.6733631603111842	-10.02068345362869	-0.08661903490684152	-0.533813656638457	-0.1740122414269936	0.3909160040536	1.131883635029107	-0.6759103033393428	0	0	0.374879418132282	2.866343148674586	-0.2513599467190431	0.4328603350218488	-0.1308876832571746	-0.0001075186821275007	0.681594612413315	5.255340625443108	-0.1536821097363797	-0.3090350599317377	0.108523782385782	1.253236517211613	1.888684722448065	7.719429296259812	0	0	-0.5039803783124713	-5.945110089097999	0.1945617375773187	-1.826528602072236	0.3868567867141673	-2.24105940212646	-0.2040125813411648	17.11019545851074	-0.3937282701774099	-1.81910434793389	-0.1096191633152691	8.411113864282065	1.07040328993141	4.679646126324987	1.601231952798017	1.971712435038082	0.04049135517079986	-10.8643119067867	-0.4370173888561391	-1.461992459110055	0.4316762517415856	-4.28411351997168	1.202696911602748	-14.90358243575021	1.534874769686261	-4.045843206317583
0.6416667	-0.3534239130650385	4.206291223216386	-0.08073875537548707	0.1852205573016278	-0.1726985342519045	-0.1750802484623586	-2.778060788281119	3.378641746526709	0.9389961334794661	-0.01838591435887892	-0.770254497531384	0.2605002959430915	0.6321873381669432	-9.736705368003324	-0.08930224129916174	-0.7581508782835443	-0.1723832169883263	0.3906613588114465	1.128272786062367	-1.064308091580449	0	0	0.3851370681462793	2.043048203208842	-0.2491798937965372	0.6166804983888532	-0.1308881160664562	-9.999606339735062e-05	0.7044362667624553	5.713691685084278	-0.1547357311209505	-0.1941666507953777	0.1130876780359983	0.9321272494022258	1.919076837231708	6.858255092904872	0	0	-0.5278766341329683	-5.514271127684409	0.186408114470288	-2.088842591032301	0.377122004088256	-2.429012785837549	-0.1325528564229846	17.18051886113865	-0.4006484871293158	-1.493872443481659	-0.07533487384026709	8.038225928129977	1.090464585009307	4.949445694716178	1.609480387793355	1.986098097220607	-0.004826474136678709	-10.8915027280701	-0.4430175291965555	-1.415887745783897	0.4129129107748418	-4.725162678169522	1.141275561581489	-14.56128384060323	1.517709414907078	-4.192639313578675
0.6458333000000001	-0.336732102288188	3.798136992278468	-0.07939567733864301	0.4634305558219671	-0.1732143853603748	-0.07030177569462638	-2.763944147744925	3.397843053351682	0.9389126992314573	-0.02169840294893219	-0.7691595163684637	0.2650685987667988	0.5922813055327638	-9.411649414608586	-0.09297054045200878	-1.00669646439663	-0.1707596438502519	0.3883181211230958	1.122955939358366	-1.494843579628466	0	0	0.3917861644329915	1.134328498082316	-0.2461949514867411	0.8192383870416429	-0.1308885146215149	-9.108138915509499e-05	0.7292511868825565	6.202786242351348	-0.1552790672915235	-0.06410649753306863	0.1162474414887169	0.5792951088521182	1.945749927932539	5.934619793772998	0	0	-0.5498430875719057	-5.019065926920361	0.1771409509700866	-2.361130393568812	0.3666366626418979	-2.601445670047963	-0.06092282570180302	17.1927672391325	-0.4061046881398047	-1.11644559139719	-0.04269240338152814	7.623423420672225	1.111646372381096	5.217722153012391	1.61777098178515	1.992044167370094	-0.0502993881838683	-10.93927567382351	-0.4487983776547417	-1.356799897496243	0.3922755610640844	-5.183868123795782	1.081496203914725	-14.11612189748842	1.499943111566174	-4.334500917219796
0.65	-0.3218376854468129	3.343356371997443	-0.07684379201676986	0.7654281301956611	-0.1732657812728456	0.04786251184155507	-2.749742299621542	3.419378454851548	0.9388150201848223	-0.02522240352097075	-0.7680458548770147	0.2694541661582017	0.5538143371769191	-9.045499990509068	-0.09772500148679883	-1.279462345356734	-0.1691501467828661	0.3838861785113387	1.115757222900944	-1.967537433517476	0	0	0.3944709987821358	0.1401404140512472	-0.2423268823986612	1.04054372391444	-0.1308888731403587	-8.077423148968289e-05	0.7561687107258552	6.722647774158699	-0.1552488323885707	0.0811516428424342	0.117871010494812	0.1947231593475628	1.968444927948649	4.948479063660463	0	0	-0.5696125508506463	-4.459470716575895	0.1667182174599647	-2.643405079705412	0.3554649105750056	-2.758366331668572	0.01063897107441632	17.14694118042383	-0.4098796184189586	-0.6868056749017126	-0.01186487060342173	7.166686431069872	1.133943349324849	5.484488378689663	1.626068968356093	1.989550930902476	-0.09601533333489638	-11.00763303718503	-0.454306109411311	-1.284726077984992	0.3696895982651138	-5.660251875064146	1.023784610947484	-13.56807523829063	1.481595553112707	-4.471434826706875
0.6541667	-0.3089353228614283	2.841958598830228	-0.07298402887190393	1.091206888647838	-0.1727969396157044	0.1794102600228475	-2.735445858106336	3.443247518191284	0.9387022171918589	-0.02895783911119638	-0.7669143009767707	0.27365688628213	0.5169586004826289	-8.638264404142467	-0.1036664436468428	-1.576442846547466	-0.1675634677292151	0.3773655621508954	1.106501122804626	-2.482379826008857	0	0	0.3928353323952428	-0.939495264625423	-0.2374976525267513	1.280591872452076	-0.1308891858117494	-6.907478764926234e-05	0.7853164163037194	7.273264911113453	-0.1545816937889506	0.2416048311766261	0.1178260752766586	-0.2215805117821926	1.986900799315739	3.899854320366966	0	0	-0.5869162249913672	-3.835496609225403	0.1550985372063743	-2.935660234194946	0.343671643586036	-2.899770446046865	0.08188883296979078	17.04303969414732	-0.4117556075369899	-0.2049611259340321	0.01697223164922997	6.668024411646048	1.157348701305942	5.74973791480985	1.634338983820906	1.978618143835989	-0.14205898578415	-11.09657391858584	-0.4594864794908197	-1.199667549565936	0.3450818796858089	-6.154303134876181	0.9685708891816229	-12.9171533125741	1.462687705466725	-4.603437578133523
0.6583333	-0.2982194836180176	2.293957384417754	-0.06771744292059473	1.440758156441921	-0.1717521279574461	0.3243378299316785	-2.721045446475509	3.469449586507463	0.9385734125567424	-0.03290461245833046	-0.7657656443051122	0.2776766648565014	0.4818861081570393	-8.189953908162837	-0.1108955722268589	-1.897629968781442	-0.1660083464418462	0.3687565037263578	1.095012322689999	-3.039356883660933	0	0	0.3865233412361073	-2.104549550834522	-0.2316293201356092	1.539376396814654	-0.1308894468288495	-5.598338854002748e-05	0.816821667533068	7.854623331325981	-0.1532143800114205	0.417248669610822	0.1159804862307948	-0.6696047710052762	2.000856911020161	2.78877298007348	0	0	-0.6014855477286885	-3.147160897730861	0.1422406483810462	-3.237888483678708	0.3313218170380431	-3.025655178098012	0.152583088993767	16.88106736460063	-0.4115151673599099	0.3290746119924984	0.04364360161026016	6.127450839470394	1.181855507387238	6.013464450034967	1.6425456671795	1.95924637237439	-0.1885149902665562	-11.20609544246707	-0.464285274344105	-1.101626821069464	0.318379456719886	-6.666009410076385	0.9162849053267249	-12.1633754457904	1.443240588335287	-4.730506180977898
0.6625	-0.2898838253856507	1.699785571085221	-0.06094473531465926	1.813803288529825	-0.1700755519955718	0.4825110582114965	-2.706530651927388	3.497972212214043	0.9384277197040942	-0.03705876560080584	-0.764600592100529	0.2815099477051145	0.4487663179125232	-7.700900293961547	-0.1195135849305082	-2.24273427057409	-0.1644934116425736	0.3580537948281975	1.081114719493216	-3.638025810784664	0	0	0.3751788302871981	-3.354103929489487	-0.2246435391826991	1.816695488406297	-0.1308896504049062	-4.151265799982983e-05	0.8508140419544721	8.466163744590695	-0.1510835346368585	0.6079392828079669	0.1122019947868521	-1.148982748401479	2.010053676286738	1.61583153893778	0	0	-0.6130530557936985	-2.395003516794629	0.1281023769273475	-3.549903322349089	0.3184794893543796	-3.136028585315908	0.2224831625458867	16.66107448957358	-0.4089408422643608	0.9148043684389371	0.06797588910725474	5.54533656514148	1.207458604194208	6.275534795758278	1.650654252349559	1.931466099464597	-0.2354712913302213	-11.33585001923272	-0.4686486364763751	-0.9907033296197694	0.2895074904257333	-7.194988230081742	0.8673527003512753	-11.30736113691097	1.423273830240503	-4.852533307646349
0.6666666999999999	-0.2840381790119516	1.113638711188131	-0.05262141922559511	2.175471835326619	-0.1677374954364559	0.6372733504623997	-2.691894623163336	3.527197459860893	0.9382650255639441	-0.04093077915542327	-0.7634206247841393	0.284714445296903	0.4177061165155931	-7.212807281934922	-0.1295649857170778	-2.575772591149355	-0.1630282884492606	0.3446917491965215	1.064719549620537	-4.222965366808161	0	0	0.3586256014421244	-4.573139993034691	-0.2165018584522372	2.087262271119253	-0.1308897931762462	-2.722676224441622e-05	0.8873126489831911	9.038578805313316	-0.1481539626620322	0.7956992788768683	0.1064300452715565	-1.613872695334252	2.014350218763084	0.4577408724285678	0	0	-0.6214558076457536	-1.64665584309079	0.1126795091341606	-3.847976490791095	0.3052092316404993	-3.231125237929616	0.2913560783579843	16.38991728467338	-0.4039115258981683	1.490520873386609	0.08986693075550078	4.968519430652213	1.234124194474141	6.518731422486407	1.658635170719406	1.898984648769259	-0.2829474594643614	-11.44419656048688	-0.4725415525128437	-0.8791889894927597	0.2584680612639093	-7.693194422399178	0.8220832711325728	-10.4265027804	1.402829360632329	-4.956130566755148
0.6708333	-0.2805406814024239	0.5727231108535358	-0.04286494754414519	2.501825147511407	-0.1647855908211976	0.7771898929535241	-2.6771380263278	3.55601442416469	0.9380874900558742	-0.04418461538197264	-0.7622292763496673	0.2869865725835944	0.3886187000140571	-6.754305972680834	-0.1409271829721934	-2.872042729703708	-0.16162522330471	0.3282823575447437	1.045995431130264	-4.756128321816291	0	0	0.3372216146164997	-5.682696584908749	-0.2072832624731591	2.333717064342902	-0.1308898790427114	-1.419951576792107e-05	0.9260147755915092	9.524291226938308	-0.1444739573945145	0.9681868978037264	0.09881696985480216	-2.032804182149471	2.013962015785129	-0.6328333019003231	0	0	-0.626844959443893	-0.948548744784795	0.09607804075907503	-4.115818568111361	0.2915745525922531	-3.311106620109811	0.359000763618691	16.07230818595488	-0.3965926650993823	2.013861637156468	0.1094321069781204	4.429155185208591	1.261738504490008	6.73123499085032	1.666476069372848	1.86434751838909	-0.3307697763230762	-11.50255139524471	-0.4759860889555051	-0.7755224649713939	0.2254863721223103	-8.127646024202646	0.7804261747798654	-9.573934899911263	1.382011273888153	-5.032108145467966
0.675	-0.2792027551854115	0.07701280571718912	-0.03182196612720555	2.792878890293819	-0.161281539754896	0.9022674017863678	-2.662261851391653	3.584424488361849	0.9378976800715224	-0.04682043046709225	-0.7610303742605284	0.2883264386290456	0.3613794192788956	-6.325374357784304	-0.153447550959117	-3.13155890743134	-0.1602968477767664	0.3088248322094623	1.025157147770744	-5.237540268040376	0	0	0.3114218959103799	-6.682826964680226	-0.1970877507227762	2.5560716980966	-0.1308899132514929	-2.430293252674494e-06	0.9665610670870068	9.923324324034942	-0.1401069598469472	1.125410419126723	0.08955385479312628	-2.405797317880249	2.009170258377087	-1.655943332446841	0	0	-0.6294300357905398	-0.3006487121997665	0.07842311101389635	-4.353442410935306	0.2776377700297819	-3.375976571024263	0.4252268840058576	15.70823194793742	-0.3872020884770574	2.48485178050711	0.126828356685668	3.927217938912595	1.290174993257413	6.91305570118451	1.674168339216589	1.827553045715228	-0.3787322444728121	-11.51091732458311	-0.4790151000096262	-0.6796987799828771	0.1908264405358135	-8.498363889502698	0.7422616199952612	-8.7496165715317	1.360933645127593	-5.080469690766934
0.6791667	-0.2798360984681598	-0.3734786794172667	-0.01963980963888211	3.04862480737851	-0.1572872505003719	1.012502340800763	-2.647268149407425	3.612426955943038	0.9376981751689488	-0.04883813890024221	-0.7598278317149123	0.2887339777134924	0.3358657402156424	-5.926023796422641	-0.1669726579065894	-3.354313572600525	-0.1590558955046521	0.2863195304493545	1.002420808671942	-5.66718778819659	0	0	0.281682965265366	-7.573503189125441	-0.1860159759128583	2.754319968096609	-0.1308899010430419	8.080577542279287e-06	1.008589399963916	10.23566539902262	-0.1351166685171249	1.26736551985718	0.07883231699233398	-2.732841496626942	2.000256116046013	-2.611562235124915	0	0	-0.6294201421235873	0.2970268971375723	0.05984104330971245	-4.560841228252807	0.2634621806201667	-3.425732989728146	0.4898392153367508	15.29769563584492	-0.3759581293662456	2.903478114698532	0.1422111859126173	3.46272108599438	1.319305139853648	7.064188085064748	1.681702804709957	1.788602036173873	-0.426625422386631	-11.46929234807754	-0.4816611872748325	-0.5917205167079184	0.1547546418166409	-8.805336826361025	0.7074728553489542	-7.953568596459395	1.339712046668874	-5.101213047745374
0.6833333	-0.2822522201186915	-0.7787421606921739	-0.00646592210255561	3.26905803197397	-0.1528646783826532	1.107892598703308	-2.632158982710087	3.640021169527662	0.9374915558369129	-0.05023771450829153	-0.7586255622604872	0.2882092136193113	0.3119549630743875	-5.556262808031736	-0.1813489755897624	-3.540302702535353	-0.157915091735074	0.2607671021055366	0.9780027051746182	-6.045062434316485	0	0	0.2484617207821086	-8.354707822472603	-0.1741686748752504	2.928457984237731	-0.130889847662266	1.733288965812172e-05	1.051737508442488	10.46131007663839	-0.1295668417382075	1.394049342754287	0.0668441133648526	-3.01393052352805	1.98750115404237	-3.499669504906125	0	0	-0.6270246329945637	0.8444655471776843	0.04045825006160788	-4.738011130615585	0.2491111039556238	-3.460375226155423	0.5526426883502233	14.84071077500593	-0.3630792990242258	3.269732477846079	0.1557362939791033	3.035674426456618	1.349000356765791	7.184629620104922	1.689070305461286	1.747495502215852	-0.4742398751893681	-11.37767926436329	-0.4839569891109189	-0.5115895041772772	0.1175374868143592	-9.048559762266796	0.67594280533982	-7.185809061976444	1.318462064651117	-5.094338712805577
0.6875	-0.2862628266236167	-1.138797091065873	0.007553214663463121	3.454189145044271	-0.1480754544136693	1.188442754299641	-2.616935324346885	3.667208453659153	0.937280387571006	-0.05101922447194373	-0.7574273928364509	0.2867521211574213	0.2895226872087773	-5.216073643800176	-0.196424022951993	-3.689535224856898	-0.1568870806246241	0.2321663206418241	0.9521173477114684	-6.371182344673272	0	0	0.2122126213232213	-9.026478363144063	-0.1616457209074025	3.078494105278476	-0.130889758349672	2.532708721274238e-05	1.095646251240849	10.60026918800008	-0.1235208307699681	1.505467968738835	0.05378012015770534	-3.249077891072738	1.971185969776442	-4.320307771621476	0	0	-0.6224526593361881	1.341693515396196	0.02039973697565859	-4.884960622315018	0.2346468234686587	-3.479904943160046	0.6134467363422178	14.33725542979617	-0.3487831591772448	3.583632450440458	0.1675603298677696	2.646057461731686	1.379134202894573	7.274386087591215	1.696262209653815	1.704231470695973	-0.5213695954698342	-11.23607367594196	-0.4859353045830088	-0.4393018960408137	0.07943878975823218	-9.228044372107727	0.6475521647759692	-6.446301115035561	1.297297753462635	-5.059846355974183
0.6916667	-0.2916794673782792	-1.453633201437695	0.02227017867964455	3.60401243241686	-0.1429815243791935	1.254150340077529	-2.601599233893304	3.693988141174688	0.9370672507200273	-0.05118262778362773	-0.7562372370429501	0.2843627017345287	0.2684462498458889	-4.905465533103471	-0.2120442903677922	-3.802006234620003	-0.1559845899753138	0.2005177627532848	0.924980989834884	-6.645537828962209	0	0	0.1733924868670171	-9.588794748489295	-0.1485478334269404	3.204423862565539	-0.1308896383492421	3.206293304741738e-05	1.13995338514426	10.65253627725282	-0.1170423812768804	1.601618174130848	0.03983206617374244	-3.438276301633352	1.951592039685836	-5.073454910468415	0	0	-0.6159135209548099	1.788697060367038	-0.0002081012504658896	-5.001685088508014	0.2201326552871813	-3.484321127954105	0.6720562443520031	13.78734001051136	-0.3332881844562668	3.845168613875633	0.1778389501930603	2.29388089038452	1.409578102771512	7.333454228623562	1.703269352785128	1.658810902308594	-0.5678051391913355	-11.04447718167667	-0.4876287640376034	-0.374859709617904	0.04072503717494998	-9.343784053506944	0.6221839349340746	-5.735063521401916	1.27633469993	-4.997735810822268
0.6958333	-0.2983135568006242	-1.723244563652915	0.03753748097598103	3.718525569422993	-0.1376448633163715	1.305014313391494	-2.586152781718152	3.720359604040135	0.9368547258217562	-0.05072794277317665	-0.7550590077108326	0.281041046259474	0.2486028580541255	-4.62444486557575	-0.2280562158712785	-3.877714355935305	-0.1552203355393587	0.1658222977174268	0.8968100051916131	-6.868124166193864	0	0	0.1324583842077134	-10.04164742330956	-0.1349757870443342	3.306245101624132	-0.1308894929079044	3.754031080255697e-05	1.184296628692973	10.61811321085937	-0.1101952804369351	1.682498200998204	0.02519176508446037	-3.581522868620349	1.92900115496335	-5.759095275701943	0	0	-0.6076167065019464	2.185467262141266	-0.02123881718462092	-5.088182815913304	0.2056319203282532	-3.473624218628463	0.728276308091735	13.19097938755188	-0.3168129645787921	4.054336576400867	0.1867279599272359	1.979151816752618	1.440203451163383	7.361833730339998	1.71008258808962	1.611234964772726	-0.6133371289571938	-10.80289617949032	-0.4890700251669989	-0.3182642090779879	0.001662774635706694	-9.395778323515017	0.5997208269434409	-5.052112332924755	1.255688471559319	-4.908009562229855
0.7	-0.3059770038429543	-1.94764411926398	0.05320874021967788	3.797734052781192	-0.1321270583601617	1.341037115751319	-2.570596924678718	3.746324108105971	0.9366453780883132	-0.04965514761536105	-0.7538965329332411	0.276786995290243	0.2298683064247538	-4.37299815200915	-0.2443073969162405	-3.916663222850771	-0.154606979548008	0.1280782601252826	0.8678187240731745	-7.038952040683373	0	0	0.08986440198480769	-10.38505812488103	-0.121029372267933	3.383962709951931	-0.1308893272617471	4.175948339687712e-05	1.228316897972512	10.49699833648612	-0.1030428172397541	1.748111931644308	0.01004996583416753	-3.678824467978957	1.903693440887426	-6.377261778586156	0	0	-0.5977710836431303	2.53202316599328	-0.04256748422228494	-5.144457956488233	0.1912068948406668	-3.447813701723261	0.781916044848656	12.54814493514982	-0.299574888641608	4.211146378238998	0.1943837855166597	1.701855133598737	1.470883851617945	7.3595259549784	1.716693257145364	1.561501374406827	-0.6577594573963952	-10.51131907330926	-0.4902918460177083	-0.2695126777935745	-0.03748427219681257	-9.384029677896843	0.5800439708323597	-4.397414767422537	1.235473151719545	-4.790663303268103
0.7041667	-0.3144812498849981	-2.126824854873172	0.06913647889231643	3.841634710441679	-0.1264900794611903	1.362217348292701	-2.554933730506602	3.771881015555838	0.9364417881029473	-0.04796424580557699	-0.752753725873197	0.2716006173600092	0.2121198301289177	-4.151132491977399	-0.2606442791077909	-3.918850577207797	-0.1541572412231071	0.08728644610831081	0.8382234978671478	-7.158015489105028	0	0	0.04606756170616187	-10.61901467112628	-0.1068093535258381	3.437573954526047	-0.1308891466571502	4.472030427089372e-05	1.27165190808074	10.28919144000391	-0.09564877077513126	1.798457241697878	-0.005401532230640439	-3.730177110353492	1.875950620085177	-6.927937153601971	0	0	-0.5865861013519066	2.828354646597632	-0.06406766358129429	-5.170508071556723	0.1769209008111997	-3.406889652607492	0.8327804906974302	11.85885040867268	-0.2817925254449162	4.315592370917927	0.20096220045993	1.461998843822616	1.501490701739989	7.326529853162856	1.723092208429047	1.509611247173429	-0.700862722953583	-10.16975106128425	-0.4913268786223418	-0.2286065682227144	-0.0764495629509666	-9.308536103836948	0.5630361460268933	-3.770987555227536	1.215804316889623	-4.645698855985823
0.7083333000000001	-0.3236376555909105	-2.260784098028704	0.08517319485379628	3.850227759858484	-0.1207959080106225	1.368555037018086	-2.539165277237627	3.797029727702114	0.9362465358961728	-0.04565530017662586	-0.7516344978056485	0.2654820705040813	0.1952345696758559	-3.958852145312861	-0.2769132998238465	-3.884277689903573	-0.1538838240794254	0.0434479443804127	0.808240735939033	-7.225313517448447	0	0	0.001525000352397987	-10.74351538741965	-0.0924165215117654	3.467078416502114	-0.1308889563419304	4.642274766560822e-05	1.313939439899477	9.994700629601247	-0.08807694332452999	1.833533472535483	-0.02097090003279678	-3.735581217426378	1.846054648950696	-7.411110614287819	0	0	-0.5742713371785273	3.074456400105975	-0.0856129000145311	-5.166333624004524	0.1628372468797979	-3.350853597528935	0.8806749481369158	11.1231140235927	-0.2636844960397657	4.367673932820847	0.2066190816856185	1.259587356096574	1.531895406195044	7.262847321555553	1.72927031074198	1.45556590605971	-0.7424376507016616	-9.778202140625801	-0.4922077929449304	-0.1955465796735235	-0.1149665747034501	-9.169301707947325	0.5485798757296881	-3.172844712756168	1.196797491086676	-4.473120693740793
0.7125	-0.3332582509861123	-2.349528278877135	0.10117254370377	3.82351361350458	-0.1151061139826429	1.360050486141404	-2.52329250627278	3.821771451702288	0.9360621875092113	-0.04272819989734295	-0.7505426796558431	0.2584310610275092	0.1790884616494107	-3.796147882411221	-0.2929620688589638	-3.812942901412959	-0.1537994139087792	-0.003439349340163045	0.7780846816136457	-7.240849356070672	0	0	-0.04330936664577627	-10.75856624989113	-0.07795062733572257	3.472477512116964	-0.1308887615500216	4.686689529932289e-05	1.354820310838506	9.61351176949305	-0.08039058909013798	1.853342307843143	-0.03646743322390924	-3.695037048598905	1.814285302112662	-7.826805353340895	0	0	-0.5610354659238513	3.270340239591489	-0.1070782916148536	-5.131934413454947	0.1490182293154628	-3.279702846713906	0.9254081348188588	10.34090046399833	-0.2454681111468314	4.367393563902729	0.2115107004954379	1.094610954513744	1.561971557939785	7.168475303346062	1.735218875175361	1.39936275684779	-0.7822779433276013	-9.336653516685024	-0.4929673201349099	-0.1703311252411603	-0.1527715556191228	-8.966319806870036	0.536556674303393	-2.602957528692608	1.178566836372238	-4.272920532648683
0.7166667	-0.3431544101310044	-2.393053639723687	0.1169870241614635	3.761491641452963	-0.1094826781346326	1.336703365446276	-2.507317493132951	3.846105579086494	0.935891323203477	-0.03918299296609076	-0.7494821833105979	0.2504477245899351	0.1635586657873159	-3.663024673044435	-0.3086370201336885	-3.704846600363904	-0.1539167186098932	-0.0533744194855657	0.7479717375265198	-7.204620768625043	0	0	-0.08797841475811145	-10.66416295703639	-0.06351245874090761	3.453770243978132	-0.1308885675290699	4.605269121269408e-05	1.393932272329862	9.145630887275912	-0.07265350684571104	1.857882722558266	-0.05169930326723544	-3.608543922787359	1.780924487646661	-8.175008964525555	0	0	-0.5470880405273644	3.415999655829334	-0.1283373827176903	-5.067310177398931	0.1355271623618796	-3.193438563688312	0.9667852796667158	9.512226830328911	-0.2273619866088802	4.314749385825406	0.2157929135763257	0.967074946308681	1.591590555271335	7.04341495868263	1.740928765125839	1.341003070768375	-0.820174286748477	-8.845113986900291	-0.493638126850233	-0.1529610925223523	-0.1895979688509076	-8.699592977351033	0.5268491247663729	-2.061340697936286	1.16122789402166	-4.045102183236046
0.7208333	-0.3531374806322379	-2.391360763819533	0.1324691526932202	3.664164603280441	-0.103987574853676	1.298514769583083	-2.491242323154143	3.870031540513593	0.9357365219459299	-0.03501978671863931	-0.7484569176498788	0.2415322863531333	0.1485222826621659	-3.55948464724308	-0.3237846234545693	-3.559992704440155	-0.1542484267171355	-0.1063559579055039	0.7181183021746637	-7.116630488080222	0	0	-0.1320250353247494	-10.46031171480286	-0.04920280080889979	3.41095792887167	-0.1308883795266474	4.398020024669599e-05	1.430913245618508	8.591072332864027	-0.0649295002348256	1.84715515736612	-0.06647470703333969	-3.476105569946134	1.74625426640703	-8.45571552066372	0	0	-0.5326386822367924	3.511432961071794	-0.1492637374630404	-4.972463554889244	0.1224273287799155	-3.092063362856837	1.004611933779449	8.637114683128434	-0.2095847276838326	4.209744547106013	0.2196216361173502	0.8769810444884981	1.620623840373024	6.887670393751584	1.746390866902489	1.280488326076807	-0.8559175534978745	-8.303597147769752	-0.4942528882658987	-0.1434366159638859	-0.2251793714929103	-8.369129915563713	0.5193395878375235	-1.548006201470708	1.144896119707105	-3.7896721073384
0.725	-0.3630195321957785	-2.344449569905328	0.1474725582780694	3.531527827214434	-0.09868238366938323	1.245482865469893	-2.475067923014704	3.893550484448109	0.9356003517194686	-0.0302383813178899	-0.7474707181092014	0.2316843183692215	0.1338553376053352	-3.4855228350064	-0.3382524347872657	-3.378374260543461	-0.1548072530687991	-0.1623865077545111	0.6887386250906691	-6.976874290835168	0	0	-0.1749952891094421	-10.14700273817435	-0.03512140864212727	3.344038511773574	-0.1308882027767991	4.06493229201779e-05	1.465403793395342	7.949809487020889	-0.05728181615495317	1.821159097335336	-0.08060290206294569	-3.297715632932583	1.710554183854778	-8.668938495885659	0	0	-0.5178959633908383	3.55664473619081	-0.1697324242369649	-4.847389993215161	0.1097810720627047	-2.975572378131984	1.03869633154651	7.715522016341761	-0.1923536609696014	4.052374007431647	0.2231530516672032	0.824324924476718	1.648944940372348	6.701234132694204	1.751596457227934	1.217815618018867	-0.889301166338556	-7.71207700606925	-0.494844322755799	-0.1417572383835727	-0.2592518707984974	-7.974914759027317	0.5139099113280312	-1.062929398845809	1.129685803894633	-3.506618044115931
0.7291666999999999	-0.3726119122589862	-2.252319555989248	0.1618497476494171	3.363583225450716	-0.09362908278779015	1.177608391538258	-2.458796375657984	3.916661831766655	0.9354853919073843	-0.02483886926517143	-0.7465274944600969	0.2209040234243061	0.1194349415436692	-3.441142076304574	-0.3518869094525895	-3.159994304088328	-0.1556058914975333	-0.2214648340283454	0.6600491135707841	-6.785353667522259	0	0	-0.2164320470667183	-9.724239606219625	-0.02136907160350359	3.253012730921796	-0.1308880425273044	3.606009387309298e-05	1.497041781448141	7.221854619068814	-0.04977425932245243	1.779894616712016	-0.09389207198246466	-3.073376738934957	1.674106272772913	-8.814670343239186	0	0	-0.5030694956936689	3.551632088062158	-0.1896169976945734	-4.692091406034643	0.09765168510887785	-2.843967861196564	1.068843936553548	6.747469275480037	-0.1758874022248432	3.842639658598077	0.2265430664053468	0.8091091978427057	1.676425281877806	6.484109545182882	1.756536416359632	1.152986373093431	-0.9201159436511248	-7.070565958524795	-0.4954451045424624	-0.1479232825168141	-0.2915489908146753	-7.516954674049207	0.5104425072914736	-0.6061229495281476	1.115712427800028	-3.195945792572938
0.7333333	-0.3817259960672946	-2.114974561025407	0.1754532876565839	3.160336099688866	-0.08888962623380213	1.094893511086485	-2.442429773353331	3.93936504247458	0.9353942198567959	-0.01882140239921788	-0.7456311523484682	0.2091916938066302	0.1051381817356412	-3.426342371366402	-0.3645345827705513	-2.904859399545054	-0.1566570128143501	-0.2835894091403238	0.6322661086562898	-6.542075078089201	0	0	-0.2558783273646438	-9.192036405459197	-0.008046547467092361	3.137883638732807	-0.1308879040243588	3.021266854641136e-05	1.52546534940658	6.407228320647714	-0.04247062100165481	1.723363255490119	-0.1061504809635903	-2.803095926179622	1.637192637734978	-8.892909994829667	0	0	-0.488368898889228	3.496396945038734	-0.208791068565068	-4.506572608567467	0.08610241119826291	-2.697253514612171	1.094860590313021	5.732981366159066	-0.1604044937876775	3.58054841925637	0.2299476000855308	0.8313328819283827	1.702936372209584	6.236302946928101	1.761201650055275	1.086002224824015	-0.9481529504209397	-6.379081200922164	-0.4960879069510893	-0.1619343179490735	-0.3218044260224759	-6.995262946364189	0.5088195994059076	-0.1775967990683606	1.103091353894522	-2.857663803022674
0.7375	-0.3901738116146415	-1.932407992348563	0.1881367171049078	2.921776693910751	-0.08452562980865228	0.9973342537367849	-2.42596902879012	3.961661206343436	0.9353294066048533	-0.01218569187700289	-0.7447855333982606	0.1965467673153777	0.09084111901511267	-3.441123009794681	-0.3760428907082515	-2.612957300242272	-0.1579733663899291	-0.3487632151177642	0.6056039592620281	-6.247026844976858	0	0	-0.2928799699471065	-8.550367589730691	0.004746361281498402	2.99864570892176	-0.1308877925043831	2.310676625935831e-05	1.550314649199532	5.505891489069611	-0.03543416826803222	1.651562300120888	-0.1171872657293643	-2.486860220979981	1.600092716516395	-8.903661206220471	0	0	-0.4740027332565763	3.390936655791251	-0.2271296211235389	-4.290824695768873	0.0751956682520489	-2.535422295977488	1.116553960325298	4.672009592180058	-0.146122372386602	3.266087708825748	0.2335228158950557	0.8909970434876548	1.728351617427892	5.95780244302282	1.765583396787208	1.016859957920052	-0.9732052395043678	-5.637589541461918	-0.496805449701561	-0.1837910172208105	-0.3497540280247394	-6.409814534368668	0.5089233180452349	0.2226696221178867	1.091937050760645	-2.491755837669838
0.7416667	-0.3977667204116316	-1.704622603669847	0.1997525825185084	2.647909462434929	-0.08059905580893278	0.8849324265686425	-2.409416231967329	3.983549773596323	0.9352935301004371	-0.004931874702816364	-0.7439945444266385	0.1829695138631224	0.07642084212056355	-3.485484701757815	-0.386258343071598	-2.284293688381057	-0.1595676292478889	-0.4169847975200299	0.580279030757725	-5.900214185796668	0	0	-0.3269799397605734	-7.79924461867597	0.01690888535501889	2.835301415357034	-0.1308877132141575	1.474251225201289e-05	1.571227738992086	4.517862635382592	-0.02872869803918828	1.564492924159124	-0.1268106634227499	-2.124675558796275	1.563088605866557	-8.846921289742859	0	0	-0.4601806240633057	3.235251943296098	-0.2445062475468627	-4.044851757463848	0.06499471422185124	-2.358477545132244	1.133729786651612	3.564577744126025	-0.13325960656949	2.899263189235928	0.2374246358100932	0.9881015984246936	1.752542500071659	5.648613612663605	1.769672555614551	0.9455611541485965	-0.9950638067366323	-4.846106976157738	-0.4976304075202153	-0.2134931382061022	-0.3751314391320715	-5.760621193931446	0.5106359297411563	0.5946656899968866	1.082364914698642	-2.098229683996486
0.7458333	-0.404316166038769	-1.431625489646318	0.2101535329062187	2.338742249083751	-0.07717182453927054	0.7576912615282896	-2.392773481720822	4.005030233585074	0.9352891655145388	0.002939852781635496	-0.7432620870063612	0.1684602928645738	0.06175445161886783	-3.559425317682827	-0.3950275737788969	-1.918877775218257	-0.1614524517329307	-0.4882524093240482	0.5565075601416953	-5.501647287475371	0	0	-0.3577214803082006	-6.938689459388643	0.02834031598230198	2.647855546085517	-0.1308876713973682	5.120152564756144e-06	1.587843054820204	3.44316859295227	-0.0224179754588503	1.462157766907475	-0.1348290468699707	-1.716552286126827	1.526462393337163	-8.722694036785656	0	0	-0.4471121443483194	3.02934835200679	-0.2607946323555333	-3.768660785039183	0.0555627393044969	-2.166424052794932	1.14619424303132	2.410714072684558	-0.1220346286279851	2.480085549271908	0.2418089504532596	1.122642868416231	1.775380620216979	5.308744981085082	1.773460053684464	0.87210760230133	-1.013519954545964	-4.004654300083012	-0.4985954448216874	-0.2510396856290864	-0.3976705485819487	-5.047700800348731	0.5138395465738016	0.938383494450882	1.074490190122844	-1.677095780793606
0.75	-0.4096340533853888	-1.113403546206845	0.2191929533466153	1.99426021359354	-0.07430561478872022	0.6156046509420842	-2.376041677484662	4.026103617388268	0.9353188880511331	0.01142986842532034	-0.7425920106279652	0.1530184078659803	0.04671799060133015	-3.662948406776066	-0.4021978326290241	-1.516692020509404	-0.1636406232340303	-0.562569471429919	0.5345040888855092	-5.051307018495756	0	0	-0.3846500136996812	-5.968660804560168	0.03894075990379844	2.436299103561527	-0.1308876722950771	-5.760774682896209e-06	1.599800181807586	2.281757775639254	-0.01656531526320857	1.344551916199802	-0.141051349269586	-1.262470812741117	1.490493530500141	-8.530973484345322	0	0	-0.4350059327335523	2.77321599839281	-0.2758696213094933	-3.46223852111609	0.04696226305315312	-1.959252600250427	1.153754346448908	1.210363191513274	-0.1126650796745193	2.008534668085045	0.2468319700420945	1.294627311546553	1.796739207618671	4.938180234331921	1.776937087337311	0.7964957765513516	-1.02836627590014	-3.113191122863063	-0.4997332967933811	-0.2964324617528738	-0.4171068375876482	-4.271019132894117	0.5184165305939653	1.253839534198459	1.068427573444193	-1.228333913310419
0.7541667	-0.4135317987316285	-0.7499627827654953	0.2267234619310674	1.614470352405615	-0.07206235958633066	0.4586754705374346	-2.359222915946619	4.046769404575492	0.9353852736684033	0.02053799072097454	-0.741988218315167	0.1366441959063836	0.03118855224058586	-3.796052549404159	-0.4076157169978174	-1.077744753242111	-0.1661448012228212	-0.6399343099606164	0.5144848938451287	-4.549202323448283	0	0	-0.4073086973805893	-4.88917799440546	0.04860948960330396	2.200636297283854	-0.1308877211519326	-1.7900053650941e-05	1.60673744851821	1.033654936217298	-0.01123449282975194	1.211677644899594	-0.1452859026345122	-0.7624403823713308	1.455464117330217	-8.27176180403657	0	0	-0.4240715828487616	2.466859221531159	-0.289604871309476	-3.12559123168656	0.03925649487045739	-1.736967615495357	1.156216155254594	-0.03644776373306219	-0.1053694339195065	1.484619977738977	0.252649598653664	1.504052148054642	1.816489828365148	4.536927161124816	1.780094576374722	0.7187274139338774	-1.039393989080104	-2.171737039799161	-0.5010766316046767	-0.3496706595902166	-0.4331741240928955	-3.430592536997785	0.5242490282543826	1.541025220638798	1.064292351191421	-0.7519538575067058
0.7583333	-0.4158239706765628	-0.3467424786778765	0.2326003841783723	1.203995813674012	-0.07050254022870289	0.2894135644311573	-2.3423194219163	4.066811514514865	0.9354908571784994	0.03019624935963115	-0.7414545122295193	0.1195081864586848	0.01504635830876472	-3.953187037093944	-0.4111307318825444	-0.6069788820325933	-0.1689768591202076	-0.7189882343130246	0.4966638567948431	-3.999315496236061	0	0	-0.4252493311026712	-3.715089622927202	0.05724779755932031	1.944348740739824	-0.1308878231067327	-3.111509893501464e-05	1.608301342448424	-0.2872878047300588	-0.006488331798189351	1.065161692763321	-0.1473449349822757	-0.2231441666073326	1.42165330356299	-7.95021588648004	0	0	-0.4145160794802952	2.114780731060172	-0.3018761338129191	-2.762266881807862	0.03250722939045482	-1.501967024459119	1.153391755277696	-1.319718428771047	-0.1003620820664785	0.9153480798656995	0.2594149955860737	1.746107573843348	1.834504744099711	4.105970669545316	1.782923315178213	0.6385234778939689	-1.046398023139795	-1.186336158943715	-0.5026570779907601	-0.4089171929966288	-0.4456111417418079	-2.534709814198358	0.5312196073837918	1.80091013292509	1.062197142320124	-0.2524367483277963
0.7625	-0.4164425420784316	0.04605596795874638	0.2367790789984058	0.805487629480778	-0.06963241741011954	0.1309885437952327	-2.325336858692607	4.084236489954466	0.9356367185865794	0.03977857098016472	-0.7409909829468043	0.1031831081038603	-0.001709743084574159	-4.083051530089335	-0.4126991172141612	-0.1499868975505522	-0.1721195749594129	-0.787184551160128	0.4811678894666191	-3.438329966540475	0	0	-0.4383450165600335	-2.583421361470012	0.06483264347003694	1.699570735261589	-0.130887979369907	-4.37206377301195e-05	1.604436872939007	-1.553299639636547	-0.002354266088815632	0.9200107321323843	-0.1471848497227426	0.2937468087771266	1.389226621966657	-7.613944513151218	0	0	-0.4064486799313209	1.758531571328594	-0.3126364601628072	-2.404983968207661	0.02672412160362608	-1.276367374413406	1.14530827740853	-2.547293490659104	-0.09770605997011461	0.3653730386743611	0.2671780703118937	1.976370683537347	1.850678534864652	3.654301743579631	1.785408229231307	0.5532808843565639	-1.049303781883516	-0.2126270355665776	-0.5044667364940155	-0.4571952219617593	-0.4543360190009544	-1.659796386950606	0.5392324210235567	2.04253026147353	1.062157921053868	0.2289032445232903
0.7666667	-0.4154716232341273	0.4162067358914272	0.2393438848349393	0.4293352988780629	-0.06938807264347932	-0.01095749753304321	-2.308288155005238	4.098558683102227	0.9358220304574063	0.04913231998966074	-0.7405929876131994	0.08805214253425388	-0.01892412821449099	-4.173161470855648	-0.412415189995703	0.2821240291801621	-0.1755174597924862	-0.8414683715285313	0.4680138724650691	-2.875188332449714	0	0	-0.4468832842842713	-1.52754661137137	0.07143785524299277	1.474128116379556	-0.1308881860317257	-5.530625466727085e-05	1.59547660186026	-2.733252990286617	0.001185458685093535	0.7798803259912241	-0.144949006305887	0.7732117780599018	1.358207610468142	-7.274539644937472	0	0	-0.3998532699389563	1.408231396282117	-0.3219372900475476	-2.061714182958474	0.02185020878026898	-1.065556933273393	1.132272694049926	-3.696710047768126	-0.09726860940220342	-0.1495577345450689	0.27585348444704	2.184026986964528	1.864931793317428	3.184122534490859	1.787526152359911	0.4623692433725893	-1.048205014188231	0.7358211545208226	-0.5064460958392486	-0.4903729454998493	-0.459497877892891	-0.8244746798186742	0.5482185006883767	2.268074087639682	1.064065455582457	0.6819985577156671
0.7708333000000001	-0.413005656597085	0.7637017568761743	0.2403879442688349	0.07554704465174585	-0.06970082932338571	-0.1364217461096885	-2.291186650194966	4.109777861926625	0.936045834571743	0.05825728012842467	-0.740255558130507	0.07411560990276067	-0.03643072943656268	-4.223516127912579	-0.4103826910654182	0.6893444232839991	-0.1791124562364201	-0.8818388934588257	0.4572110206201159	-2.309904186873417	0	0	-0.451179888351494	-0.547487984899851	0.07714387083119383	1.268025598610524	-0.130888438835893	-6.587170841112149e-05	1.581779491812061	-3.827122636082207	0.004151697190724022	0.6447736567056191	-0.1407934691958989	1.215240581488426	1.328610018601122	-6.932009540294496	0	0	-0.3947051682571445	1.063888398897679	-0.3298368387229009	-1.732465260004705	0.01782395567743279	-0.8695402280461997	1.114611145039318	-4.767943327982525	-0.09890364846751713	-0.6294331431263367	0.2853468053044002	2.369072314245471	1.877187123117448	2.695444992849295	1.789253426765055	0.3657909408864295	-1.043207140684427	1.658986558123027	-0.5085321867388127	-0.5084501109542006	-0.4612616823624239	-0.028763315084074	0.5581106134951953	2.477536777152641	1.067801948114731	1.106839333840988
0.775	-0.4091388879945705	1.088557710940878	0.2400044556879243	-0.2558941153060923	-0.07050204087256008	-0.2454102243149941	-2.274044451480837	4.117894564956872	0.9363071892979081	0.06715388940155105	-0.7399737028916199	0.06137284124511154	-0.05406474510118382	-4.234117918322345	-0.4067051926917184	1.071693831652629	-0.1828467688140963	-0.9082980547670699	0.448767799047083	-1.742450395738449	0	0	-0.4515508375096791	0.3568015615113199	0.08203152727182662	1.081253288875349	-0.1308887335449205	-7.541750611117181e-05	1.563703458037452	-4.83496108360643	0.006565510535817259	0.5146842390516801	-0.1348739787446109	1.619854436784752	1.300445481730471	-6.586337757514206	0	0	-0.3909793406343097	0.7254860504469435	-0.3363938727074157	-1.417221395145185	0.01458354806755708	-0.6883078497794307	1.092648439137476	-5.761044751322483	-0.1024652396181696	-1.074276221457608	0.2955642946748862	2.531515547698008	1.88736798727578	2.188245661757635	1.790566514609659	0.2635413410653878	-1.034415174096008	2.556913487888417	-0.510662192142403	-0.5114275860426404	-0.459792480594435	0.7273759020098237	0.568842250483574	2.670928384382374	1.073249893252181	1.503445965582795
0.7791667	-0.4039657251296823	1.390765986301629	0.238286526293395	-0.5649794216734007	-0.07172304323233186	-0.3379197232126467	-2.25687489708168	4.122908485695272	0.9366051373291824	0.07582192606364113	-0.7397424551920275	0.04982418537267914	-0.07166011259951885	-4.204965156503027	-0.4014863949898351	1.42916218226992	-0.1866623441796567	-0.9208447195966124	0.4426934791056636	-1.172840500208321	0	0	-0.4483117878267215	1.185297596563911	0.08618124190715105	0.9138163657363818	-0.130889065903569	-8.394338195347966e-05	1.541607353746719	-5.756741046874198	0.008447739876568112	0.3896153758875212	-0.1273465552122716	1.987042285979379	1.273727783643699	-6.237532479849	0	0	-0.3886511402595208	0.3930326866813187	-0.3416665743311704	-1.115990658636688	0.01206747030983179	-0.5218646804183679	1.066710609055935	-6.675987669883368	-0.1078073489476257	-1.484075031816956	0.3064115383763626	2.671351974883719	1.895396940582909	1.662536047542899	1.791441748436691	0.1556226937977848	-1.021934442734704	3.429579484364041	-0.5127731445701328	-0.4993047557040387	-0.4552551569606842	1.443923398987876	0.5803461997172285	2.848243689229815	1.080291535688741	1.871807917665879
0.7833333	-0.3975807011176127	1.670320145321234	0.2353273913909598	-0.8517022612600271	-0.07329513204467701	-0.4139486158261996	-2.239691327842431	4.124819615507062	0.9369387178459384	0.08426119031196547	-0.7395568434689638	0.039469876463615	-0.08905077303290432	-4.136059973256295	-0.3948301460376643	1.761741791667842	-0.1905011211861247	-0.9194790876717673	0.4389971047441787	-0.6010882484296732	0	0	-0.4417787419255534	1.937982965034915	0.08967350292084859	0.765718151584849	-0.1308894316529852	-9.14491680355623e-05	1.515850418071515	-6.59244350139925	0.009819277400521404	0.2695698881047739	-0.1183673732185447	2.316796663949095	1.248470569233738	-5.885602191362576	0	0	-0.3876957861515094	0.06653607225767696	-0.3457132492184241	-0.8287797754945029	0.01021413722875463	-0.3702141821641143	1.037124069112809	-7.512752938871974	-0.1147837716219981	-1.858821000685082	0.3177940617711256	2.78857905358721	1.901196744409865	1.118329433494424	1.791855502822515	0.04203779319287796	-1.005870629028707	4.276964513112596	-0.5148020783711756	-0.472082454486296	-0.4478148903685072	2.120863404126862	0.5925551751189375	3.009479014899322	1.088808967125551	2.211917366266321
0.7875	-0.3900778736678638	1.927233606814019	0.2312200572120473	-1.11607639698247	-0.07514972118122633	-0.4735005516008865	-2.222505847042983	4.12362804612795	0.9373069944858463	0.09247208723768507	-0.7394118834026899	0.03030941750314008	-0.1060719191864874	-4.027399061080436	-0.3868397961600654	2.069448623923062	-0.1943053160580361	-0.9042010934411524	0.4376874821943291	-0.02716619585532209	0	0	-0.4322671887226365	2.614893796400068	0.09258904108818583	0.6369515375927337	-0.1308898265611021	-9.793522464050616e-05	1.486789987373993	-7.34210856154121	0.01070110766854664	0.1545420134278321	-0.1080919415766034	2.609133399157289	1.224685682206912	-5.530529999130818	0	0	-0.3880884453138035	-0.2540194649122167	-0.3485924789468242	-0.5555749593756639	0.00896183889859512	-0.2333490756762895	1.004213055660143	-8.271380723663833	-0.123248826483916	-2.198532116156288	0.329618217333259	2.883202410798284	1.904690551897515	0.5555996972767845	1.791784176880084	-0.07721881291179764	-0.9863282145282941	5.099109249266239	-0.5166861737516421	-0.4297593756980453	-0.4376362872003062	2.758228411066906	0.6054027789394459	3.15464210081035	1.09868491165284	2.52379063689885
0.7916666999999999	-0.3815517479395408	2.161499389602851	0.2260577303893979	-1.358094679114383	-0.0772181138870274	-0.5165735080679205	-2.205331795337154	4.119333694456989	0.9377090072732253	0.1004544115523719	-0.7393026044658956	0.02234307132788132	-0.1225574852709208	-3.878983596675493	-0.3776191601761748	2.352274398426941	-0.1980168675118478	-0.8750106027318364	0.4387737125810325	0.5489119611141872	0	0	-0.4200930555705592	3.216011116406639	0.09500832978266731	0.5275203101968271	-0.1308902463698167	-0.0001034013593881641	1.454785217213552	-8.005715137426709	0.01111411086335175	0.04453469324067066	-0.09667640192988211	2.864044128263783	1.202386802650027	-5.172324312014141	0	0	-0.3898043694155797	-0.568626017397	-0.3503625404188519	-0.2963832716078489	0.008249005309264723	-0.1112731780941707	0.9683038993375169	-8.951850003676617	-0.1330563461749885	-2.50319896365557	0.3417895421480478	2.955218961742534	1.905801069994921	-0.02564032206392228	1.791204133826998	-0.2021444664630312	-0.9634127969211186	5.895993052130114	-0.5183624623384101	-0.3723359914827551	-0.4248844586677913	3.356001697891104	0.6188217412254515	3.283728884339088	1.109801494983506	2.807419227872656
0.7958333	-0.3720969273270084	2.373112686657314	0.219933718833628	-1.577752104061318	-0.07943159288227263	-0.5431670447183803	-2.188182512281587	4.111936775256171	0.9381437929937704	0.1082079799102534	-0.7392240327059301	0.01557098614124643	-0.1383414569118243	-3.6908185731251	-0.3672721710109421	2.610213223118947	-0.2015777231576607	-0.831908816951851	0.4422646670305455	1.127132319095184	0	0	-0.405572525426007	3.741323226877126	0.09701189001708008	0.4374263996627941	-0.1308906868186362	-0.0001078474778081368	1.420195545802226	-8.583250400681223	0.01107921217441357	-0.06044961303921845	-0.08427700537065125	3.08152408077469	1.181587467995168	-4.810993839684276	0	0	-0.3928186830943589	-0.8772762488598436	-0.3510818170156507	-0.05121042827724644	0.008014014662784846	-0.003988886812857756	0.9297232186021944	-9.55414726143943	-0.1440600344620054	-2.772815492810552	0.3542135399729953	3.004627791868572	1.90445123444373	-0.6253760085193139	1.790091785717019	-0.3327359651866898	-0.9372302976986007	6.667597706025017	-0.5197679957075307	-0.2998142235929168	-0.4097247630088498	3.914170343434473	0.6327447371740079	3.396736846165141	1.122040723730792	3.062797348948215
0.8	-0.361807322187174	2.562083655578185	0.2129408768596561	-1.775059215548371	-0.08172160282581423	-0.5532824380624487	-2.171070102801936	4.101436933467701	0.9386104201430785	0.1157331644885683	-0.7391711889410549	0.009992836877945039	-0.1532589497720493	-3.462894958363608	-0.3559020018308615	2.843277479260763	-0.2049300858795716	-0.7748936671823757	0.4481694967718714	1.707522633108934	0	0	-0.3890207038000628	4.190855343196272	0.09868038110791003	0.3666654814137368	-0.1308911436790788	-0.0001112737933182591	1.383377885524067	-9.074742073440932	0.01061732865258325	-0.1604159447391657	-0.07104909653915807	3.261583695894755	1.16229973593031	-4.446521238001036	0	0	-0.3971067439007716	-1.179984974748904	-0.3508087305971946	0.1799553391009173	0.008195234715104751	0.0885089478960258	0.8887948180805552	-10.0783014076832	-0.1561144034994383	-3.007394645421698	0.3667966132737584	3.031431272838186	1.900563855196621	-1.243636149862943	1.788423458409006	-0.4689995775750015	-0.9078847127063395	7.413960248566934	-0.5208399241414147	-0.2121905909279739	-0.3923214360673593	4.432761140220678	0.6471054513101626	3.493671410757468	1.135285500634054	3.289937258471471
0.8041667	-0.350777514752565	2.728406945795098	0.205172490411829	-1.950010473444888	-0.08401942909726187	-0.5469188520988639	-2.154007907194552	4.087834309387377	0.9391079262822198	0.1230297764558496	-0.7391390998958441	0.005608800399859781	-0.1671439306602608	-3.195216791373041	-0.3436125597663812	3.051460677651232	-0.2080158989773991	-0.7039660209342009	0.4564971307546899	2.290069051517827	0	0	-0.3707537211169409	4.564593948156825	0.1000943150583368	0.3152399497608903	-0.1308916126910959	-0.0001136801869708705	1.344691616836197	-9.48017526194417	0.009749374988655062	-0.2553617219493297	-0.0571489047791564	3.404217304913117	1.144537180021455	-4.078915141432891	0	0	-0.4026437073381023	-1.476744715952846	-0.3496016400267539	0.3971079781280511	0.008731054396932447	0.1662175736992006	0.8458452559986944	-10.52429704914789	-0.1690731840163765	-3.206929530060915	0.3794442707488412	3.035627947540975	1.894061808020232	-1.880406574329626	1.786175550897257	-0.6109322374098687	-0.8754818862734389	8.135061857819062	-0.5215152919637623	-0.1094666528359938	-0.3728397802630035	4.911760216891023	0.6618365701320356	3.574529672967502	1.14941785784496	3.488832488336
0.8083333	-0.3391021583141339	2.872079380884416	0.1967219198857204	-2.102602483752131	-0.08625635632586849	-0.5240770327862306	-2.137009260935324	4.071129341173952	0.9396353460079228	0.1300976489232914	-0.739122790302446	0.002418938935653339	-0.1798304655048863	-2.887791927518983	-0.3305078401969103	3.234758717637321	-0.2107771313393674	-0.6191280812990754	0.46725626534273	2.874757515701174	0	0	-0.3510878724540107	4.862532800626792	0.1013342283086835	0.2831503428443575	-0.1308920895934727	-0.0001150666377295896	1.304496299579631	-9.799543333928137	0.00849630485561113	-0.3452848467263608	-0.04273272397265676	3.509422831965214	1.128313227419741	-3.708184485259575	0	0	-0.409404609016662	-1.767548564454892	-0.3475189938307425	0.6002427816470695	0.009559828597888101	0.2291356580075728	0.8012012846114979	-10.8921262956849	-0.1827900199196234	-3.371416619502752	0.392062014896755	3.017218529089558	1.884868219685804	-2.53567133319193	1.78332451781499	-0.7585303342522709	-0.8401279562200699	8.830886136860311	-0.521731181567559	0.008354581725939288	-0.3514452975322424	5.351157502838773	0.6768707445793959	3.639310270950102	1.164319742308659	3.659479281886677
0.8125	-0.3268750566413633	2.993107857233363	0.1876819079196317	-2.232842571003783	-0.0883638302960195	-0.4847558836996794	-2.120086276180587	4.05132122697612	0.9401917522622886	0.1369371211542012	-0.7391172839677547	0.0004230993695259775	-0.1911535212894322	-2.540605610171871	-0.316690883915766	3.393180397665718	-0.2131559474670419	-0.5203757759907423	0.4804564006432235	3.461616091154291	0	0	-0.3303380163431153	5.084686201899905	0.1024807435197943	0.2703951203383621	-0.1308925701594773	-0.000115433212144741	1.263148577063115	-10.03286161930556	0.006878976831137746	-0.4301896354493077	-0.02795580195271399	3.577205326997139	1.113640155434996	-3.334311474124876	0	0	-0.4173649863261824	-2.052410479063102	-0.3446190793746886	0.7893695002845458	0.01061997613545062	0.2772662209375095	0.7551864175027382	-11.18180680338055	-0.1971195535968198	-3.500863809253825	0.4045562574831288	2.976202133817708	1.872905523639863	-3.209461879661516	1.77984660156285	-0.911800952924213	-0.801926478156109	9.501466485790457	-0.521424686131402	0.1412787682675695	-0.3283019244443865	5.750974089471108	0.6921417125147123	3.688016314223721	1.179874184574029	3.801885830300647
0.8166667	-0.3141908486576175	3.091488654878357	0.1781457996495695	-2.340726804664905	-0.09027313335273099	-0.4289557553054759	-2.103252290076767	4.028410330486441	0.9407761803488498	0.1435480207740757	-0.7391176059429126	-0.000378627411384153	-0.2009471331991015	-2.153664740595678	-0.3022656679721138	3.526721019942777	-0.2150943077646494	-0.4077109742037087	0.4961062914901493	4.050630771002565	0	0	-0.3088204180670243	5.231046091814441	0.1036143939229547	0.2769752844285754	-0.1308930501280333	-0.0001147798647022622	1.221007977190094	-10.18012142042654	0.004918335595688754	-0.5100738696824745	-0.01297442208053369	3.607561815927369	1.100531428292314	-2.957304968105265	0	0	-0.4264999039580571	-2.331323408986203	-0.3409603248710381	0.9644830905709985	0.01184985819119959	0.3106075749617402	0.7081273701434948	-11.39332880629714	-0.2119154454038727	-3.595266731032976	0.4168324991654874	2.912578932279037	1.858096781125603	-3.901762709254176	1.775718242013893	-1.070740619042714	-0.7609835203176304	10.14678590143084	-0.5205328762658705	0.2893032602362401	-0.3035751189951132	6.111198955987599	0.7075821313559689	3.72064605511505	1.195963148651308	3.916047699055897
0.8208333	-0.3011442171678521	3.167220228002534	0.1682069878361184	-2.426253400332457	-0.09191556686516038	-0.3566785800297497	-2.086520631226536	4.002397313260408	0.9413876628810807	0.1499301973510773	-0.7391187807195522	1.373484683778157e-05	-0.2090454832436535	-1.726980036437957	-0.2873362278072288	3.63537827522295	-0.216534214919584	-0.2811368807134434	0.514214457544246	4.641787341388262	0	0	-0.2868514166107228	5.301611686283892	0.1048157139844541	0.3028899811295423	-0.1308935252381217	-0.0001131066477989467	1.178434103979169	-10.24132230113996	0.002635358787324793	-0.5849358129566475	0.002055112654999637	3.600492917520656	1.089000360041788	-2.5771741280885	0	0	-0.4367843138493875	-2.604280874527451	-0.3366012313798614	1.125579854278433	0.01318781965242903	0.3291594522971721	0.6603509582447469	-11.52669004160836	-0.2270313109269355	-3.654624380761669	0.4287962615291495	2.826351265250166	1.840365326602853	-4.612556540523395	1.770915941482854	-1.235345314003865	-0.717405414119081	10.76682980561844	-0.5189928787709427	0.4524239614702683	-0.2774304911874776	6.431824882339734	0.7231246422540902	3.737199289254197	1.212468547237361	4.001963165081692
0.825	-0.2878289001192941	3.220306211779561	0.1579581436808553	-2.489426463348713	-0.09322254808153811	-0.26792088851258	-2.06990342460183	3.973280926653213	0.9420252768361616	0.1560839572345827	-0.73911583294383	0.001600204977883781	-0.2152833181702004	-1.26053101650522	-0.2720055166264384	3.719157379137938	-0.2174177700087865	-0.1406474198662516	0.5347907516718996	5.235114178280762	0	0	-0.2647457599529511	5.296386372510987	0.1061653245126341	0.3481404543666071	-0.1308939912629247	-0.0001104134811194547	1.135783486566575	-10.21646719913512	5.085554742081247e-05	-0.6547790587025972	0.01697758386229065	3.55599829246445	1.079059453255298	-2.193900707502332	0	0	-0.4481939225210052	-2.87129597785482	-0.3315999769954682	1.272667524175228	0.01457230377799735	0.3329227434481649	0.6121805450307171	-11.58189691075591	-0.242321859708145	-3.678939607652676	0.4403539249481159	2.717514993736855	1.819633183694005	-5.341877492118952	1.765415848708042	-1.405622938959437	-0.6712953204035669	11.36162796093684	-0.5167417025412859	0.6306487018885879	-0.2500317495801793	6.712867258818216	0.7387030074720849	3.737676811209113	1.229273487850972	4.059636352386387
0.8291667	-0.2743395727435601	3.250744516852637	0.1474926513915	-2.530243672774441	-0.09412537114313071	-0.1626842176877547	-2.053414001406689	3.941061757754175	0.9426880554657999	0.1620091445070518	-0.7391037870681421	0.004380787894147086	-0.2194947773190071	-0.7543274443433879	-0.2563775590050314	3.778055425301586	-0.2176869630619382	0.01375453745964519	0.5578437526509257	5.830597119568435	0	0	-0.2428197800219654	5.2153675473795	0.1077437625653163	0.4127263141998819	-0.1308944439412558	-0.0001067003925819658	1.09341572285068	-10.10555361287383	-0.002814203972336611	-0.7196017499587682	0.03163668784554838	3.474077661306544	1.070722059996934	-1.807493792031239	0	0	-0.4607037092064138	-3.132362096497086	-0.3260150466678662	1.405742065721004	0.01594165731043084	0.3218968256934513	0.5639429328759406	-11.5589452751244	-0.2576407132695623	-3.668210566571761	0.4514110023847323	2.586071915956718	1.795823615777799	-6.089708726837606	1.75919444954333	-1.581569611361578	-0.6227595085796556	11.93116518296549	-0.5137164580644167	0.8239737477339532	-0.2215444721129105	6.954317915180858	0.7542498698162416	3.722078030781737	1.24625989178076	4.089064860032359
0.8333333000000001	-0.2607709269770246	3.25853522801167	0.1369039159737026	-2.5487048538023	-0.09455536898984419	-0.04097168644893528	-2.037065680578111	3.905740691515533	0.943375029605928	0.1677056251936124	-0.7390776684182886	0.008355373874798698	-0.2215141945596897	-0.2083828998820025	-0.2405564080535562	3.812071895875842	-0.2172838430866499	0.1820647848050509	0.5833818014986082	6.428221796156483	0	0	-0.221389791497299	5.058559883848432	0.1096315432331872	0.4966453145183491	-0.13089487901321	-0.000101967508016983	1.051690383576277	-9.908587302316715	-0.005938822687234871	-0.7794025117300833	0.04587614619188021	3.354734337441021	1.064001378395638	-1.41796276817103	0	0	-0.4742885475235047	-3.387473179077536	-0.3199049813791689	1.524800789616855	0.0172342284447723	0.2960824960559426	0.5159649306059637	-11.45783849920982	-0.2728414904160266	-3.622438776587309	0.4618730548569243	2.432026000350393	1.76886018166164	-6.856031630513739	1.752228299087035	-1.763180904441477	-0.5719044809215966	12.47542871229943	-0.5098543301373629	1.032393915640077	-0.192134341223346	7.156172481937377	0.7696978751170807	3.69040390107743	1.263309662895104	4.090248998533272
0.8375	-0.2472166757098283	3.243678719216778	0.1262845774322076	-2.54481089258316	-0.09444390067206594	0.09722254749885363	-2.020870605488554	3.867316032498981	0.9440852798573813	0.173173672729711	-0.7390325003303211	0.01352415370301943	-0.2211760248459171	0.3773288226363604	-0.2246449741745373	3.821208423677418	-0.2161504226931446	0.3642914011911019	0.6114151077214143	7.028016894488363	0	0	-0.2007705682307263	4.825955855029505	0.1119093202752246	0.5999014834984741	-0.1308952922500476	-9.621460024231624e-05	1.010964038609883	-9.625558812929608	-0.009302231855356996	-0.8341842144990353	0.05954070258541783	3.197962592296681	1.058910141925548	-1.025288938133393	0	0	-0.4889243024162094	-3.636641471124063	-0.3133278751756951	1.629849410772968	0.01838845826110963	0.255478515427991	0.4685698917685152	-11.27857172980927	-0.2877789047654982	-3.54162204061825	0.4716463906554653	2.255369852595621	1.73866446182581	-7.640882987235275	1.744493442211006	-1.950465535680684	-0.5188330489746759	12.99444467400608	-0.5050922161907478	1.255919209935087	-0.1619649087235281	7.318440648262003	0.78498078110127	3.642652901713641	1.280305934843091	4.063188824728686
0.8416667	-0.2337715100992556	3.206174531717935	0.1157280389265021	-2.518561077773491	-0.09372228695815685	0.2518957607542952	-2.00484209860721	3.825788591190585	0.9448178376257542	0.1784131476547741	-0.7389633077325725	0.0198870463164575	-0.2183145474515409	1.002795097383805	-0.2087473070767938	3.805463893727655	-0.2142287340576047	0.5604305140558539	0.6419520721005314	7.629968097215403	0	0	-0.1812784405829223	4.517558314852002	0.1146576171742168	0.722493039074807	-0.1308956793913902	-8.944177060987782e-05	0.971596278393394	-9.25647183928605	-0.01288344037221023	-0.8839453627782071	0.07247406667865053	3.003764841050643	1.055461587669643	-0.6294816132108431	0	0	-0.5045858730141406	-3.879860778485479	-0.3063422571334002	1.720884903578059	0.01934269237299076	0.2000853258943335	0.4220846353000594	-11.02114645562966	-0.3023065705455282	-3.425761036677268	0.4806365553933205	2.056106898574025	1.705159938443584	-8.444244627079884	1.735966415851995	-2.143419214366454	-0.4636516605854812	13.48819970242297	-0.4993672801790823	1.494544809657138	-0.1312018368651888	7.441117094470784	0.8000312304318422	3.57882559996756	1.29713061161152	4.007883971265376
0.8458333	-0.2205301108305144	3.146024380911824	0.1053276975873546	-2.46995684416166	-0.09232190718961576	0.4230436479562072	-1.988993466412944	3.781159475939333	0.9455717321751492	0.1834239324508941	-0.7388651178596957	0.02744385601953788	-0.2127642838845583	1.667999482148853	-0.1929674551475525	3.764839579595995	-0.2114608850289043	0.7704769152563993	0.6750008550693293	8.234060880005801	0	0	-0.1632296307148975	4.133377393320418	0.1179569122436779	0.8644163430107741	-0.1308960361793644	-8.164921838316704e-05	0.9339465629463969	-8.801338337458397	-0.01666143622485707	-0.9286849430466644	0.0845200183175458	2.772147091726312	1.053668795015622	-0.2305504055071861	0	0	-0.5212480599699822	-4.117125478105132	-0.2990066955448273	1.797905587662327	0.02003529559328249	0.1299047892838846	0.3768358927991761	-10.68557166848928	-0.3162781413189797	-3.274859806979673	0.4887491698668245	1.834242734390246	1.668270411328931	-9.266096603162932	1.726623832993958	-2.342037105565099	-0.4064669661535834	13.95668285690326	-0.4926167784865014	1.748264444235356	-0.1000108448886404	7.524200301631687	0.8147818880873559	3.498924106419801	1.313665613660095	3.924336782241409
0.85	-0.2075862065018288	3.063225379545015	0.09517620246256998	-2.398995858707125	-0.09017403255729879	0.6106744243346148	-1.973336876263653	3.733426544513422	0.9463460473186325	0.1882062676395881	-0.7387329505882682	0.03619494554493102	-0.2043593257481461	2.37297390725284	-0.1774083307717227	3.699333531284161	-0.2077887747084555	0.9944406871813088	0.7105720266552801	8.840324239777065	0	0	-0.146939074777599	3.673394649455474	0.121887926996361	1.025678207733959	-0.130896358381473	-7.283656951366117e-05	0.8983716577684807	-8.260136460689026	-0.02061548203398485	-0.9684051028386192	0.09552319589622832	2.50309822649384	1.053544733980073	0.1715238339819198	0	0	-0.5388868759427632	-4.348446958870817	-0.2913792256315313	1.860915160077759	0.02040468020315202	0.04493353687698916	0.33314714882016	-10.27183126054064	-0.3295482717009627	-3.088911108150549	0.4958904295919217	1.589766710394013	1.627916984502044	-10.10647836501044	1.716441624438167	-2.546328743087939	-0.347381473395403	14.39991662499817	-0.4847774698994693	2.017090292407055	-0.06855539912322628	7.567694257802461	0.829166478321256	3.402944585737309	1.329794049928592	3.812543247327546
0.8541666999999999	-0.1950329158170556	2.959391485747525	0.08536110007776887	-2.311701746512347	-0.08721858641660848	0.805978502578817	-1.957883730791206	3.684553651616321	0.9471395299315337	0.1924690596149955	-0.7385622915443221	0.04566788525810595	-0.1929497140896913	3.101671607888592	-0.1621689073545888	3.614170552411216	-0.2031630894438316	1.223471807229885	0.7486542763517662	9.42865444091189	0	0	-0.1326983051737784	3.163052930981337	0.1265187473103693	1.193514436095253	-0.1308966421114069	-6.338697831292518e-05	0.8652035684950804	-7.661161531852319	-0.02472555696858327	-1.004119601276442	0.1053384269665546	2.208010462324008	1.055089685469184	0.5635264650399862	0	0	-0.5574668775383573	-4.563258382518724	-0.2835157451221177	1.91265053037288	0.02039378672580468	-0.05011329040180906	0.2913172614572039	-9.808636574705158	-0.3419812119606187	-2.878833063698299	0.5019659235070646	1.322673932947811	1.584049525430136	-10.93847360033748	1.705401993261879	-2.750519224314652	-0.2865061918325091	14.81335763195256	-0.4757971053228333	2.290196052355863	-0.03699745115139601	7.575463228876181	0.8431262892283079	3.299766416462124	1.345405293440142	3.680179071959877
0.8583333	-0.1829471333218536	2.839199584923832	0.07590945782726799	-2.225530237232117	-0.08348394745026153	0.9834332587024555	-1.942625713330622	3.640230000098886	0.9479480047352415	0.1953690313810215	-0.7383533698922213	0.05449386878505783	-0.1785466756158388	3.807617773005408	-0.1472956958835354	3.524492207496196	-0.1976233810741698	1.431932554426051	0.7890344275708139	9.940822046020514	0	0	-0.1205433848992898	2.676072141269839	0.1317893164273425	1.33094104734073	-0.1308968873303078	-5.441051729189855e-05	0.834490184191356	-7.086397357231279	-0.02898181115020221	-1.038768748259674	0.1139349393311624	1.919890112822741	1.05817123771677	0.9071818414817853	0	0	-0.5768465352624981	-4.730950630563004	-0.2754446852870071	1.961047900000708	0.01999290037514009	-0.141573575766973	0.2513568216226216	-9.379181469418613	-0.3535508398832102	-2.676261550631394	0.5068812430283164	1.032942800827709	1.536888187591732	-11.68411933217238	1.693545137254556	-2.937882383486159	-0.2239977862983909	15.18386440451162	-0.46573214361507	2.536218980353761	-0.005460154076570457	7.558713588810507	0.8566917498705636	3.215118572195745	1.360465787030906	3.549486499546449
0.8625	-0.1713953384124702	2.702940137206011	0.06681200478148822	-2.141583422345989	-0.07905035601866341	1.141429822859898	-1.927541788788804	3.600813984621908	0.9487656319941818	0.1968528779477529	-0.7381091956579247	0.06258657667870586	-0.1612552885008533	4.487901734700133	-0.1328032071389464	3.431253736441282	-0.1912611651127646	1.618208297393143	0.8313832885260835	10.37316173273313	0	0	-0.1103589231414245	2.217100607866195	0.1375644047747144	1.435620749906726	-0.1308970962842141	-4.597709955607852e-05	0.8061097274163797	-6.541011690541874	-0.03338071242348142	-1.072540618047644	0.1213499909509288	1.640814881374029	1.062579030667965	1.200081004170578	0	0	-0.5968231919432969	-4.849591941377255	-0.2671776756810713	2.006612665904676	0.01922018335523273	-0.228585929971555	0.2131036015770756	-8.988717595699072	-0.3642964857834978	-2.483191649929243	0.5105422617919593	0.7205575796623268	1.486808948289322	-12.33851106528065	1.680944556798433	-3.107367368725161	-0.1600352333771708	15.5106223412281	-0.4547023750781244	2.753183443735132	0.02595850670026463	7.518154758362688	0.8699468273954164	3.150627597883442	1.374988491302614	3.421868790257109
0.8666667	-0.1604447644595969	2.550615834469121	0.05805969374788012	-2.059863396724537	-0.07399898788694122	1.279963702518502	-1.912611872296173	3.566306727874684	0.9495864915317702	0.1969205127203478	-0.7378328296670853	0.06994578831017086	-0.141182861494316	5.142506241842699	-0.1187066277254215	3.334457248865337	-0.1841690241197437	1.782293766712016	0.8753672421551626	10.72566025074417	0	0	-0.1020284799375075	1.786150354749053	0.14370743107631	1.50754985249774	-0.1308972712304103	-3.808694706273639e-05	0.7799404939105844	-6.025018679054067	-0.03791850151670937	-1.105434368510171	0.1276210785831792	1.370791791601743	1.068101485150105	1.442215096069378	0	0	-0.6171919914925842	-4.919177701621223	-0.2587267151607833	2.049343632524008	0.01809418324082307	-0.3111481045318529	0.1763960725235519	-8.637255728654329	-0.374257472879133	-2.299628337464101	0.5128544825788788	0.3855249513433961	1.434193208535824	-12.90162980861125	1.667675039563432	-3.258969468650977	-0.09480234191792812	15.79362202470235	-0.4428291326919264	2.941083189081394	0.05715856836376452	7.453786853823915	0.8829751889290928	3.106295767013771	1.388985863492852	3.297329117699937
0.8708333	-0.1501625871175206	2.382230910792707	0.04964344440072437	-1.980372041469553	-0.06841107812595471	1.399032273537192	-1.897815864198588	3.53670888131226	0.9504046628611286	0.1955719850583922	-0.7375273358357222	0.07657135346522864	-0.1184369703218989	5.77141650849622	-0.1050211062407952	3.234105195952022	-0.176439610727056	1.924185823199988	0.9206525144289444	10.99831201439298	0	0	-0.09543543734157378	1.383230715891778	0.1500817787344056	1.546727807831859	-0.1308974144294458	-3.074022961715922e-05	0.7558605671399395	-5.538429648382389	-0.04259140582513089	-1.137449241815351	0.132785808804245	1.109826998136297	1.074526914984517	1.63358013351979	0	0	-0.6377480401770041	-4.939708007221594	-0.2501038202416559	2.089239876338853	0.0166334815213538	-0.3892582781754364	0.1410725572807755	-8.32480289925193	-0.383473199713959	-2.125575676488517	0.5137235376527544	0.02785377188327078	1.379422612844788	-13.37346533319756	1.653811437436507	-3.392685688615893	-0.02848304272052915	16.03285823826823	-0.430233830408761	3.099914753147853	0.08804008908380821	7.365612277124495	0.8958605233622514	3.082123417824607	1.40247041127038	3.175870359995609
0.875	-0.1406152489265088	2.197777283571112	0.04155357457632446	-1.903105540934934	-0.06236745205736253	1.498641251298818	-1.883132601360358	3.512019024215271	0.9512142844434428	0.1928072302315234	-0.7371957556976473	0.08246359017609807	-0.09312351960669527	6.374662722836486	-0.09176081066046415	3.130192760725725	-0.168165012280952	2.043891277784742	0.9669086115310455	11.1911301111736	0	0	-0.09046272494904092	1.00832235084227	0.1565512945268721	1.553156496481025	-0.1308975281517722	-2.3936594570851e-05	0.7337463233224145	-5.081221241879673	-0.04739599086512439	-1.168586774701688	0.1368821463295248	0.8579079744671863	1.081644110006709	1.774185302190572	0	0	-0.6582879290280615	-4.911183843648801	-0.2413203843734412	2.126303312399553	0.01485655027469789	-0.4629202002506278	0.1069688538818265	-8.051344109516092	-0.3919837189589365	-1.961025312341092	0.5130551056647846	-0.3524731272093505	1.322874831746017	-13.7540402875071	1.639427596082108	-3.508522447101162	0.03874352372503893	16.2283424654477	-0.417036965183034	3.229685759971564	0.1185053479121719	7.253626795817023	0.9086874446239021	3.07810939002462	1.415455606902997	3.05748668703047
0.8791667	-0.1318699423797453	1.997258801330446	0.0337810118982876	-1.828065829664991	-0.05594933284488166	1.578787544561612	-1.868541987087194	3.492237925848032	0.9520094356569792	0.1886262636105177	-0.7368411525063072	0.08762233062478471	-0.06535002218184127	6.952229482624614	-0.07894089961770971	3.022722308978395	-0.1594378672238348	2.141406458721283	1.013801786698188	11.30410703925266	0	0	-0.08699376510687498	0.6614352660792497	0.1629793657738753	1.526834585155213	-0.1308976146572041	-1.767622476732994e-05	0.7134758945840504	-4.653405490578538	-0.05232848723349875	-1.198846188262583	0.1399476716382442	0.6150410924744938	1.089241403174971	1.864025400071371	0	0	-0.6786067663654798	-4.833604129505732	-0.2323884200819321	2.160532949175619	0.0127819631790932	-0.5321319426815379	0.073923316391464	-7.816887326455045	-0.3998284117522245	-1.805981536430671	0.5107547831106724	-0.755447433455529	1.264931462568379	-14.04334225203901	1.624598354015246	-3.60647632027325	0.1066934505431035	16.38006843938496	-0.4033599350834932	3.330392048760174	0.1484543942010644	7.117832240418599	0.9215396391874099	3.094254505667264	1.427953945913297	2.942181050797495
0.8833333	-0.1239937829764537	1.780680854801308	0.02631665352916136	-1.755254628435253	-0.04923797960306745	1.639469930475353	-1.85402391579067	3.477365884240623	0.952784197269138	0.18302923652058	-0.73646659172533	0.0920474774079513	-0.0352242270416508	7.504103850814841	-0.06657648946948917	2.911696548066784	-0.1503508574419737	2.216729824501062	1.060998232008456	11.33724296144166	0	0	-0.0849118358038182	0.3425767780761986	0.1692293837742014	1.467763884577975	-0.1308976762081689	-1.195925089678197e-05	0.6949272360471181	-4.254991603856221	-0.05738511324774717	-1.228226787889711	0.1420200641662158	0.3812318550448685	1.097107081358817	1.903100098530393	0	0	-0.6984996817296297	-4.706972492662192	-0.2233199541514503	2.191928067177481	0.01042832248733901	-0.5968920046035411	0.04177419729194174	-7.621436772936786	-0.4070467231504264	-1.660447727546406	0.506728323145421	-1.181058660255678	1.205974236615318	-14.24136756937672	1.6093985925088	-3.68654560103158	0.1751827614163685	16.48803409395765	-0.3893241842740685	3.402032248895195	0.1777873268584043	6.958232727085431	0.9345007910999363	3.130557651555311	1.439977970561453	2.829956107802261
0.8875	-0.1170533287476104	1.548033048075936	0.01915086299674726	-1.684668442252143	-0.04231416372742876	1.680691321841169	-1.839557237676276	3.467402185523617	0.9535327056574062	0.1760158803001116	-0.7360751115732614	0.09573924293604158	-0.002851684568159078	8.030312317800666	-0.05468181160555804	2.797110148669101	-0.1409960051159498	2.269864990703482	1.10816754538324	11.2905394682903	0	0	-0.08410008317219089	0.0517315813808123	0.1751651893378023	1.375941559310315	-0.1308977150711989	-6.785398540397422e-06	0.6779769894347101	-3.885960457540174	-0.06256245284318468	-1.256729983874415	0.1431371401942542	0.1564690391553512	1.105030003526781	1.891411273183174	0	0	-0.717763234321108	-4.53128285470236	-0.2141263586439972	2.220490173394915	0.007814057415551882	-0.6572034945493445	0.01035744698979266	-7.464983067184641	-0.4136786099470279	-1.524416899953701	0.5008811694317482	-1.629327237275546	1.14638062345517	-14.34812574488756	1.593902093090546	-3.748734132763119	0.2440324200170737	16.55224461160013	-0.3750501405665303	3.444609799161252	0.2064063506025517	6.774820594918304	0.9476555179297891	3.187020570267642	1.451541083009032	2.72080647116132
0.8916667	-0.1111157168507536	1.299320386331487	0.01227454474488758	-1.616309045333706	-0.03525913826413662	1.702450028708152	-1.825121848642827	3.462347245536368	0.9542490410294701	0.1675863122855059	-0.7356697770712052	0.09869751220194996	0.03165991143308219	8.530841330234368	-0.04327199348571605	2.678965732750382	-0.1314659845995152	2.300809883257692	1.154975922214297	11.16399480643738	0	0	-0.08444181708734945	-0.2110923350280909	0.1806501678562528	1.251368634067673	-0.1308977335081501	-2.154811426469166e-06	0.6625031497114431	-3.546321966425707	-0.06785672727543517	-1.284355060533679	0.1433365557766874	-0.05924163505775325	1.112798460455942	1.828957377045969	0	0	-0.7361925410168195	-4.306537666172246	-0.2048196572043075	2.246218480327714	0.004957763740369418	-0.7130648048508679	-0.0204886624872057	-7.347531368107283	-0.419763502644903	-1.397892660597998	0.4931190325625134	-2.100243221448984	1.086532334588374	-14.36361093062076	1.578183729026243	-3.793039779181481	0.3130584608247496	16.57269687600038	-0.3606592409606169	3.458122631392208	0.2342115483810919	6.567599388660222	0.9610875073545324	3.263642632422604	1.462655814293446	2.614734871252538
0.8958333000000001	-0.1062479881719058	1.034549416949626	0.005678575428475266	-1.550177998129215	-0.02815416885530655	1.704746229516944	-1.810697641585427	3.462201008883967	0.9549272866815799	0.1577407857675867	-0.7352536545702627	0.1009222406132227	0.06820266181025497	9.005679799961298	-0.03236211602388001	2.557266263840475	-0.121853487062333	2.309564558329276	1.201089592542804	10.95761488716656	0	0	-0.08582023669149193	-0.4458896721769184	0.1855477479999174	1.094049277579076	-0.1308977337828389	1.932418868638937e-06	0.6483835701088563	-3.236083223652746	-0.07326414657453487	-1.311101386482754	0.1426560550620125	-0.2658953164515572	1.120200757751829	1.715741736513604	0	0	-0.7535827987801508	-4.032744086884794	-0.1954118843351336	2.269112472516593	0.001878060472850067	-0.7644747550512907	-0.05092591389202563	-7.269083090473168	-0.4253408842576223	-1.280877703805054	0.483347806966385	-2.593794495589157	1.026811105963894	-14.28782604070987	1.562318394880359	-3.81946212073322	0.3820769013864659	16.5493919715799	-0.3462729336740759	3.44257146759579	0.2611030812678063	6.336574938693306	0.9748804204348921	3.360421273387865	1.473334738496093	2.511743742966405
0.9	-0.1025168451490283	0.753707430720477	-0.0006466397413468872	-1.486272126297613	-0.021080008002569	1.687580034486948	-1.796263471215121	3.466963468546951	0.9555615743583826	0.1464788281535188	-0.7348297802939856	0.1024135349585351	0.1066713242001043	9.454850519592686	-0.02196648042849109	2.432005900271406	-0.1122505094611685	2.296129436149365	1.246178102316121	10.67138980408323	0	0	-0.08811865421634373	-0.6526717005181811	0.1897217056606925	0.9039759383945898	-0.1308977181588563	5.476488535428795e-06	0.6354951049492324	-2.955229337523375	-0.07878131151414601	-1.336970245565827	0.1411333221900544	-0.4635019245614808	1.127025732140341	1.551758917148382	0	0	-0.7697304466822124	-3.709888974537924	-0.185914395811483	2.28917324889076	-0.001406658022450934	-0.8114358128677062	-0.08111827464717099	-7.229634468704718	-0.4304506328127822	-1.173366412767071	0.4714726605529186	-3.110004750536273	0.9675943704773531	-14.120767437422	1.546379840232672	-3.828002425711029	0.4509087307730959	16.48232877968538	-0.3320116296916974	3.397955561304193	0.2869830367919919	6.081736155666527	0.989118914664351	3.477361138612514	1.483591193212687	2.411828142649661
0.9041667	-0.0999893551458758	0.456800589472257	-0.006710217496422865	-1.424593043730686	-0.01411792111841356	1.650951154958119	-1.781799230441639	3.476634686939684	0.9561459863715535	0.1338006587453141	-0.7344012203709979	0.1031713330416638	0.1469580469358006	9.878341784671932	-0.0121001797837045	2.303187520181304	-0.1027497420901961	2.260504040321239	1.28990766093694	10.30532355229833	0	0	-0.09122029228440019	-0.8314324485729541	0.1930354537766296	0.6811519992351249	-0.1308976888996104	8.477292959532074e-06	0.6237156384887296	-2.703768106595588	-0.08440443479900192	-1.361960985323457	0.1388060806434463	-0.6520563909949856	1.133061677905173	1.337011026993176	0	0	-0.7844306543063777	-3.337978311620776	-0.1763392238466539	2.306400225980292	-0.00487777787559368	-0.8539466910398398	-0.1112275196605997	-7.229187853611053	-0.4351322196221777	-1.075361709966093	0.4573994383944707	-3.648862412636946	0.9092638716563849	-13.86243584435649	1.530442957005351	-3.818659845375658	0.5193699642011669	16.37150733454863	-0.3179967787863827	3.324274936977494	0.3117515529244324	5.803088298548797	1.003886660781733	3.614460147279791	1.493437742225267	2.314990579065079
0.9083333	-0.09873246997713073	0.1438365972376739	-0.01252129968543681	-1.365142150551441	-0.007349162856379543	1.594861170661962	-1.767284815061424	3.491214255242299	0.9566746098207642	0.1197066327994125	-0.7339710413797386	0.1031956430810445	0.1889548038191642	10.27614435593557	-0.002778256358231663	2.170814343273102	-0.0934438654315453	2.20269002468463	1.331944608265438	9.859427791567695	0	0	-0.0950082964100641	-0.982168634867558	0.1953524878647408	0.4255839868351701	-0.1308976482698178	1.093477967939323e-05	0.6129229485211212	-2.481704507771988	-0.09012971896197719	-1.386073037594479	0.1357121311365728	-0.8315545163529685	1.138096965075709	1.071505047469422	0	0	-0.7974787301883413	-2.917022789889413	-0.1666984081114501	2.320793092356189	-0.008516667322358425	-0.8920065295186821	-0.141415431819269	-7.267741851861081	-0.4394251571005559	-0.9868656052644675	0.4410341965757151	-4.210353734117141	0.8522012679510956	-13.51284074719702	1.514582636960111	-3.791435247720811	0.5872766524639196	16.21693187113497	-0.3043498070718683	3.221532409249638	0.3353088743325993	5.500638911948132	1.019267278718391	3.771714283322261	1.502886988666269	2.221233265488043
0.9125	-0.09881306540401623	-0.1851995684952522	-0.01808944342206089	-1.307916593071348	-0.0008545018564907385	1.519307389236157	-1.752699075455457	3.510702873285267	0.9571415692686814	0.1041960737917453	-0.7335422788690377	0.1024864662435775	0.2325566142834407	10.64827732821252	0.005984912416472748	2.034880015532647	-0.08442489116001931	2.122684614122386	1.371958294563139	9.333681118552382	0	0	-0.09936609448696844	-1.104887494854699	0.1965364599487297	0.1372596337338583	-0.1308975985311063	1.284906665632733e-05	0.602994049061948	-2.28902788182929	-0.09595378003449158	-1.409307559775921	0.1318890419618632	-1.002004916683299	1.141920316759544	0.7552282340861999	0	0	-0.8086709049711484	-2.447002203155505	-0.1570032931946429	2.332352538887089	-0.01230495883955595	-0.9256171552057099	-0.1718459665772068	-7.345298314076324	-0.4433692616212082	-0.9078738507812062	0.4222817864883646	-4.794505666991506	0.796784119873145	-13.07196536511045	1.498872629917412	-3.746327325944892	0.654449731267262	16.01859496970345	-0.2911911610216203	3.089723046400389	0.3575569285010776	5.174373478061702	1.03534550217886	3.949131095059228	1.51195221110593	2.130551701495496
0.9166666999999999	-0.100298124538365	-0.5303005892472488	-0.02342378460974721	-1.252917824855929	0.005284801618580514	1.424290923311516	-1.73802190596219	3.535100250057987	0.9575409504055397	0.08726930298993998	-0.733117999414903	0.101043793143928	0.2776554919116623	10.99473084593732	0.0141742710340619	1.895387671271159	-0.07578550553928795	2.020488929911929	1.409615015099572	8.728093276835502	0	0	-0.1041768471034963	-1.199585074555349	0.1964508399881933	-0.1838153193424328	-0.1308975419479468	1.422008839079952e-05	0.5938067401118757	-2.125743911088174	-0.1018728229606827	-1.431663962631919	0.1273745958834586	-1.16340317533721	1.144320076434823	0.3881863499129924	0	0	-0.8178024450939303	-1.927926065851318	-0.147265917327715	2.341078186133354	-0.01622402446904169	-0.9547776012484555	-0.2026809106768628	-7.461856782966353	-0.4470040367490584	-0.8383886845349491	0.4010482080666128	-5.401305007019426	0.7433941208329873	-12.53981699324622	1.483387830361494	-3.683336518855791	0.7207052359465173	15.7764998150297	-0.2786422770238745	2.928848965516036	0.3783959298516736	4.824298970084318	1.052204966820284	4.14670705023882	1.520646003300729	2.042948174235112
0.9208333	-0.1032544956653818	-0.8914576043345547	-0.02853348159667839	-1.20014708570193	0.01098752142000667	1.309814753910411	-1.723233209697224	3.564405623315613	0.9578668454090019	0.06892677761605567	-0.732701269162976	0.09886768481141732	0.3241433065704258	11.31549751873766	0.0217748190731929	1.752340786364661	-0.06761835839302102	1.896106223567126	1.444581291409813	8.04268167464506	0	0	-0.1093236713650039	-1.26626010999573	0.1949592198218592	-0.5376319876537451	-0.1308974807854675	1.504783153552082e-05	0.5852387504798788	-1.991855456213934	-0.1078830435665579	-1.453141741224889	0.1222066420348342	-1.315745744659372	1.145084724242617	-0.02960996860214993	0	0	-0.8246688148139775	-1.359808601676044	-0.1374983227991437	2.346969926696268	-0.02025522369853209	-0.9794873280057176	-0.2340820120379334	-7.617413057100523	-0.4503690157442371	-0.7784114319246436	0.3772396994334798	-6.030736375839644	0.6924127696374951	-11.91641168883816	1.468203111156981	-3.602464981994357	0.7858592899228922	15.49065379262286	-0.2668245329305299	2.738915073856742	0.3977262280733714	4.450424646849907	1.069929233301706	4.364436681358504	1.52898099466395	1.958424675367172
0.925	-0.1077492567858276	-1.268687949571268	-0.03342805782949835	-1.149601842573343	0.0161728377370992	1.175873386088791	-1.708311823875844	3.59862039973857	0.958113369110613	0.04916761721478764	-0.7322951243076357	0.09595803679117211	0.3719152932672001	11.61059274366018	0.02877209647507064	1.605732494452817	-0.06001551605591242	1.749530524622545	1.476526134357748	7.277413411697744	0	0	-0.1146900603895343	-1.304915801628748	0.1919250686551013	-0.924207354671894	-0.1308974173043106	1.533233582285341e-05	0.5771672009688222	-1.887356090457906	-0.1139810715607052	-1.473741926504698	0.1164226491546178	-1.459039937210113	1.144002778296548	-0.4981807760033877	0	0	-0.8290659480476916	-0.7426225405550805	-0.1277118481122204	2.350028043383902	-0.02438020783600889	-0.9997475215633576	-0.2662132843484606	-7.811974603299463	-0.4535039704373156	-0.7279392139961017	0.3507607546981535	-6.682829986641273	0.6442179187031171	-11.20171952795286	1.453392254553691	-3.503708833464706	0.8497326967737359	15.16104318165433	-0.2558584630193825	2.519912254449832	0.4154495477503967	4.052732562103812	1.088603147824589	4.60233043960779	1.536970410280731	1.87697714769882
0.9291667	-0.113849292301475	-1.661983149827041	-0.03811666637918884	-1.101283388709432	0.02075951297313862	1.02246933376834	-1.693237648683043	3.637743934891275	0.9582746118537387	0.02799224501938371	-0.7319026312121391	0.09231489250874367	0.4208633539460165	11.88000851403055	0.03515108851332001	1.455566186019943	-0.05306964079020143	1.580764552029755	1.505115996935646	6.432303980048884	0	0	-0.120159137950107	-1.315550212975275	0.1872119429441311	-1.343533321665011	-0.1308973537695213	1.507357486746984e-05	0.5694698337768473	-1.812249379903465	-0.1201631049169611	-1.493463992459064	0.1100604511416619	-1.59328198808443	1.14086267695705	-1.017516654194597	0	0	-0.8307892522392523	-0.07638092886385571	-0.1179185349662346	2.3502523607869	-0.02858033884022027	-1.015557535476715	-0.29923649108414	-8.045538156173185	-0.4564484280905546	-0.6869735843045658	0.3215175490390076	-7.357571004596441	0.5991911291787543	-10.39575437728993	1.439030141503598	-3.387069799621878	0.9121415513349629	14.78767431744358	-0.2458654641361765	2.271844717007828	0.4314662011834026	3.631231403266776	1.108310292821461	4.860383341299701	1.544626871111801	1.798607656762632
0.9333333	-0.1216213325099126	-2.07133318776707	-0.04260848008935283	-1.05519280358068	0.02466636700014502	0.8496069792622856	-1.677990598971388	3.681775113103915	0.9583446721686025	0.005401220217517131	-0.7315268549291927	0.08793836580433916	0.4708792776493887	12.12373928836759	0.04089683981613042	1.30184559311515	-0.04687333179017075	1.389813154976758	1.530017654209382	5.507376536398628	0	0	-0.1256140179617804	-1.298164097561431	0.1806835603244595	-1.795598645887682	-0.13089729244615	1.427157443691251e-05	0.5620243551810949	-1.766536068978584	-0.1264253335447606	-1.512307497373981	0.1031579374017343	-1.718469001370771	1.135453056164708	-1.587603311701127	0	0	-0.829634391516834	0.6388984777553302	-0.108130425716958	2.347642975536831	-0.03283697145591657	-1.026917150512397	-0.3333133100961637	-8.318096706191501	-0.4592419342536753	-0.6555151837855804	0.2894165229997466	-8.054942420756682	0.5577136580836667	-9.498538865633279	1.425191609879894	-3.252551323553853	0.9729020890375449	14.37055773604357	-0.2369668397131446	1.994719461417093	0.4456766645107093	3.185932143398616	1.129134151536111	5.138588467496598	1.551963030081105	1.723317972603792
0.9375	-0.1311326865677156	-2.49675771250755	-0.04691299274776226	-1.011327874803603	0.02781249380449338	0.6572780250448571	-1.662549489954847	3.730716047906855	0.9583176526064876	-0.01860654157735043	-0.7311708336189976	0.08282824660131546	0.5218584687367278	12.34179676593566	0.04599480129303878	1.144563337031923	-0.04151874999225915	1.176667167649848	1.5508996339334	4.502586683519353	0	0	-0.1309382083295101	-1.252756620840326	0.1722031482329948	-2.280425026822646	-0.1308972355948313	1.292629603455799e-05	0.5547079398658222	-1.750213963409232	-0.1327643992492702	-1.530273345752157	0.09575249341325619	-1.834606986141914	1.127562137663511	-2.208468113120356	0	0	-0.825396914771617	1.403250013263317	-0.09835885788295995	2.342199762381198	-0.03713176781205507	-1.033826911940648	-0.3686078835090748	-8.629663336374128	-0.4619242333261138	-0.6335625024117612	0.2543617726423556	-8.77497770948554	0.5201638140278477	-8.510029925949292	1.411950506550436	-3.100146948270476	1.031834902566674	13.90967341553804	-0.2292832641480691	1.688523185452536	0.4579824165605352	2.71681340779288	1.151159718952812	5.436959172258193	1.558992064329056	1.651104481259638
0.9416667	-0.1424501257084588	-2.938247092267101	-0.05103937258885081	-0.9696897352912006	0.03011669597155335	0.4454863863285947	-1.646894232082762	3.784565741439546	0.958187649438461	-0.04403051516635464	-0.7308376327719238	0.07698463113610976	0.5736927406242087	12.53417478895159	0.05043000219980611	0.9837230644276632	-0.03709851368634759	0.941330906674725	1.567428618678612	3.417955661938512	0	0	-0.1360148212297012	-1.17932786383273	0.1616343790976306	-2.798002007732591	-0.1308971854806958	1.103775238942183e-05	0.5473982986796111	-1.763284513041464	-0.1391764938243205	-1.547361074804891	0.08788199606299378	-1.941692829236638	1.116978500384011	-2.880097985329568	0	0	-0.8178724146021186	2.216657099341582	-0.08861587408095713	2.33392274994093	-0.04144608378937476	-1.036286493724618	-0.4052819164305739	-8.980231973231543	-0.4645348677116758	-0.6211164092749465	0.2162596687717247	-9.517660405367959	0.4869229437542636	-7.430247996487657	1.399381682840589	-2.929859687673917	1.088756185640661	13.40503084179029	-0.2229360685863735	1.353262191452877	0.4682838889402055	2.223885598096189	1.174470506136535	5.755489020462422	1.565726619250451	1.581969026647648
0.9458333	-0.1556402477839763	-3.395790153059853	-0.0549968049475632	-0.9302793041876947	0.03149785691032816	0.2142378467175918	-1.631004756362481	3.843322724607198	0.9579487688218766	-0.07087003939620169	-0.730530315687607	0.0704076860598111	0.6262738246413985	12.70086966482534	0.05418753541631728	0.8193287635245746	-0.03370515146640557	0.683810818913534	1.579271708897597	2.253512376828444	0	0	-0.1407269926058627	-1.077880597564663	0.1488411258257297	-3.348315987866619	-0.1308971443682273	8.606008383532977e-06	0.5399731418207363	-1.805746346065942	-0.1456578020530687	-1.563570306041756	0.07958436688221086	-2.039724286487158	1.103490981754142	-3.602474981827485	0	0	-0.8068567991566863	3.079098448404677	-0.07891351418363753	2.322812238877878	-0.04576127339475722	-1.034295997038719	-0.4434969815421024	-9.369792799134	-0.4671133866938799	-0.6181768608472816	0.1750168747345856	-10.28297186886822	0.4583719803501876	-6.259222277582409	1.387559925537777	-2.741694272399304	1.143482325082035	12.8566437013971	-0.2180464558827973	0.9889455719307039	0.4764817056651993	1.707161401594283	1.199149900772879	6.094169641736531	1.572179368509701	1.515913157197907
0.95	-0.1707244073095884	-3.83613413059643	-0.05879377919871927	-0.8923899781327744	0.0318999967636902	-0.01844449973101944	-1.61486476136324	3.903451585243662	0.9575977597933666	-0.09721024829957739	-0.7302511740974745	0.06363689253777481	0.6794738388134597	12.8250345136018	0.05726058483887872	0.6570090302064052	-0.03140530209227797	0.422567455634141	1.586206225508558	1.087983638354642	0	0	-0.1449797398093876	-0.9639224843956036	0.1337468587433259	-3.887801810787836	-0.1308971140207937	5.989679135035557e-06	0.5323300264824407	-1.862926737844699	-0.1521997887588572	-1.575166804152868	0.07089898905340535	-2.127219494636058	1.086984601915513	-4.30565947446444	0	0	-0.7922323368794204	3.927836335944909	-0.06926084431467892	2.310506070299457	-0.05005639185316106	-1.02597632418061	-0.4833451911756637	-9.746359834579486	-0.469695123473887	-0.6215750706711644	0.1306198210958414	-11.01135181047822	0.4347798877579951	-5.076071783739757	1.376543946551407	-2.546608585148321	1.1958477201933	12.27463502855584	-0.2147002686147862	0.6207734045828091	0.4825206520117082	1.198004583614981	1.225248662993861	6.428234850803727	1.578362551039584	1.452288721226918
0.9541667	-0.1875381676708211	-4.225991912538667	-0.06243458278399897	-0.8553179842574298	0.03136721638062098	-0.2345202767018344	-1.598478743885265	3.961412569680599	0.957142032783255	-0.1211342684508537	-0.7299995232765759	0.05721222239151439	0.7330674804492856	12.88980933591183	0.05967337014867789	0.5024045247933527	-0.03016323261499673	0.1760805302722308	1.588446268198635	0.0001829214504348197	0	0	-0.1487639172264515	-0.8529688993591338	0.1165181224820707	-4.372852997412796	-0.130897094211867	3.547565549943656e-06	0.5244485692193197	-1.920149554754367	-0.1587727021097333	-1.578414976925776	0.06187409795522248	-2.20268935206744	1.067734070766175	-4.919657073500789	0	0	-0.7742308266119629	4.70006851592688	-0.05965852757553822	2.29864292991988	-0.0542997440227153	-1.009448377171538	-0.5246270044110665	-10.05791702301605	-0.4722976220138937	-0.6281424259219742	0.08338897316272988	-11.64318224847235	0.4159778745856244	-3.96000254983691	1.366332390466679	-2.355574368571986	1.245739186352144	11.66916730404743	-0.2128436197461833	0.273972860000035	0.486519281897441	0.7278173351787292	1.25267810979274	6.732893129334572	1.584284354753306	1.390452329126727
0.9583333000000001	-0.2058707115004979	-4.565355959843802	-0.06592253937501903	-0.8190641828588086	0.02996875375289348	-0.4339848962420216	-1.58185613853882	4.017204364907298	0.9565916695894021	-0.1426416126592695	-0.729773926146015	0.05113381735171687	0.7868059996061437	12.89519471517644	0.06145800283413391	0.3555186800209206	-0.02991745181995354	-0.05564457275390761	1.586315807303159	-1.009866465028444	0	0	-0.1520919693223216	-0.745022397160948	0.09738221018751708	-4.803459866215404	-0.1308970842156708	1.279719967313853e-06	0.5163287910000002	-1.977413421928932	-0.165341599807014	-1.573315046939323	0.05256002622981516	-2.266132480424699	1.046111547781938	-5.444456253778743	0	0	-0.7531715842647451	5.39577920907887	-0.05010494672291389	2.287223086503717	-0.0584570300162636	-0.9847128481719306	-0.5670705142725659	-10.30445922744054	-0.4749340234042691	-0.6378786548965787	0.03372784159773883	-12.17845149475931	0.4016867244499135	-2.911038946445923	1.356908592880111	-2.168596061605804	1.29305787270317	11.04025590349485	-0.2123874549911698	-0.05144850803359457	0.4886399401673717	0.2966095378116954	1.281315010497897	7.008138224217856	1.589952096852792	1.330405400590228
0.9625	-0.225512562150762	-4.854242562246745	-0.06926122190625619	-0.7836268337265998	0.02777373496240741	-0.6168479328065117	-1.565005180135189	4.070829648972771	0.955956711126278	-0.1617333132938644	-0.72957292971353	0.0454013856502734	0.8404445203000827	12.84119090989797	0.0626467149561694	0.2163444452557489	-0.03060646348929679	-0.2726189764271885	1.58013860342859	-1.942213004228281	0	0	-0.1549765745630577	-0.640077796286036	0.07656501158406227	-5.179643086656076	-0.1308970833058353	-8.139664713996636e-07	0.5079701252996426	-2.034721088077997	-0.1718720128913356	-1.559866769392954	0.04300643182131505	-2.31755192502672	1.022487602662495	-5.880082206062011	0	0	-0.7293723689342361	6.015001810048472	-0.04059779724890944	2.276245991889711	-0.06249424865484012	-0.9517685498573982	-0.6104068869691306	-10.4859982820681	-0.4776176588084589	-0.6507842249414459	-0.01796367260058851	-12.61718524267402	0.3916262494689196	-1.929130622508211	1.348255220516935	-1.985664689147432	1.337708305703999	10.38787063866785	-0.2132427050938563	-0.3555063199936765	0.4890450998727113	-0.09563950679156931	1.311038212295645	7.253983347429527	1.59537349948741	1.272145053318738
0.9666667	-0.246252936191657	-5.092642969050546	-0.07245395042386031	-0.7490068167738663	0.02485137805399506	-0.7831043998906029	-1.547935297705325	4.122287056838207	0.9552472370409572	-0.1784088251760841	-0.7293950975080803	0.0400150773246834	0.8937342931269239	12.72779707815064	0.06327160331426668	0.08488543839650975	-0.03216879958148457	-0.47483694218032	1.570238525902897	-2.796831521847149	0	0	-0.1574301666190181	-0.5381377235459506	0.05429377675553827	-5.501391670794201	-0.1308970907568109	-2.733437246604325e-06	0.4993725873603497	-2.092071179355858	-0.1783289985540102	-1.538070166507842	0.03326364102740949	-2.356946018911007	0.9972343424024775	-6.226521264734583	0	0	-0.7031524269581276	6.557718703450753	-0.03113546305223461	2.265711925474787	-0.06637709757767653	-0.9106159773916336	-0.6543642401798304	-10.60252748967924	-0.4803616702904789	-0.6668589404127842	-0.07128211229797606	-12.95936948696427	0.3855173381583575	-1.014303558521733	1.340355627671948	-1.806784787365295	1.379591571606586	9.712026322175184	-0.2153203483113416	-0.6381925091849959	0.4878970627366195	-0.4489189818472529	1.341724512039538	7.470421540101272	1.60055587385425	1.215672749917953
0.9708333	-0.2678809447364573	-5.280553276165176	-0.07550405898537031	-0.7152049334508795	0.02127097089597051	-0.9327509051979435	-1.530655941296589	4.171575431577996	0.9544733341339129	-0.1926678350782518	-0.7292389908348907	0.03497500918507289	0.9464266021618153	12.55501807937137	0.06336481883423159	-0.03885546330963441	-0.03454290821700408	-0.6622941480442166	1.556939801444918	-3.573704305368728	0	0	-0.1594652205372472	-0.4392045173215814	0.03079589537130027	-5.768699856341089	-0.1308971058422452	-4.478652562594472e-06	0.4905362153556377	-2.149462317844057	-0.184677621035284	-1.507926061933177	0.02338199830838452	-2.384314249532569	0.9707240304085799	-6.483768326002371	0	0	-0.6748312370606152	7.023919618345883	-0.02171632372939274	2.255621124125753	-0.07007128924328968	-0.861256413921615	-0.6986706319704401	-10.65404639391241	-0.4831791941183224	-0.6861023014330956	-0.1258238641774865	-13.20499949100039	0.3830804996891409	-0.1665772952736499	1.333193096278126	-1.631960503492083	1.418609022307206	9.012740018663012	-0.2185312455526282	-0.8995010605593996	0.4853582795870649	-0.7632218115978451	1.373250614127024	7.657448666390581	1.605506554096795	1.160989781343759
0.975	-0.2901872693221431	-5.417982503429696	-0.07841509950822122	-0.6822195612412809	0.01710153483522031	-1.065794631875716	-1.513175314195712	4.218697139071975	0.9536450325895384	-0.204511027443792	-0.7291031600372948	0.0302809393042998	0.9982765212019152	12.32284562003554	0.06295851238766378	-0.1548841995209972	-0.03766741893470851	-0.8349995921087259	1.540565654575885	-4.27286864528326	0	0	-0.1610943527188994	-0.3432734287430506	0.006297047777879735	-5.981580474294943	-0.1308971278369727	-6.049696191239641e-06	0.4814604083636158	-2.206897258361319	-0.1908834008024134	-1.469433008728788	0.01341113436452851	-2.399657930587497	0.9433270017628698	-6.651835737921881	0	0	-0.6447262097591095	7.413626932735821	-0.0123380812257843	2.2459731034764	-0.07354280024383024	-0.8036874901503893	-0.7430573179696908	-10.64055746771456	-0.4860835701494515	-0.7085152316984912	-0.1811892615140986	-13.35408704521125	0.3840361151953912	0.6140888587477221	1.326750401603216	-1.461183445827903	1.454664785797796	8.289978161851735	-0.2227865035836192	-1.139444517128037	0.4815909998184923	-1.038563082820555	1.405495504428299	7.81507370374316	1.610233227944891	1.108093522771673
0.9791666999999999	-0.3129610398534703	-5.504925535095072	-0.08119040266968244	-0.6500515212111574	0.01241234277504881	-1.182231789073089	-1.495502861521101	4.263650970365915	0.9527724177823711	-0.2139380310569563	-0.7289861669245358	0.02593299279938161	1.049035317044056	12.03128313423085	0.06208482252598189	-0.2631977078264273	-0.04148079860125559	-0.9929485982530853	1.521440234325489	-4.894304963616822	0	0	-0.162330028317461	-0.2503468682993463	-0.0189754030868282	-6.140026455946249	-0.1308971560148153	-7.446524156459974e-06	0.4721451988185483	-2.264374624007374	-0.1969113990811615	-1.422591630185658	0.003401390919238698	-2.40297626092469	0.9154154941467182	-6.730716256230696	0	0	-0.6131567771565953	7.726828539558435	-0.00299911614701696	2.236768111026126	-0.07675733810174024	-0.7379102922279311	-0.7872523613953709	-10.56205869450029	-0.4890879365762414	-0.7340973073903561	-0.2369747155544651	-13.40662509579764	0.3881047786226829	1.327673752817861	1.321010843063041	-1.29445785883996	1.487660144044322	7.543757253374787	-0.2279970094447994	-1.358016350927912	0.4767576428278328	-1.274934784495684	1.43833590604397	7.943291810555809	1.614743224073592	1.056985308070294
0.9833333	-0.3359913413610129	-5.5413821020192	-0.08383331217762785	-0.6187015559638055	0.007272717514637811	-1.282060180147583	-1.477648046806162	4.306435924618794	0.9518655793409641	-0.2209487066528759	-0.7288865714974653	0.02193126155995886	1.098454361231433	11.6803397574077	0.06077593266878432	-0.3637936664662834	-0.0459214479528098	-1.136137906954741	1.499887953841974	-5.438001144181106	0	0	-0.1631847502577219	-0.160426958048794	-0.04479402002005406	-6.24403595823742	-0.130897189649002	-8.669109205875379e-06	0.4625906421370237	-2.321893033809209	-0.2027266941640756	-1.36740335102278	-0.0065968865717077	-2.394269593810557	0.8873617946307867	-6.72041119848832	0	0	-0.5804425119369993	7.963519676196706	0.006302194671881573	2.228006351744225	-0.07968063500853809	-0.6639266942875021	-0.8309838438626995	-10.41855429854214	-0.4922054219921246	-0.7628478004563763	-0.2927765972203594	-13.36261585758294	0.3950067850681742	1.974162675923042	1.315957652573303	-1.131787598059719	1.517496672807544	6.774096046903033	-0.2340735584741459	-1.55521208564309	0.4710207303539987	-1.472332646629834	1.47164848490636	8.042100968251148	1.619043891958724	1.007666299458405
0.9875	-0.3590689226928905	-5.527353954145291	-0.08634736040362513	-0.5881681606768161	0.001751605557207288	-1.36528459693864	-1.459619045715181	4.347054055541274	0.9509345410687013	-0.225543390749359	-0.7288029268119995	0.0182755534998561	1.146288570441977	11.2699986440145	0.0590639263855357	-0.4566769041238391	-0.0509280957237659	-1.26457439141048	1.476231641469541	-5.903983284810336	0	0	-0.1636710782839947	-0.07350938176664232	-0.07093323407235581	-6.293613973704451	-0.1308972280152572	-9.717510024697194e-06	0.4527961029237345	-2.379455248694665	-0.2082947809182876	-1.303865522160371	-0.01653407300658123	-2.37353751131839	0.8595361642133552	-6.620920070044064	0	0	-0.5469006137467413	8.123711704006976	0.0155681436296524	2.219687405059521	-0.08227863055283403	-0.5817331450595806	-0.8739829934043193	-10.21003739151888	-0.4954493806529494	-0.7947680909422998	-0.3481953002739595	-13.22205721808992	0.4044629639377147	2.553586660028087	1.311573706651732	-0.9731648551897264	1.544078059388092	5.980957598107457	-0.2409273949910485	-1.731041186820287	0.4645423582787704	-1.630766144471992	1.505312312637924	8.111505919744634	1.62314288812904	0.9601341295857252
0.9916667	-0.3819828725254199	-5.462839610672241	-0.08873588792047614	-0.5584520975693025	-0.004081680281139382	-1.431902444249295	-1.441425317502968	4.38550431026372	0.9499893918930514	-0.2277218860934701	-0.7287337932691729	0.01496596881561003	1.192289281123701	10.80026750415244	0.05698097703599726	-0.54184491387546	-0.05643915696956265	-1.378254437946068	1.45079565598551	-6.292237403858589	0	0	-0.1638015063288625	0.01040366638068083	-0.0971656184421624	-6.288757352868934	-0.1308972703869319	-1.059169517980693e-05	0.4427616308432902	-2.437059888708919	-0.213580732117384	-1.231979367959221	-0.02635982205891661	-2.340780078108489	0.8323108909956172	-6.432242047989119	0	0	-0.5128506316000675	8.207398024249921	0.02480035301507039	2.211811486573899	-0.08451704952760898	-0.4913313216804284	-0.9159778772846624	-9.936510637479197	-0.4988329440272661	-0.8298575268546925	-0.4028271912360066	-12.98494907497244	0.416193674978906	3.065929384181884	1.307842253481443	-0.818593582995977	1.567305802578755	5.164360097646226	-0.2484693340535306	-1.885498665228716	0.4574850286008004	-1.750230072766565	1.539204065052133	8.151503940698188	1.627047557128346	0.9143900035837466
0.9958333	-0.4045222952433234	-5.347842437405863	-0.09100224735080237	-0.5295540503975853	-0.01015779721602629	-1.481912721090942	-1.42307633723791	4.421785844029688	0.9490402220961094	-0.2274842273831394	-0.728677729876969	0.01200257447637231	1.236208005738014	10.27115974928543	0.05455929358996577	-0.619295929449028	-0.06239299832262356	-1.477175849485481	1.423904527013424	-6.60275698146557	0	0	-0.1635885624908278	0.09131028065741612	-0.1232637373836797	-6.229468171904387	-0.1308973160369925	-1.129164996278866e-05	0.4324872985935324	-2.494705569824387	-0.2185496476195859	-1.151746914208131	-0.03602379810008827	-2.29599851325866	0.8060582054452788	-6.154384871236574	0	0	-0.4786121632865983	8.21457938263133	0.03400044835586473	2.204378769359129	-0.08636165124471139	-0.3927236892695884	-0.9566966591763183	-9.597982941329722	-0.5023692301817601	-0.8681151519664209	-0.4562687121601495	-12.65130059450691	0.429919059587319	3.511180967144162	1.304746478607127	-0.6680773453087046	1.587081723117581	4.324323988214888	-0.2566101246626968	-2.018581583284668	0.4500112988978922	-1.830722967284272	1.573200396082003	8.162095129799553	1.630765262155593	0.8704349549341658
1	-0.4264779161321613	-5.182356914393528	-0.0931499529914785	-0.5014726320332066	-0.01640784369655283	-1.515317827995278	-1.404580256863972	4.455900398380668	0.9480970534493224	-0.2248304032105673	-0.7286332917808753	0.009385228236941347	1.277799396943284	9.682649981834871	0.0518309062019591	-0.6890336685527719	-0.0687284211517214	-1.561343374332445	1.395880826628659	-6.835556922809483	0	0	-0.1630447552654262	0.1692143446431843	-0.1490020353637759	-6.115743584884594	-0.1308973642417404	-1.18174079715775e-05	0.4219724362293739	-2.552395059078037	-0.2231669816651549	-1.063164309687703	-0.0454763599816401	-2.239190667219399	0.7811484550106748	-5.787335202428561	0	0	-0.4445023352898358	8.145256123861923	0.04317071719235558	2.197388896639077	-0.08777832351455395	-0.2859055145849754	-0.9958704224999871	-9.194438053481051	-0.5060716134750372	-0.909542802672871	-0.5081201435094362	-12.22109576131004	0.4453602746961949	3.88936278133285	1.302269352503967	-0.5216089172329105	1.603309025388282	3.460808947435051	-0.2652611102231175	-2.130296329070415	0.4422831816832656	-1.87224869174587	1.607180410170614	8.143279995433939	1.634303631756872	0.8282668737608891
1.0041667	-0.447638828076663	-4.966385195782046	-0.09518235457525198	-0.4742085458483024	-0.02276248193949088	-1.532116365419215	-1.385946547821299	4.487847076531616	0.9471699762585525	-0.2197603902856217	-0.7285990382852224	0.007114005373366053	1.316814914288874	9.034750187915435	0.0488280160964866	-0.7510561797505853	-0.07538380198165834	-1.630754461259262	1.367049053402057	-6.990628842572431	0	0	-0.1621826046603047	0.2441138804941281	-0.1741530707075966	-5.947584361562251	-0.1308974142742119	-1.216895031686703e-05	0.4112171106839499	-2.610126973460487	-0.2273978260888744	-0.9662333798285317	-0.05466716759668262	-2.170357470462402	0.7579538979458964	-5.33109864000984	0	0	-0.4108407446812472	7.999427157525196	0.05231278430898261	2.190842052118106	-0.08873281578798517	-0.1708790657491266	-1.033227297074676	-8.725883318615947	-0.509953215799637	-0.9541395988057928	-0.5579778939718669	-11.69434142448867	0.462237506227332	4.200463335570314	1.300394075768636	-0.3791919598333474	1.615889446123278	2.573834854989518	-0.2743330530445087	-2.220639452087402	0.4344632264852416	-1.874804846659887	1.641020762310125	8.0950579305284	1.637670024735524	0.7878868364583173
1.0083333	-0.4677942002525461	-4.699934282325163	-0.09710281290390442	-0.4477624167522197	-0.02915236412094308	-1.532308528028015	-1.36718469476221	4.517625189810678	0.9462690792849034	-0.212274397269043	-0.7285735277166328	0.005188947934316073	1.353006264604575	8.327478055004542	0.04558285084994981	-0.805362252257865	-0.08229748662169788	-1.685407975636433	1.337733783478367	-7.06797181722211	0	0	-0.1610146612436472	0.3160071987970467	-0.1984894581167088	-5.724996497341985	-0.1308974654072682	-1.234627483302258e-05	0.4002214119745386	-2.66789992588959	-0.2312073098280113	-0.8609567514892291	-0.06354590596638329	-2.089501007876878	0.7368466278487786	-4.78568934424713	0	0	-0.3779469455021158	7.777098737649746	0.06142827719751189	2.184738376970467	-0.08919092188451198	-0.04764739886787566	-1.068495587138268	-8.192332322275151	-0.5140271418433133	-1.001904355963228	-0.605438563626123	-11.07105370177231	0.4802708022468802	4.444477578389686	1.29910379122108	-0.2408297452390485	1.624725072150716	1.663423842598594	-0.283736675025254	-2.289609553484126	0.4267139916484648	-1.838392773561152	1.674598120900049	8.017431151035789	1.640871816404416	0.7492957477710407
1.0125	-0.4867346435091143	-4.382991384174411	-0.09891482567079213	-0.4221329753104519	-0.03550860375098167	-1.515894325045634	-1.348302829812456	4.545236167590161	0.9454043866169553	-0.2023720648274162	-0.7285553166871529	0.003609963515557205	1.386127729628854	7.560799633496645	0.04212740108910775	-0.8519544928077986	-0.08940832251382778	-1.725306540874624	1.308257472572337	-7.067589559280716	0	0	-0.1595533876702759	0.3848977504864319	-0.2217855574935144	-5.447969307835379	-0.1308975169174736	-1.234939003198281e-05	0.3889846355299086	-2.725716689511435	-0.2345608314692124	-0.7473293713107853	-0.07206289625027483	-1.996617398290526	0.7181972391515488	-4.151081135075373	0	0	-0.3461381287810947	7.478260192300681	0.07051947933728094	2.179077578215066	-0.08911846306169255	0.08379540127342767	-1.101406114483669	-7.593759453601083	-0.5183067917717993	-1.052839366890205	-0.6501021458497985	-10.35120267487159	0.4991815264711373	4.621417222662028	1.298381556001403	-0.10651563195745	1.629718582711767	0.729532209834501	-0.2933833801867999	-2.337209943878427	0.419197476461697	-1.763010724642196	1.70779157027247	7.910395930811085	1.6439166105454	0.712491755297169
1.0166667	-0.5042493003763572	-4.015562290424499	-0.1006217510330206	-0.3973208660481577	-0.04176185302492692	-1.482873552582852	-1.329310434646469	4.570679269169609	0.9445859877644289	-0.1900535436334159	-0.7285429637159155	0.002377102472652367	1.415930945462593	6.734731185519841	0.03849388895962391	-0.890831505451802	-0.09665466093279507	-1.750448668192667	1.278944689094231	-6.989479279758347	0	0	-0.15781132731887	0.450783774040994	-0.2438139612802631	-5.11650748202621	-0.1308975680777069	-1.217828956727276e-05	0.3775068655899028	-2.783575878262079	-0.2374235094218295	-0.6253536657935939	-0.08016781538368555	-1.891708437986434	0.7023778799942778	-3.427286032292886	0	0	-0.3157338707928382	7.102915939384276	0.07958801760967488	2.173859807658747	-0.08848122081557135	0.2234464755659703	-1.131687129992386	-6.930176737910565	-0.522805275049439	-1.106943523243655	-0.6915651783913129	-9.534802144346362	0.5186897513682655	4.731275606983147	1.298210526766104	0.02374701064791997	1.630771973591292	-0.2278184745953107	-0.3031838973247068	-2.363438711503967	0.4120762429108763	-1.648659106175655	1.740477771064043	7.773953780046448	1.646811778612141	0.6774758066939992
1.0208333	-0.5201274502578387	-3.597657636777114	-0.1022269572359448	-0.3733266550277098	-0.04784277402503385	-1.433247600958806	-1.310217001549435	4.593953961961762	0.9438239677929012	-0.1753192163105877	-0.728535026759688	0.001490381933788965	1.442167866754134	5.849294674565076	0.03471455370091042	-0.9219926348927937	-0.1039748401452853	-1.760834285407597	1.250119985755904	-6.833645651450731	0	0	-0.1558010505232624	0.5136637963700957	-0.2643473836162739	-4.730620934550229	-0.1308976181608804	-1.1832983816881e-05	0.3657882095294174	-2.841476102004818	-0.2397605092155489	-0.4950328628660792	-0.08781037986021908	-1.774777077665215	0.6897604268380073	-2.614324617520011	0	0	-0.2870536129762553	6.651077741251968	0.08863552107177826	2.169085174578239	-0.08724503086064249	0.3713021769176318	-1.159067136975522	-6.201602441378452	-0.5275356801328689	-1.164215412446799	-0.7294245062475471	-8.621875179379174	0.5385154920471628	4.774052509659617	1.298573807256645	0.1499552021492489	1.627787618820346	-1.208604389945818	-0.3130489404687911	-2.368295996241466	0.4055128150354364	-1.495342065460478	1.772533432606597	7.608109031959867	1.649564706422207	0.6442486779690304
1.025	-0.5341594986929074	-3.129257363487941	-0.1037339268405767	-0.3501491905085519	-0.05368246543100071	-1.367014088089708	-1.291030646731009	4.615061363169748	0.9431283574571551	-0.1581683755999053	-0.7285300632740633	0.0009497593357006141	1.464592297421705	4.904447598999823	0.03082136029915549	-0.945439376888919	-0.1113077271053377	-1.756463891037018	1.222105841819675	-6.600081194224033	0	0	-0.1535349795056261	0.5735408357631	-0.2831600018587043	-4.290291142556806	-0.1308976664435083	-1.131345620593958e-05	0.3538279280747132	-2.899420139994857	-0.2415371587566568	-0.3563607070296169	-0.09494085150211189	-1.64581770453177	0.680715881632698	-1.712157867984503	0	0	-0.2604147486132202	6.122723909323242	0.09766426993938387	2.16475344978749	-0.08537563312695244	0.527369602515628	-1.183276578582338	-5.40800159187898	-0.5325114386993203	-1.224657783594303	-0.7632796619243146	-7.612377958774599	0.558380198262847	4.749749984015626	1.299454533985525	0.2721150006366563	1.620667630271944	-2.212872614694188	-0.3228899357890692	-2.351782031244325	0.399669249043784	-1.30305224316097	1.80383756618959	7.412853725876073	1.652182976211639	0.612808774194565
1.0291667	-0.546134683293661	-2.610370894599598	-0.1051460256927928	-0.3277890581688678	-0.05921158436236919	-1.284174005740206	-1.27176086014885	4.634000888177699	0.9425092432962352	-0.1386013461368492	-0.728526631304483	0.0007552601134673819	1.482956103567876	3.900210496965652	0.02684654487758291	-0.9611708909791126	-0.1185916611182257	-1.737337058746287	1.195226825581132	-6.288788715416351	0	0	-0.1510256783116406	0.6304133470212807	-0.3000244915572957	-3.79552671426081	-0.1308977121984682	-1.061971293124042e-05	0.3416261228105231	-2.957406603113697	-0.2427186105424465	-0.2093402258544053	-0.1015089351095521	-1.504832980680583	0.6756162021374815	-0.7208042248382466	0	0	-0.2361367643275417	5.517864369827163	0.1066758927921029	2.160864753195821	-0.0828388485430701	0.6916453022648652	-1.204043885264764	-4.549390895363043	-0.5377456449327565	-1.28826930016828	-0.7927273991236145	-6.506331234545494	0.578003889402012	4.658366198420397	1.300835823315329	0.390223328447832	1.609314283896194	-3.240599891108285	-0.3326175978010988	-2.313896443478418	0.3947080843074235	-1.071792851313869	1.834266864559985	7.188191489252338	1.654673970475212	0.5831569142907997
1.0333333	-0.5558424391283597	-2.041012500761711	-0.1064666287459341	-0.3062467652240545	-0.06436081775322026	-1.184729939883314	-1.252417139769958	4.650772160482943	0.9419767045056572	-0.1166186845077727	-0.7285232887493651	0.0009068764747913252	1.497011541109708	2.836609607967012	0.02282235139502133	-0.9691870773538165	-0.1257649861886386	-1.703454778798976	1.169807396365132	-5.899778484151438	0	0	-0.1482857343367556	0.6842800733765658	-0.3147137152795085	-3.246341483529112	-0.1308977546988808	-9.751776914076679e-06	0.3291829185075434	-3.015434098170071	-0.2432700742083956	-0.05397524833867838	-0.1074643894712223	-1.351826722623668	0.6748329674096857	0.3597093089447924	0	0	-0.2145389201017181	4.836516393437996	0.1156720198536195	2.157419162182445	-0.07960056210580543	0.8641250380869375	-1.221097817915053	-3.625793298639611	-0.5432513682065114	-1.355048321417131	-0.817364894653691	-5.303765027327477	0.5971066079884721	4.499905760953965	1.302700743555306	0.5042774968561903	1.59363026203987	-4.291760709418378	-0.3421426519002817	-2.254640911556691	0.3907917754885262	-0.8015708429822516	1.863698104447745	6.934128772571784	1.65704508392598	0.5552937455281349
1.0375	-0.5630728755526989	-1.421154852334081	-0.1076992048998429	-0.2855212776275055	-0.06906121956153163	-1.068677117127492	-1.233007589790003	4.665375985119432	0.9415407828554759	-0.09221933552803363	-0.7285185932848375	0.001404615697373684	1.506511829244855	1.713593878344341	0.01878073308427592	-0.9694883207961329	-0.1327665622215043	-1.654815424819622	1.146170196889769	-5.43303182763941	0	0	-0.145327534778559	0.7351436004731916	-0.3270015698564792	-2.642709089048838	-0.1308977932208959	-8.709606493261399e-06	0.3164975411131617	-3.073505410528308	-0.2431567919536851	0.1097416831558113	-0.112757395426778	-1.186791585943122	0.6787377474508438	1.529434598844119	0	0	-0.1959389491789141	4.078647274929565	0.1246549288736203	2.154416511356347	-0.07562641764303586	1.044817089141636	-1.234168324022968	-2.637164468314679	-0.5490420774136852	-1.424998052785167	-0.8367910463622532	-4.004621613018975	0.6154097690716301	4.274361065393625	1.305032503297814	0.6142829805494113	1.573517066982211	-5.366405526151082	-0.3513765079368995	-2.174012591168101	0.3880825058592459	-0.4923732473021736	1.892010171168072	6.650653380628881	1.659303880472602	0.5292179304530717
1.0416667	-0.5676170802306186	-0.7549138379992288	-0.1088470214503654	-0.2653599175358144	-0.07324396510703074	-0.9372137032394395	-1.213541693135572	4.677844004961472	0.9412114743849287	-0.06560864637081232	-0.728511090172263	0.002278770475017835	1.51121137737303	0.5366116858664248	0.0147536937306553	-0.9626488219558305	-0.1395349916216691	-1.592047917699381	1.124637621057128	-4.893607468290583	0	0	-0.1421634188546917	0.7835852908595168	-0.3366626086198793	-1.988831649715658	-0.1308978270424872	-7.505076014535717e-06	0.3035707505189411	-3.130080949460248	-0.2423442918461675	0.2810054234179404	-0.1173380692471762	-1.010625767650453	0.6876988696776766	2.780283612187088	0	0	-0.1806539308520961	3.249669566402692	0.133625992409034	2.151239322888781	-0.07088275217672656	1.232591171360212	-1.242985869513227	-1.587839485868185	-0.5551303831979864	-1.496999964532783	-0.8506061215269027	-2.616634351890623	0.6326350243177292	3.985635036329223	1.30781422578625	0.7203414606079701	1.548879005172038	-6.460359314782695	-0.3602303793288165	-2.073198109364982	0.3867413723133429	-0.1475295412167647	1.919079694817028	6.337480116785573	1.661457572928745	0.5045002931974572
1.0458333	-0.5693986570692999	-0.1070375798354466	-0.1099051915519962	-0.2417683310387641	-0.07687883283079804	-0.8092123930587786	-1.194027904292134	4.688681989159766	0.9409921614223057	-0.04001923718201496	-0.7284983484471643	0.004007226864415579	1.511039889161186	-0.6087390594510658	0.01075471666427217	-0.9577326783275878	-0.1460291524950775	-1.52506673957565	1.105369059206329	-4.361199993354958	0	0	-0.1387869619735443	0.8387972085773852	-0.3436066922832923	-1.350825972662217	-0.1308978558242556	-6.325266466547586e-06	0.2904529149919427	-3.160891207943135	-0.2408240066780727	0.4471660403588625	-0.1211854360416055	-0.8374491167304807	0.7018242526344339	3.985010539627447	0	0	-0.1688266452930262	2.43475620261141	0.1425666763691417	2.138144325196886	-0.06537228204741714	1.40967375508459	-1.247420384385243	-0.5459030089739686	-0.5614928612713325	-1.553429864918316	-0.8586593247898729	-1.26141212384662	0.6486298464723544	3.695266129911785	1.311032358656302	0.8240987132733516	1.519754598956135	-7.508119197076834	-0.3686537303742962	-1.970903670418971	0.3868222057404307	0.1805164048951242	1.944774046019309	5.990027375991708	1.663499527082978	0.4743593689696066
1.05	-0.5685655019752179	0.5001676476761181	-0.1108550673577972	-0.2133668426927751	-0.08000120998944768	-0.6911784056823164	-1.174471519536551	4.69806506693634	0.9408750179923714	-0.01656515358991721	-0.7284762809012273	0.006754990034774371	1.506223364763356	-1.692985381999752	0.00676560513625232	-0.9578673732477574	-0.1522427198732837	-1.45728929778371	1.088246568807763	-3.863279712456685	0	0	-0.1351596532411011	0.9039543986745338	-0.3479730870082289	-0.7514711703365293	-0.130897879876658	-5.23466766753619e-06	0.2772775090744919	-3.157563124024024	-0.2386310496424909	0.6038677472445814	-0.1243276778881383	-0.6721242411451093	0.720782286881512	5.099774228663572	0	0	-0.1603041395563222	1.663252037927535	0.1514253438524637	2.111768625226809	-0.05915886027906125	1.569941643115538	-1.2475777854178	0.4652095723177043	-0.56804551333062	-1.588209277975182	-0.8612214429628081	0.01915758189640935	0.6634559554591533	3.424473098431291	1.314679295173207	0.926128477477451	1.486406997294586	-8.487140845806023	-0.3766614059224899	-1.873578468841631	0.3881972514109528	0.4736861556175126	1.968946532246264	5.606694484277838	1.66539976478747	0.4364533558942085
1.0541667	-0.5652870702631403	1.06668580701553	-0.1116765830324627	-0.1801559609927266	-0.08265254700434178	-0.5831149328358755	-1.154879069968384	4.705992960713341	0.940851150729058	0.004752964618452558	-0.7284406407386491	0.01052203073370824	1.497016471909766	-2.716099059335982	0.002765409338330475	-0.9630530853173951	-0.1581722234181345	-1.388717190361651	1.073126886464396	-3.399859817580964	0	0	-0.1312401370735294	0.9790556553715756	-0.3499227062458948	-0.1907830191159793	-0.1308978995707807	-4.233309003591834e-06	0.2641870947939881	-3.120095548574263	-0.2358048783698975	0.7511064426012436	-0.1267974274271538	-0.514655391472029	0.7441977195913434	6.124544685476358	0	0	-0.1549057818352684	0.9351771517319531	0.1601464436783805	2.072112377898231	-0.05231269047274045	1.71339038357488	-1.243586453490098	1.445472880942902	-0.5746979718646498	-1.60133658954096	-0.8586034083050458	1.225041343260334	0.677194549529102	3.173263145848078	1.318747754914297	1.026428242246524	1.449123366036533	-9.397398289166818	-0.3842739144530813	-1.781225019399332	0.3907211708853418	0.7319714191112066	1.991447050877142	5.187489350179727	1.6671258834224	0.3907828841922679
1.0583333	-0.5597330519911023	1.592504766566807	-0.1123496850630874	-0.1421366561287906	-0.08487433951606362	-0.485024209089266	-1.13525709014936	4.712465532608626	0.9409116573119113	0.02393468270587749	-0.7283871824665801	0.0153082218595592	1.483674299800113	-3.678057737668044	-0.001266819473684296	-0.9732895082466989	-0.1638142200612241	-1.319352091634384	1.059866556512312	-2.970950188722225	0	0	-0.126987085938517	1.064098818272105	-0.3496166954546946	0.3312264165686733	-0.1308979152781287	-3.321211295201881e-06	0.251324226018745	-3.048490609810497	-0.2323850112784834	0.8888789333914082	-0.1286273818573892	-0.365046064120976	0.7716948700321019	7.059300555476222	0	0	-0.152450640409137	0.2505474542530652	0.1686744378725845	2.019177013045528	-0.04490403697249651	1.840017139200025	-1.235575167754128	2.394864501326559	-0.5813598597809364	-1.592812264025879	-0.8511166503636336	2.356212907917496	0.6899269313331501	2.941641596173198	1.323230416991245	1.124995662684468	1.408191248884664	-10.23887215662721	-0.3915118023812582	-1.693845359576908	0.3942485154336898	0.9553672524009451	2.012125659797838	4.732423325920138	1.668645497083147	0.3373493294623688
1.0625	-0.5520727079783417	2.077649766043829	-0.1128543668605781	-0.0993071031451347	-0.08670823748438009	-0.3969015260124158	-1.115610701403287	4.717483093310618	0.9410476408963258	0.04098092140955716	-0.7283116565802433	0.02111379315317762	1.466450924298333	-4.57890759175127	-0.005352320502112288	-0.9885771333918316	-0.1691656695556651	-1.249190672023899	1.048321192562069	-2.576530237888889	0	0	-0.1223588625727094	1.159087969513256	-0.3472161490588297	0.814582193571239	-0.1308979273712852	-2.498330760687993e-06	0.2388305314956002	-2.94274487064067	-0.2284107129535594	1.017191832800441	-0.1298503620665657	-0.2232890777293394	0.8029000907868221	7.904086707662803	0	0	-0.1527576442736664	-0.3906699172603941	0.1769544008353747	1.952959989730531	-0.03700262309786927	1.949827988172491	-1.22367208075568	3.313430004995582	-0.5879412808482662	-1.562635892255766	-0.8390719974690861	3.412726572971729	0.7017353072183283	2.729597331394381	1.328120288330792	1.221835470103164	1.363895195150108	-11.01160283957908	-0.3983961325165103	-1.611435295083581	0.3986341040853351	1.143884378658289	2.030833885714459	4.241474567980414	1.669926327189608	0.276150126852852
1.0666667	-0.5424756756997365	2.522107697348726	-0.1131705711100076	-0.05166815680741722	-0.08819572674056628	-0.3187493574655815	-1.095946437644622	4.721045470013035	0.9412502010800641	0.05589119472950731	-0.7282098171081579	0.02793864197537336	1.445601338405947	-5.41862480062209	-0.009512043514810841	-1.008915775686432	-0.1742231218963746	-1.17823458678329	1.038347381841742	-2.216610673078082	0	0	-0.1173141309392744	1.264021187354304	-0.3428821603145077	1.259271319468693	-0.1308979362216639	-1.764690361329565e-06	0.2268485722535345	-2.802859639940189	-0.2239214880357367	1.136041720680424	-0.1304990502921285	-0.08938811724998605	0.8374377946015054	8.65887962762609	0	0	-0.1556459301727425	-0.988458010285595	0.1849307892987789	1.873462419057031	-0.02867870052992174	2.042819689573356	-1.208005876705303	4.201146235998176	-0.5943518571216998	-1.510807418994565	-0.8227807660485785	4.394554293646915	0.7127009566728728	2.537136145512833	1.333410057901587	1.316945278086836	1.31652266438615	-11.7155693171626	-0.4049474425358483	-1.533996982725289	0.403732510450489	1.297517017686949	2.047421741005199	3.714653567656422	1.670935982493676	0.2071864656167831
1.0708333	-0.531111778549636	2.925869358287498	-0.1132782585900401	0.0007788664234047786	-0.08937832637066835	-0.2505692201530236	-1.076270834503802	4.723152629605311	0.941510431069627	0.06866522171556075	-0.7280774206049131	0.03578256783767769	1.421380883235803	-6.197191411968726	-0.01376693115442659	-1.034304765173284	-0.1789831553016013	-1.106485567452487	1.029801560712412	-1.891198890296229	0	0	-0.1118115949856137	1.378895595437496	-0.3367760080858044	1.665284513784559	-0.1308979422009895	-1.120304492346863e-06	0.2155208601956304	-2.628839503929769	-0.2189568905978879	1.245426085319831	-0.1306061839027815	0.03665388653214777	0.8749320743082596	9.323664440185462	0	0	-0.1609343870506449	-1.542804041452088	0.1925480891375692	1.780686687043518	-0.02000256150998369	2.118990617099269	-1.188705601067728	5.057992999871279	-0.6005012270571691	-1.43732886757887	-0.8025546801951198	5.301675194917241	0.7229052400856262	2.36426195258051	1.339092376282588	1.410322866297343	1.266361411483738	-12.35075716978925	-0.4111863020857676	-1.461532102026452	0.4093982397098205	1.416262738154538	2.06173944160099	3.151974259931104	1.671642097779661	0.1304602803848405
1.075	-0.5181499984686289	3.288954129729955	-0.1131573955712496	0.05803648404472472	-0.09029763645239668	-0.1923578413757889	-1.05658901073067	4.723804673232717	0.9418194436072843	0.07930361553081867	-0.7279102137766353	0.04464594725455773	1.394043112485893	-6.91464479758645	-0.01813823331107451	-1.064745320543377	-0.183442687189545	-1.03394017002346	1.022539569084679	-1.600279269527849	0	0	-0.105809557472142	1.503716707822641	-0.3290585083856772	2.032641265463979	-0.1308979456813785	-5.651422222285868e-07	0.2049890977574257	-2.420676109509235	-0.2135561110770805	1.345350177252171	-0.1302045010895234	0.1548429837300427	0.9150097623599996	9.898473055522457	0	0	-0.1684423156017769	-2.053734619795101	0.1997513310380157	1.674628340383606	-0.01104386851731663	2.178344427013248	-1.16589886450856	5.884011425917603	-0.6062994698222034	-1.342196710981782	-0.7787039567417001	6.134132819282625	0.7324302424529535	2.210966454503378	1.345160307984959	1.501972716930628	1.213695542748395	-12.91719688696377	-0.4171337260216275	-1.394037174617141	0.4154862135367755	1.50012723994683	2.07363820887945	2.553409635765553	1.672012355418914	0.04596788824120163
1.0791667	-0.5037601184739287	3.61135183300031	-0.1127879375874723	0.1201034950201093	-0.09099516925362007	-0.1441169771285665	-1.036907501744941	4.723001532860554	0.9421683331769699	0.08780604396235063	-0.7277039523935024	0.05452860420001377	1.363843289410532	-7.570965537991815	-0.02264689516636159	-1.100236893062941	-0.187598288603381	-0.9606001069643053	1.016417875861582	-1.343860034781978	0	0	-0.09926671085854401	1.638481886807691	-0.3198908994759069	2.361331366038311	-0.1308979470344913	-9.922008761921692e-08	0.1953958142444332	-2.178373223558039	-0.2077586926074874	1.435811257655468	-0.1293267266165551	0.2651760550156612	0.9572950180689147	10.3832884386362	0	0	-0.1779886602063529	-2.521235919649886	0.2064849915970955	1.555289446365187	-0.001872906175973825	2.220879089355632	-1.139714626805793	6.679180579297548	-0.6116562165247036	-1.225412452893603	-0.7515402290670582	6.891904499269016	0.7413573068758648	2.07725403532351	1.351606512925642	1.591892568128896	1.158812749550751	-13.41487239876998	-0.4228102767432622	-1.331513999342863	0.4218509489868812	1.549107254510446	2.082968202502231	1.918972769215708	1.672014382522944	-0.04628896252898661
1.0833333	-0.4881120586784213	3.893056195326576	-0.1121498640373264	0.186978236617817	-0.09151245833252794	-0.1058474262500599	-1.017232842936111	4.720743280149817	0.9425481904344744	0.09417237984703096	-0.7274543959748757	0.06543026479877152	1.331036952017213	-8.166140082353021	-0.02731384871554764	-1.140778449107339	-0.1914465597632005	-0.8864671670299664	1.011292840479045	-1.121946098077013	0	0	-0.09214179952145173	1.783187540073545	-0.30943455882681	2.65134831898539	-0.1308979466321925	2.774539421239485e-07	0.1868834488694507	-1.901937890300965	-0.2016042164000881	1.516807496144118	-0.1280056309522372	0.367650735228876	1.001411788823658	10.77810219375508	0	0	-0.1893921695593839	-2.945298284503985	0.2126935924909617	1.422673347190865	0.007440020512417981	2.246594188782312	-1.110282171972995	7.443482486660094	-0.6164811406555977	-1.086979675577293	-0.7213754485938877	7.574974737152502	0.7497678338566046	1.96312719913374	1.358423614707853	1.680080324111964	1.102000936083217	-13.84377423656288	-0.4282365426539682	-1.273963897767612	0.428346936546919	1.563202862155883	2.089579828729794	1.248680178024663	1.671615841552891	-0.1463077782629771
1.0875	-0.4713745953795997	4.134080738734496	-0.1112231053942841	0.2586639188768032	-0.09189107183141342	-0.07754735177243574	-0.9975701530993535	4.717029806702641	0.9429501338642702	0.09840292877387094	-0.7271572856031169	0.07735145233891264	1.29587724187499	-8.700196999505296	-0.03216036362822775	-1.186371934702395	-0.1949843743219156	-0.8115377917823932	1.007020467048011	-0.9345268073735643	0	0	-0.08439304834601576	1.937840613602691	-0.2978500936389596	2.902706045341692	-0.1308979448462923	5.648979475190978e-07	0.1795938392068198	-1.591356840629721	-0.1951318157768558	1.588342780599773	-0.1262738837314663	0.4622719432330371	1.046987224961801	11.08293327224254	0	0	-0.2024724378824886	-3.325942069676587	0.2183220967872537	1.276773677186036	0.01682527963489426	2.255490959637812	-1.077728624323389	8.17695383508377	-0.6206842578079999	-0.9268917341532306	-0.6885193550902059	8.183376320829103	0.7577438222898537	1.868580467758285	1.365604732313231	1.766540217959845	1.0435438894193	-14.20392298796009	-0.433433499603987	-1.221384107442313	0.4348291377433713	1.542414739483135	2.093323939042274	0.5424996876332644	1.670784361855762	-0.2540933599407348
1.0916667	-0.4537176205192358	4.334418213970307	-0.109987634369329	0.3351589944898545	-0.0921725394814191	-0.05921779182482534	-0.9779259678499926	4.711861149255895	0.9433652547587972	0.100497512316983	-0.7268083797073953	0.09029191740763041	1.258619637472471	-9.173121271445195	-0.03720737595391541	-1.237016437446922	-0.1982083250861462	-0.7358137509046928	1.003457137196331	-0.7816079026926324	0	0	-0.07597918723795456	2.102437753731742	-0.2852988523802795	3.115397120592899	-0.1308979420486176	7.631018174715802e-07	0.1736694521135341	-1.246636299427808	-0.1883810638489507	1.650415053526383	-0.1241642451748886	0.5490371253249205	1.093645313354328	11.29777111850674	0	0	-0.2170482562779343	-3.663156576360956	0.2233150129001975	1.117593459822696	0.02621256876140137	2.247568582921713	-1.042183191438514	8.879575910841064	-0.6241752276292291	-0.7451516912380722	-0.653283831670039	8.717091960126693	0.7653666612649018	1.793616815280094	1.373142498163984	1.851270112372708	0.9837294708601871	-14.49530753398898	-0.4384217302414682	-1.173776069252047	0.4411520444726157	1.486742129581706	2.094050872669269	-0.199553045142436	1.669487595890575	-0.3696434002450489
1.0958333	-0.4353111143109783	4.494065277684069	-0.1084234533094187	0.4164614544544481	-0.09239840033955846	-0.05085882738037002	-0.9583068210269404	4.705237484242147	0.9437846431454765	0.1004561571002909	-0.7264034416891811	0.1042513127428412	1.219519818693296	-9.584903748820979	-0.04247580249464108	-1.292710560048866	-0.2011150349930144	-0.6592968903668179	1.000459164484625	-0.6631918120645535	0	0	-0.06685900995264747	2.276974652180258	-0.2719422763278991	3.289417832171193	-0.1308979386110924	8.720640079121043e-07	0.1692526233870567	-0.8677857689240812	-0.1813915604488855	1.703023165864276	-0.1217095117802112	0.6279444819692163	1.141009936939054	11.42261381618512	0	0	-0.2329382722771891	-3.95693527490266	0.2276169102596296	0.9451369934875659	0.03553158526700646	2.222827854249162	-1.003775368116876	9.551332961693053	-0.6268637781317905	-0.5417646880211485	-0.6159809898694929	9.176111534623344	0.7727177737729105	1.73823733583288	1.381029510444561	1.934268036128338	0.9228456720129523	-14.71792335694814	-0.4432218372520059	-1.131140746800382	0.4471701639230829	1.396187624404993	2.091611258485283	-0.9774589197992106	1.66769324078321	-0.4929548464810841
1.1	-0.4163237206447726	4.613029593057458	-0.1065104482341536	0.5025752013511053	-0.09261020855934621	-0.05247005720235652	-0.9387178340899877	4.697158493720389	0.9441994194063053	0.09827886113870993	-0.7259382051724002	0.1192303084062449	1.178830625014577	-9.935564197507821	-0.04798694179116572	-1.353456975868888	-0.203701332499769	-0.5819835373006944	0.9978826551244788	-0.5792728514260345	0	0	-0.05699064560094664	2.461459686853415	-0.2579408334688638	3.424776533204384	-0.1308979349053813	8.917897489649415e-07	0.1664853871906331	-0.4547870640021038	-0.1742023988166865	1.746169642843248	-0.118942298766849	0.6989978007796476	1.188708401952983	11.45746735782305	0	0	-0.2499622954576372	-4.207292266904864	0.2311726604099556	0.7593960001378083	0.04471269753106148	2.181267586046178	-0.9626318478471133	10.19225723249412	-0.6286598223612234	-0.3167209617700963	-0.5769202268241563	9.560457077611176	0.7798791078558523	1.702439371159097	1.38925893949313	2.015537973190817	0.861176084492675	-14.87178114256806	-0.4478547664297339	-1.093476093559093	0.4527384346832198	1.270746877267197	2.085855513503959	-1.791255276416505	1.66536885888052	-0.6240336176929741
1.1041667	-0.3969254037691779	4.691306840258719	-0.10422861336005	0.5934983416018189	-0.09284950236187932	-0.06405180155435777	-0.9191655415404283	4.68762431919906	0.9446006735645686	0.0939655997934051	-0.7254084321625494	0.1352285815982212	1.13680769514072	-10.22509200098224	-0.05376171621506567	-1.419254408838375	-0.2059638328916623	-0.5038755186044529	0.9955839345184051	-0.5298542768100405	0	0	-0.04633287048412284	2.655888788126458	-0.2434559476778139	3.521468583132462	-0.1308979313033974	8.222753541004562e-07	0.1655101172076884	-0.007648867549498096	-0.1668531735239285	1.77985310829317	-0.1158953947415838	0.7621950936777923	1.236364603818501	11.40232766723771	0	0	-0.2679390027293215	-4.414219980418806	0.2339268155349518	0.5603744594295595	0.05368560045450137	2.1228881702716	-0.9188820582504165	10.80233223062872	-0.6294730679908446	-0.07002513402797347	-0.5364136081670766	9.870116676219951	0.7869320809668082	1.686224485382586	1.397823391794134	2.095077910818274	0.7990086776443128	-14.95687472281962	-0.4523411161966117	-1.060783192452843	0.4577113548857895	1.110421642900732	2.076634188807347	-2.640923875418011	1.662482134976941	-0.7628768475313983
1.1083333	-0.3772861673808266	4.728896605359978	-0.1015579783107893	0.6892285199332983	-0.09315781732967583	-0.08560342354395375	-0.8996564743569418	4.6766352418823	0.9449794969416557	0.08751655347533896	-0.7248098908605424	0.152245711669887	1.093706795813007	-10.4534824113726	-0.05982102282930032	-1.490101097997865	-0.207899182538035	-0.4249747374630415	0.9934193014015694	-0.5149360322588511	0	0	-0.0348445366858177	2.860256931757635	-0.2286490892392597	3.579493053341969	-0.1308979281770439	6.6352570529516e-07	0.1664690150952991	0.4736168602008819	-0.1593834945080819	1.804073094480305	-0.1126016151611585	0.8175351267531692	1.283602442015203	11.25719930747559	0	0	-0.2866869795458951	-4.577715012648115	0.2358240047704397	0.3480776259336205	0.06238000892607935	2.047691613499816	-0.8726556771463186	11.38154442497016	-0.6292133170413157	0.1983160950895645	-0.4947733383314901	10.10508558732976	0.7939581209613676	1.689592362677927	1.406715441670235	2.172886002346463	0.7366314686027995	-14.97320453094503	-0.456701499046026	-1.033062649124764	0.4619434798164094	0.9152170249018683	2.063798168168491	-3.526443033540515	1.659000807850988	-0.9094809242694837
1.1125	-0.3575745961976693	4.725800692698823	-0.09847837599533053	0.7897703314676222	-0.09357671157411096	-0.1171259576655521	-0.880195759283227	4.66419073428596	0.9453270079724119	0.07893141262533916	-0.7241383055971983	0.1702825154565514	1.049780574453612	-10.62074639159398	-0.06618619813748122	-1.56600044404285	-0.2095041632700971	-0.3452774065783725	0.9912449019864985	-0.5345174016852668	0	0	-0.02248365964355242	3.074573927574793	-0.2136806565255789	3.598852729052037	-0.1308979258980001	4.15533181582052e-07	0.1695043730557172	0.9890332203735753	-0.1518324319603749	1.81883076398259	-0.1090935349701266	0.8650205563698652	1.330049216694297	11.02207531226398	0	0	-0.3060261726690556	-4.697785211479903	0.236808984232988	0.1224953092389431	0.07072626134348155	1.955674306238351	-0.8240790227266847	11.92992161814857	-0.6277903410374417	0.488315606167595	-0.4523086062531106	10.26537508962879	0.8010391602777727	1.712543164705822	1.415928307702176	2.248965982623538	0.6743279772983815	-14.92077135078763	-0.4609568396650128	-1.010313132967488	0.4652896623344172	0.6851236532990279	2.047197369565539	-4.447855256383663	1.654892358873561	-1.063852885015493
1.1166667	-0.3379606901572749	4.682017711865549	-0.09496982646410769	0.8951215363560023	-0.09414772283291668	-0.1586190063171639	-0.8607899283969007	4.650291042690049	0.9456342973333065	0.06821030639161432	-0.7233894428716774	0.1893385967717896	1.005284774964234	-10.72687772660296	-0.07287814628740578	-1.646950807237299	-0.2107754135669215	-0.2647854100635845	0.9889170365002191	-0.5885991571342072	0	0	-0.009209071003665607	3.298834989991836	-0.1987121140186976	3.579545753656997	-0.1308979248381853	7.830052246562942e-08	0.174758440873747	1.538589072076892	-0.1442395933962222	1.824125421955827	-0.1054039640910955	0.9046499600742763	1.375328812822188	10.6969580848291	0	0	-0.3257751839023491	-4.774426131823433	0.2368263618282254	-0.1163675548142238	0.07865406507562374	1.846837851405293	-0.7732817148884468	12.44744953866053	-0.6251139151651179	0.7999672187366947	-0.4093315928677263	10.35097864754878	0.8082566271084076	1.755077045630985	1.425454571993615	2.32331596346559	0.6123862192329831	-14.79957396526189	-0.4651277477748377	-0.9925353689452496	0.4676044382044997	0.4201457944675218	2.026682588217497	-5.405139721611024	1.650124512162414	-1.225989304388042
1.1208333	-0.3186144398214859	4.597550178354302	-0.09101239094591045	1.005279433054367	-0.09491237424079593	-0.2100812147408113	-0.8414455085067675	4.634936553070276	0.9458924595620343	0.05535356897217728	-0.7225590766016717	0.209413461579907	0.9604751959252998	-10.77187607000788	-0.07991774005711873	-1.732950062954336	-0.2117096039452545	-0.1835007083186377	0.9862920199022926	-0.6771787586599023	0	0	0.005020309872420893	3.533034378805675	-0.1839049262110795	3.521573982497717	-0.1308979253694014	-3.481609659476194e-07	0.182373255341029	2.122269997073925	-0.1366445903414787	1.819957281992205	-0.1015657298695337	0.9364226695807339	1.419065227412861	10.28185866762649	0	0	-0.3457525757073365	-4.807637497740349	0.2358208383502591	-0.3685047554709712	0.08609316766193423	1.721185466534276	-0.720393586708272	12.93411687649141	-0.6210939349397409	1.133262673754845	-0.3661545282894347	10.36189689527176	0.8156919365487999	1.817192279668883	1.435286786562396	2.395934222766342	0.5510941751826126	-14.60961775855356	-0.4692348412021733	-0.9797296047407569	0.4687424422049953	0.1202910636465083	2.002104995080448	-6.398272163199247	1.644665055136597	-1.395886011628169
1.125	-0.299704443971809	4.472394037658604	-0.08658584058228716	1.120249309226358	-0.09591224581362363	-0.2715150531620217	-0.8221676342597231	4.618126528399355	0.9460926073016128	0.04036058323375811	-0.7216429199902239	0.2305080734898321	0.9156044027410465	-10.7557435817638	-0.08732636300476797	-1.824002339224284	-0.2123034681798923	-0.1014193996154228	0.9832259763064857	-0.8002604581512562	0	0	0.02024659911955068	3.777183335766835	-0.1694194914592924	3.424934632884662	-0.1308979278635033	-8.63871754266688e-07	0.1924914281489228	2.740104012497335	-0.1290864869717224	1.806326144017804	-0.09761138111575401	0.9603402100036952	1.4608855925465	9.776757135565331	0	0	-0.3657783538585793	-4.79742090340172	0.2337370305832182	-0.6339283955105685	0.09297384724445258	1.578711120214328	-0.6655406366090495	13.38994699204717	-0.6156399913922228	1.488217969659854	-0.3230865276866224	10.29813035688199	0.823427040682439	1.898891848398456	1.445418215117892	2.466824246258013	0.4907354171662704	-14.35089361261884	-0.4732990324759694	-0.971895225667494	0.4685583786750611	-0.214454932421377	1.973313944528045	-7.427300252268251	1.638481374215256	-1.573551161908302
1.1291667	-0.2814007016170453	4.306550828790782	-0.08167022558597389	1.240028578752411	-0.09718886583244712	-0.3429194061132478	-0.8029628340000606	4.59986131972886	0.9462258338040331	0.0232316321116117	-0.7206367449474922	0.2526219629283334	0.8709281894919634	-10.67847844830732	-0.09512489650852957	-1.9201056326437	-0.212553668658916	-0.01854342528208461	0.9795752118141883	-0.9578425436651385	0	0	0.03651090079680142	4.031276359327892	-0.1554172800531178	3.289628632166496	-0.1308979326923359	-1.468822677768646e-06	0.2052550544585617	3.392077519451398	-0.1216048952296331	1.783231994514354	-0.09357374199787835	0.9764017245143732	1.500413863726148	9.181662371280886	0	0	-0.3856710841388529	-4.743775030574836	0.230519614106885	-0.9126325829086686	0.09922583879706637	1.419417626322781	-0.6088526489995506	13.8149278349365	-0.6086619467076162	1.864825367055951	-0.2804398200815409	10.15967787411319	0.8315433608165244	2.000174496025299	1.455841416939948	2.535984270314664	0.4315979449560488	-14.02340526131577	-0.4773409381422914	-0.9690325987292675	0.466906852406843	-0.5840854157179441	1.940160508200748	-8.49220058372152	1.631541239827364	-1.758980770814983
1.1333333	-0.2638731535664752	4.100025996667029	-0.07624564311925404	1.364614193817662	-0.09878373601083483	-0.4242922009709471	-0.7838376290570684	4.580141417806078	0.9462832387456344	0.00396720359080229	-0.7195363320252822	0.2757545624729041	0.8267023315791265	-10.54008472472682	-0.1033341845156902	-2.021257454918285	-0.212456900761665	0.0651251970663982	0.9751960886592103	-1.149919991267722	0	0	0.05385421931545258	4.295306993324393	-0.1420597158935457	3.11566061963843	-0.1308979402275196	-2.162996005744814e-06	0.2208059754710983	4.078173641695087	-0.1142394197128771	1.750675728399975	-0.08948564467979159	0.9846071104519116	1.537274216492785	8.496591896637781	0	0	-0.4052493451033493	-4.646702730179357	0.2261133733259542	-1.204610150726225	0.1047789376468689	1.243309413352533	-0.5504595844496809	14.20905031625682	-0.6000698093826334	2.263075047974716	-0.2385265940528799	9.94654545844932	0.8401222816620314	2.121037086805754	1.466548923298568	2.603412697387979	0.3739696410822437	-13.6271630397737	-0.4813811768865934	-0.9711416136483614	0.4636426090669375	-0.9885902593611091	1.902496176522186	-9.592946308775478	1.623812495020408	-1.952170108557158
1.1375	-0.2472848368871239	3.859588498472534	-0.07029382649618202	1.491572999090728	-0.1007357179706413	-0.5123274230217992	-0.7647965742617769	4.559674287748722	0.9462564500592155	-0.01680371045411575	-0.7183377143981677	0.2995074585366337	0.7831712471789452	-10.35036614276884	-0.1119732283531151	-2.12453658499959	-0.2120106598929885	0.148617135591161	0.9699504554798396	-1.369531497478989	0	0	0.07230950053758398	4.558104128965002	-0.1294997831474332	2.912002843857517	-0.1308979508176577	-2.918119515796281e-06	0.2392761925008337	4.785235627331262	-0.1070285905974534	1.709309808673626	-0.08537910773631394	0.9855786569027193	1.571109988242005	7.74135543245673	0	0	-0.4243370913044058	-4.510960904398162	0.2204669292626634	-1.504874103921966	0.1095672925960858	1.055131493778232	-0.4904909717886801	14.5677797407323	-0.5897814789408715	2.672752495153528	-0.1976458033222863	9.670989511856524	0.8492453639827939	2.26094996129576	1.477533062560819	2.66793992633428	0.3181201593218391	-13.17906098859519	-0.4854394298554371	-0.9767485518948487	0.4586268592850002	-1.419927693302396	1.860190810942965	-10.70422776062536	1.615264116027864	-2.151089941799615
1.1416667	-0.2317155348328588	3.61311245674045	-0.0638273078421439	1.610874158071525	-0.1030422902284335	-0.5934153165391191	-0.7458367690304394	4.541372845295523	0.9461449451721108	-0.03649092665254301	-0.7170419851068009	0.3222375639075693	0.7404602197179797	-10.14965822626667	-0.1210239569665377	-2.217910814402356	-0.2112245813547118	0.227928711550124	0.9637873830361142	-1.588015279017622	0	0	0.0917689992452991	4.773682185783683	-0.1177794556681053	2.715580534355731	-0.1308979644578964	-3.617806361118789e-06	0.2606321551327462	5.459021282858088	-0.1000033153392565	1.661823768585084	-0.08127868954013538	0.9818728414666891	1.601809248938405	6.997546315655327	0	0	-0.4428162338683079	-4.356127348390835	0.2135915647455999	-1.792857174469642	0.1135839159403692	0.8744305945773098	-0.4291373081499072	14.872385220569	-0.5778430604100945	3.051775350193852	-0.157946476772218	9.383445487088943	0.8589868814268261	2.417709038161284	1.488770770670404	2.724742484933336	0.2641124301463199	-12.74864166910839	-0.4895167099613944	-0.9797941760908272	0.4518215449257734	-1.844946847620433	1.813433185053534	-11.72174727453818	1.605891044498052	-2.347354910154792
1.1458333	-0.2171798639784057	3.363616968146164	-0.05688208140718962	1.721430975288929	-0.1056691260757902	-0.6660830449482894	-0.7269485050948432	4.525552315206625	0.9459542560720282	-0.0548140362839161	-0.715654081455236	0.3437667958658727	0.6986002863155136	-9.942326546184805	-0.1304401730304784	-2.300077723106707	-0.2101176760213385	0.3026255538272221	0.9567229386483719	-1.802267986224414	0	0	0.112017523202207	4.937066901119088	-0.1068544239544956	2.530389697780871	-0.1308979808713903	-4.249460950688758e-06	0.2847134311010595	6.093653295307557	-0.09318820573528412	1.608509659000705	-0.07720297844405845	0.9737663315027614	1.629450834351732	6.27400130959968	0	0	-0.4606144475076067	-4.184322808195964	0.2055466841511749	-2.06633012394314	0.116867521510752	0.7033235277932661	-0.3666329327421795	15.12083747647302	-0.5643990475733605	3.395587138464293	-0.1194597852171587	9.089372793252695	0.8694159085039403	2.59107195564922	1.500227701422626	2.773298003856218	0.211846862553587	-12.34343202126268	-0.4935998814256968	-0.9796234455200712	0.4432661571685972	-2.260054842154487	1.762655948827154	-12.63421108588622	1.595707868415214	-2.540054356089855
1.15	-0.2036897325789406	3.111090056714613	-0.04949423751660531	1.823248757555071	-0.1085812748484544	-0.7303340963560822	-0.7081205402510403	4.512211938084429	0.9456900555507666	-0.07177391887157097	-0.714178938309293	0.3640961878312109	0.6576170574110101	-9.728361150443364	-0.1401756395777854	-2.371041255187364	-0.2087091113477665	0.3727112479282512	0.9487743912686247	-2.012299903393856	0	0	0.1328385884355608	5.048266117563033	-0.09667738431220936	2.356421444830554	-0.1308979997755225	-4.813113604280721e-06	0.3113580996102415	6.689162127503653	-0.08660722360943694	1.549364920802284	-0.07317011584868394	0.961258737892232	1.65412043273843	5.570685683573818	0	0	-0.4776618569353817	-3.995539037063676	0.1963923328090181	-2.325306079254056	0.1194582241135798	0.5418020801554866	-0.3032087922282375	15.31314843434344	-0.5495954735042073	3.704204363194733	-0.08221111346188266	8.788757314632631	0.8806021458212739	2.781047035312743	1.511870046949271	2.813608813805127	0.1612159479793651	-11.96341259468377	-0.4976757387484422	-0.9762363519873821	0.433001540335925	-2.665271602407094	1.708294305763668	-13.44166299363319	1.584728936052241	-2.729197529326199
1.1541667	-0.1912581081766676	2.855537674127945	-0.04170036168763631	1.916324746563213	-0.1117435997490522	-0.7861666256876589	-0.6893429928768487	4.501352123394244	0.9453580293160578	-0.08737011828977631	-0.7126215894789939	0.3832252086894153	0.6175391682713472	-9.507766935537077	-0.1501834449309432	-2.430799304142249	-0.2070181310983927	0.4381839457448066	0.9399595081010735	-2.218105837667331	0	0	0.1540142573107741	5.107275287544068	-0.08720182807945333	2.193680354880837	-0.1308980208865211	-5.308748345378413e-06	0.3404025347821214	7.245532078371607	-0.08028482458432987	1.48439076359645	-0.06919853734590968	0.944350202383572	1.675901707469345	4.887617045897586	0	0	-0.4938872955092574	-3.789779954666785	0.1861891227032242	-2.569778302903226	0.1213958942954883	0.3898704733764352	-0.239100325446001	15.44931145746091	-0.533579324709803	3.977618350334782	-0.0462286325914578	8.481606030657261	0.8926145529979618	2.987630315672093	1.523663176279306	2.845673650478072	0.112115959411416	-11.60859341695934	-0.501730782186915	-0.9696328609938962	0.4210691347346785	-3.060587046812179	1.650787077635698	-14.14407983788662	1.572969319514296	-2.914779762272207
1.1583333	-0.1798978566985439	2.596966062509514	-0.03353707841604956	2.000657023207006	-0.115120939963637	-0.8335795960349781	-0.67060597651008	4.49297304247072	0.9449638695868118	-0.1016023093245454	-0.7109870766659964	0.4011534425603235	0.5783951672520092	-9.280549434318432	-0.1604166512682758	-2.479350839180597	-0.2050640061491306	0.499042242009916	0.9302961395169914	-2.419681001874866	0	0	0.1753265581517844	5.114094873665051	-0.07838117925297149	2.042169929515242	-0.1308980439204022	-5.736355727946878e-06	0.3716828803641498	7.76275120411657	-0.07424543945894871	1.413588956606234	-0.06530667264444361	0.9230412892097614	1.694878599190509	4.22481106120727	0	0	-0.5092196754949533	-3.567051110285206	0.1749977665069213	-2.799741449730188	0.1227204652933479	0.2475320085567675	-0.1745430369278018	15.52932529923232	-0.5164977041028617	4.215823805297503	-0.01154039213833499	8.167926548183679	0.9055220103419406	3.210816240882534	1.535572443966655	2.869492041175421	0.06444302287067019	-11.27898209648711	-0.5057515139965046	-0.9598132468105884	0.4075105407772617	-3.445992044316615	1.590573388187816	-14.74144854197886	1.560444165851179	-3.096796729181698
1.1625	-0.1696210388223139	2.335362810223367	-0.02504041955946711	2.076249635500498	-0.1186783808527379	-0.8725752832570308	-0.6518982562067849	4.487074293111539	0.9445132393880808	-0.1144711751319799	-0.7092803228986911	0.4178817500129321	0.5402107951592976	-9.04669774017286	-0.1708290608387923	-2.516698190813377	-0.2028658632876856	0.5552890579685417	0.9198014297180329	-2.617035071779164	0	0	0.1965590580479534	5.068725203271353	-0.07016823515036331	1.901882896116986	-0.130898068594867	-6.095956277139186e-06	0.4050375611216668	8.240844331653824	-0.06851306729256455	1.336956101290519	-0.06151267196965445	0.8973309755266017	1.711136380246416	3.582235914306542	0	0	-0.5235890032436405	-3.327341812763343	0.1628781585164931	-3.015206558142611	0.1234719578783401	0.1147798533408506	-0.1097677747949714	15.55319380038352	-0.4984964701489538	4.418832162127682	0.02182804076414334	7.847703810355809	0.9193943374269055	3.450615524039893	1.547564063855624	2.885065129198218	0.01808985024266759	-10.97456281167055	-0.5097247256801574	-0.9467770380884345	0.392366362628387	-3.82150509465629	1.52808798796286	-15.23379778006649	1.547167710919058	-3.275257167008884
1.1666667	-0.1604405463327159	2.070734086782131	-0.0162470011802259	2.14310045453598	-0.1223807663438193	-0.9031524484028629	-0.6332099463427029	4.483656106184368	0.9440118295155211	-0.1259763577699618	-0.7075063680858693	0.4334096863584037	0.5030146230709913	-8.80621722686246	-0.1813737406760864	-2.542840059320379	-0.2004429673039951	0.6069228776426867	0.9084932089174713	-2.810163158787469	0	0	0.2174937860051933	4.971165486414745	-0.06251643491977876	1.772823025719343	-0.1308980946259742	-6.387538914158599e-06	0.4403027725252764	8.679798577862881	-0.06311214596451377	1.254493826967399	-0.0578349671611926	0.8672197199453132	1.72475892500091	2.959907755755515	0	0	-0.5369241687476197	-3.070657203976902	0.149890988408201	-3.216167934893263	0.1236902910531472	-0.008382461016323185	-0.04501003557826531	15.52091436678175	-0.4797227019396765	4.586637281367447	0.05384858521482568	7.520945267172666	0.9343004368799208	3.707023007893055	1.559603392882032	2.892392243945051	-0.02704739948973847	-10.6953437757085	-0.5136369185112774	-0.9305244319054862	0.375678162159034	-4.187116829148402	1.463769940967097	-15.62111195466052	1.533155083565597	-3.45015666454571
1.1708333	-0.1523691657687234	1.803086352139553	-0.007193467829176791	2.201208190606162	-0.126192926449859	-0.9253106606883308	-0.6145311594301945	4.482718474426221	0.9434653356395689	-0.1361176302081262	-0.7056702585875314	0.447736922141916	0.466835127198991	-8.559113904507036	-0.1920037451159858	-2.557776220692723	-0.197814604563994	0.6539426278958073	0.8963893854245401	-2.999060779995748	0	0	0.2379127996151258	4.821419943321307	-0.05537916384030894	1.654993011563014	-0.1308981217296526	-6.61109908982987e-06	0.4773145266372138	9.079604816903343	-0.0580670815352968	1.166204322571344	-0.0542919788944609	0.8327084035616197	1.735830360796979	2.357840792430533	0	0	-0.5491541612773788	-2.797004055408616	0.1360970291431018	-3.402621279073691	0.1234154350030383	-0.1219523238716148	0.01949468587374774	15.43248979442054	-0.4603235527288744	4.719236403022446	0.0844932897080454	7.187658996061752	0.9503091120872956	3.980031940826004	1.571655783401687	2.891473506416866	-0.07107268407066575	-10.44133078260975	-0.517474599620997	-0.9110559341096266	0.3574876494642467	-4.542818829623221	1.398058487138411	-15.90338555149695	1.518421483310021	-3.62149115242963
1.175	-0.1454191156764113	1.532406758998822	0.002084191368745198	2.250575632926998	-0.1300799674030747	-0.9390509837246404	-0.5958506633203703	4.484261352830052	0.9428794134731213	-0.1448954792353393	-0.7037769077552731	0.4608641450817926	0.4316981906481248	-8.30537591195734	-0.2026728954541127	-2.561507391877622	-0.1949998694914562	0.6963505657120256	0.8835069862971853	-3.183737002634886	0	0	0.2575996230886382	4.619481386089961	-0.04870930003297853	1.548387197716825	-0.1308981496237985	-6.766647534796461e-06	0.5159115233348285	9.440282239781721	-0.05340192079234215	1.072083350138338	-0.05090187414116518	0.79379536980583	1.74443558051116	1.776006124654972	0	0	-0.5602088382671081	-2.506369231497189	0.121556050090634	-3.574575540587607	0.1226873337254683	-0.2259351866656612	0.08351553891647288	15.2879158388525	-0.4404447697389659	4.816635891952352	0.1137363930176267	6.84782899902609	0.9674903314835638	4.269655427477185	1.583687456128903	2.88230887251355	-0.1140931165244761	-10.21251163955555	-0.5212245517256886	-0.888370610198008	0.3378352063730821	-4.888628170049944	1.331388113122731	-16.0806321199252	1.502981040001367	-3.789268854847647
1.1791667	-0.13960320936017	1.258701694703003	0.01154933767360084	2.291201281989828	-0.1340067214323181	-0.9443727846847314	-0.5771585706193592	4.488284793665896	0.9422597576724632	-0.1523096450930977	-0.7018313605163374	0.4727909969145311	0.3976323143412243	-8.045009100242819	-0.2133342475199451	-2.554033079936747	-0.192018043750229	0.7341455072437639	0.869863900954427	-3.364187242378037	0	0	0.2763362990424352	4.365352782395718	-0.04246024056016407	1.453008546871251	-0.1308981780243631	-6.854178067599253e-06	0.5559298146619334	9.761820781331917	-0.04914107862531342	0.972132958697928	-0.04768307702792336	0.7504813941519127	1.750658651278298	1.214418445229116	0	0	-0.570017161621322	-2.198759096321188	0.1063288055660744	-3.732026070439755	0.1215459460484474	-0.3203282086009655	0.1468170198586617	15.08719394853151	-0.4202334929635683	4.878832143291847	0.141549910308471	6.501463196635162	0.9859129257565801	4.575887114824171	1.595663763327609	2.864898265334277	-0.1562126291933713	-10.00889274535587	-0.5248732800095877	-0.8624688888255977	0.3167625074095335	-5.224536194629105	1.264198030629914	-16.15284362485987	1.486848936025003	-3.953485616975301
1.1833333	-0.1349341512481107	0.9819778370362809	0.02116531434694214	2.323084477486399	-0.1379380169540396	-0.9412762389083478	-0.5584449950465441	4.494788611073125	0.941612066132263	-0.15835999893466	-0.6998386668087521	0.4835172346106509	0.3646658963807717	-7.778019956750618	-0.2239408578915863	-2.535353867643086	-0.1888884250446388	0.7673267114848961	0.8554780918401378	-3.540407320587061	0	0	0.2939049613061096	4.059042110087858	-0.03658534208759046	1.368858943924187	-0.1308982066472486	-6.87369103591487e-06	0.5972053162199733	10.04421413366787	-0.04530893110983363	0.8663557568960358	-0.04465399523604961	0.7027676745583364	1.754583868916338	0.6730905032694611	0	0	-0.5785082128928108	-1.874181643566194	0.0904761157652608	-3.874969611973648	0.1200312704749247	-0.4051294694918813	0.2091636940678308	14.83033096203769	-0.399836894315252	4.905824931639127	0.167905993983821	6.148570136886915	1.005645606423883	4.898719055479625	1.607550062576752	2.839242399580554	-0.1975352409066485	-9.830478079630602	-0.5284072993742807	-0.8333515074171848	0.2943113634402463	-5.550535198074308	1.196927501261121	-16.1200221144405	1.470040420164789	-4.114137625833652
1.1875	-0.1314243232003989	0.7022219030409671	0.0308961592615455	2.34622674983458	-0.1418389659190483	-0.9297611977589147	-0.5396987027831531	4.50377311723997	0.9409419897078516	-0.1630468311816496	-0.6978037324679499	0.4930433730377946	0.3328249741018025	-7.504395665796801	-0.2344465467417253	-2.505468858380106	-0.1856300837377883	0.7958957711587067	0.840366476475201	-3.712405695961041	0	0	0.310088997271495	3.700534666018867	-0.03103754333113698	1.295934349630067	-0.1308982352104245	-6.825187376802118e-06	0.6395769325494497	10.28747585188738	-0.04192958325427461	0.7547466673457388	-0.04183282040515519	0.6506519207299171	1.756295783277856	0.1519963146190749	0	0	-0.5856116700437125	-1.532621293265205	0.07405765123698463	-4.003413026589058	0.1181831914900658	-0.4803430398640567	0.2703246073114603	14.51731454975042	-0.3794006731380964	4.897615552668758	0.1927786769604079	5.789132880643465	1.026758520675127	5.238166745624635	1.619312566618138	2.805340043751131	-0.2381679349582962	-9.677259078338777	-0.5318133779601429	-0.8010170683161034	0.2705219517807035	-5.866640828588079	1.130010936825459	-15.98216601320938	1.452569522672217	-4.271232592842497
1.1916667	-0.1290864573181963	0.4194404978905498	0.04070521886735795	2.360627228924755	-0.1456743964341322	-0.9098276345332624	-0.520909806898174	4.515238185838829	0.9402552256888479	-0.1663699802591879	-0.6957316063593096	0.5013691403578029	0.3021379723063575	-7.224142555678145	-0.2448043687804981	-2.464378365991348	-0.1822623142158042	0.8198518345480399	0.8245469996810597	-3.880178088439043	0	0	0.3246705101363795	3.28983717548696	-0.02577020937169151	1.234236918336556	-0.130898263429795	-6.708665805466802e-06	0.6828806074918164	10.49159868877872	-0.03902742171223392	0.6373081587880323	-0.03923796498804114	0.5941352250033674	1.755878636046703	-0.3488508856816447	0	0	-0.5912565821682919	-1.174085631699623	0.05713421788238796	-4.117352709542707	0.1160416991164902	-0.5459667693774951	0.3300642992701448	14.14815020271018	-0.3590719986453308	4.854202936107981	0.2161400763513182	5.423159819044726	1.049320412311818	5.594222636465461	1.630916630465065	2.763191714645741	-0.2782147123357124	-9.549240325901451	-0.5350780277569528	-0.7654662317542262	0.2454360506968701	-6.172845143254305	1.063887602206326	-15.73927484848466	1.434451476265564	-4.424766619560992
1.1958333	-0.127933173195872	0.133640517199682	0.05055583210582132	2.366285883847715	-0.1494091428957622	-0.8814763306950276	-0.5020684245504851	4.529183452411434	0.9395574729668568	-0.1683294155041433	-0.6936273409185687	0.5084943799665258	0.2726332050216623	-6.937267591049164	-0.2549673929130559	-2.412083780031685	-0.1788044213697748	0.8391944927771827	0.8080376742329028	-4.043720623648808	0	0	0.3374317569386153	2.826961373964677	-0.02073667836589828	1.183767726598758	-0.1308982910212976	-6.524131566919692e-06	0.7269521954121527	10.65657915441017	-0.03662678732806428	0.5140432595803022	-0.03688781971114886	0.5332191021999082	1.75341687329378	-0.8294398062759624	0	0	-0.5953721383791761	-0.7985838747579216	0.0397666700789415	-4.216786448430065	0.1136468115441083	-0.6019994283040344	0.3881474460598122	13.72284880208375	-0.3389980297258466	4.775589391147538	0.2379624543508317	5.050659970659146	1.07339988603558	5.966877584843424	1.642327624340878	2.712798720666487	-0.3177796302735079	-9.446423987549665	-0.5381877743314621	-0.7266999667332623	0.2190955629159528	-6.469141149669889	0.998996686138124	-15.39135823080948	1.415701575788529	-4.574736149393768
1.2	-0.1279770214534427	-0.1551917576502003	0.06041204811244728	2.36320298622324	-0.1530083078202419	-0.8447059253598529	-0.4831633157864906	4.545609586341292	0.9388543799942344	-0.1689252309709117	-0.6914958366256319	0.5144194338809388	0.2443368757446431	-6.643757001691236	-0.2648894180196077	-2.348582590320825	-0.1752754598053919	0.8539246743085852	0.7908553157211994	-4.203041151757623	0	0	0.3481558943104023	2.311885043058064	-0.01588992941592114	1.14452435185671	-0.130898317702852	-6.271575803578444e-06	0.7716307350652526	10.7824251679708	-0.03475185382386717	0.3849460529127204	-0.03480060880356374	0.4679006282988621	1.748994738291701	-1.289793515801156	0	0	-0.5978878066113804	-0.4060979980673878	0.02201460566108934	-4.301719016146963	0.111038371007234	-0.6484437062543362	0.4443428887953524	13.24138993307726	-0.3193244812101986	4.6617711442769	0.2582196262543256	4.671615455207927	1.099067297685471	6.356149478482237	1.653511738172357	2.654158642910953	-0.3569695876950205	-9.368805128020211	-0.5411293654586267	-0.6847164124427187	0.1915404790619453	-6.755543070270693	0.9357727146532254	-14.93839945991899	1.396333758304655	-4.721148380993435
1.2041667	-0.1292306502659615	-0.4470495036552004	0.07023720639455788	2.351378295340761	-0.1564367227688443	-0.799516997948458	-0.464184596370507	4.564516282703164	0.938151645466638	-0.1681573632682286	-0.689342145203696	0.5191441166882141	0.2172773271907071	-6.34361759316846	-0.2745235077757219	-2.273875917484188	-0.1716947324794312	0.864041859555511	0.7730179205664904	-4.358135696970468	0	0	0.3566251330009028	1.744618665688512	-0.01118330572544412	1.116508140115267	-0.1308983431903773	-5.95100212796753e-06	0.8167520973146432	10.86913230020326	-0.03342697437078086	0.2500194272377232	-0.03299472908348548	0.3981812124996829	1.742696629051322	-1.729900236976703	0	0	-0.5987327384264554	0.003363189887756989	0.003938869062687685	-4.372147852202105	0.1082563900923772	-0.6852981433459039	0.498415261061539	12.70378312931779	-0.3001985198488192	4.512749659815849	0.2768838170052031	4.2860351344014	1.12639128922951	6.762029572816888	1.664434337143429	2.587272591879453	-0.3958886315529849	-9.316386517345254	-0.543889322828479	-0.6395164606913779	0.16281267223174	-7.032043675023965	0.8746549112785222	-14.3804056255349	1.376363303660328	-4.863999672302759
1.2083333	-0.1317065916711739	-0.7419256073702133	0.07999464944097315	2.330812409690109	-0.1596592356946098	-0.745910936048372	-0.4451223891333769	4.585902998441146	0.9374549680453138	-0.1660258799165792	-0.6871713205058924	0.5226683582095432	0.1914827833459791	-6.036856807402701	-0.2838227534983714	-2.18796595785852	-0.1680815473181125	0.8695459717726651	0.7545435480719571	-4.509000689180975	0	0	0.3626219002265201	1.125177734951808	-0.006570137046315467	1.099719359586735	-0.1308983671999069	-5.562420682301344e-06	0.8621521105134695	10.91669987913022	-0.03267644933549433	0.1092668306241555	-0.03148855036169822	0.3240626864863408	1.734607123674504	-2.14975013620569	0	0	-0.5978362457744015	0.4297892510161659	-0.01439966421030984	-4.428071788442929	0.1053408980456909	-0.7125622003080673	0.5501294002550471	12.11004331455874	-0.281767259824514	4.328529781547686	0.2939274044709135	3.893928497378488	1.155440343606261	7.184507528917357	1.675060811543091	2.512142469674664	-0.4346408348074673	-9.289168506366948	-0.5464541855676479	-0.5911013120578616	0.132954128102063	-7.298636684409933	0.8160822973516091	-13.71739390060392	1.355805549554294	-5.003286723109965
1.2125	-0.1354175704947093	-1.039834223074677	0.08964842191496411	2.301504342092981	-0.162640924526239	-0.683885166527456	-0.4259654435217403	4.609770760134017	0.9367699962342332	-0.1625306786031264	-0.68498825981723	0.5249923276112237	0.1669796258009596	-5.723459919640654	-0.2927409126057383	-2.090848587699783	-0.1644549514729771	0.8704372751616609	0.7354489195043005	-4.655643370024634	0	0	0.3659290279192393	0.4535325172075586	-0.00200342265841351	1.094157204396752	-0.1308983894491886	-5.105812814742882e-06	0.9076698771819594	10.92513018803198	-0.03252453164662503	-0.0373184931607158	-0.0303003373783301	0.2455414925126661	1.724810195297892	-2.549363366605716	0	0	-0.5951275560080395	0.8732006540962591	-0.03294144293150762	-4.469493509261323	0.1023317121120746	-0.7302371858364995	0.5992538417735112	11.46014198883303	-0.2641764948191255	4.109102666776778	0.3093239745612185	3.49527672271948	1.186285055198474	7.623603626049992	1.685357313640588	2.428764669993021	-0.4733330573708766	-9.287149788599859	-0.5488106752962463	-0.5394686425778547	0.1020046684275015	-7.555334895097785	0.7604897021882125	-12.94933246005407	1.334674346271731	-5.139016219300463
1.2166667	-0.1403761482626318	-1.340768309934262	0.09916186424871458	2.263454481237846	-0.165346631856038	-0.6134408749303177	-0.4067038802277145	4.636119084258902	0.9361024289077964	-0.15767179412022	-0.6827980166384076	0.5261159259057673	0.1437961092185842	-5.403434212713754	-0.3012310678235952	-1.982525734415265	-0.1608342523198198	0.8667155822661795	0.7157520790798381	-4.798060067972321	0	0	0.3663288813498849	-0.2703027469996417	0.002563506007495908	1.099822212207378	-0.1308984096542173	-4.581187034946186e-06	0.9531412304301377	10.89442161560557	-0.03299553574645927	-0.1897332359530046	-0.02944846735619551	0.1626193566408566	1.713390380037351	-2.928729608656093	0	0	-0.5905359384337402	1.333587368440968	-0.05162559718748286	-4.496411498417958	0.09926885881120977	-0.7383223305061962	0.6455533636382088	10.75409272835432	-0.247573357437886	3.854472314415451	0.3230458659319657	3.090089142705163	1.218993949193532	8.079307923878471	1.695289226211727	2.337140897035411	-0.5120693694814187	-9.31033131968727	-0.5509453262992727	-0.4846195756370498	0.07000625222483621	-7.802131789938105	0.7083162134286817	-12.0762359560106	1.312985017582344	-5.271184775200616
1.2208333	-0.1465947667331827	-1.64472053667342	0.1084983303459117	2.216664055013584	-0.1677412267701659	-0.5345800549683807	-0.3873278299865759	4.664947249162261	0.9354579632695967	-0.1514493921719667	-0.6806056451596337	0.5260391693397004	0.121960361578033	-5.076787605811216	-0.3092463429655113	-1.863000401123594	-0.1572387566683616	0.8583811484713447	0.6954711288264188	-4.936247517183571	0	0	0.3636041048837034	-1.046308806950768	0.007177317500075821	1.116713842888112	-0.1308984275311837	-3.988558382249429e-06	0.9984020078236479	10.82457630782802	-0.03411371627762882	-0.3479735299724101	-0.02895128522963679	0.07529842741763178	1.700432369803704	-3.287840486519747	0	0	-0.5839908431164145	1.810937733756084	-0.07039124339694988	-4.508825632012248	0.09619236981477385	-0.7368177855039838	0.6887930150589002	9.991914499462665	-0.232104885475106	3.564646102839569	0.3350655780059064	2.678375717044918	1.253635371819805	8.551608887701448	1.70482196703242	2.237273646605086	-0.5509538371447567	-9.358711636082445	-0.5528446941579441	-0.4265555433909819	0.03700093920926972	-8.039021802294457	0.6600005904837545	-11.09812912382382	1.29075294083513	-5.39978934698225
1.225	-0.1540863303833655	-1.951705493232484	0.1176218446626099	2.161130817443798	-0.1697897474566228	-0.4472989212617181	-0.3678260271802586	4.696256638618149	0.9348422503298105	-0.1438631740782911	-0.6784160416316548	0.5247620542286497	0.1014989544950638	-4.74350441964503	-0.3167404338180951	-1.73226685051697	-0.1536875125192536	0.8454335737179333	0.6746227032936226	-5.07021235076208	0	0	0.3575371118118837	-1.874522911532702	0.01188501257030367	1.144832907250198	-0.1308984427975415	-3.3278984104539e-06	1.043291305199294	10.7155909120709	-0.03590341586805358	-0.5120469708745803	-0.02882710417139354	-0.01642548662867723	1.686019904041623	-3.626713237794623	0	0	-0.5754212262716158	2.305274663225766	-0.08917885083526289	-4.506736505932136	0.0931420546396886	-0.7257234786105462	0.7287409246512997	9.173570717017682	-0.2179170148287298	3.239610120168373	0.3453564555429257	2.260116683178099	1.290280185898015	9.04052918832793	1.713921635871859	2.129158124997327	-0.590093326622094	-9.432293060077724	-0.5544954685481085	-0.365273758721508	0.0030284000880642	-8.266016303069369	0.6159781550125998	-10.01496501361454	1.267991885946492	-5.524836107763585
1.2291667	-0.1628633113673734	-2.261715920946634	0.1264957564233416	2.096855786616011	-0.1714570551152966	-0.3515992654788418	-0.348188599661154	4.730046590506046	0.9342609879142868	-0.1349132728151649	-0.6762342602523554	0.5222845680104616	0.08244004861430135	-4.403592414314025	-0.3236664522420959	-1.590327816784579	-0.1501998275156802	0.8278730026800454	0.6532248906902227	-5.199951201444604	0	0	0.3479104688972047	-2.754927062577502	0.01673326145604608	1.184179134612891	-0.1308984551694223	-2.599220526269229e-06	1.087644953138022	10.56746663498563	-0.03838890498477436	-0.6819498307841509	-0.0290942778481105	-0.1125503425731113	1.670237638749985	-3.945339000719815	0	0	-0.5647564902280736	2.816586903960012	-0.1079275371625794	-4.490143648190266	0.09015794510808946	-0.7050393308583729	0.7651620654055165	8.299078999819786	-0.2051568122763843	2.879370899906792	0.3538909567934448	1.835321843956016	1.328996784887763	9.546057689650207	1.72255364051899	2.012796630113611	-0.6295919087572417	-9.5310747329275	-0.5558841992444407	-0.3007755765912424	-0.03186932911314728	-8.483109487996726	0.5766877642389856	-8.826765839911754	1.244717217404662	-5.646321928254562
1.2333333	-0.1729148046997889	-2.556141004841417	0.1350861988151778	2.026048853024551	-0.1727136113410298	-0.2519347919508075	-0.3284082245589966	4.764287168770159	0.9337194999207828	-0.1248964533277633	-0.6740652425695196	0.5186963340170958	0.06479996491175101	-4.06642414792433	-0.3299843795165722	-1.442639097084205	-0.1467949033494804	0.8057799038462751	0.6313269146272157	-5.300594613501856	0	0	0.3345690537577667	-3.637922217649493	0.02175993140424046	1.227719475009185	-0.1308984644297735	-1.855775807241417e-06	1.1312965414224	10.37837463760055	-0.04158051267801414	-0.8465779618443919	-0.02976222739063081	-0.2059575976186536	1.653168766030624	-4.244987192698899	0	0	-0.5519673335517418	3.311985004392243	-0.1265764821650628	-4.45909469152599	0.08727034610595338	-0.6825427623523864	0.797864249454464	7.40246331766087	-0.1939443441436188	2.505429388510893	0.3606687710377555	1.425651883280625	1.369793957491421	10.02065626922273	1.730687655317595	1.891569628753698	-0.6695090185158221	-9.619371728740292	-0.5570068946618445	-0.2406095589298625	-0.06762461083747678	-8.669886032564889	0.5424877263886083	-7.597640622767924	1.220959114794709	-5.752431215258228
1.2375	-0.1841048640319503	-2.807892738272074	0.1433748495184309	1.951923387663767	-0.1735600584607285	-0.1547853014466598	-0.3084898718946933	4.796024019292561	0.9332210669680615	-0.1142441919106964	-0.6719131687854276	0.5141275980465734	0.0485304580638317	-3.745625600640486	-0.3356915070091291	-1.297136321496326	-0.143491157225045	0.7792695912036727	0.6091445429255221	-5.33592070412199	0	0	0.3176919344632485	-4.451325992156557	0.02695571049426368	1.265211894900182	-0.1308984707220813	-1.175078271869673e-06	1.174070397653255	10.14563427041505	-0.04541375770766576	-0.9897684518271784	-0.03079231345615957	-0.286284688985375	1.634886603002688	-4.527531624457791	0	0	-0.5372457940795194	3.743596564915973	-0.1450665237394124	-4.413656198436126	0.08445677635665069	-0.6695619896125496	0.8268874886954946	6.533214879854085	-0.1842535812791274	2.149076815591424	0.3658364363084305	1.062628275377762	1.412362125764907	10.39511041392428	1.738316769800591	1.770391628848737	-0.7096657182888774	-9.645205531881757	-0.5579106670371963	-0.1957675047563357	-0.1040343936604683	-8.79661993925135	0.5133007081290891	-6.420880437580863	1.196825909737219	-5.825959594205648
1.2416667	-0.1962544995111225	-3.016733870663988	0.151347788231475	1.87450831004874	-0.1740070719196293	-0.06020816858087733	-0.2884445513992341	4.825231240172973	0.9327683345297698	-0.1029603818900742	-0.6697821718248667	0.5085795396564976	0.03356326054835981	-3.441320669177796	-0.3407970698411017	-1.153890369993749	-0.1403070711738359	0.7483435281887377	0.5869517030903718	-5.305619277364361	0	0	0.2975719098812041	-5.194504303005817	0.03229492612711181	1.296568464773364	-0.1308984743102589	-5.578036975606797e-07	1.21578352096212	9.869226908228342	-0.04979867817955522	-1.11138005570192	-0.0321296598268926	-0.3534413642466133	1.615462777792218	-4.792980656367766	0	0	-0.5208596203768864	4.111003042845484	-0.1633372606981233	-4.353829318142904	0.08167726747890219	-0.666193674799143	0.8523467660612908	5.691775303053214	-0.1760104168652679	1.810587690941376	0.3695892502992523	0.7465287019365952	1.456280647598214	10.66882079262182	1.745441166929563	1.649307236921395	-0.7497990033466548	-9.608132755319787	-0.5586597187070967	-0.1663442144360587	-0.1408466130128034	-8.863054021306796	0.4889060909838369	-5.297306490593376	1.172454521370731	-5.866758288961027
1.2458333	-0.2091845972696917	-3.182660934627023	0.1589911287464701	1.793805596550608	-0.1740653731398561	0.03179442941691179	-0.268283288471299	4.851908221508914	0.9323639431839912	-0.09104531681055593	-0.667676382435787	0.5020523272542496	0.01982996376756279	-3.153516063035493	-0.3453103702311148	-1.012904599207426	-0.1372611156031458	0.7130026159855121	0.5650223662676084	-5.209693423010217	0	0	0.2745021751960042	-5.867441842136815	0.03775187987762426	1.321788652964144	-0.1308984754585704	-3.964615469897178e-09	1.256253009165261	9.54916075675068	-0.05464524020776631	-1.211410631640955	-0.0337193485873379	-0.4074264857824563	1.594969025934905	-5.041328533127603	0	0	-0.5030767771816049	4.414197931841874	-0.1813283129867344	-4.279616004453614	0.07889183448803411	-0.6724375527081262	0.87435746491759	4.878163780543492	-0.1691405682687109	1.489969495160873	0.3721226836490015	0.4773590600479545	1.501128669762944	10.84178446303641	1.752061083909081	1.528319355603989	-0.7896458100280104	-9.508156553394535	-0.5593182798009171	-0.1523398390557301	-0.1778091306963386	-8.869188855084975	0.4690826865472744	-4.226943832690427	1.147981911953106	-5.874827498613309
1.25	-0.2227169859367988	-3.305681894787673	0.1662915313963842	1.709811373377144	-0.1737456829481215	0.1212269087420682	-0.2480156553518115	4.876056243815976	0.9320105049405684	-0.07849842473986768	-0.665599779999796	0.494545647528619	0.007261185938067735	-2.882197967371452	-0.3492410281419016	-0.8741722417120844	-0.1343715430438669	0.6732451582030684	0.5436289245399475	-5.048138536544872	0	0	0.2487742256299955	-6.470170911068231	0.04330126794882106	1.340873670060923	-0.13089847443133	4.864655593404577e-07	1.295298861200021	9.185420452560985	-0.05986376548448402	-1.289864981188749	-0.03550657996851952	-0.4482426449201968	1.57347559369286	-5.272587175626109	0	0	-0.484163928870792	4.653195785492663	-0.1989805932956385	-4.1910126950722	0.07606029225371597	-0.6882939230504351	0.8930365106586001	4.092341258346992	-0.1635692755901574	1.187206838330287	0.3736323724284984	0.2551064293623131	1.546488584344069	10.91400972755703	1.758177228528805	1.407422177385295	-0.8289459434068059	-9.345272127171528	-0.5599506260085521	-0.1537537063945771	-0.2146724746859807	-8.815024735062613	0.4536079366142243	-3.209741085642407	1.12354327882796	-5.85016761049075
1.2541667	-0.2366725682379332	-3.385792253909591	0.1732351019029115	1.622527537949431	-0.1730587135660688	0.2080870304288644	-0.2276526747716918	4.897674636481049	0.9317106615691195	-0.06531998406562457	-0.6635564959175804	0.4860596453834369	-0.004211452756744909	-2.627373487528549	-0.3525983316931705	-0.7376967083020364	-0.1316568274374684	0.6290719500482903	0.5230453586460505	-4.82095613270176	0	0	0.2206811890721815	-7.002674516341879	0.04891739443762041	1.353822837139887	-0.1308984714927464	9.134727733731282e-07	1.332738142875277	8.778013153370052	-0.06536423012708938	-1.346740444628503	-0.03743644145358703	-0.4758883879524572	1.551054191766391	-5.486750418275714	0	0	-0.4643890098619947	4.827988556549252	-0.216233714148863	-4.088020998487427	0.07314265516687148	-0.7137627513191741	0.9084992052869506	3.334327597156363	-0.1592222882588678	0.9023076297691043	0.3743137603589133	0.07977783313835289	1.591939555409967	10.88549122607366	1.763789825894224	1.286618607144214	-0.867436329824033	-9.119481121245078	-0.5606209860589014	-0.1705863375866725	-0.2511845073970808	-8.700560790409238	0.4422607598179462	-2.245724576793905	1.099275583446216	-5.792778038176155
1.2583333	-0.2508722062725642	-3.422991634116461	0.1798079802431525	1.531956303486911	-0.1720152124736494	0.2923728024544486	-0.2072053786150881	4.916762971732072	0.9314670496942277	-0.05151033380325705	-0.6615506583913099	0.4765945597361674	-0.01465643736137848	-2.38904814548471	-0.3553916240458782	-0.6034811931195169	-0.1291354259393867	0.5804842106341636	0.5035455715775879	-4.528154026367785	0	0	0.1905164204567388	-7.464942406049714	0.05457455703414207	1.360636064310582	-0.1308984669072118	1.277049061398033e-06	1.368388074228505	8.326950208861524	-0.07105658318716308	-1.382036433787487	-0.03945400683339165	-0.4903635255141067	1.52777661993965	-5.683813736624263	0	0	-0.4440200373303893	4.938574361364688	-0.2330273263892063	-3.970643904453892	0.07009894588341455	-0.7488430802244059	0.9208611595706551	2.604139988050968	-0.1560252381724347	0.6352780639297865	0.3743623706771844	-0.0486242100094918	1.637060738287718	10.75623326974241	1.768899149450691	1.165911540773409	-0.9048539733553027	-8.830791219156628	-0.5613935850315873	-0.202836773585482	-0.2870931249704	-8.525801938996505	0.434819678550226	-1.334915527682113	1.075315770849002	-5.702661337258016
1.2625	-0.2651377896087412	-3.417281821007104	0.1859967753670688	1.438093322500771	-0.1706258476102192	0.3740882706006096	-0.1866833253931094	4.933322165823794	0.9312822890432736	-0.03706881107894927	-0.6595862516003589	0.4661499362554322	-0.02414299181769628	-2.167210501440485	-0.3576304426010515	-0.4715192537167193	-0.1268256162595125	0.5274796077118814	0.4854020720375291	-4.16971816281698	0	0	0.1585710744389368	-7.856996769405462	0.06024746155158445	1.361313678613143	-0.1308984609387653	1.577211875875406e-06	1.402068422854615	7.83220996766765	-0.07685118695550923	-1.395754642900287	-0.04150449687736381	-0.4916687524228657	1.503712990849253	-5.863786589862375	0	0	-0.4233235515168984	4.984958508142532	-0.2493022852290198	-3.838875778780936	0.0668889668755543	-0.7935365936488584	0.9302388357567727	1.901743381464792	-0.1539035417287081	0.3861053231880962	0.3739737201807185	-0.1301058634779058	1.681434538174217	10.52622965408211	1.77350583447822	1.045295184240988	-0.940938562472781	-8.479188563569164	-0.5623327040904103	-0.2505065624367006	-0.3221488047928306	-8.290739792265331	0.4310627289669073	-0.4772702187731824	1.051799062994577	-5.579813182065489
1.2666667	-0.2792901840659619	-3.368661406859015	0.1917876181944204	1.340940729260378	-0.1689013580269502	0.4532313811084143	-0.1660975450810222	4.947351730273527	0.9311590176218378	-0.02199573975108488	-0.6576674046934275	0.4547259903551439	-0.03273957733709641	-1.961866473217385	-0.3593241170977731	-0.3418141383992088	-0.1247458604121727	0.4700592544172622	0.4688887922984553	-3.745654781888389	0	0	0.1251384597250501	-8.178825669103462	0.06591040636140699	1.355855442897889	-0.1308984538517625	1.813951729357578e-06	1.433596363683709	7.293802731472514	-0.08265799401339279	-1.387893965905049	-0.04353298682390343	-0.4798035632261452	1.478935084572542	-6.026664043251597	0	0	-0.4025675585378498	4.96713757232618	-0.2649982297731123	-3.692719265904613	0.06347273729108717	-0.8478425649997433	0.9367477715928045	1.227155635884448	-0.1527828575288777	0.1547960307157969	0.3733433192659414	-0.1646634824846444	1.724640097470442	10.19548227241781	1.777610142351165	0.9247724356861751	-0.9754270723823991	-8.06467932827824	-0.5635025715401131	-0.3135951151411694	-0.3560994255288332	-7.995377820903134	0.4307685245428665	0.3271888519362791	1.028862413935953	-5.424235342680916
1.2708333	-0.293150266329703	-3.277133103309723	0.1971666778478525	1.24050097383347	-0.1668525149465373	0.529800327161794	-0.1454590737718115	4.958851419439631	0.9310998675326184	-0.006291504305867297	-0.6557982424455294	0.4423230314628525	-0.04051474056679741	-1.77302039527201	-0.3604820296082232	-0.2143688788204922	-0.1229145983268357	0.408224687792234	0.4542795081340412	-3.255976423574586	0	0	0.09051202779715425	-8.430423909388136	0.07153769079118681	1.344261709048499	-0.1308984459106668	1.987265223191905e-06	1.462789278274137	6.711742993933123	-0.08838695577057849	-1.358455368283982	-0.04548455402338997	-0.4547687168136017	1.453514749756514	-6.172442803188854	0	0	-0.3820200702221824	4.885114292960662	-0.280054854710885	-3.532178391526834	0.0598102960775883	-0.911759344901223	0.9405037802214689	0.5803919401833824	-0.1525887480783037	-0.05864490518233618	0.3726667015369944	-0.1522979268916941	1.766256670726891	9.764002689340735	1.781212382671413	0.8043461842619737	-1.008056631511544	-7.587275726026591	-0.5649673935339037	-0.3921003625191181	-0.3886929719270501	-7.63972528429949	0.433715346334099	1.078444292256912	1.006642722041281	-5.23593273119236
1.275	-0.3065399096690753	-3.142692516930366	0.2021205059731127	1.13676923503465	-0.1644899380511488	0.6037987841289639	-0.1247774608000321	4.967821785316013	0.9311074673573033	0.01004464907206029	-0.6539827555965569	0.4289404642270105	-0.04753757729518613	-1.600663202847584	-0.3611136390339398	-0.08917735751023145	-0.121350140840614	0.3419729397301114	0.4418469629951516	-2.700659582938311	0	0	0.05498271914725316	-8.611803567168245	0.07710401921994733	1.326531920556842	-0.1308984373793561	2.097160677312882e-06	1.489466624279048	6.086002815735051	-0.09394843627511595	-1.307437436961793	-0.0473044160772905	-0.4165630114933818	1.427521996183518	-6.301129867166585	0	0	-0.3619476182419241	4.738884732865578	-0.2944129318779644	-3.357245449562331	0.055861416007659	-0.9852900014078195	0.9416229107978235	-0.03857875079251261	-0.1532467739182927	-0.2542277298351465	0.372139348979781	-0.09300860314289433	1.805866494916505	9.231770193499521	1.784313118377826	0.6840106494158217	-1.038566698500651	-7.046954841074663	-0.5667914844628191	-0.486026072882707	-0.4196797622484111	-7.223765110859505	0.4396817291237729	1.77653216302681	0.9852752927959498	-5.01489630892986
1.2791667	-0.3192799816165076	-2.965341329512271	0.2066352616486303	1.029747883981576	-0.1618243909064009	0.6752248834577776	-0.1040637411086691	4.974262521550409	0.9311844507690512	0.02701235105354535	-0.6522250701618487	0.4145785745716158	-0.05387661528442132	-1.444799626244287	-0.361228314702271	0.03375733971474166	-0.120070934066581	0.2713054412956513	0.4318649816244695	-2.079715224924241	0	0	0.01884396009698919	-8.7229577612906	0.08258368981586536	1.302666282047371	-0.1308984285222762	2.143633170312636e-06	1.513445725049426	5.416595642535714	-0.09925238399284037	-1.234840619531563	-0.04893764783243999	-0.3651868900676801	1.401028657922319	-6.412721531295424	0	0	-0.3426182226285358	4.528450090176286	-0.3080121399092808	-3.167924120394461	0.05158612963704241	-1.06843311584085	0.9402209117866654	-0.6297405807625711	-0.1546825188988106	-0.4319471062185636	0.3719567964350273	0.01320475506758807	1.843048781440796	8.598793931654294	1.786912647029375	0.5637687225472757	-1.066694354035604	-6.443727376419269	-0.5690390583307803	-0.5953705470995494	-0.4488077456754562	-6.747505112788486	0.4484460290952313	2.421433795597232	0.96489704339882	-4.761130202475311
1.2833333	-0.3311914120624064	-2.745085342206816	0.2106971461031985	0.9194396075902799	-0.158866666162647	0.744077003538953	-0.0833289527229128	4.97817356463159	0.9313334447802897	0.04461117168161034	-0.6505293066078857	0.399237742434305	-0.05960044794042051	-1.305432812397375	-0.3608354755655108	0.1544323436896562	-0.1190953967341249	0.1962240474597219	0.4246071535138518	-1.393160614630611	0	0	-0.01761076452557035	-8.763886352152113	0.08795100906615225	1.272665587177894	-0.1308984196039042	2.126683870346271e-06	1.534544162964169	4.703539111965452	-0.1042087721123874	-1.140667435130446	-0.05032934205193102	-0.3006420596809435	1.374106617097146	-6.507215732821394	0	0	-0.3242998320810683	4.253817726629814	-0.3207922302901796	-2.964219465672434	0.04694450085604849	-1.161186346738578	0.9364137736778433	-1.193080363059312	-0.1568214922098308	-0.5917994121755116	0.3723145456431222	0.1663379094013328	1.87738297474162	7.865092721831386	1.789011314300237	0.4436232860696724	-1.092176907510583	-5.777610074004417	-0.5717742884879147	-0.7201306058566347	-0.4758250498336842	-6.210958890993929	0.4597863338355269	3.013135627126707	0.9456447960888206	-4.474641680416337
1.2875	-0.3420959807390999	-2.481913982557444	0.2142926477571445	0.8058391109787734	-0.1556273398750374	0.8103584493271353	-0.06258264035402339	4.979555102292635	0.9315570879637839	0.06284195571316144	-0.6488994639978305	0.3829172314433553	-0.06477807258612793	-1.182556071592743	-0.3599445060879276	0.2728534469073859	-0.1184418807558038	0.1167251542577543	0.4203465749896996	-0.6409627969088252	0	0	-0.054090601987877	-8.734591304356581	0.09318066887130351	1.236528395892019	-0.1308984108880713	2.046311963899565e-06	1.552581007135328	3.946798996763145	-0.1087279275976791	-1.024913363373261	-0.05142468946289774	-0.2229254221317402	1.346825811407304	-6.584617007538746	0	0	-0.3072590852699536	3.914974459661779	-0.3326938655808812	-2.746121707416374	0.04189625543552306	-1.263554146327324	0.9303171825895633	-1.728625138424953	-0.1595893663824246	-0.7337923207394493	0.3734081282403764	0.3663982103673589	1.90845096223209	7.030631345809216	1.790609610956612	0.323568572909783	-1.114753474504264	-5.048570959687986	-0.5750615503058276	-0.8603122377326036	-0.5004817253201167	-5.614100690845098	0.4734815810214565	3.551666059757601	0.9276539987909569	-4.155416991083848
1.2916667	-0.3518145955108678	-2.175832021869358	0.2174079568081691	0.688949002113025	-0.1521171978085483	0.874067537476954	-0.04183584163607747	4.97840701031169	0.9318580090918853	0.08170428834826617	-0.6473396643322841	0.3656173980328546	-0.0694780686904454	-1.076172946609255	-0.3585648131540249	0.3890177260398162	-0.1181288123693255	0.03281051068345714	0.4193569042009777	0.1768625381906812	0	0	-0.09030207155482062	-8.635070792903292	0.09824697271838899	1.194255354588331	-0.1308984026392563	1.90251709671872e-06	1.567373768634438	3.146391886559643	-0.1127198142198066	-0.8875804055080448	-0.05216877637379478	-0.1320383684770621	1.319258113527374	-6.644922882407197	0	0	-0.2917639583581381	3.511926110099569	-0.3436567768957763	-2.513635561956965	0.03640144799023045	-1.375534403842495	0.9220470726763441	-2.236361052784698	-0.1629116665921795	-0.8579217810339765	0.3754330612808613	0.6133825457950508	1.935832114982183	6.095426203783104	1.791707870657843	0.2036074677275128	-1.134161297797497	-4.256625265668159	-0.5789650296109513	-1.015912633461811	-0.5225258461043425	-4.956942666065291	0.4893099174116753	4.037010254188953	0.911061502393697	-3.803462617559338
1.2958333	-0.3601682780919724	-1.826848350807741	0.2200293095518188	0.568772204757341	-0.148347051726106	0.9352028315859251	-0.0210995942498371	4.974729407307954	0.9322388295183675	0.1011976941591797	-0.6458540228878187	0.3473386926505238	-0.0737690615739736	-0.9862853968608062	-0.3567058505651021	0.502922474410928	-0.1181745851298867	-0.05551771036337322	0.4219114852939043	1.060293400464138	0	0	-0.1259517182542544	-8.465329734341646	0.1031242397764319	1.14584769869877	-0.130898395121893	1.695305002701865e-06	1.578740269960609	2.302338562958518	-0.1160944463669644	-0.7286726343268772	-0.05250672281361291	-0.02798355411613257	1.291475423673197	-6.688132525521881	0	0	-0.2780822791311324	3.044684662372144	-0.3536207854654984	-2.266767126890695	0.03042017600428838	-1.49712408573647	0.9117195867475898	-2.716276921677111	-0.1667138647905292	-0.9641854570497396	0.3785847724102578	0.9072832988695889	1.959106157993059	5.059503367214369	1.792306475066151	0.08374284619651069	-1.150137924366269	-3.401794263090109	-0.5835488530736689	-1.186927503598034	-0.5417057369576955	-4.239502759079824	0.5070492849911445	4.46915847692727	0.8960040235504998	-3.418788184929948
1.3	-0.3669786374401113	-1.434946217888363	0.2221431252617916	0.4453029503331538	-0.1443274386860128	0.9937672661951162	-0.0003834428365305513	4.968522116753659	0.9327021989438412	0.1213231088443525	-0.6444465488136198	0.3280802379044666	-0.0777199797822469	-0.9128891076759772	-0.3543769324103755	0.6145731595361205	-0.1185975999737142	-0.1482637487051821	0.4282838855980587	2.009372195271405	0	0	-0.160748650709269	-8.225359980970467	0.1077871384230458	1.091303104618676	-0.13089838859988	1.42466573567494e-06	1.586499113085464	1.414598510752008	-0.1187620750775726	-0.5481824221347	-0.05238366892878343	0.08924401566205173	1.263547638232265	-6.714248010978848	0	0	-0.2664809088250741	2.51322768853117	-0.362526418676177	-2.005504552343086	0.02391210094464022	-1.628329028407363	0.8994500979398036	-3.168395781432468	-0.1709217133446167	-1.052588449524795	0.383058927377195	1.248114577052837	1.977854447782122	3.922813111011271	1.792405842943567	-0.0360310452771114	-1.162422013497467	-2.484036919409206	-0.5888774847994838	-1.373365056986377	-0.5577710722753374	-3.461746532222171	0.5264789285965913	4.848131471419125	0.8826172115384796	-3.001375228527481
1.3041667	-0.3720666603703405	-1.000133483930276	0.2237356282156652	0.3185440836547251	-0.1400691643375196	1.049759343165944	0.02030157455530772	4.959785196557375	0.9332507406714664	0.1420800721330776	-0.6431213592141741	0.3078424607388594	-0.08139943964689451	-0.8559864343122895	-0.3515875011003959	0.7239670205760135	-0.1194162592890386	-0.2454255374193197	0.4387475376048646	3.024078507456379	0	0	-0.1943993969731988	-7.915164763941539	0.1122099829863713	1.030622660520771	-0.1308983833376717	1.090603507991656e-06	1.590468036100753	0.4831914635443121	-0.1206326988486662	-0.3461133238344949	-0.05174472434256588	0.2196420015457087	1.235546653099356	-6.723268096586915	0	0	-0.2572277219507419	1.917565632096029	-0.3703134730710074	-1.729853590592131	0.01683730813614457	-1.769146429004677	0.8853547010696516	-3.592705780181932	-0.1754606948324976	-1.123127993730443	0.3890509832181336	1.635869889697743	1.991656605755757	2.685379088804246	1.792006343965559	-0.1557113287731131	-1.170751026681924	-1.503372996024917	-0.5950150685606748	-1.575221374227956	-0.5704701050828855	-2.623690480733551	0.5473768334288329	5.173918227711444	0.8710378214794633	-2.551232587933
1.3083333	-0.375253499039699	-0.5224221291124964	0.2247930927363414	0.1884987653346533	-0.1355830572410414	1.103177811302711	0.04094442286597059	4.948518947468719	0.9338870698279778	0.1634680631268405	-0.6418825632947692	0.2866258821115089	-0.08487608355918251	-0.8155781486623039	-0.3483470432543579	0.8311015133433227	-0.1206489274827534	-0.3470005856770511	0.4535754810510835	4.104385621709665	0	0	-0.2266105951317171	-7.534754055956731	0.1163671108394192	0.9638080436111254	-0.1308983795996021	6.931286200327118e-07	1.590465140925468	-0.4918586530876806	-0.1216163926886841	-0.1224709658732765	-0.05053504820303368	0.3632067998808314	1.207544371196317	-6.715193181290311	0	0	-0.2505903675964601	1.25771510018765	-0.3769218525752495	-1.439821375181616	0.009155937307801273	-1.919572561894901	0.8695496662385194	-3.989197735670018	-0.1802562600439119	-1.175803039805021	0.3967562512530919	2.070538241513076	2.000092728142363	1.347234625489682	1.791108395698146	-0.2752951353575142	-1.174862805092451	-0.4598282932836656	-0.6020256704712149	-1.792491055743317	-0.5795514115664772	-1.725356888557173	0.5695208437375864	5.446512841658603	0.8614024349851986	-2.068372244733193
1.3125	-0.3763605143934081	-0.001789222923112748	0.2253018630296826	0.05516075309778534	-0.1308796200882021	1.15402523473291	0.06153555297100264	4.934722828699084	0.9346138483786013	0.1854881084656336	-0.6407341820533656	0.2644294836103451	-0.08821880097526921	-0.7916623110972776	-0.3446648066486448	0.9359817803759778	-0.1223140624629774	-0.4529937691587011	0.4730418723971127	5.250345393602408	0	0	-0.2570911887597444	-7.084109597009906	0.1202331557925681	0.8908560467368131	-0.1308983776497509	2.322219926832284e-07	1.586308483791464	-1.510598642298393	-0.1216232928691714	0.1227553867538927	-0.0486997063695458	0.5199453018879965	1.17961067837005	-6.690022877486895	0	0	-0.2468360451313697	0.5336444194737365	-0.3822919235022609	-1.135393984342458	0.000827568320503555	-2.079614647647939	0.8521501036563556	-4.357890679815088	-0.1852342090283821	-1.210616116191193	0.4063706158049272	2.552140496913545	2.002743459227756	-0.09168451089434353	1.78971234506768	-0.3947882051448672	-1.17449543849411	0.6466472797617098	-0.6099738711238363	-2.025184530644033	-0.5847641813814684	-0.7667026349906999	0.5926904157858124	5.665928398011415	0.8538469615973966	-1.552771021260749
1.3166667	-0.3752088108162239	0.5617542843050045	0.2252482004137466	-0.08146687139333078	-0.125969676097442	1.20230030052475	0.08206392868404261	4.918397080287462	0.9354336935889209	0.2081397024079806	-0.6396803268169594	0.2412537626896294	-0.09149623024549469	-0.7842400893533903	-0.3405502671887448	1.03860522332334	-0.1244300387943527	-0.5634027030126857	0.4974198594130166	6.461932682872921	0	0	-0.2855477779009664	-6.563239674405314	0.1237824485372062	0.8117681998446871	-0.1308983777524916	-2.921075956201329e-07	1.577816069110381	-2.573005626510344	-0.1205634520337938	0.3895606254891018	-0.04618384363335129	0.689854220000642	1.151817478349917	-6.647757173834579	0	0	-0.2462324696304327	-0.2546313438343781	-0.3863635607733825	-0.8165782062999393	-0.008187674139722399	-2.249269191327407	0.8332722437743989	-4.698774762954289	-0.1903199978432785	-1.227565744307962	0.4180894316615355	3.080666786775696	1.999188761422674	-1.631347413282366	1.787818597681512	-0.514187666954608	-1.169386663702735	1.816029432510526	-0.6189237583600001	-2.273296769397998	-0.5858569008784789	0.2522514432067889	0.6166634210833405	5.832157716164712	0.8485080312149985	-1.004440113596267
1.3208333	-0.3716197095268838	1.168193322878948	0.2246184201993944	-0.2213807106777905	-0.1208640683115805	1.248001942689311	0.1025185198430665	4.899542185113886	0.9363492137902472	0.2314222785845934	-0.6387250998381777	0.2170993108172579	-0.09477701598777324	-0.793311067801869	-0.3360129422806392	1.138969460486846	-0.1270151877613572	-0.6782245784813182	0.5269821183622755	7.739116049106035	0	0	-0.3116871569007797	-5.972159316997343	0.1269893501725079	0.7265466219149557	-0.1308983801720005	-8.798452776876985e-07	1.564806317520753	-3.6790525361732	-0.118347025231921	0.6779375702303713	-0.04293267011479131	0.8729290023099582	1.124236661378155	-6.588397700126684	0	0	-0.2490470537011367	-1.107090959923714	-0.3890767639578415	-0.4833822105451784	-0.01792959944792008	-2.428531775213879	0.8130324589584423	-5.011842805038046	-0.1954390721934926	-1.226652160441354	0.4321078515863155	3.656102737331824	1.989009192850685	-3.271713503342761	1.78542760692521	-0.6334906585924082	-1.159274672702977	3.048287835414978	-0.6289393238606018	-2.536821262292496	-0.5825784519274221	1.33147872057408	0.6412176540114887	5.94519872132071	0.8455220609517966	-0.4233938598260389
1.325	-0.3654148280967711	1.815462188345648	0.2233988482212943	-0.3643620501600238	-0.1155732945551427	1.291042822557022	0.1228897886811817	4.878230658766681	0.9373630586243082	0.2552443424078437	-0.637872521797009	0.192015116161188	-0.0981297098017806	-0.8176932102430697	-0.331062038176648	1.237004691751832	-0.1300879357395644	-0.7971176677992494	0.5620025076306042	9.078337497431395	0	0	-0.3352185163620309	-5.312778734425286	0.1298284566140808	0.6352150035652833	-0.1308983851720947	-1.529008790881535e-06	1.547097371243123	-4.826235210767035	-0.1148843003766493	0.9868011332455193	-0.03889137470682528	1.06838271691346	1.096938021128431	-6.512346272358915	0	0	-0.2555466411340482	-2.020861861973956	-0.390371910427436	-0.1365029309984673	-0.02843853346381893	-2.616715509306211	0.7915455249616724	-5.297547553117228	-0.2005173753851298	-1.208335154038498	0.4486211867677695	4.275321667850855	1.971785788096641	-5.008239471114682	1.782539678058269	-0.7525949024900623	-1.143897550914535	4.341039306057941	-0.6400849304234761	-2.814467294564023	-0.5746781851479198	2.468315653557053	0.6661328749496104	6.005735184409854	0.8450249023593817	0.1890377907565493
1.3291667	-0.356539378102422	2.434413454107919	0.2215891246177181	-0.5029678756570706	-0.1101134909685279	1.32846705034927	0.1431710474800826	4.856885963056935	0.9384723588506927	0.2765489410322803	-0.6371237301075109	0.1676567258158093	-0.1015529898821709	-0.8183623793953433	-0.3257114774045302	1.330245936796083	-0.1336460792039001	-0.9086196210995308	0.6025396756987634	10.36012242291397	0	0	-0.3559632982098012	-4.649088662025545	0.1322757642707687	0.5386921600490368	-0.1308983928980486	-2.173234787766743e-06	1.524658853935983	-5.930132801346314	-0.1101504278205814	1.279877586979799	-0.03405223227891323	1.249950661284564	1.069969509567526	-6.432958938921857	0	0	-0.2658263376504638	-2.899773044975837	-0.3902311506485537	0.20052365790657	-0.03971315077995271	-2.790863377735112	0.7689018827973455	-5.570326850215442	-0.2055075615566801	-1.187790024843877	0.4676380061653236	4.834211547892707	1.947372429766431	-6.688349561875786	1.779161643188689	-0.8679331621945565	-1.123137880865657	5.613652800669068	-0.6523474754917556	-3.063214894488512	-0.562065542697582	3.573124737831705	0.691227027527905	6.03615060035021	0.84707268671021	0.788029633837552
1.3333333	-0.3452140724689575	2.991514451006587	0.2192185662957395	-0.63358793431598	-0.1045125738935095	1.358841334593411	0.1633652641581068	4.83668340508923	0.9396620674267926	0.2938537790526389	-0.6364732631508405	0.1448271031814965	-0.1048901585435572	-0.7763988453438758	-0.3199850251373008	1.4174971831544	-0.1376417430387014	-1.007171899551249	0.6481761888029388	11.52653019301389	0	0	-0.3739979289769897	-4.012124169570912	0.134310957448758	0.4374251198826004	-0.1308984032307121	-2.780338655369691e-06	1.497796849574183	-6.949802137340078	-0.1042650722284122	1.539576635720803	-0.02851214669369638	1.404896776059321	1.043325876573933	-6.356712719566412	0	0	-0.2795980729754177	-3.697186384235232	-0.3887304469951531	0.5162823649531373	-0.05166066898409021	-2.939843189454383	0.7451345710108274	-5.837178505904154	-0.2104227124201692	-1.172375076255244	0.4887521835614126	5.282289577028591	1.916230997937672	-8.238048709969025	1.775314572526107	-0.9777746446093729	-1.097199668362083	6.827019083207015	-0.6655424956857133	-3.262204180087591	-0.5450071981458846	4.60243270835814	0.7164071683181676	6.047299427634387	0.8515428895980311	1.351841164981634
1.3375	-0.331696021315617	3.486791920317349	0.2163203204330159	-0.7562284959998824	-0.09879964620907349	1.382167133278416	0.1834781649401343	4.81762201512527	0.9409155775208612	0.3071596871144362	-0.6359147221216204	0.1235251524188322	-0.1079637355128286	-0.6918005938068083	-0.3139073561034467	1.498762618953616	-0.1420211719157508	-1.092779233739457	0.6984336160260225	12.57761679619992	0	0	-0.3894345672253598	-3.401854682276567	0.1359143562259758	0.3314090221702746	-0.1308984160159661	-3.350349534951882e-06	1.466860917853093	-7.885292163659551	-0.09736699764903824	1.765910745222316	-0.02238176081793731	1.53322849877024	1.016992762882211	-6.283603954415493	0	0	-0.2965230135564644	-4.41314015620483	-0.3859583120303405	0.8107883468016723	-0.06417680956154344	-3.063662095609401	0.7202671205731793	-6.098115329267779	-0.2152844381176189	-1.162089568343228	0.5115030612158448	5.619577263348028	1.87890322175311	-9.657411302143663	1.77102117366256	-1.082124622210028	-1.066328410394764	7.981196396185192	-0.6794633179660096	-3.41144470299979	-0.5238168177206954	5.55628897270944	0.7415942296486602	6.039182201414658	0.8582891973450015	1.880499447575288
1.3416667	-0.3162431269787581	3.92023174935665	0.2129276989576746	-0.8708863299852565	-0.09300421307662909	1.398443632818888	0.2035140211196543	4.799702291734091	0.9422161972060742	0.3164662019025787	-0.6354417560757346	0.1037514397862334	-0.1105959949411186	-0.564568120318493	-0.3075035534290425	1.574040078275179	-0.1467303267711123	-1.165439103003298	0.7528302902399626	13.51335285404228	0	0	-0.4023840431567761	-2.818295808059666	0.1370661287246239	0.2206462404001477	-0.1308984310989756	-3.883252410572497e-06	1.432202507893956	-8.736577397399769	-0.08959538140132191	1.958873282151798	-0.01577211065981694	1.634941791232468	0.9909577311761388	-6.213634511079201	0	0	-0.3162613680210488	-5.047614244909964	-0.382003352175829	1.084033769997317	-0.07715643932437727	-3.162316218652506	0.6943247608304808	-6.353130844709005	-0.2201139945084982	-1.156933932630487	0.5354284752376591	5.846062523187807	1.835933004865704	-10.94639858053393	1.766304426103459	-1.180980392828816	-1.030771415307429	9.076154907727057	-0.6939023254548248	-3.510931090361006	-0.4988092500644588	6.434667921378597	0.7667073299609788	6.011798422918108	0.8671649999672546	2.373990527922258
1.3458333	-0.2991134775370861	4.291825761771212	0.2090740612572377	-0.9775589718796918	-0.08715578757799877	1.407670696352671	0.2234771113863316	4.782924623886275	0.9435472300331501	0.3217732440383523	-0.6350480058539845	0.08550638483331796	-0.1126092533454509	-0.3947060132413045	-0.3007987315485546	1.643327970038216	-0.1517151368875983	-1.225150229621136	0.8108841469545505	14.33372006160837	0	0	-0.412957425737341	-2.261460590654501	0.1377464864224196	0.1051396037356152	-0.1308984483246846	-4.379035828282466e-06	1.394173426170929	-9.50364043920254	-0.08108948466295277	2.118460816802787	-0.008794278236244133	1.710035170594665	0.9652083155240317	-6.146805955796972	0	0	-0.3384730749126612	-5.600596356315942	-0.3769542874029316	1.336012842070224	-0.09049438059031563	-3.235804096821377	0.667332824318664	-6.602219145068083	-0.2249326405404857	-1.156908108178845	0.5600661489819777	5.961743909768683	1.787864792595145	-12.10498430312874	1.761187349995124	-1.274339781734503	-0.9907764412682798	10.11187047088123	-0.7086518515292533	-3.560662745637253	-0.4702997102644667	7.237551190579318	0.7916655947968726	5.965149442934949	0.878023483052277	2.832303828330355
1.35	-0.2805639044968785	4.601591794359027	0.204792483320413	-1.076251542051927	-0.08128346071157344	1.409848766785902	0.2433731508708017	4.767288206240881	0.9448920759540144	0.3230810682638576	-0.6347270849735926	0.06878911178343307	-0.1138259669040054	-0.1822061190636425	-0.2938175182279768	1.706629620114747	-0.1569218944167729	-1.271915479772908	0.8721173512947117	15.03875779715423	0	0	-0.4212665153831749	-1.731322301542964	0.1379356843641466	-0.01511643223059651	-0.1308984675393051	-4.837723586588002e-06	1.353122696351087	-10.186518108683	-0.07198794569483935	2.244681009499514	-0.001558837401028645	1.758512241396713	0.9397301995835647	-6.083115080746819	0	0	-0.3628197058039746	-6.072113033988826	-0.3708994599506958	1.566737658209381	-0.1040864215860462	-3.284129257590607	0.6393146872243254	-6.845392186774735	-0.2297619817232971	-1.162012093748709	0.5849555938391414	5.966626975886062	1.735239501585714	-13.13322408293262	1.755692591968354	-1.362207270249455	-0.9465883105329135	11.0883928007902	-0.7235052977674324	-3.560642055986185	-0.4386013148824188	7.96497731932517	0.8163899458343895	5.899233022278314	0.890718639564581	3.255461348190004
1.3541667	-0.260852458776548	4.849520186675342	0.2001163138672027	-1.166961384525623	-0.07541674463644707	1.404977538074599	0.263206416584922	4.752793455168268	0.9462340390501022	0.3203894992157055	-0.6344726360999094	0.05360007686361768	-0.1140684351471878	0.07292799706524968	-0.2865850209728202	1.763943293713617	-0.1622965346127043	-1.305733265000307	0.9360479208089265	15.62844498735634	0	0	-0.4274223253755224	-1.227894625508929	0.1376139224765813	-0.1401191522545971	-0.130898488587831	-5.259303340563421e-06	1.309402048200444	-10.78519098558412	-0.06243000971553499	2.337529629624191	0.005823137338438702	1.780370881950063	0.9145109241060682	-6.022563527511302	0	0	-0.3889612545380171	-6.462150028397186	-0.3639275645919227	1.776201915695621	-0.1178273919782568	-3.307289635247915	0.6102956571739694	-7.082643920558961	-0.2346232770020286	-1.172245951517847	0.6096345447326885	5.860707615523767	1.678601461295751	-14.031088548952	1.749843162833304	-1.444580551782534	-0.8984546776954905	12.00569632926275	-0.7382550025197415	-3.510867230784125	-0.404029198715354	8.616926132388791	0.8407995039502691	5.81405004934486	0.9051037009240828	3.643451665802917
1.3583333	-0.2402373028327195	5.035607214605797	0.1950789394978632	-1.249686609655584	-0.06958515097308415	1.393057380898025	0.2829811915667509	4.739440677440339	0.9475564236795966	0.313698745466895	-0.6342782955170621	0.03993958959209785	-0.1131590511316444	0.3706886771681589	-0.2791263714115149	1.815267830881373	-0.1677849766129516	-1.326603239784263	1.002193614102254	16.10277163238861	0	0	-0.4315360757075818	-0.7511886831532305	0.1367614497379573	-0.2698653854172257	-0.1308985113150799	-5.643766308709962e-06	1.263363467793575	-11.2996477331959	-0.05255496575709107	2.397005650185165	0.01324055740771047	1.775611525899699	0.8895380049945311	-5.965152636302284	0	0	-0.4165575426481203	-6.770700911949749	-0.3561273841366994	1.964401352794867	-0.1316121071366161	-3.305285579866386	0.5803011378784743	-7.313968865588398	-0.2395377822542267	-1.187609251203197	0.6336407567932993	5.643992359549636	1.618495386402122	-14.79856084604838	1.74366210744808	-1.521457847179088	-0.846623576113063	12.86376117303314	-0.7526933140956054	-3.411341255737543	-0.3668987724336385	9.193384700263799	0.8648134202409526	5.709603262094364	0.9210317363221063	3.996266735475031
1.3625	-0.2189751008646828	5.159861810470641	0.1897133793808336	-1.324431188316147	-0.06381777152781705	1.37408772307948	0.3027031819076445	4.727229232113511	0.9488426293793029	0.3030084858561044	-0.6341376863140888	0.02780699425499467	-0.1109201307464745	0.71109021398641	-0.2714661611257472	1.860605695235216	-0.1733335367437955	-1.334526405899595	1.070076984713987	16.46176050029425	0	0	-0.4337192567281642	-0.3011815922245337	0.1353584476160199	-0.4043613596373178	-0.130898535567528	-5.991130945166822e-06	1.215355594335472	-11.7299130458373	-0.04250138636029858	2.423111926077093	0.02058287005352108	1.744233944792871	0.8647971631790612	-5.910879651352904	0	0	-0.4452704001709901	-6.997780495325881	-0.3475871287684078	2.131345003224632	-0.1453363767333007	-3.27811699524982	0.5493543613981586	-7.539378125638064	-0.2445271075909232	-1.208102730254941	0.6565137111006674	5.316470805464939	1.555461615722461	-15.43567781348141	1.737172021371659	-1.592842846608339	-0.7913392598980176	13.66262851987285	-0.7666136191346257	-3.262059353523197	-0.3275227387898019	9.694380693404153	0.8883525710550308	5.585887647000821	0.9383569820655683	4.313923492600644
1.3666667	-0.1973239967199168	5.222278766063993	0.18405301184365	-1.391193039278171	-0.05814411911315553	1.348068766116403	0.3223766693103483	4.716159453359465	0.9500759598383121	0.2883188329716608	-0.6340444461411986	0.01720263704796023	-0.1071740372715421	1.094125972755885	-0.2636295166113716	1.899955583111398	-0.1788881362298417	-1.329502107090555	1.139215838682977	16.70539882285617	0	0	-0.4340830407587291	0.1221148856266658	0.1333851521140679	-0.543604017915198	-0.1308985611900313	-6.301387577740461e-06	1.165730362453809	-12.07597356589937	-0.03240855460946566	2.415846629396979	0.02773898622547488	1.68623793343735	0.8402759203038789	-5.859745988218153	0	0	-0.4747596794957825	-7.143380395437505	-0.3383955624767405	2.277028095001483	-0.1588950159375666	-3.225783627521337	0.517480708310856	-7.758866077765305	-0.2496125104260307	-1.233726081505959	0.6777911411134231	4.878146824900587	1.490044787184572	-15.94241946712998	1.730395941774232	-1.658733639055711	-0.7328496765988706	14.40227706527615	-0.7798082559933887	-3.06302331575787	-0.286216450806976	10.11989937086229	0.9113360970440116	5.442905479630466	0.9569325426281438	4.59641304747953
1.3708333	-0.1755421715799834	5.222858809510343	0.178131243514964	-1.449970847643656	-0.05259369754393955	1.315001388229472	0.3420059401338273	4.706231565751425	0.9512397238216675	0.2696302833382658	-0.6339922081012364	0.008126717457836923	-0.1017432786733015	1.519785225884514	-0.2556415813016898	1.933316765683873	-0.1843946957159266	-1.311530930040631	1.209127861523372	16.83368490535461	0	0	-0.4327387747804014	0.5186915529328971	0.130821853982798	-0.6875898475759225	-0.1308985880273144	-6.574530096198018e-06	1.114839862040487	-12.33782401932015	-0.02241575735707222	2.375211135867936	0.03459783474778855	1.601625841974424	0.8159617769319969	-5.811752761082351	0	0	-0.5046851584762089	-7.207500051136652	-0.328641511776362	2.401447897127067	-0.1721828558189667	-3.148287638589408	0.4847056481733031	-7.972427667465103	-0.2548152389501519	-1.2644785053283	0.6970109334583883	4.329034926371449	1.422789767486604	-16.31877833872793	1.723356933280983	-1.719128840943132	-0.6714030814654619	15.08269118966276	-0.7920696326916524	-2.814239710388458	-0.2432954468101088	10.46993323741158	0.9336831921986432	5.280660885112632	0.9766114024549689	4.843729886415661
1.375	-0.1538862336431548	5.161601968652215	0.1719810511116253	-1.500767434792546	-0.04719561212297785	1.274884002159151	0.3615966934851266	4.697445092743162	0.9523173132522621	0.2469419398911815	-0.633974602104272	0.0005787998335147387	-0.09444995381139983	1.988088405343355	-0.247526921372266	1.960690844315026	-0.1897995323979844	-1.280612012119522	1.279335787561174	16.84662490562004	0	0	-0.429797687153018	0.8885674456787548	0.1276486525690226	-0.836325760049895	-0.1308986159260509	-6.810571611391035e-06	1.06303249940461	-12.51547697512249	-0.01266156149166061	2.301203494955066	0.04104883605533334	1.490393608958721	0.7918404856152645	-5.766897666233736	0	0	-0.5347087789519255	-7.190142540216033	-0.318413093063382	2.504610381847439	-0.185095682199283	-3.045625308587047	0.4510522795777229	-8.180073145857783	-0.260156917109257	-1.300361477861924	0.7137123394634346	3.669108752084677	1.354236552291348	-16.56477249379013	1.716077550268481	-1.774031351286675	-0.607243267059103	15.70390355343321	-0.8031910313744729	-2.515696595610836	-0.1990721515995522	10.74449909494644	0.9553146528588213	5.099146075582182	0.9972479778954131	5.05588588080724
1.3791667	-0.1326143640329893	5.038507487522597	0.1656358353843641	-1.543581294242901	-0.04197936997192812	1.227717316944297	0.3811532147303968	4.689800286307681	0.9532920350262389	0.2202542031704439	-0.6339852621607649	-0.005440879660739441	-0.08511652808534483	2.49902580675344	-0.2393106769202045	1.98207694646852	-0.1950485651236902	-1.236745629274042	1.34935731513944	16.74421436054175	0	0	-0.4253710851990852	1.231732725347136	0.1238458242245102	-0.9898083565816628	-0.1308986447309926	-7.009505122652685e-06	1.010660338252412	-12.60892513834552	-0.003285257929358616	2.193824281470152	0.04698091051091297	1.35254294569432	0.7678995517161354	-5.725181893199753	0	0	-0.5644903251887601	-7.091305346030913	-0.3077991204101872	2.586512307914904	-0.1975283183982823	-2.917798195472766	0.416546050724184	-8.381797316328047	-0.2656587961692642	-1.341374322594824	0.7274331908428737	2.898380151318224	1.284929970660166	-16.68039133506788	1.708580851322247	-1.823439654648345	-0.5406184205865942	16.26589711576727	-0.8129648351826495	-2.167399345282223	-0.1538620684960315	10.9435876367991	0.9761496567904432	4.898364713774914	1.018695278126888	5.232874672952105
1.3833333	-0.1119847070030022	4.853580546484838	0.1591290158058875	-1.578411685843912	-0.03697446075573851	1.173502718347008	0.4006797925220247	4.68329728881953	0.9541472059148984	0.1895678576524637	-0.6340178195676704	-0.009932231569466392	-0.07356566274158557	3.052583632907793	-0.2310179977945872	1.997474774445714	-0.2000877276976893	-1.179933300390237	1.418710160495229	16.52645988050635	0	0	-0.4195704188484888	1.548180117603899	0.119393705744368	-1.148033782740484	-0.1308986742868045	-7.171327191472717e-06	0.9580754965100244	-12.6181692975753	0.005573898690859213	2.053077273851093	0.05228302829361157	1.188078118818832	0.7441264632829935	-5.686606330137166	0	0	-0.5936896046913421	-6.91099377387664	-0.2968884449018243	2.647152475066827	-0.2093756338333433	-2.764810272990436	0.3812124916861939	-8.577595550698209	-0.2713421120170209	-1.387515870554157	0.7377116054402558	2.016871610234073	1.215414923976589	-16.66563678116739	1.700889915889837	-1.867352763026634	-0.4717769658945012	16.76866052077011	-0.8211835566242779	-1.769358109589978	-0.1079807955505837	11.06719680202268	0.9961074582181809	4.678322311989745	1.040806234498315	5.374693281152252
1.3875	-0.09225392605641974	4.60681226890375	0.152493541010136	-1.605260281481126	-0.03221001596222967	1.112237604024915	0.4201821210377108	4.677935788129833	0.9548662030284276	0.1548814303690885	-0.6340659083053054	-0.01289547148100696	-0.05961916286994542	3.648788455007191	-0.2226734355430412	2.006885067354177	-0.2048633148805053	-1.110172298432691	1.486917031113594	16.19335101313158	0	0	-0.4125067025504253	1.837924812166901	0.1142723058105816	-1.311009633468328	-0.1308987044402904	-7.296045585250097e-06	0.9056262991568658	-12.54320989653858	0.01377728706482954	1.878955716133434	0.05684453511402936	0.9969912338942621	0.7205069988387404	-5.651169125389322	0	0	-0.6219685244411949	-6.649199168659284	-0.2857691274155239	2.686533794077803	-0.2205333451799684	-2.586654197602288	0.3450745782460632	-8.76747724743389	-0.2772285116670578	-1.438788336569659	0.7440864053904542	1.024540815745278	1.146231299420376	-16.52050812385876	1.693027267054828	-1.90577278428447	-0.4009623405851984	17.21221790147126	-0.8276402837938573	-1.321553782249105	-0.06174061546837816	11.11533252395203	1.015108738793997	4.439008308022401	1.063435380101565	5.481348512809791
1.3916667	-0.07368018393989302	4.29820635105116	0.1457628269866933	-1.624126149419808	-0.0277155306779392	1.043923190558286	0.4396644882795285	4.673715954012917	0.9554323400694185	0.1161956098120558	-0.6341231601197714	-0.0143304732624794	-0.04309963435976068	4.287627499057866	-0.2143021384748278	2.010307383784983	-0.2093212547954148	-1.02746383155077	1.553495621455631	15.74489160041308	0	0	-0.4042913545892806	2.100958893652443	0.1084619453953352	-1.478732168253976	-0.1308987350361314	-7.383655974805779e-06	0.8536648631946241	-12.38404570292254	0.02118563847854012	1.671462585843721	0.06055438470437352	0.7792859187209846	0.6970286502894062	-5.618871242456108	0	0	-0.6489868739113609	-6.305924880177411	-0.2745300129721694	2.704654554435876	-0.2308963065563779	-2.383333339102211	0.3081578208970022	-8.951437636247167	-0.283339235620488	-1.495190674784439	0.7460956203840498	-0.07859240522325413	1.07792399985054	-16.24500415276568	1.685015979873358	-1.938698598560436	-0.3284229182276965	17.59655648073607	-0.8321274893944057	-0.823995319357213	-0.01545711393923345	11.08799093019919	1.033072730737797	4.180427751778223	1.086435660467764	5.552836542220621
1.3958333	-0.05652153232590356	3.927772425529295	0.138970298867982	-1.635009124256345	-0.02352047407365545	0.9685613712506392	0.4591311841658037	4.670637846644652	0.9558289454148243	0.0735114684094894	-0.6341832058775273	-0.01423725748980991	-0.02382993010766129	4.969083898237939	-0.2059292574657161	2.007741857166896	-0.2134075060594046	-0.9318103508330847	1.61796378229514	15.18109655784385	0	0	-0.3950359038045337	2.33727701085974	0.1019430116100948	-1.651197190910893	-0.1308987659189663	-7.434157593724076e-06	0.8025432588005573	-12.14068356796133	0.02765976054045711	1.430604064134646	0.06330161255479999	0.5349683564329357	0.673678895994089	-5.589713343466735	0	0	-0.6744045635879304	-5.881182080169722	-0.2632599580929929	2.701515086614137	-0.2403594483757198	-2.154853483069481	0.2704878049001953	-9.129472515287691	-0.2896955028435925	-1.556721346880762	0.7432776992019113	-1.29249758886241	1.011037844000084	-15.83913617336676	1.676879143670652	-1.966129613429594	-0.254407237969217	17.92166916635512	-0.8344378352003634	-0.2766964533421388	0.0305541191882232	10.98517539409705	1.049918765847799	3.902587542725716	1.109659985499592	5.589156919684783
1.4	-0.04103480132860324	3.495492711225246	0.1321488915737132	-1.637909728381888	-0.01965401651074634	0.8861485286767725	0.4785878999998597	4.668701318273523	0.9560393741633345	0.02682695728982179	-0.6342396808783517	-0.0126158196885693	-0.001631484693274979	5.693190362977922	-0.1975793402135811	1.999188364352672	-0.2170683176925235	-0.8232072648391003	1.67984398664857	14.50193882282888	0	0	-0.3848511988130754	2.546890507239906	0.09469541392812349	-1.828412979892617	-0.1308987969356626	-7.447552866001814e-06	0.7526098811906019	-11.81311181008556	0.03306091746292674	1.156368589612194	0.0649754417392302	0.2640268195994939	0.6504435347960539	-5.563694028819662	0	0	-0.6978833189332116	-5.374950380655629	-0.252047006404739	2.677115239915724	-0.2488183728713318	-1.901203662295542	0.2320873938862248	-9.301590430366387	-0.2963189926530848	-1.623383306378144	0.7351708353447368	-2.617233003553266	0.9461128452375469	-15.30288470368732	1.668639260126705	-1.988067145601725	-0.1791584890453324	18.18757156398703	-0.8343641256996616	0.3203690865620037	0.07598080744701145	10.80688098042093	1.065567376408793	3.60547434432147	1.132962941731474	5.590311388608293
1.4041667	-0.02747807966475245	3.001375356649684	0.125332029147985	-1.632827604808896	-0.01614563469636234	0.7966863869583677	0.498038925392207	4.667906456475174	0.9560469504233855	-0.02385694710350314	-0.6342862159793813	-0.009466143757260671	0.02367291713404682	6.459931049669183	-0.1892775378507495	1.984646895060787	-0.2202496387461812	-0.7016567139207394	1.738654028908873	13.70743054247016	0	0	-0.3738487448220041	2.729793390542608	0.08669952221396982	-2.010375452932145	-0.1308988279308641	-7.423840134396159e-06	0.7042168248788045	-11.40133525963047	0.03724989276798593	0.8487615425176833	0.06546488331547794	-0.03353314748265879	0.6273100479702551	-5.540814035987213	0	0	-0.7190830079579995	-4.787238997877006	-0.2409800147425924	2.631454834564404	-0.2561679876078292	-1.62238905840967	0.192982155312354	-9.467787037522678	-0.3032309301684616	-1.695175138074804	0.7213133561999627	-4.052770844723868	0.8836938628836924	-14.6362579202234	1.660319415823572	-2.004510470791984	-0.1029251780912034	18.39425516018257	-0.8316989679355407	0.9671887620171685	0.1205073507067113	10.55310925106259	1.07993786643431	3.289094593640386	1.15619744269822	5.55629865528509
1.4083333	-0.01610927077281191	2.445434446643713	0.118553135198595	-1.619763162880958	-0.01302477096286389	0.7001773469403639	0.5174885504996284	4.668253239226799	0.955835017776981	-0.07853888439065319	-0.6343164429919702	-0.004788360303195435	0.05226019245730785	7.26928602187498	-0.1810489968905844	1.964118013847421	-0.2228974643022383	-0.5671620813691736	1.793911998200431	12.79759493736711	0	0	-0.3621401255412254	2.885982232700437	0.07793577816740478	-2.197080072087159	-0.1308988587492164	-7.363021303707306e-06	0.6577160365104469	-10.90536683047826	0.04008758634547693	0.5077915067185935	0.06465906204097534	-0.3577034451832691	0.6042659070118476	-5.521073801071058	0	0	-0.7376637174603894	-4.118064970015904	-0.230147825929773	2.564535731769005	-0.262303306642072	-1.318417268826541	0.1531977242983507	-9.628058561233566	-0.3104525128186263	-1.77209493430812	0.7012441412063662	-5.599072670918035	0.8243255156850879	-13.83927651532605	1.651942705019434	-2.015459392152009	-0.02595590625863423	18.54171712641785	-0.8262352177267925	1.663745258355073	0.1638182352496056	10.22386901363474	1.092949662635736	2.953456577320544	1.179216408506251	5.487120802013272
1.4125	-0.007185482683830301	1.827643295616668	0.1118451452997045	-1.598715775494828	-0.01032064723370157	0.5966167761147173	0.5369424658060371	4.669741683174234	0.9553869021125182	-0.1372214793466184	-0.634323995784574	0.001417755210827335	0.08430935394744928	8.121294129255588	-0.1729182719593936	1.937600735310506	-0.2249579743352047	-0.4197169113387424	1.845139925443425	11.77238833471189	0	0	-0.3498360718336569	3.015464530897775	0.06838398350907469	-2.388535799322772	-0.1308988892375841	-7.265093454439383e-06	0.6134561331041801	-10.32518271576341	0.04143508785638599	0.1334421153913278	0.06244703044055692	-0.7084996339256016	0.5812969254337699	-5.504472376524751	0	0	-0.7532868447223905	-3.36739617620503	-0.2196385046109323	2.476354719361197	-0.2671197724693487	-0.989273702666792	0.1127568629812506	-9.782412694655282	-0.318005461456098	-1.854146387287385	0.6745005557892915	-7.256212705811037	0.7685481778708585	-12.91190223327574	1.64353161788012	-2.020914435238436	0.05150627899147027	18.6299645409805	-0.8177653063987678	2.410072010822524	0.20560105498991	9.819144464353101	1.104523113251446	2.598544184479374	1.20187441583259	5.382774508202744
1.4166667	-0.0009646744316930454	1.148014504318168	0.1052414843655869	-1.569685660410165	-0.008062715492371367	0.4860069061445425	0.556404961502895	4.67237179369445	0.9546859415436758	-0.1999034675762349	-0.6343025057007572	0.009152108854916673	0.1199973996249137	9.015936458587394	-0.1649105116234777	1.905095480295934	-0.226377150477155	-0.2593242763839489	1.891855808776491	10.63183118671301	0	0	-0.3370481517899453	3.118236216017632	0.0580245612678407	-2.58473821061617	-0.1308989192406069	-7.130057601266462e-06	0.571789110903318	-9.660793808469284	0.04115326309273376	-0.274278848507961	0.05871788085384741	-1.085914252916611	0.5583905767052481	-5.491010273793074	0	0	-0.7656124096230901	-2.535247699129697	-0.2095409003013614	2.366913148300489	-0.2705123687486112	-0.634965353395142	0.07168519045328452	-9.930845520154575	-0.3259109812019444	-1.941327712465921	0.6406213247536235	-9.024155167183626	0.7169065478876236	-11.85415263744103	1.635109247568894	-2.020875271342992	0.1292127912538564	18.65899315410677	-0.8060820201129374	3.206152898840925	0.2455402632850941	9.338942599389293	1.114577611428218	2.224365239361402	1.224024377865707	5.243261012145512
1.4208333	0.002304886278439524	0.4201488487916832	0.09877508431243306	-1.533369316195226	-0.006279216080825006	0.370033775650094	0.5758804081817335	4.676260432073525	0.9537163975327037	-0.2652884953432823	-0.6342457761893865	0.01817063635940062	0.1594895194568862	9.9366889773988	-0.1570508192644341	1.866651313416294	-0.2271033880350185	-0.08937562187253552	1.933590753663615	9.394206342387857	0	0	-0.3238874989895589	3.19498838735799	0.04684030616061813	-2.782378747840048	-0.1308989486060329	-6.962327578868201e-06	0.5330567803535915	-8.926528599422049	0.03910891250719763	-0.7070394889768904	0.05336605490526865	-1.482443829558629	0.535538135734228	-5.475204819423196	0	0	-0.7743122740497929	-1.638239551325672	-0.1999411025274968	2.240131989208757	-0.2723808226083963	-0.262135579242978	0.0300105698176521	-10.07020942681322	-0.334188927666586	-2.031742023201294	0.5991692788302625	-10.86912657594587	0.6699286977617303	-10.68942879436672	1.626698723052156	-2.015292101039492	0.2069151031511523	18.62892317970957	-0.7909897997779088	4.035627942863091	0.2833278003027629	8.793804104684181	1.123039065945141	1.840102206092384	1.245522466021806	5.073206674282238
1.425	0.002592084840126799	-0.2744899594876571	0.09246730321518362	-1.493938353591476	-0.004971381515746704	0.2587912455853214	0.5953764470904709	4.682109622931162	0.9524831391260261	-0.3256109715629138	-0.6341515008793785	0.02701073520235094	0.2026902184218022	10.78458338733055	-0.1493629660239103	1.822554821355355	-0.2271392297893441	0.0698131299034296	1.970170346145504	8.168969343473334	0	0	-0.3104532306040896	3.249880620445456	0.03486596783705274	-2.961643558649517	-0.1308989772541483	-6.788352578622842e-06	0.4973696272971072	-8.208214424193343	0.03530158031560998	-1.114931926970886	0.04640528421880917	-1.853143781137921	0.5128168112881429	-5.42415584806174	0	0	-0.7793239935696165	-0.7759176967394285	-0.1908619387816813	2.119512132971867	-0.2727309431866171	0.08942727447104616	-0.01219192048439339	-10.18164432642168	-0.3428294939710868	-2.114025274078876	0.5502429033878032	-12.5888401804728	0.627766060154219	-9.557909695187686	1.618323366217725	-2.003864648204986	0.284372182155756	18.54046589252782	-0.7725529464778053	4.800496188019206	0.3188264445141702	8.246865519790424	1.129980494256505	1.500776904163538	1.26630021700566	4.90033558356812
1.4291667	8.249119142242336e-05	-0.9223006726001828	0.08632885709021074	-1.452089179743741	-0.004113692943214168	0.1539654277749362	0.6149011858948957	4.690036271797323	0.9510117830714764	-0.3795744520340618	-0.6340212717269104	0.03542834267866549	0.2492376219214405	11.54309430282416	-0.1418705234747401	1.772854931937795	-0.2265412623515544	0.2148503565349323	2.001708641123515	6.974402898954837	0	0	-0.2968343459793865	3.283603473269802	0.02218986353432897	-3.119223723076603	-0.1308990051735467	-6.612546179971682e-06	0.4646123909839576	-7.52017981341251	0.0298638509556698	-1.489623869111191	0.0379693634703929	-2.190510194767179	0.4903930409879105	-5.332379972013239	0	0	-0.7808495665155337	0.03509741745338641	-0.1822643567740705	2.008974604129823	-0.2716743544334228	0.413079498115657	-0.05479398187117866	-10.26200201314878	-0.3517920178627471	-2.186280428730918	0.494482319672206	-14.14952030390369	0.590200192969043	-8.482996643103949	1.610007903876375	-1.986542974353185	0.361339292496117	18.3937401023398	-0.751097801212789	5.484396495873177	0.3520643688283542	7.70866723511284	1.135620808930252	1.215572656273464	1.28636143569007	4.729273922011782
1.4333333	-0.005028623715906429	-1.523269428997674	0.08036996268053813	-1.407822886078366	-0.003679419404023438	0.05555860702048406	0.6344628107352693	4.700040113646669	0.9493288681144807	-0.4271778705637436	-0.6338568534690957	0.04342327197682745	0.2987580745281074	12.21220673751769	-0.134597011047923	1.71755303967049	-0.2253684854549262	0.3457330866031488	2.028332852544574	5.810534574075275	0	0	-0.283119381187883	3.296156898574538	0.008902672180301083	-3.255116239862414	-0.1308990323559535	-6.434912667748732e-06	0.4346595917962026	-6.862440189731167	0.02293424404459176	-1.831107518061898	0.02819743296655757	-2.494536173705451	0.4684370416151908	-5.1998808600262	0	0	-0.7791028521624409	0.7947881740589269	-0.1741065373231622	1.908521692604103	-0.2693274224528945	0.7088143288662663	-0.09766509379158694	-10.31128167718724	-0.3610344904223449	-2.248506114053276	0.4325517276042559	-15.5511352153291	0.5569959822599189	-7.464713398037187	1.60177709181156	-1.963327707389499	0.4375718279259047	18.18875142816883	-0.7269623418194268	6.087315367748094	0.3830772735326735	7.179221852661104	1.140185417713057	0.9844943589425499	1.305713205421138	4.560025729921832
1.4375	-0.01254639049749187	-2.077425075641969	0.07460040971393155	-1.361137347779261	-0.003641804072484273	-0.03643394028100545	0.6540709165557711	4.712121628671292	0.9474608089715	-0.468423512152609	-0.6336599985733022	0.05099590685958428	0.350881526503873	12.79195280932186	-0.1275654268180947	1.656646490020139	-0.223679806785799	0.4624676025796372	2.050172050834411	4.67730850226122	0	0	-0.2693958825933722	3.287541498933717	-0.004905892411384108	-3.369327631952114	-0.130899058795043	-6.255443515578446e-06	0.4073836286385785	-6.234963981142244	0.01465076069530093	-2.139399265300409	0.01722791172192902	-2.765236311433211	0.4471174526650193	-5.02665215204149	0	0	-0.7742975421863628	1.503191038816937	-0.1663460796539916	1.818148576577812	-0.2658063274869301	0.9766459622218677	-0.1406778272587575	-10.32948568399878	-0.3705155720627891	-2.300705316926633	0.3651107860209279	-16.79375219334119	0.527915978499949	-6.503011081609617	1.593655093897509	-1.934217732963287	0.5128306651495744	17.92549003040113	-0.7004827721341929	6.609281744212837	0.4119030647509271	6.65850395865025	1.143900041395443	0.8075309202350639	1.324363994296362	4.392582883255071
1.4416667	-0.02227559829988441	-2.584752627119483	0.069030419360151	-1.312033598236168	-0.003974125830311065	-0.1220097753281132	0.6737336904970675	4.726280601704439	0.9454341396275031	-0.5033101579929921	-0.6334324709771313	0.05814605037570471	0.4052343893338872	13.28231538668793	-0.1207992957465775	1.590136543013165	-0.2215342129888621	0.5650505934116705	2.06735333355032	3.574752984843129	0	0	-0.2557523850129158	3.257756719029778	-0.01914516490244873	-3.461854377659442	-0.1308990844825229	-6.074142965109461e-06	0.3826590876686893	-5.63776733700116	0.005151886375828152	-2.414490516685249	0.005199909639718387	-3.002602911210953	0.4266045041692874	-4.812696539369727	0	0	-0.7666474198912958	2.160287163181562	-0.1589411746305897	1.737857787946359	-0.2612274060654179	1.216566965508073	-0.1837016666496532	-10.31661247792898	-0.3801932600875741	-2.342876423574452	0.2928235546781581	-17.87733569025731	0.5027251695736218	-5.597914812277285	1.585666668239255	-1.899213537519777	0.5868711774214269	17.60396012962714	-0.6719970097003215	7.050280183375468	0.4385773898246608	6.14652636485554	1.146990064615698	0.6846885355663355	1.342320868736614	4.226949465746081
1.4458333	-0.03402082397426862	-3.045241593450834	0.06367019363121394	-1.260512902983862	-0.004649628045754798	-0.2011670753151725	0.6934593144517607	4.74251661814619	0.9432754092938265	-0.5318371997322741	-0.6331760375627228	0.06487354613256346	0.4614428604828549	13.68328591876251	-0.114322117311547	1.518024996594603	-0.2189907345720435	0.6534801065739181	2.080004245403233	2.502893378819454	0	0	-0.2422774155835863	3.206804035777221	-0.03372443860723546	-3.532695036995044	-0.1308991094101733	-5.891015433022001e-06	0.3603603101110386	-5.070863499865844	-0.005423776769896105	-2.656375865277926	-0.00774736176412537	-3.206631476274024	0.4070683487234872	-4.558020623049655	0	0	-0.7563665416793962	2.766062623985071	-0.1518499789844114	1.66765089071528	-0.2557070962681646	1.428572585433471	-0.2266060952750835	-10.27266348669405	-0.3900255329262461	-2.375018782903962	0.2163545585691867	-18.80186542539531	0.4811881700079494	-4.749444274391807	1.577836560119076	-1.858316173341502	0.6594488549533221	17.22417154013532	-0.6418431646528548	7.410303016157225	0.4631361026332793	5.643301043995161	1.149680931972916	0.6159682048032402	1.359590961777625	4.063129387426677
1.45	-0.047587516578688	-3.458914078460061	0.05852955099144239	-1.206572788989404	-0.005641607163213685	-0.273909639853375	0.7132573912361124	4.760830457337797	0.941011009847427	-0.5540060066903693	-0.6328924463806459	0.07117871705512506	0.519137211242872	13.99488365243909	-0.1081569278122823	1.440308389354845	-0.216108213426957	0.7277603867509252	2.088253186089771	1.461678234105925	0	0	-0.229058532189138	3.134681003408117	-0.04855406173304257	-3.581853010364974	-0.1308991335715599	-5.706052129186965e-06	0.3403600622692783	-4.534225257916734	-0.01693840264244593	-2.865066921760941	-0.0214756358937781	-3.377331800150241	0.3886777419770208	-4.262612178441704	0	0	-0.7436681895802701	3.320546498914817	-0.1450301431392536	1.607524514899588	-0.2493614260124956	1.612672998430639	-0.2692636857474153	-10.19763660070869	-0.3999710793025802	-2.397133937773092	0.1363627586764295	-19.5673857768925	0.4630680903111283	-3.957558740715743	1.570188952645301	-1.811523677323579	0.7303243990137294	16.78610603178168	-0.6103571519411343	7.689367523930576	0.4856167994944139	5.148803840867237	1.152198274316591	0.601366629317119	1.376182641594808	3.901114784807284
1.4541667	-0.06278029901433042	-3.825758468302529	0.05361869860504648	-1.150214463750955	-0.006923314466858803	-0.3402354921371996	0.7331361043663671	4.781221754537931	0.9386674876468678	-0.5698158178999853	-0.6325834636402747	0.0770613966110516	0.5779436791766648	14.21709789167758	-0.1023272339382861	1.356988384758459	-0.2129456712183664	0.7878891417834821	2.092227593132332	0.4511336437883023	0	0	-0.2161842670620327	3.041388590775893	-0.06354333467845025	-3.609326337352534	-0.1308991569584444	-5.519257426564648e-06	0.322532742059654	-4.027866580415437	-0.02925341328700744	-3.040557482390296	-0.03584572163663845	-3.514698586076451	0.3716028619935812	-3.926476829146687	0	0	-0.7287663594170718	3.823723633451208	-0.1384398308474286	1.557480466478735	-0.2423068121771461	1.768862781358421	-0.3115439169824578	-10.09153250184196	-0.4099878808604366	-2.409220996416686	0.05351258753792584	-20.17387264729378	0.4481296298592586	-3.222279254134877	1.562748595190039	-1.75883696028836	0.799253261834745	16.28977202042174	-0.5778770456970511	7.887464094401834	0.506055283963732	4.66304693795543	1.154767529373621	0.6408861078697491	1.392103024841494	3.74090961134565
1.4583333	-0.07940363807994313	-4.145767644567744	0.04894782157668155	-1.091439366911718	-0.00846797342734457	-0.4001432713568666	0.7531036296177847	4.803689945572083	0.9362713966463901	-0.5792664828488693	-0.6322508579885386	0.08252145882660841	0.6374883950851965	14.34992652113322	-0.09685651017193297	1.26806718418864	-0.209562156492682	0.8338654380397617	2.092055314402799	-0.5287172433794913	0	0	-0.2037431193518432	2.926929798966042	-0.07860154251586821	-3.615115139237928	-0.130899179562663	-5.330635874490721e-06	0.3067525388002821	-3.551798529826145	-0.04223015391290248	-3.182844530624946	-0.0507183662670506	-3.618729737264323	0.3560137605288634	-3.549624108493582	0	0	-0.711875258543891	4.275583798452692	-0.1320371838272973	1.517519583542295	-0.2346597396984828	1.897139190458611	-0.353316304121993	-9.954354855333653	-0.4200339124032722	-2.411280029753345	-0.03153124790847422	-20.62131720614437	0.4361371825972717	-2.54362142343068	1.555540217229681	-1.700257498895501	0.8659910825272371	15.73518351560905	-0.544741015484145	8.004590888090435	0.5244875556465417	4.186041678686406	1.157614129887349	0.7345237436744673	1.407359292614578	3.582517646796787
1.4625	-0.0972632169867588	-4.418956967941932	0.04452677145993673	-1.030244677221904	-0.01024892220926047	-0.453635853131787	0.7731695814180753	4.828236108930677	0.933849117329457	-0.5823584551761974	-0.6318963738196811	0.087559165788975	0.6974017904028735	14.39337591668223	-0.09176784112309906	1.173540519359471	-0.2060164708191297	0.865691482417294	2.087864134074795	-1.477921460992553	0	0	-0.1918226965665606	2.791299133868656	-0.09363905644180086	-3.599219693888094	-0.1308992013776699	-5.140178418791648e-06	0.2928925316913871	-3.105998254516817	-0.05573091367426819	-3.291934896352481	-0.06595539560858392	-3.689430247289011	0.3420793826938918	-3.132035927262383	0	0	-0.6932078516945696	4.67614868355421	-0.1257798855535193	1.487639947937201	-0.2265361344075895	1.997508383097359	-0.394453365439527	-9.786097076551378	-0.4300678729154441	-2.403311136618252	-0.1181101982792283	-20.90974093112674	0.4268543171792049	-1.92155267250607	1.548588031716077	-1.635782481285869	0.9302982820420617	15.12231389666947	-0.5112848331045786	8.040753527172425	0.5409509167865957	3.717765166441387	1.160963714182582	0.8822840314096979	1.421959716424315	3.425931288224753
1.4666667	-0.1161635345352131	-4.645318196149355	0.04036573923711739	-0.9666317762881003	-0.01223939027418287	-0.5007117226523286	0.7933421377893753	4.8548597302978	0.9314272027052198	-0.5790914317550442	-0.6315217792346119	0.09217438138470652	0.7573100092138502	14.34744181779316	-0.08708471016649148	1.073410457173674	-0.202367658146379	0.8833660016503737	2.079781802032764	-2.3964551242097	0	0	-0.1805115093019098	2.634499088508147	-0.1085651621075545	-3.561639602155887	-0.1308992223952822	-4.947889564706583e-06	0.2808269576590304	-2.690477543655304	-0.06961705200947489	-3.367824766226352	-0.08141756733894984	-3.726797219363688	0.3299698179305353	-2.673720841344111	0	0	-0.6729783010360929	5.025406828262367	-0.1196260817406388	1.467842639726944	-0.2180524684128828	2.069966945666719	-0.4348246023587546	-9.58676208488774	-0.440047737406319	-2.385314147257622	-0.2055596013820303	-21.03913117501318	0.4200454954173993	-1.35608996867667	1.541916773983704	-1.565413242658936	0.9919304440299159	14.45117577472359	-0.4778466564089257	7.995948228952311	0.5554813192875343	3.258228954412486	1.165041724366652	1.084165373183694	1.435911461528027	3.271154358810481
1.4708333	-0.1359089896162276	-4.824847582348434	0.03647489092916125	-0.9006022778619311	-0.01441258697011827	-0.5413699811046032	0.8136294665199223	4.883560095924356	0.9290322057478213	-0.5694657199135289	-0.6311288442648147	0.09636701005896028	0.8168391960992091	14.21212854462986	-0.08283056174570648	0.9676796024525985	-0.1986747723231534	0.8868890810006851	2.067936441706483	-3.284297292521611	0	0	-0.1698980096678265	2.456534188141004	-0.1232891558594761	-3.502376546591075	-0.1308992426073938	-4.753773992452228e-06	0.270429881366112	-2.305245279612038	-0.08374989136106535	-3.410513514102975	-0.09696561752249042	-3.730830956676363	0.3198549805010626	-2.174691316357974	0	0	-0.6514009186991564	5.323351697461823	-0.1135339081678715	1.458127771085145	-0.2093252483881247	2.114514143941699	-0.4742995898214775	-9.356355783106048	-0.4499314860784076	-2.357289854601433	-0.2932147114622664	-21.00949055757637	0.4154749416193319	-0.8472448451537531	1.535551152398348	-1.489151684051493	1.050643408941494	13.72178735459004	-0.4447646415192444	7.870178983547753	0.5681149006144274	2.80744375673482	1.170073532618988	1.340160975556227	1.449221755455316	3.118190508032164
1.475	-0.1563054153050028	-4.95755374408759	0.03286411553163487	-0.8321530124767584	-0.01674188063195029	-0.5756125801162431	0.83404119738824	4.914338583449937	0.9266905069932384	-0.5534808576100895	-0.6307193104086787	0.1001372530611333	0.8756197817479545	13.98742960205129	-0.07902853886717075	0.8563428800340128	-0.1949966000686283	0.8762608895787418	2.052455276952693	-4.14149058303425	0	0	-0.1600698929008124	2.257395890315323	-0.1377213928515381	-3.421427682521471	-0.130899262007344	-4.557822384884715e-06	0.2615746404070844	-1.950282970942471	-0.09799177637680433	-3.42000318907503	-0.1124614044027611	-3.701531652849519	0.3119040782853759	-1.634923398503494	0	0	-0.6286884444724909	5.569997592735128	-0.1074610632128407	1.458494875690647	-0.2004703483164866	2.131152116222029	-0.5127507358242543	-9.094867111526847	-0.4596778101263648	-2.319236913462113	-0.3804171044795875	-20.8208176560439	0.4129065806956258	-0.3949928769805762	1.529515420364812	-1.406994144850146	1.106197212528415	12.93411362506447	-0.4123745628304722	7.663439753938369	0.578888684669437	2.365387935372678	1.176284882156045	1.650283126512828	1.461898776308199	2.96703239350748
1.4791667	-0.1771572284458297	-5.04343181065996	0.02954358566858423	-0.7612855358476027	-0.01920048467360882	-0.6034384668735	0.8545855010526716	4.947194528984044	0.9244286603782083	-0.5311369995581693	-0.6302949472784141	0.1034850046966704	0.9332778972095173	13.67334716503465	-0.07570209654781968	0.7394027602588096	-0.191392194879211	0.8514811730123459	2.033466342414826	-4.968013319150887	0	0	-0.1511156289077203	2.037088212226539	-0.1517711635036399	-3.318794172069501	-0.1308992805870072	-4.3600393787515e-06	0.2541353379689984	-1.625600226720762	-0.1122040337682118	-3.396292368193417	-0.1277656644474876	-3.638898811072666	0.3062870754498934	-1.054428575961999	0	0	-0.6050551606915903	5.765336747615039	-0.1013656836262724	1.468944307690987	-0.1916042704169035	2.119879458432965	-0.5500475922677038	-8.802301227066311	-0.4692446869502049	-2.27115587609726	-0.4665020317152473	-20.4731112734155	0.4121046878394912	0.0006530440973374619	1.523834293875224	-1.31894238463151	1.15834762230078	12.08817139253267	-0.3810145890418936	7.375732587026895	0.5878387638380321	1.932072414226703	1.183901170757424	2.014526331508165	1.473949736319528	2.817683708140573
1.4833333	-0.1982688021664193	-5.082481406792902	0.02652344610087353	-0.6880016358345017	-0.02176160009540144	-0.6248472045583821	0.875270535444753	4.982127069203002	0.9222732121737683	-0.5024349109262551	-0.6298575259098217	0.1064101998296213	0.9894397812889661	13.2698919892524	-0.07287464414949345	0.6168622513864778	-0.1879206031697688	0.8125510354566889	2.011098009477495	-5.763846768606913	0	0	-0.1431236037067094	1.795617203302103	-0.1653477949519375	-3.194479259054481	-0.1308992983383365	-4.160429786770755e-06	0.2479859413107081	-1.331203749223521	-0.1262479930910224	-3.339382815712011	-0.1427391525107166	-3.54293513451014	0.303173712109829	-0.4332222466428297	0	0	-0.5807154380884231	5.909366321012465	-0.09520590832218614	1.489475453343828	-0.1828435179813657	2.080697445882736	-0.5860598218626966	-8.47866627001123	-0.4785901111766357	-2.213048257448222	-0.5508048517257269	-19.96638547969129	0.4128333686655771	0.3396854604389749	1.518532454880052	-1.224998728809479	1.206850732489934	11.18398305707827	-0.3510227899641015	7.007067302529178	0.5950014055789001	1.507507278140393	1.193147661330465	2.432879900448513	1.485381907823154	2.670147971132798
1.4875	-0.2194460351167149	-5.074704406897014	0.02381362761875778	-0.6122977947539735	-0.02439861385260844	-0.6398398208067392	0.8961059494331842	5.01913788089557	0.9202505544144209	-0.4673732139920473	-0.6294087856659096	0.1089129788715993	1.043735703042182	12.77704470854627	-0.07056939316112386	0.4887154713784808	-0.1846406222817648	0.759468608235269	1.985476996886676	-6.529029132019081	0	0	-0.1361816383670681	1.532971272748137	-0.1783615872761309	-3.048476976265111	-0.1308993152545532	-3.958984027517793e-06	0.2429999919185515	-1.067079407193739	-0.1399859947266903	-3.249271799928583	-0.1572436992565797	-3.413636016831766	0.3027335322212185	0.2287254078349027	0	0	-0.5558818838572678	6.002093226457537	-0.08893943243327035	1.520089298159927	-0.1743039633834636	2.013604197804645	-0.6206596663907528	-8.123946705635118	-0.4876727481603251	-2.144911268304678	-0.6326669795581743	-19.30061595164398	0.4148568024518392	0.6221206458606879	1.513634207846482	-1.12515866801642	1.251466088766622	10.22150521696675	-0.3227350883247677	6.557426204228423	0.6004133711849015	1.091672147661156	1.204250299399613	2.905363914626476	1.496203378769775	2.524418100655474
1.4916667	-0.2404933043294774	-5.020099311834348	0.02142428231166756	-0.5341757424294626	-0.02708472908646217	-0.6484157248007142	0.9170999044428358	5.058226150596665	0.9183872362414821	-0.4259525213093603	-0.6289504972899523	0.110993266546942	1.09579186092774	12.19481393340206	-0.06880976519889663	0.3549652940138669	-0.1816113025231742	0.6922346558693987	1.956731596441729	-7.263540941035252	0	0	-0.1303781430546376	1.24915596193107	-0.1907218551805845	-2.880790047093378	-0.1308993313275904	-3.755706869543324e-06	0.2390514864917382	-0.8332346296118092	-0.1532793625398559	-3.125960288291492	-0.1711400499425234	-3.251003361203386	0.3051363380214001	0.9313999669996478	0	0	-0.5307688543267945	6.043513391509224	-0.08252439282038161	1.560785470370865	-0.166102113833484	1.918600319657162	-0.653716756198465	-7.738149928377675	-0.4964505867170782	-2.066746182935602	-0.7114237230952617	-18.47581294250077	0.417939128716982	0.8479497841871469	1.509164244119575	-1.019424386206076	1.291949694941179	9.200758873849013	-0.2964895908019035	6.02681716862559	0.6041108856571898	0.6845773173980846	1.217434389708567	3.431968982843166	1.506421406739313	2.380497659335926
1.4958333	-0.2612149993138155	-4.918669117901152	0.01936553150403894	-0.4536374408294299	-0.02979314422451961	-0.6505749417182037	0.9382605466788567	5.099390865408025	0.9167097914998813	-0.3781740558870477	-0.6284844324418313	0.112651028138591	1.145234668418543	11.52321685500088	-0.06761912949991991	0.2156151309902784	-0.17889167013884	0.6108513014077734	1.924990399879048	-7.967365671635394	0	0	-0.1258014186436652	0.9441788444493407	-0.2023379761071306	-2.69142327662815	-0.1308993465494621	-3.550603257365652e-06	0.2360143221362508	-0.6296739386605938	-0.1659894630794112	-2.969452435452057	-0.1842890082120008	-3.05504227076566	0.3105516588249067	1.674783100651849	0	0	-0.5055907326549223	6.033627669104623	-0.07591894060629331	1.611562630318345	-0.1583544441224817	1.795689096281723	-0.6851008697348108	-7.321286316049208	-0.5048816449229409	-1.978555238293714	-0.7864106883323925	-17.49200197248915	0.4218443853274553	1.017169493347503	1.505147213929769	-0.9077986331694564	1.328057951466397	8.121770623073749	-0.2726242080246651	5.415255845034715	0.6061303385819251	0.2862322429031307	1.232925037184411	4.012680518351329	1.516043307241408	2.238390036098694
1.5	-0.2814170000051934	-4.770408956370217	0.01764735213352576	-0.370679024053546	-0.03249725329256056	-0.6463175752032777	0.9595975478394888	5.142634001267581	0.9152446351686537	-0.3240355243220719	-0.6280123291096457	0.113886343220374	1.191694072049635	10.76222123616716	-0.06702077612158412	0.07065829339286969	-0.1765405585648505	0.5153146383868766	1.890379676039953	-8.640537107947097	0	0	-0.1225394501405003	0.6180252811670892	-0.2131201560294584	-2.480367575119012	-0.1308993609132683	-3.343663346239504e-06	0.2337621897279678	-0.4563875632705969	-0.1779785727005645	-2.779740728913144	-0.1965523171503122	-2.825743339235752	0.3191494479711632	2.458910491752837	0	0	-0.4805600857921301	5.972435584721461	-0.06908074953086001	1.672423215345042	-0.1511768752527958	1.644864627845208	-0.7146840266281848	-6.873335858876181	-0.5129245442423095	-1.880334201145945	-0.8569688431485307	-16.34913581792699	0.4263369040392922	1.129787896017752	1.50160748341606	-0.790276050784689	1.359549809050529	6.984488672376277	-0.2514751567934118	4.722712878042587	0.606508244374954	-0.1033821966932029	1.250948487075917	4.647526395750653	1.525077081332358	2.098088409668727
1.5041667	-0.3009036857694546	-4.575320699672502	0.01627987357858784	-0.2853023960336751	-0.0351702549340686	-0.6356434964339699	0.9811190582464488	5.187954595135663	0.9140183058706907	-0.2635379970086144	-0.6275359587874976	0.1146991669355225	1.234796418132595	9.911842122895345	-0.06703808823634838	-0.07990194156116295	-0.1746170021845799	0.4056264502215251	1.85302794627668	-9.283037989862835	0	0	-0.1206805689178347	0.2707023376217207	-0.2229777534522673	-2.247627227227502	-0.1308993744110026	-3.134892036385622e-06	0.2321690067294299	-0.3133807523284404	-0.1891080423010453	-2.556828526520561	-0.2077907608043297	-2.563110869755829	0.3310993091148	3.283764787540876	0	0	-0.4558912978849359	5.859936759944915	-0.06196796563901796	1.74336612776658	-0.1446858943068996	1.466129529339298	-0.7423359636401996	-6.394308188821801	-0.5205372939319231	-1.772085067772638	-0.9224336951556137	-15.04723618226888	0.4311807396413193	1.185800251592757	1.498569713971731	-0.666859247382629	1.386181560244953	5.788938218672524	-0.2333804088949031	3.949201973748348	0.6052809527869722	-0.4842563360733924	1.271729902382714	5.336493327188733	1.533530030310698	1.959596212396531
1.5083333	-0.3194795046417144	-4.333410715673167	0.01527319155087796	-0.1975096928467106	-0.03778535077879846	-0.6185531925840666	1.002833210508814	5.235351484539427	0.9130573193018087	-0.1966831547959007	-0.627057093379114	0.1150894949858677	1.274168375252014	8.972103141875214	-0.06769438991361189	-0.2360617587360087	-0.1731799943366783	0.2817898788539311	1.813063995074346	-9.894854001607087	0	0	-0.1203129716538671	-0.09778088841730248	-0.2318202156389342	-1.993208599312066	-0.1308993870347416	-2.924294404573995e-06	0.23110862734492	-0.2006558479232518	-0.1992393053028699	-2.300722373323096	-0.2178652216066155	-2.267152365442903	0.3465705241160407	4.149324725526112	0	0	-0.4317987183418838	5.696135741738282	-0.05453876133624463	1.8243893020087	-0.1389979224557478	1.259489095138648	-0.7679266029269809	-5.884215921219948	-0.5276779445423068	-1.653810797137902	-0.9821412409158026	-13.58634003596985	0.4361399131964141	1.185207253571831	1.496058518802474	-0.5375513971314214	1.407709964164725	4.535150052576401	-0.2186776429068829	3.094744611064311	0.6024849676654664	-0.8563813489769885	1.295494181343459	6.079562829264714	1.541409511233393	1.822916702929843
1.5125	-0.3369502335537356	-4.044667392507201	0.01463733348815934	-0.107296700375476	-0.04031593037313217	-0.5950458433058586	1.024749702893733	5.284826944565965	0.9123881248315856	-0.1234677886001638	-0.6265774702581574	0.1150573461074579	1.309439406534385	7.94295918491397	-0.06901305986517746	-0.3978286539228201	-0.1722884300241968	0.1437989800335646	1.770613696575736	-10.47601451081829	0	0	-0.1215248453962821	-0.4874420844278197	-0.2395576154253987	-1.717099479083174	-0.1308993987774605	-2.711860341369815e-06	0.2304548373375133	-0.1182074391730454	-0.2082345142750645	-2.011409976028713	-0.2266372950642305	-1.937853620061479	0.365733529004954	5.055631853250308	0	0	-0.4084949662203088	5.481024667526897	-0.04675077082166178	1.915496627245991	-0.1342289795687588	1.024933406343721	-0.7913276860257099	-5.343034571250033	-0.5343050555973015	-1.525505711985913	-1.035431714884193	-11.96637725489293	0.440978807049432	1.128008873490616	1.494098336328523	-0.4023462931549524	1.423893271673976	3.223063991293043	-0.207703515442353	2.159299775380857	0.5981565722815594	-1.219775097690399	1.322467966347589	6.876770569885355	1.548723441519265	1.68804332054724
1.5166667	-0.353137037563045	-3.724163036630073	0.01437860432062506	-0.01808509466769143	-0.04273834381735395	-0.5679569377434925	1.046874798816696	5.334693325921108	0.912032855378849	-0.04784393512564728	-0.6260982272764213	0.1151733163312654	1.340279029580751	6.863080349558083	-0.07101085849344332	-0.5592776032870914	-0.1719924474568766	-0.0003626983158655271	1.725819893137008	-11.01379734234544	0	0	-0.1243790336804177	-0.8754217135424358	-0.2461108976064736	-1.429676368248115	-0.1308994096354962	-2.501448036163429e-06	0.2300925336758805	-0.05611027226328441	-0.2159729003721029	-1.704938060116709	-0.2339866674258447	-1.592171374230941	0.3887242388996464	5.972557975706208	0	0	-0.3861806090611095	5.227025251409883	-0.03856979810727883	2.009810555489478	-0.1304771352737099	0.779002041354381	-0.8124193268789021	-4.779994507115524	-0.5403825624733669	-1.392479508274431	-1.081716946460035	-10.25576189314069	0.4454869499009525	1.037161327702527	1.492708392689396	-0.2661069559856273	1.434530985529404	1.891291470956314	-0.2007439572149917	1.189536889761935	0.5923426418828239	-1.565060812790714	1.352814141733446	7.67222008815865	1.555478460860084	1.554346041365549
1.5208333	-0.3679849289032822	-3.402981678261213	0.01447519257813664	0.06307023943284565	-0.04505223261761374	-0.543134647197703	1.069200892589008	5.381471005415719	0.9119811739323266	0.02203874320544942	-0.625615816653403	0.1166142580961247	1.366674552404293	5.812205555450749	-0.07365585760593747	-0.7081922174796015	-0.172276593386047	-0.1342315155717091	1.678929997252683	-11.48198323346304	0	0	-0.1287505807102247	-1.214581388947361	-0.2514862797983314	-1.152335621951811	-0.130899419636911	-2.301009441491229e-06	0.2299881122535842	0.006111650952772111	-0.2224655366717185	-1.414398452445146	-0.239932347580347	-1.265073267211017	0.4154309688869776	6.837984382235229	0	0	-0.3649541451374034	4.959757423903723	-0.03001814527832806	2.093147809859573	-0.1277045839749715	0.5558039722933219	-0.8311575592859777	-4.214122801910758	-0.5459180318151624	-1.26568097108744	-1.120970950648214	-8.595571054995707	0.4496424137587142	0.9600156287726047	1.491867951254478	-0.138860216986329	1.439739959200169	0.6194390366936929	-0.1977014457110979	0.2816939321438859	0.5851671179276392	-1.87291029565413	1.386236412680484	8.350643654220836	1.561676062015217	1.420521823093481
1.525	-0.3814954296668647	-3.082049648354455	0.01489271201404096	0.1359594597453748	-0.0472678387294988	-0.5207549880595924	1.091715781021305	5.425056813547248	0.9122082031881035	0.08593667922140132	-0.6251245556761227	0.1194159058624671	1.388757381396092	4.792700043231709	-0.07689453336137902	-0.8442095383621739	-0.1730960680402908	-0.257315071010857	1.630234787319281	-11.87980041459561	0	0	-0.1344307593958292	-1.503509120677884	-0.2557285229321521	-0.8857121325019242	-0.1308994288246587	-2.110775772853243e-06	0.2301445073717918	0.06908187456988035	-0.2277829894623382	-1.140779828121426	-0.2445561421648835	-0.9576030389486347	0.4456331869876946	7.650070756691187	0	0	-0.3448668488023377	4.679984552422528	-0.02114280093564984	2.165082632049897	-0.1258124736973966	0.3563619821058839	-0.8475336683405916	-3.645968484098923	-0.550938955224781	-1.145435720003332	-1.153422169148022	-6.989999112730754	0.4535080615216537	0.8980029648242507	1.491538333932556	-0.0209037356800782	1.439779360680395	-0.5901428389568277	-0.1983065868048352	-0.5613568817327046	0.5767878865119461	-2.142752804825482	1.422235260640166	8.908581168599977	1.56731584623649	1.286524656818485
1.5291667	-0.3936692384457661	-2.76137465847016	0.01559671349149318	0.2005805192935846	-0.04939528567402212	-0.5008185853925071	1.114405626236375	5.465449589317347	0.9126890040170954	0.1438481238737787	-0.6246187862842777	0.123578241375257	1.406657643293423	3.804589411035013	-0.08067307514328999	-0.9673258371158693	-0.1744059185064606	-0.3696100222680865	1.580028620358575	-12.20723680453925	0	0	-0.1412101443269737	-1.742196165888167	-0.2588821679050043	-0.6298126848703139	-0.1308994372410303	-1.930751963796674e-06	0.230564836399885	0.132798914199716	-0.2319956228121793	-0.8840893633439667	-0.2479397091367258	-0.6697687755536363	0.4791079548226447	8.408795688175875	0	0	-0.3259713214229945	4.387712901512608	-0.01199148547850936	2.225612885080615	-0.1247018743792	0.1806817127697855	-0.8615377215557425	-3.075545107589704	-0.5554725120392993	-1.031746876911944	-1.179297325690745	-5.439086567470833	0.4571468527619027	0.851125369003223	1.491680844428102	0.08775932244235292	1.434908593879326	-1.737422883432544	-0.2022894359984835	-1.339592985518014	0.5673635004851436	-2.37458049562482	1.460307815290654	9.34601490283622	1.572396950840952	1.15235775233633
1.5333333	-0.4045071821525922	-2.440964395493245	0.01655272037175742	0.2569321648334733	-0.05144470543535793	-0.4833258297104591	1.137256573561386	5.502648478254478	0.9133986129284892	0.1957719028092647	-0.624092851810354	0.1291011157552683	1.42050586635438	2.847896243128592	-0.08493762050877884	-1.077538623402512	-0.1761611447959898	-0.4711140626696551	1.528605998442189	-12.4642870785514	0	0	-0.1488792045710774	-1.930638604770708	-0.2609918601179162	-0.3846430345352808	-0.1308994449283914	-1.760941966928307e-06	0.2312521913699446	0.1972612137606106	-0.2351739068506394	-0.6443326092306642	-0.2501648255133288	-0.4015766781096752	0.5156320198522941	9.114142888417769	0	0	-0.3083200499582409	4.082949935586353	-0.002611945799029391	2.27473752679519	-0.1242737809345949	0.02876652516950957	-0.8731600141585993	-2.50286644411946	-0.5595459283823313	-0.9246169342967792	-1.198823775300779	-3.942868673112561	0.4606217688295141	0.8193834215090898	1.492256741121955	0.187126684046303	1.425387534075762	-2.822375805062619	-0.2093797245388846	-2.052998034987144	0.5570526130300699	-2.568389172743621	1.499951007237045	9.662938696670569	1.576918566778142	1.01802433573745
1.5375	-0.4140108520042065	-2.120803479484999	0.01772632828745156	0.3050171012873069	-0.05342637650036291	-0.4682758813477403	1.160256415717503	5.536655265933875	0.9143121205693647	0.2417105084091248	-0.62354105754485	0.1359847941047132	1.430433525734666	1.922574617505605	-0.08963462054547407	-1.174853187520491	-0.1783168791830897	-0.5618320644874608	1.476257703022385	-12.65096357524263	0	0	-0.1572289745671019	-2.068845482707305	-0.2621023838091129	-0.1501914131653081	-0.1308994519296515	-1.601337631235937e-06	0.2322097169715832	0.2624718674924524	-0.2373885272895017	-0.4214980572731771	-0.2513134136404781	-0.1530138731900914	0.554984798582153	9.766146214624214	0	0	-0.2919642647561757	3.765681025787324	0.006948749859957406	2.312458915214156	-0.1244291668326298	-0.09939087274062522	-0.8823916497303465	-1.927905004672505	-0.563186717819809	-0.8240407498383119	-1.212230200017277	-2.501273610047849	0.4639960385502445	0.8027755987039918	1.493227329525666	0.2772031188414461	1.411475312099684	-3.845053682420582	-0.2193077347139962	-2.701606274130393	0.5460131223920327	-2.724188139147242	1.540664646324211	9.859367762688537	1.580880203855054	0.8835179589146765
1.5416667	-0.4221810428714197	-1.80089960349925	0.01908306623513947	0.3448338769768154	-0.05535042910389377	-0.4556691894560487	1.183391301751872	5.567469021251842	0.9154045686414108	0.2816626226454073	-0.6229577462679508	0.1442291602006059	1.436571054020764	1.028647871905065	-0.09471022383202721	-1.259266729509583	-0.1808281318298413	-0.6417614621233374	1.423278210465145	-12.76725928074492	0	0	-0.1660499422271623	-2.156811674123642	-0.2622583598620695	0.07353616638636201	-0.1308994582871589	-1.451943155021802e-06	0.2334405116832662	0.3284293372370151	-0.2387099302819135	-0.2155916648619759	-0.2514672237157755	0.07591296686208053	0.5969431090090999	10.36478809785932	0	0	-0.2769564832526935	3.435913336559605	0.01664285951891031	2.33877573447351	-0.1250690421794012	-0.2037865497994052	-0.8892228662289123	-1.350674506528226	-0.5664220957620949	-0.7300209733725771	-1.219743805239252	-1.114337943988331	0.4673326400998759	0.8013028440262242	1.494553877957048	0.3579861304527604	1.393431694731998	-4.805429728603625	-0.2318032691128767	-3.285399803182288	0.5344036623725373	-2.841972287178826	1.581945694850392	9.935293048563581	1.584281039587565	0.748841843884761
1.5458333	-0.4290186776372339	-1.481260435914278	0.02058844563114826	0.3763818339560554	-0.05722699901210237	-0.445505968637742	1.206647367747612	5.595089119631489	0.9166509816682756	0.31562750218528	-0.6223372637854323	0.1538339671957705	1.439049247646646	0.1661363301995533	-0.1001105426016874	-1.330777687890357	-0.183649878769051	-0.7109007256706303	1.369962057730516	-12.81317393765162	0	0	-0.1751325502290328	-2.194536876483798	-0.2615045007955514	0.2865347207601247	-0.1308994640433238	-1.312761755933583e-06	0.2349476477499924	0.3951320131427472	-0.2392086477286965	-0.02661776430693282	-0.2507081014341788	0.2851990547300788	0.6412835190024783	10.91005609181408	0	0	-0.2633490934771439	3.093655232213251	0.02642262839072548	2.353687763532565	-0.1260943705706696	-0.2844188559388975	-0.893644132049232	-0.7711888847925034	-0.5692793165385115	-0.6425596253292372	-1.221592362068475	0.2179070065832355	0.4706945552702844	0.8149646479678796	1.496197620562229	0.4294741146613576	1.371516845362012	-5.703483137601157	-0.246595883845711	-3.804366944502498	0.5223829214893827	-2.921740158553014	1.623291060643288	9.890717070170087	1.587120305327727	0.6139992289590686
1.55	-0.434525155500611	-1.161870633804562	0.02220808847839845	0.3996624865511902	-0.05906635641491958	-0.4377857310504163	1.230012425871896	5.619516886858758	0.9180264760640491	0.3436067773690489	-0.6216739108494159	0.1647996761283178	1.437999035997871	-0.6650014088273262	-0.1057820824600786	-1.389389495243738	-0.18673730346874	-0.7692531738670884	1.316599935379831	-12.78870974990151	0	0	-0.1842679008630526	-2.182022900626457	-0.2598854533951231	0.4888144740501695	-0.130899469240963	-1.183786753304945e-06	0.236734309211496	0.4625830969893199	-0.2389552367203793	0.1454327152843075	-0.2491178258957259	0.474854436306849	0.6877858202583583	11.40197636977098	0	0	-0.2511935198870528	2.738890284096405	0.03624100744387835	2.35719571818017	-0.127406195240848	-0.3412916615717203	-0.895646205117673	-0.1894203237104577	-0.5717858353366687	-0.5616525074964184	-1.218003703991666	1.49552519044762	0.4741450074630965	0.8437616663060417	1.498119914110186	0.4916705029453883	1.345989299908288	-6.539257016666501	-0.2634162309180297	-4.258532608912367	0.5101087159135985	-2.963495582188887	1.664200635253422	9.725637687826865	1.589397430128431	0.4789836415885272
1.5541667	-0.4387013673798681	-0.8427378717173422	0.02390750934808835	0.4146749783820007	-0.06087863606215049	-0.4325087499341171	1.253472614969914	5.64075162172459	0.9195060797489482	0.3655995611892367	-0.6209620323051737	0.1771260728073143	1.433551129255188	-1.464744267831763	-0.1116709627917167	-1.43510028046823	-0.1900453888758066	-0.8168170178816174	1.26348637578157	-12.69386477096247	0	0	-0.1932464405796052	-2.119268238248861	-0.2574459088791833	0.6803701855219131	-0.1308994739224728	-1.065021609807616e-06	0.2388035749832032	0.5307809968486124	-0.2380202102599401	0.3005550353292641	-0.2467782218662637	0.6448738530162096	0.7362266351741842	11.84053520475653	0	0	-0.2405421847384035	2.371626556550869	0.04605024338250218	2.349299103668164	-0.1289054878491209	-0.3744027463531908	-0.8952194958792162	0.394617296068912	-0.5739688977395432	-0.4873017976563307	-1.2092054688829	2.71848397730682	0.4777469798364012	0.8876937527715304	1.500281999896014	0.5445734680455869	1.317109131952643	-7.312729064556931	-0.2819939183379752	-4.647883563230886	0.4977397261860069	-2.967236187452732	1.704171322050783	9.440054525340726	1.591111631857145	0.3437983160108417
1.5583333	-0.4415483318970699	-0.5238697995243151	0.02565221515283359	0.4214192468005925	-0.06267397530302864	-0.4296750639795521	1.277014064754415	5.65879292954676	0.9210648106488387	0.3816055413334988	-0.6201959776563708	0.1908128124176301	1.425836563773506	-2.233074183336362	-0.1177232821167249	-1.467909410943138	-0.1935290967540182	-0.8535915045746357	1.210915887442517	-12.5286438107637	0	0	-0.2018586308827128	-2.006276204086634	-0.2542306372327511	0.8611976439344048	-0.1308994781302989	-9.564688086533491e-07	0.2411584968509062	0.5997240490991825	-0.2364741467845241	0.4387460823260472	-0.2437711860461668	0.7952539313082444	0.7863824000527027	12.22572399242417	0	0	-0.2314473658823088	1.991873313784419	0.05580258378845856	2.329998520071701	-0.1304932020580031	-0.3837521710318997	-0.89235464793868	0.9809098760701108	-0.5758557803814919	-0.4195090441848163	-1.195425794728646	3.886755984091677	0.4815634410025539	0.9467593081489756	1.502645096195082	0.5881820748588387	1.285136736924141	-8.023882960921917	-0.3020583854113814	-4.972412796402178	0.4854346419465786	-2.932963253082304	1.742700114537337	9.033978774719399	1.592262182421192	0.2084465027583385
1.5625	-0.4430672566959413	-0.2052511113131273	0.02740783938340609	0.4198956155370279	-0.06446264042835048	-0.4292845371676193	1.300624601091214	5.673641676321893	0.9226778001693084	0.391625486101173	-0.6193700406675531	0.2058605519332811	1.414985779678121	-2.970028035767134	-0.1238855773372546	-1.487818461531918	-0.1971436423460295	-0.8795783991497447	1.159179196716466	-12.29303893857225	0	0	-0.2098955514823037	-1.843041374435352	-0.2502841670916968	1.031305529144521	-0.1308994819071839	-8.581231386782278e-07	0.2438022995487091	0.6694155630604853	-0.2343875052336055	0.5600124895510405	-0.2401783896338969	0.9260018895422002	0.8380331857314838	12.55756122213151	0	0	-0.2239607043831646	1.599612327349754	0.06545097831363544	2.299293040947943	-0.1320704080968585	-0.3693403843874093	-0.887042069483376	1.569485558787248	-0.577473891873149	-0.358270992977646	-1.176891764848533	5.000397288755734	0.4856576361817385	1.020961167630396	1.505170594305894	0.6224984166317524	1.250330167971429	-8.672752841694637	-0.3233405371967397	-5.232135886078662	0.4733512657176445	-2.860675133950433	1.779286769065923	8.507390944014976	1.592848429813841	0.0729217048400264
1.5666667	-0.4432591285109739	0.1131105368755795	0.02913988962686435	0.41010382350914	-0.06625476850397395	-0.4313372668267129	1.32429035549723	5.685297390735595	0.9243200678368594	0.3956589395052688	-0.618478569473679	0.2222689791953805	1.401129736489107	-3.675587008175504	-0.1301039502544204	-1.494826489991813	-0.2008439910931445	-0.8947766895429281	1.108570828632699	-11.98705327519185	0	0	-0.2171476525829246	-1.629565858263812	-0.2456512503578595	1.190689372536347	-0.1308994852955628	-7.699873282448947e-07	0.2467380417568746	0.7398538930345121	-0.2318308502248932	0.6643507372297578	-0.23608171429146	1.037113882908756	0.8909554670330725	12.83603700886754	0	0	-0.2181345160683207	1.19485256148638	0.07494767260978871	2.257182992664575	-0.1335380605631668	-0.3311668768915687	-0.8792723454874574	2.160330300201738	-0.5788505020694329	-0.303589349763202	-1.153831400399028	6.05937919641467	0.4900925398930073	1.110298095239147	1.507819716864781	0.6475213352208429	1.21294974940648	-9.259320891292488	-0.3455698454535843	-5.427044265663817	0.4616482905665525	-2.75037219644653	1.813428238529952	7.860299333167626	1.59286963240691	-0.0627728312854323
1.5708333	-0.4421250614719625	0.4312075136766636	0.03081387573333793	0.3920444033670827	-0.06806049626331842	-0.4358331157358894	1.347997454188524	5.693759908000282	0.9259666303673307	0.3937060202539174	-0.6175159185009025	0.2400376514208498	1.384399682227374	-4.349735297479194	-0.1363244972859533	-1.488933792560852	-0.2045851001996796	-0.8991863993816702	1.059385199903039	-11.61069669788764	0	0	-0.2234054597307393	-1.365856587579197	-0.2403767048310291	1.339345734987567	-0.1308994883379076	-6.920631245044274e-07	0.2499687541298649	0.8110373216299199	-0.2288747914967566	0.7517589306682806	-0.2315630900525624	1.128587951624827	0.9449255967181417	13.06114659024805	0	0	-0.2140209573619322	0.7776041802998321	0.08424492689169226	2.203669796412591	-0.1347971245714029	-0.2692334201094925	-0.8690362968077466	2.753429838468417	-0.5800129040090616	-0.2554651908635133	-1.12647315705863	7.06367825941282	0.4949310939478518	1.214767402052382	1.510553674640293	0.6632505646387399	1.17325605262737	-9.783575275024928	-0.3684756910157009	-5.557135590686185	0.4504843730426584	-2.602058456331488	1.844621710557314	7.092723810318451	1.592325102815759	-0.1986338428647513
1.575	-0.43966607213006	0.7490550879893046	0.03239542779899893	0.3657164882448204	-0.06989009049583722	-0.4427722996993491	1.371733730982185	5.699029634323282	0.9275926233822959	0.3857666346054977	-0.6164763720769948	0.2591674215196026	1.364925624267831	-4.992505263313824	-0.1424937634090637	-1.470140086385034	-0.2083221972637462	-0.892807740335431	1.011913199357143	-11.16395114125486	0	0	-0.2284599396234769	-1.051900904133992	-0.2345049603003481	1.477281752117749	-0.1308994910769051	-6.243467875636254e-07	0.2534977034404011	0.8829692657059492	-0.2255897203078148	0.8222412655270231	-0.2267041155582609	1.200428486515965	0.9997238287167024	13.23290077170582	0	0	-0.2116719084327079	0.347847155547372	0.09329566896675072	2.138750883517475	-0.135748654575469	-0.1835370411876939	-0.85632397780826	3.348812642820612	-0.5809884715270395	-0.2138962062819929	-1.095043466365221	8.0133426848765	0.5002365926276993	1.334374102677055	1.513333876732573	0.6696868599005413	1.13150676015433	-10.245541157505	-0.3917891153299304	-5.622416105629282	0.4400173704451718	-2.41572679443188	1.872366589399836	6.204627531252878	1.591214107668505	-0.334667851330823
1.5791667	-0.4358832428045997	1.066645622279482	0.03385005386799173	0.3311204123582336	-0.07175368838454557	-0.4521547401338357	1.395485312940547	5.701106328284854	0.9291730634022973	0.3718407575935004	-0.6153542828512001	0.2796578793648039	1.342838743214938	-5.603880349126085	-0.1485578444521994	-1.43844535808033	-0.2120102399306426	-0.8756404771072661	0.9664492813433893	-10.64682479343312	0	0	-0.2321015914357415	-0.6877045341685137	-0.2280808196996126	1.604493727429646	-0.1308994935550196	-5.668403101439771e-07	0.257327927461459	0.9556480257947066	-0.2220462376554076	0.8757954408394937	-0.2215867116946347	1.252633056539706	1.055126538300931	13.3512935101923	0	0	-0.2111395674306424	-0.0944086486338189	0.1020521536982909	2.062427401462745	-0.136293609496346	-0.07407894141454062	-0.8411261500344409	3.946464505870192	-0.581804492849553	-0.1788836296931979	-1.059770683564981	8.908347713335106	0.5060719881912229	1.469115871429066	1.516121535483129	0.6668297319785179	1.087962390958737	-10.64520520881023	-0.4152395122395058	-5.622881910481055	0.430405954155177	-2.191380314160231	1.896159985926016	5.196027472044335	1.589535945994083	-0.4708715980040509
1.5833333	-0.4307777829017743	1.383971503688622	0.03514327416918554	0.2882573036555276	-0.07366142384815312	-0.4639801239067538	1.419238325656666	5.699990054992059	0.9306829713209043	0.3519289389465385	-0.6141440113967606	0.3015084842054262	1.318270470500664	-6.183847012228862	-0.1544628463414336	-1.393850832743501	-0.2156041905548227	-0.8476854100917327	0.9232877074369411	-10.05933259902345	0	0	-0.2341210499717337	-0.2732780269615126	-0.2211491389918999	1.720978993919595	-0.1308994958147406	-5.195447042958273e-07	0.2614624350440471	1.029071830734952	-0.2183149693440286	0.9124207807197562	-0.216292824156636	1.285201115679814	1.110910042713963	13.41632388528567	0	0	-0.2124759581042115	-0.5491521682404651	0.1104666641979477	1.974701592555241	-0.1363329872856763	0.05913739682831934	-0.8234338136372377	4.546371002402349	-0.5824882715190095	-0.1504280653653345	-1.020883532835772	9.748673832546549	0.5125001820277065	1.61898892967809	1.518877862517644	0.6546795840010641	1.042883636336924	-10.98256007991013	-0.4385562624384714	-5.558535327354502	0.4218087134186247	-1.929025768300574	1.91549939034134	4.066952176967319	1.587289971268647	-0.6072418079101826
1.5875	-0.4243505183428296	1.701047964102733	0.03624070052170138	0.2371251046745675	-0.07562356857256136	-0.4782490186456061	1.442980605151538	5.695680760862928	0.9320974762001634	0.3260302228820259	-0.6128398301554739	0.3247202848872811	1.291350437259414	-6.732433091467388	-0.1601552989075676	-1.336354369803084	-0.2190592696706778	-0.8089411974241468	0.8827196556267127	-9.401446357949332	0	0	-0.234309078485194	0.1913985102776244	-0.2137542684225912	1.82674314296985	-0.1308994978987172	-4.824577003226151e-07	0.2659045363437506	1.103244204925712	-0.2144662694216415	0.9321190432122545	-0.2109040143720878	1.298134227228141	1.166854682929185	13.4279950184939	0	0	-0.2157332222238792	-1.016405231310741	0.1184920859007461	1.875569245888765	-0.1357677838514867	0.2161183680274268	-0.803236665073129	5.148560928389633	-0.5830671583961285	-0.1285281474094607	-0.978607892319069	10.53436137880991	0.5195845447225077	1.784000471446021	1.521564268010001	0.6332358327517542	0.9965279203222125	-11.25762196409759	-0.4614704270974059	-5.429373267564224	0.4143836287371814	-1.628650563633226	1.929883637893285	2.81734744954057	1.584475368449644	-0.7437850269240212
1.5916667	-0.4166026268006078	2.017867384494382	0.03710784886799497	0.1777247449292814	-0.077650257659047	-0.4949611698554855	1.466698276906593	5.688178434372363	0.9333915969424144	0.2941450154539325	-0.6114360975154698	0.3492927733155873	1.262210016925093	-7.249624290683546	-0.1655813036171157	-1.26595688473378	-0.2223304368370887	-0.7594083805746329	0.8450394462384891	-8.673179325686247	0	0	-0.232456270336678	0.7063157340370435	-0.2059410523059565	1.92178325020182	-0.1308994998494341	-4.555805553654698e-07	0.2706572475541351	1.178163395129199	-0.2105707600301174	0.9348891461584784	-0.2055022247790574	1.291431373909068	1.222736782692936	13.38630470873082	0	0	-0.220963429013565	-1.496157073809751	0.1260806931455312	1.765032330062674	-0.1344989838234661	0.3968610600778935	-0.7805256445009708	5.753019913074307	-0.5835684541776925	-0.1131846374463131	-0.9331724021580985	11.26538952806819	0.5273879926525767	1.96414708134129	1.524141962370837	0.6024986583186133	0.9491559004746327	-11.4703820171102	-0.4837113804755447	-5.235396497682613	0.4082893155928806	-1.290260540593832	1.938810105877101	1.447238941970824	1.581091477375882	-0.880497984145022
1.5958333	-0.4075354127263679	2.334422170511578	0.03771025725690091	0.1100579476659272	-0.07975162001271442	-0.5141160884921452	1.490377468765568	5.677483370522091	0.9345403640067116	0.2562742974113599	-0.6099271814216779	0.3752253107713609	1.230980796085791	-7.73540932758541	-0.1706869875152279	-1.182660531491084	-0.2253726692682355	-0.6990885367048247	0.8105411223690712	-7.874551514171122	0	0	-0.2283534148043178	1.271459477766427	-0.1977543751168774	2.006097420730499	-0.1308995017093888	-4.389135475154202e-07	0.2757235550506316	1.253827576414283	-0.2066990678049742	0.9207316324804813	-0.2001693990616571	1.265093423473213	1.27833267175534	13.29125587753707	0	0	-0.2282184582973427	-1.988395731836493	0.1331848022047471	1.643093908499651	-0.1324276393756308	0.6013602797815359	-0.7552919334079565	6.359733367871939	-0.5840194670091245	-0.1043976676902752	-0.8848060058374141	11.94174270349292	0.5359733731636468	2.159423891026102	1.526572166446914	0.5624691329458131	0.9010283319180249	-11.62083737557755	-0.5050085614594977	-4.976612006407144	0.4036842617154779	-0.9138651889895615	1.941776695527538	-0.04333612533402391	1.577137692537077	-1.017377392377964
1.6	-0.397149511874112	2.650727517027177	0.03801350434803791	0.03412146482626512	-0.08193793661370463	-0.5357146940063913	1.514006013206002	5.663595055940826	0.9355188891200639	0.2124162509307528	-0.6083073399807237	0.4025191420363202	1.197792086145283	-8.189811520227858	-0.1754188420648281	-1.086461311786065	-0.2281411610156125	-0.6279787704158881	0.7795162778500259	-7.005524588655625	0	0	-0.2217909812660764	1.88685686879953	-0.1892385268599396	2.079689701700831	-0.1308995035212112	-4.324558762283904e-07	0.2811068137159369	1.330240380719777	-0.2029215400537198	0.889645822606733	-0.1949870967786472	1.219119111678726	1.333422682084109	13.14284396249575	0	0	-0.2375507359448758	-2.493144833224612	0.139757235613144	1.509748128061808	-0.129454645099719	0.8296258432579652	-0.7275248662587861	6.968730415494346	-0.5844475365782056	-0.102166816360049	-0.8337341264874182	12.563453370556	0.5454041603876931	2.369840273937302	1.52881627475796	0.5131453351853872	0.8524024923402962	-11.7089952614724	-0.5250929342789713	-4.653007371883474	0.4007266392346748	-0.4994464415544494	1.938281456184391	-1.654449301122038	1.572613116914478	-1.15442982193958
1.6041667	-0.3854461970388611	2.96677582352028	0.03798312142339855	-0.05008317877771588	-0.08421933828265986	-0.5597565559916624	1.537570037002098	5.64651370899813	0.9363021989543632	0.162571713086568	-0.6065709385442215	0.431173661047728	1.162775425111988	-8.612818832847886	-0.179722985981231	-0.9773610699521663	-0.2305908832612709	-0.5460803999450298	0.752259035642851	-6.066116871951243	0	0	-0.212559702484356	2.552494946352855	-0.1804383835784053	2.142557940852869	-0.1308995053273971	-4.362080643191569e-07	0.2868100174920818	1.40740000103799	-0.1993088048276572	0.8416318531867124	-0.1900372642479981	1.153508835016842	1.387783133924258	12.94107060448313	0	0	-0.249012191005285	-3.010392714041413	0.1457502974490316	1.364997778464362	-0.1254810327193345	1.081653127585732	-0.6972155638678518	7.579996521814078	-0.5848799701516406	-0.1064923730225489	-0.7801856399557241	13.13050464061392	0.5557432211985979	2.595391724975819	1.530835504147688	0.4545281142411359	0.8035391218193904	-11.73485131619239	-0.5436939119415054	-4.264588027268498	0.3995749735206651	-0.04701287574733252	1.927822140021328	-3.386066257052891	1.56751713130953	-1.29165198970834
1.6083333	-0.3724268943754193	3.282365878831333	0.03758468732375565	-0.1424418266702698	-0.08660594579391173	-0.5862343969535935	1.561055675877868	5.626259700061151	0.936865345413322	0.1067888407639846	-0.6047123558676863	0.4611721858079221	1.126062532541619	-9.004378558635221	-0.1835455986426567	-0.8555040531595228	-0.232676847972698	-0.45346911481781	0.7290630535447001	-5.057098606597396	0	0	-0.2004506545997575	3.267728190664084	-0.1713988440208062	2.194734044328942	-0.1308995071704341	-4.501063630308305e-07	0.2928361439683713	1.485407977308348	-0.1959314624709212	0.7767770872287785	-0.1854018083558782	1.068388121371968	1.44119043030461	12.68603436016626	0	0	-0.2626544979750526	-3.539765344852439	0.1511163519318381	1.208879309087767	-0.1204079599690214	1.357219535604411	-0.6643554175921642	8.19332616815872	-0.5853440609023015	-0.117275524023049	-0.7243896765699505	13.64276440524166	0.5670533199410778	2.835961849657805	1.532591104145657	0.386699127271992	0.7546989390664206	-11.69872522930959	-0.5605411167651561	-3.811847426467191	0.4003875206292563	0.4427323756120322	1.909897367635825	-5.236701734642587	1.561849176892267	-1.429000889622626
1.6125	-0.3581277748369271	3.57465722672548	0.03680436629628222	-0.2297582024765453	-0.08910683383400501	-0.6143689816348104	1.584454414426187	5.605174502766439	0.9371920363912635	0.05058248238315241	-0.6027287751163577	0.4906340630052514	1.087790516300636	-9.35935317545286	-0.1868591541545645	-0.7375466452218354	-0.2343677334094997	-0.3587965839599327	0.7100829884143388	-4.066376168251524	0	0	-0.1853697373321275	3.95849657401171	-0.1621580635587141	2.240119060059476	-0.1308995090812744	-4.666809113796758e-07	0.2992076744044719	1.576474998685718	-0.192844090943769	0.7051822968666946	-0.1811395836981261	0.9783001810094114	1.493441733592077	12.38855772758802	0	0	-0.2784637557747464	-4.038658210342137	0.1558141462449633	1.045228993782342	-0.114175971834983	1.630879109658843	-0.6289685914802364	8.786231782652665	-0.5858489811402747	-0.1228935011226643	-0.666593528493153	14.08603801653689	0.5793776864764554	3.078526910069955	1.534059181019446	0.3190879221920964	0.7060805054851811	-11.63815810925822	-0.5754541892003171	-3.351632590929144	0.4031952434850976	0.8882622299870248	1.88426974180108	-7.036550515914541	1.555615600071847	-1.561796369245116
1.6166667	-0.3426920076483458	3.827952386182461	0.03568961270623924	-0.3029681724929203	-0.09172728430022278	-0.6436239023773592	1.607766916671789	5.58486660590259	0.9372915437445624	-0.002258426686296869	-0.6006262467784929	0.5182665705903139	1.048123041720381	-9.674193202969624	-0.1897131764982087	-0.6349298969863424	-0.2356722366524575	-0.2680071454685394	0.6950670102169103	-3.154352100762248	0	0	-0.1675675668664586	4.573919276194425	-0.1527367528339638	2.281387877174482	-0.1308995110560668	-4.808031340882484e-07	0.3060033145701656	1.688979018944837	-0.1900546220953997	0.6337849453501889	-0.1772422679593972	0.8932332414800135	1.544380629825917	12.05608401402913	0	0	-0.2962272559612019	-4.477794186267755	0.1598198721072611	0.8766891102122837	-0.1068441232823071	1.885148313120359	-0.5911860898750239	9.343241205616115	-0.5863499252068128	-0.1153669770024518	-0.6071144775684787	14.45055130992883	0.5926982505822597	3.314132858094808	1.535259489739297	0.2581714416029566	0.6577116629900616	-11.57892246639543	-0.5885154664347321	-2.92299284094611	0.4076505841195643	1.233582582550674	1.851491560600685	-8.668940852242613	1.548844900433431	-1.686817779725924
1.6208333	-0.326282482452937	4.042246682007428	0.03429923992174254	-0.3620704875166611	-0.09447189789695322	-0.6739984167373092	1.630995864858759	5.565336468872862	0.9371778954641957	-0.05173273942693363	-0.5984124476953959	0.5440691112444884	1.007228332483649	-9.948892529907432	-0.1921715308348944	-0.5476557189803761	-0.2366065192723531	-0.1811028384836252	0.6836874385541579	-2.321045459435975	0	0	-0.147358597451486	5.113984239586719	-0.1431522946653331	2.318539653411056	-0.130899513084544	-4.924727803270812e-07	0.3133122037168633	1.822916566291214	-0.1875622895159638	0.5625867390942978	-0.1736890214543429	0.8131891636208444	1.593860127807028	11.68862245866961	0	0	-0.3156955237857663	-4.857164884663831	0.1631130858284666	0.703263879324064	-0.09849342017058685	2.120021741619092	-0.5511584678726127	9.864342361172135	-0.586792114439055	-0.09469660549201787	-0.5462821680426624	14.73629837249456	0.6069856614472086	3.542774289758906	1.536219904818716	0.2039509064821822	0.6095880158169545	-11.52101967443287	-0.5998562597841091	-2.525937327104856	0.4133358517323502	1.478688753165199	1.812261586522802	-10.13383959497987	1.541569650597286	-1.804062400437226
1.625	-0.3090608937495831	4.217550400491151	0.0326919571893073	-0.4070679845042771	-0.09734547437866266	-0.7054939827146769	1.654145612707379	5.546583154215682	0.9368651086321518	-0.09784283064376165	-0.5960948938849274	0.5680429235095393	0.9652716510616957	-10.18346434204493	-0.1942982538159165	-0.4757199219763685	-0.2371868054728435	-0.09807949153171458	0.6756158212542209	-1.566416244913955	0	0	-0.1250557956120903	5.578717387721588	-0.1334213796132256	2.351576172082989	-0.1308995151565853	-5.01690410698074e-07	0.3212240124336898	1.978294069829986	-0.1853661509195987	0.4915842605304414	-0.1704587530386452	0.7381641052546943	1.6417367831684	11.2861554230726	0	0	-0.3366205096882169	-5.176788515615232	0.1656735725287413	0.5249449765734117	-0.08920425390095262	2.335510669259987	-0.5090333697863211	10.34956026257638	-0.5871208019645611	-0.0608813943976553	-0.4844218439714076	14.94329292031251	0.622211608924335	3.764462180026563	1.536968366709008	0.1564237142024491	0.5617017062387912	-11.46444695399204	-0.6096086748929757	-2.160446990435787	0.4198337846402215	1.623592507115019	1.767275671646288	-11.43131706039096	1.53382189291189	-1.913535859210852
1.6291667	-0.2911901097516036	4.35385793053772	0.03092657196667612	-0.4379590757019962	-0.1003526174872634	-0.7381098847533782	1.67721884050867	5.528607139989363	0.9363672062918575	-0.1405874725492099	-0.5936812596080758	0.5901873661623251	0.9224211936667295	-10.37790156488158	-0.1961572018749526	-0.4191247846745501	-0.2374292481340713	-0.01893923694628305	0.6705245612515089	-0.8904854012484886	0	0	-0.1009735615892159	5.968104854691578	-0.1235613867811534	2.380496492139397	-0.1308995172619248	-5.084557151719956e-07	0.3298278933661317	2.155108572250513	-0.1834654470164467	0.4207792208121593	-0.1675306310315561	0.6681600477216988	1.687863567963889	10.84869130649492	0	0	-0.3587527768578795	-5.436655257002576	0.1674808711748808	0.3417365055581169	-0.07905760684509178	2.531609226307979	-0.4649612986008737	10.79888197245016	-0.5872812070533842	-0.01392168208346416	-0.4218631210260637	15.07152715022721	0.6383467650670477	3.979190957906934	1.537532744501496	0.1155912464134698	0.5140483442818881	-11.4092057107398	-0.6179039833705343	-1.82653173932171	0.426726716554077	1.668286759253511	1.71723243196592	-12.56133608085825	1.525634188272769	-2.015235248842806
1.6333333	-0.2728330609941939	4.451167404632905	0.02906190688921826	-0.4547435275520433	-0.103497918142451	-0.7718452997465733	1.700218235899472	5.511408829632437	0.9356982292575799	-0.1799657604343145	-0.5911792283494253	0.6105019735967252	0.8788452423122493	-10.53220097678344	-0.1978122571517128	-0.3778711130924381	-0.237350032568704	0.05631616571084068	0.6680857753701362	-0.2932663175540292	0	0	-0.07542646644690534	6.28214000767336	-0.1135897076639221	2.40530006767893	-0.1308995193902929	-5.127686202350895e-07	0.3392129327216726	2.353355058319067	-0.1818593901553166	0.3501733121391262	-0.164883794746678	0.6031784903526608	1.732093622232572	10.37624186786614	0	0	-0.3818427725867005	-5.636761023287562	0.1685145930387213	0.1536430392679528	-0.06813454369169483	2.708313404477519	-0.4190929442077952	11.21229799940092	-0.5872185651304643	0.04618093123200118	-0.3589356819233327	15.12100081996783	0.6553617146459449	4.186955720474614	1.537940924959328	0.08145424208041042	0.4666235176099022	-11.35529722252295	-0.6248735967062654	-1.524198450979651	0.4335969432654414	1.612774044411552	1.662830968972856	-13.52387556454975	1.517039139809763	-2.109158408429263
1.6375	-0.2541513484936096	4.509483493706199	0.02715664843705453	-0.4574221457209992	-0.1067861953319783	-0.8067018470200901	1.723148141581361	5.494987397612788	0.9348721679551008	-0.2159795844871366	-0.5885963022914705	0.628987720929498	0.8347089307678309	-10.6463699842408	-0.1993274177385203	-0.3519569270221121	-0.236965334331708	0.1276903287567809	0.6679714406028254	0.2252696731441032	0	0	-0.0487272204759049	6.520837920595459	-0.1035230142350322	2.425988089292262	-0.1308995215315739	-5.146293325181742e-07	0.3494689007462421	2.573043044019231	-0.1805470805922609	0.2797631453735013	-0.1624971965480799	0.5432163139829209	1.774283249630112	9.868784429250381	0	0	-0.4056426211601781	-5.777115419700658	0.1687544147830802	-0.03934445092791677	-0.05651533236663462	2.865631685704868	-0.3715756705607637	11.58982818771545	-0.5868781050910787	0.1194293305203378	-0.2959646701510898	15.09171630430852	0.6732282784380131	4.387766440597768	1.538220822026124	0.05401106260084095	0.419419402039686	-11.30271890169267	-0.6306494107246995	-1.253432613179577	0.4400272599700278	1.457051697936204	1.604766406502838	-14.31898171409993	1.508068726520003	-2.195309846354026
1.6416667	-0.2353078930538633	4.528803394342345	0.02526961756706851	-0.4459943581000588	-0.1102220433491638	-0.8426787303549427	1.746011243471307	5.479343266024009	0.9339030592607637	-0.2486279592285793	-0.5859401628872861	0.6456440986500059	0.7901805256166577	-10.72040440239731	-0.2007665616496193	-0.3413834006539739	-0.2362913312100302	0.1951813994362452	0.6698537334970329	0.6651072929857157	0	0	-0.02119036333598536	6.684190152352693	-0.09337869550887122	2.44255991229007	-0.130899523675499	-5.140377193446327e-07	0.3606849034724494	2.814168028601161	-0.1795277377368485	0.2095504174534467	-0.1603499822476757	0.488275138446332	1.814285542949513	9.32632990965393	0	0	-0.4299027898813182	-5.857712926549707	0.1681799288699959	-0.2372215093884384	-0.0442810198877585	3.003559596339324	-0.3225601262087046	11.93146218449954	-0.5862050563497621	0.2058222310285052	-0.233279763478545	14.98367147074595	0.6919170619908277	4.581618048333648	1.538400319051251	0.03326260761202894	0.3724315906258701	-11.25147205805097	-0.6353628066812635	-1.01424186093448	0.4455999569079572	1.201119849649525	1.54373774979076	-14.94662941870636	1.498755542140788	-2.273687215137115
1.6458333	-0.2164656310060747	4.509128046707752	0.02345963348632063	-0.4204609467764135	-0.1138100423207241	-0.8797750459813827	1.768810233899353	5.464476782339876	0.9328049537832691	-0.2779102222581536	-0.583218498618329	0.6604707728646332	0.7454283310823786	-10.75430389926323	-0.202193574196752	-0.3461502354957144	-0.2353442287634976	0.2587878977655799	0.673404638926642	1.026238819048364	0	0	0.006869484903531868	6.772195494923968	-0.08317414795175219	2.455015287132561	-0.1308995258117987	-5.109938824745813e-07	0.3729499547708608	3.076723453391891	-0.1788005528742384	0.1395368063632718	-0.1584212746768473	0.4383561015674247	1.851953804964904	8.748892587755893	0	0	-0.4543737018630072	-5.878553760723607	0.1667708059339472	-0.4399832110805479	-0.03151271232179972	3.122094524179674	-0.2721971035325244	12.23719308284504	-0.5851446802491174	0.305357086149003	-0.1712106122092132	14.79687174766146	0.7113985919199682	4.76850614180491	1.538507309022343	0.01920913406667795	0.3256556556581841	-11.20155787357984	-0.6391452678220888	-0.8066307980916116	0.449897406649694	0.8449882493510873	1.480444288620588	-15.40680964335213	1.489132213314981	-2.344288913598737
1.65	-0.1977861400758894	4.450456506370629	0.02178538529966156	-0.3808206861267123	-0.1175550324842713	-0.9179925745510499	1.791549445947481	5.450387232957762	0.9315918213499047	-0.3038277791469723	-0.5804388011245414	0.6734684552651289	0.7006174244739941	-10.74807010204046	-0.203672442526016	-0.3662576603590658	-0.2341401608878396	0.3185128769055539	0.6782964213941588	1.308681585922654	0	0	0.03513973456597885	6.784858172633324	-0.07292603235931194	2.463354811687294	-0.1308995279303579	-5.054976768151571e-07	0.386353963130191	3.360721921253453	-0.1783646684470141	0.06971895139587461	-0.1566900606703933	0.3934568071940909	1.88714402436088	8.136444746121368	0	0	-0.4788075476757842	-5.839638922598417	0.164506605379325	-0.6476392887216438	-0.01829058902148226	3.221242158993489	-0.220633750738372	12.50703555806988	-0.5836421577924152	0.4180386736313147	-0.1100824010294446	14.53130816852489	0.7316448074001728	4.94843969178357	1.538569691425646	0.01184996738727302	0.2790838041007805	-11.1529739523601	-0.6421285369859532	-0.6305894591605117	0.4525022808956815	0.3886398024505843	1.415580720005322	-15.69954447704148	1.479230669681467	-2.407118330674638
1.6541667	-0.1794323585620064	4.352788777596349	0.0203056947675539	-0.3270740196871121	-0.1214615976762433	-0.9573304391820533	1.814231570459052	5.437074984006514	0.9302777096410745	-0.3263798867244107	-0.5776087574046772	0.6846367680533586	0.6559161066251153	-10.70170171551683	-0.2052670524258487	-0.4017057449246076	-0.2326953267820807	0.3743547636790513	0.6842011018874872	1.512425981940411	0	0	0.06330577438278409	6.722175169177801	-0.06265174395229456	2.467578137626502	-0.130899530020907	-4.975491454438203e-07	0.4009859686771811	3.666157387996784	-0.1782192827418634	9.85352740473092e-05	-0.1551354680517189	0.3535785136539087	1.919709446166458	7.488999823506144	0	0	-0.5029547525166731	-5.740967194909167	0.1613669775639515	-0.8601849346273929	-0.004695744199760045	3.300999423214407	-0.1680208296333223	12.74098184176426	-0.581642740368534	0.5438647623334594	-0.05022479892316466	14.18698427148506	0.7526262537362827	5.121414129374957	1.538615357843413	0.01118552519862347	0.2327116132349199	-11.10572150832894	-0.6444440766573845	-0.4861232057843935	0.45299691660237	-0.1679181462612686	1.349846287709794	-15.82482086578703	1.469083530822769	-2.462173678608864
1.6583333	-0.1615671934954614	4.216128608231978	0.01907936497318716	-0.2592227451897743	-0.1255343062220919	-0.9977876554417385	1.836859303757752	5.424540326995182	0.9288766760310575	-0.3455661248984532	-0.574736059290661	0.6939755090482114	0.6114926678489869	-10.61520129734681	-0.2070412785736524	-0.4524930861902015	-0.2310259487584801	0.4263123576805961	0.6907906041576807	1.637469950371251	0	0	0.09105300308937661	6.58415070133857	-0.05236868046400094	2.467685311771952	-0.1308995320731792	-4.871485676256191e-07	0.4169348936524904	3.993021751509693	-0.1783635661579877	-0.06932277823326974	-0.1537366076888135	0.3187219972651318	1.949503567387691	6.806574618338855	0	0	-0.5265657690998415	-5.582543096971984	0.1573316568854893	-1.077614871721447	0.009190692149645643	3.361365100725566	-0.1145092027816063	12.93902761150451	-0.5790917270676018	0.6828318592589878	0.008032647102454049	13.76391115557547	0.7743134056519615	5.287425553749802	1.538672201462612	0.01721558244098855	0.1865346411747123	-11.05980162760352	-0.6462234134220438	-0.3732343684407176	0.4509638533062735	-0.8246686320161842	1.283940319100586	-15.78264183138708	1.458723439898223	-2.509453915945644
1.6625	-0.1443522695033043	4.040469438484426	0.01816511303726593	-0.177263605721411	-0.1297780216258611	-1.039366165307559	1.859436970705088	5.4127826602506	0.9274026758063577	-0.3613874146232688	-0.5718281911726936	0.70148512651643	0.5675122012351356	-10.48856469544391	-0.2090591247820437	-0.518622121987234	-0.2291481260429846	0.4743881529146065	0.6977373385622274	1.683819493421698	0	0	0.1180688160031123	6.370778143835167	-0.0420934989212422	2.463676339268086	-0.1308995340770551	-4.742954437215653e-07	0.4342908233735998	4.341330701532672	-0.1787967029691169	-0.1385483214024429	-0.1524724918495487	0.2888855848882025	1.976381998744368	6.089136373685519	0	0	-0.5493927467201905	-5.364359024308494	0.1523800766888205	-1.299939536807781	0.02328859434505197	3.402342089125849	-0.06024586725395101	13.10118237363966	-0.5759342273411582	0.8349466349352835	0.06436456939628579	13.26206851296162	0.7966783081934974	5.446481933583979	1.538768119362423	0.0299404285617445	0.1405451236349871	-11.01521210599432	-0.6475981939672005	-0.2919175283785878	0.445985458838347	-1.581643179341887	1.21855738578833	-15.57300534921556	1.448182291181564	-2.548961312172687
1.6666667	-0.1279505072829158	3.825814080299733	0.01762174882826993	-0.08119806046315609	-0.1341973162588214	-1.082065011234711	1.881967266371252	5.401802293936887	0.9258697644225847	-0.3738432550367013	-0.5688928439488035	0.7071653743723813	0.5241430057470554	-10.32179350424015	-0.2113844708072811	-0.6000918174864519	-0.2270780757519694	0.5185808557821344	0.7047132413568784	1.6514706656156	0	0	0.1440385980566424	6.082059905166902	-0.03184359704660154	2.455551168148694	-0.1308995360222668	-4.589899944842742e-07	0.4531427127683893	4.711076650437386	-0.1795178705167501	-0.2075764257260392	-0.151322234887649	0.2640701733444285	2.000198168998388	5.336701048051563	0	0	-0.5711861222490983	-5.086418062080962	0.1464919496280928	-1.527153770158746	0.03751683842945031	3.423928706933228	-0.005381665809535066	13.22744094424435	-0.5721155263822881	1.000205911831397	0.1184413786428319	12.68146555244455	0.8196914526860952	5.598579201030866	1.538931005332834	0.04935999917325928	0.09473862332195264	-10.9719540615737	-0.6486999335893613	-0.2421757738714532	0.4376442070584804	-2.438827228478869	1.154396819357616	-15.19591042210027	1.437492723103994	-2.580694639258049
1.6708333	-0.1125247494692365	3.572169089205584	0.01750804660995548	0.02897107720787404	-0.1387967456368739	-1.125883128127641	1.904452890374015	5.391599463598352	0.9242920029907393	-0.382933468355214	-0.5659377111549752	0.7110161821474621	0.4815533216670267	-10.11489317103419	-0.2140811668860537	-0.6968996651758985	-0.2248320334553982	0.5588895454558901	0.7113902459972585	1.540427076414631	0	0	0.1686478346001788	5.718005626917167	-0.02163637013584629	2.443310141597103	-0.1308995378985522	-4.412326752322007e-07	0.4735793731546235	5.102249952672471	-0.180526218491823	-0.2764054416504979	-0.1502649402265401	0.2442761774457824	2.020805800884597	4.549287959615017	0	0	-0.5916964317823578	-4.748729032032696	0.1396470782646928	-1.759251942654745	0.05179428793318803	3.426125134115197	0.04993250111015108	13.31780158537933	-0.5675809728585054	1.178605250561957	0.1699337020144238	12.02211904370985	0.8433232682246071	5.743713956309293	1.539188746734985	0.07547358720333709	0.04911068537240195	-10.93002848459401	-0.6496601737965948	-0.2240091620269688	0.4255228946563446	-3.396196599690262	1.092157834047443	-14.65137212865458	1.426687388344768	-2.604653415469991
1.675	-0.09823673778273904	3.279522290047609	0.01788277691000541	0.1532490954948971	-0.1435811985470668	-1.170822619289613	1.92689816075353	5.382173679491306	0.9226833383142545	-0.3886584909160241	-0.562970273224482	0.7130377346834017	0.4399083301062126	-9.867853764451146	-0.2172132611102436	-0.8090503119066114	-0.2224260706988899	0.5953161567839333	0.717440767041037	1.350683395641223	0	0	0.1915837703250424	5.278597834201008	-0.01148847885600213	2.426952672034636	-0.1308995396957833	-4.210226333530512e-07	0.4956911052645291	5.514869384856853	-0.181820972643828	-0.345038673021444	-0.1492796365295093	0.2295026470652599	2.038060064164241	3.726859311942912	0	0	-0.610675675778549	-4.351275724830908	0.1318247610829122	-1.996245195186307	0.06604083594351332	3.408931476101943	0.1055497229576853	13.37226863442479	-0.5622755810098958	1.37015321443223	0.2185158471288497	11.28399733761874	0.8675458932006673	5.881893165998978	1.539569250291307	0.1082824461242581	0.003653571855225875	-10.88943336259535	-0.6506105219589061	-0.2374168208338194	0.4092034052191896	-4.453797247441138	1.032535177486462	-13.93936433062221	1.415798159805577	-2.620838790848171
1.6791667	-0.08524934022347432	2.947879302452497	0.01880472500935421	0.2916335195718094	-0.1485552348872174	-1.216882446512915	1.949305776107256	5.373525195815124	0.9210578305950884	-0.3910180641654538	-0.559998223308219	0.7132299176070759	0.3993762920374301	-9.580679768567258	-0.2208446133975566	-0.9365416183395064	-0.2198764190214428	0.6278596757454955	0.7225367268392124	1.082241344011281	0	0	0.2125318541751394	4.763844360319998	-0.001417319726970117	2.406479003856645	-0.1308995414036961	-3.983602659518615e-07	0.519566759534136	5.948925815922965	-0.1834012895467672	-0.4134744655468124	-0.1483454291994293	0.2197501175178919	2.051814602828968	2.869433583290188	0	0	-0.6278743565637479	-3.894065528065088	0.1230047774337646	-2.238128015982498	0.08017534621041925	3.372347447495788	0.1613191083278491	13.39083949193978	-0.5561446816636118	1.57484567952232	0.2638583752221994	10.46711531362441	0.8923297712229478	6.013113263301371	1.540100405974361	0.147786029535934	-0.04163716790011668	-10.85016971778528	-0.6516825177676587	-0.282399565195657	0.3882684396974534	-5.611607397003278	0.9762281183688192	-13.05989808764608	1.404857687769745	-2.629250097084672
1.6833333	-0.07372529993428303	2.577249489628569	0.02033262365676322	0.4441205204165322	-0.1537233963553893	-1.264061464039091	1.971678438647493	5.365654192149389	0.9194295416521089	-0.3900122526284344	-0.557029254999826	0.7115927921623832	0.3601253615914507	-9.253379520325362	-0.2250390357375965	-1.079369972452806	-0.2171993237559985	0.6565194610914613	0.7263501393793819	0.7351101971785017	0	0	0.2311777259254886	4.173760271659755	0.008559718097533729	2.381889776608013	-0.1308995430120354	-3.732462052407799e-07	0.5452950170653226	6.404408056880228	-0.185266298361003	-0.4817111838884134	-0.1474414187339901	0.2150186421093767	2.061923396839288	1.977032611584385	0	0	-0.6430431473957101	-3.377111565905737	0.1131670024429026	-2.484894423880442	0.09411669323937417	3.316374624348565	0.2170897512079398	13.37351500446951	-0.5491336848944158	1.79267726005791	0.3056321585294509	9.571495412064611	0.9176452920205876	6.137371349483382	1.540810089294312	0.1939831483537235	-0.086766000535832	-10.8122384445513	-0.6530076892362063	-0.3589551788503662	0.3623011421210723	-6.86959565367115	0.9239356070957536	-12.01300053515465	1.393898627439901	-2.629887412171775
1.6875	-0.06382654592107534	2.167615061060168	0.02252532217801755	0.6107174175222148	-0.1590905990382078	-1.312361936497213	1.994020460992154	5.358560290679874	0.9178124158633888	-0.3856410080252408	-0.5540708480684602	0.7081262797660455	0.3223208801421754	-8.885937309062179	-0.2298606481142557	-1.237542230117199	-0.2144108357573019	0.6812968885135376	0.7285532817645934	0.309273292581238	0	0	0.2472083440213204	3.508317243730839	0.01842596290123081	2.353183809986946	-0.1308995445106602	-3.45679245438116e-07	0.5729664325910414	6.881337971226011	-0.1874152659564059	-0.5497521034611317	-0.1465466411542383	0.2153079937252607	2.068241112004163	1.049613560893507	0	0	-0.6559337923360145	-2.800389024165653	0.1022905909329448	-2.73655626385723	0.1077847539844492	3.241010319921774	0.2727147629617316	13.32029434042527	-0.5411874860712153	2.023658412122161	0.3435110381710049	8.597094642496231	0.9434646748043656	6.254673389028572	1.541726228667146	0.2468760200748094	-0.1317406400255907	-10.77563772216318	-0.6547176612515342	-0.4670873365261949	0.330882731459374	-8.227822401847199	0.8763528687343074	-10.79862142126141	1.382952844338788	-2.622750766701091
1.6916667	-0.05571585839056423	1.718984444054612	0.02544156857094453	0.7914207204177945	-0.164661389351751	-1.361782745016669	2.016334544566414	5.352243689641228	0.9162205151483798	-0.3779043141106661	-0.5511306962714779	0.702830397757441	0.2861310345511904	-8.478360508498136	-0.2353732768003157	-1.411055147483782	-0.2115271974922474	0.7021912235691344	0.7288181332684955	-0.1952619828725761	0	0	0.2603092892278258	2.767528534637042	0.02816402307142222	2.320361644750354	-0.1308995458893128	-3.156599601731772e-07	0.6026697327624854	7.379704884453549	-0.1898473283171734	-0.6175955841882763	-0.1456401974310228	0.2206183461742992	2.070621639041864	0.08719742922196337	0	0	-0.666296912945777	-2.16390959286151	0.09035539335231149	-2.993107672098662	0.1210983973536943	3.14625564490208	0.3280432358440252	13.23117748485057	-0.5322514734850924	2.267784065406239	0.3771657968176945	7.543933555024589	0.9697583217295246	6.365016316186479	1.542876704222849	0.3064636162866521	-0.1765655492183756	-10.74036847696365	-0.656943969482741	-0.6067945797570162	0.2935962259404518	-9.686258651834576	0.8341789583779943	-9.416783862424358	1.372052993605304	-2.60784005208873
1.6958333	-0.04955584589748317	1.231369809500904	0.02914004137374817	0.9862255844362106	-0.1704402941679578	-1.412322663176089	2.038623393477534	5.346704512648287	0.9146678990049599	-0.3668024777181156	-0.548216491613767	0.6957053390929752	0.2517238566772093	-8.030660345220298	-0.2416406817319209	-1.599904008020935	-0.2085646605620271	0.719202104587311	0.7268168592380562	-0.7784806873371697	0	0	0.2701664235548561	1.951414635566288	0.03775651930096166	2.28342421680468	-0.1308995471377466	-2.83189157783663e-07	0.6344934491726512	7.899496064132989	-0.1925615942507863	-0.685240004947019	-0.1447011896551267	0.2309493912559148	2.068919246635428	-0.9101914257530982	0	0	-0.6738833734250528	-1.46769069859107	0.07734136179146291	-3.254542315398551	0.1339765262787515	3.032113571425665	0.3829242905769547	13.10616786877504	-0.5222711304479198	2.525047887746862	0.4062676226502913	6.41204026063968	0.9964965894225868	6.468397733272073	1.544289373595445	0.3727442658921532	-0.221245205337077	-10.70643150747539	-0.6598181000313422	-0.7780724189109177	0.250025207121619	-11.24486579395893	0.7981124118801071	-7.867527050887198	1.361231725968901	-2.585155906050992
1.7	-0.04550869492519594	0.7047477515221072	0.03367969410143993	1.195141360360542	-0.1764322588896035	-1.463984116930359	2.060891316320309	5.341942493816307	0.9131685154435548	-0.3523349659509183	-0.5453357164931822	0.6867507617643598	0.2192649203979764	-7.542815329277004	-0.2487270823977202	-1.804097876618997	-0.205539262119967	0.7323303481034197	0.7222214576669033	-1.440410815758254	0	0	0.2764662835814963	1.059936372424664	0.04718676141527862	2.242369753125015	-0.1308995482458037	-2.482652799741397e-07	0.6685284291411994	8.440736460640144	-0.1955573713921091	-0.7526886127215061	-0.1437086521676988	0.2463016248682052	2.0629880336478	-1.942600879462695	0	0	-0.6784445538777413	-0.7116989223127292	0.06322749861026333	-3.520872742820552	0.1463389666784063	2.898578620585343	0.4372109958233799	12.94525949164111	-0.5111912097977045	2.795462228005075	0.4304897485255062	5.201360427594096	1.023651765387275	6.564822602672765	1.545992198944793	0.4457211504133989	-0.2657873007945477	-10.67382518469781	-0.663471752135549	-0.9809290754557158	0.1997500489800653	-12.90371864256006	0.7688492331664588	-6.150776621133176	1.350520913566478	-2.554697239731449
1.7041667	-0.04373352700091421	0.1454939146566483	0.0391174721638794	1.415008851646209	-0.1826411081735091	-1.515492824675224	2.083141112979671	5.338131171949833	0.911736292429031	-0.3347407621945661	-0.5424959912281886	0.6760971326650052	0.1889194634548526	-7.019945713005387	-0.2566941010945341	-2.019750668287823	-0.2024669409323488	0.7421355389388987	0.7147113221126883	-2.167923580149019	0	0	0.2789001815420203	0.1030697161907419	0.05643752722513157	2.19748855137425	-0.1308995492034685	-2.113104236809263e-07	0.7048589399445148	8.995644537001427	-0.19883324847616	-0.8189914768263912	-0.1426423056501001	0.2655595388712235	2.052686559493034	-3.002104579827858	0	0	-0.679736521605672	0.09455885690988029	0.04799544497688944	-3.789005345424168	0.1581054755372192	2.747211137353827	0.4907520104633207	12.74764611104924	-0.4989596294958967	3.074592400499129	0.4495115098473749	3.926788994461262	1.051194516037603	6.654827366986052	1.548012318980601	0.5240867674583183	-0.3101946186320318	-10.63950692702524	-0.6680336111724734	-1.210288693021916	0.1423672464734373	-14.63925636339335	0.7470749200942328	-4.290314964852266	1.339953064566265	-2.516725197188323
1.7083333	-0.04425179721004319	-0.3875079389555819	0.04544210479569352	1.61664230523599	-0.1890431518662218	-1.555071871189506	2.105379329821562	5.336874478024956	0.910379995180296	-0.3162288456136231	-0.5397021178002861	0.6649501754481747	0.1607421633321235	-6.509331400999989	-0.2655194440440042	-2.210951720881907	-0.1993515454288975	0.7537977856840744	0.7042493786006673	-2.839681956189388	0	0	0.2773748423741066	-0.8270576389927073	0.06549786307646636	2.151459262677044	-0.1308995500098394	-1.762229020318301e-07	0.7434012391695665	9.492342263656761	-0.2023673073784266	-0.8753754694454167	-0.1415059647756745	0.2784061007886433	2.038044475895691	-4.015576921286025	0	0	-0.6777206267346036	0.8632731984223824	0.03169362598031394	-4.030376024462389	0.1692295107453326	2.592425002602625	0.5433785975361647	12.50585248695807	-0.4856200613686233	3.321467333593731	0.4633338520255464	2.72589069907547	1.07910711119819	6.743395777312956	1.550348637227776	0.5957589496058003	-0.3544042280844811	-10.57532683400922	-0.673522735702248	-1.419228954377775	0.07798202419420455	-16.2338377184033	0.7329613971714937	-2.505847621149965	1.329555043383662	-2.473652303236773
1.7125	-0.04690646658434272	-0.8799631859249347	0.05255428001027022	1.792953204264726	-0.1955794460290806	-1.579858664349799	2.127618978951003	5.338562501725207	0.9091015935383392	-0.2973355423409992	-0.5369550413495139	0.6536025760591165	0.1346423292233977	-6.022445588520148	-0.275072558223979	-2.368976130099209	-0.1961809867999869	0.7685777626307688	0.6911657374079729	-3.426207195091935	0	0	0.2720761945305562	-1.708085993710328	0.07436558656473879	2.104930976842913	-0.1308995506758925	-1.43949080480866e-07	0.7838564125398139	9.91337216504585	-0.2061112823366594	-0.9197095685256133	-0.1403346527270556	0.2823324060802715	2.019312048269486	-4.96528481842771	0	0	-0.6726243094775659	1.573126079117732	0.01445589883987267	-4.238049592543225	0.1797090303899237	2.437717992535184	0.5949031084382655	12.2180471498545	-0.4713394528313476	3.526134172970561	0.4723758071379714	1.63206318157674	1.107388957367217	6.831744875685309	1.552963588580383	0.6578025964798729	-0.3982709945363966	-10.47443401081398	-0.6798162878698517	-1.596347380369412	0.007354888053729816	-17.63460777355472	0.7260134152529157	-0.8507212442896266	1.319345653530436	-2.426063061141743
1.7166667	-0.05152854879851086	-1.331858547287557	0.06034832338867854	1.943936405522176	-0.2021881995331413	-1.589852076724641	2.149871796582718	5.343195308548839	0.9079027082689981	-0.2780612920984725	-0.5342556643966336	0.6420545996245809	0.1105217413351896	-5.559300815395581	-0.2852149837600383	-2.493818908864677	-0.1929423496231061	0.7864752272901364	0.6758158276785804	-3.92748215140252	0	0	0.2632089039795557	-2.539992435090257	0.08303840334781361	2.057904792617725	-0.1308995512133339	-1.1448983499112e-07	0.8259082219089142	10.25872141207197	-0.2100148769192738	-0.9519922762139702	-0.1391655658241797	0.2773380393764817	1.996755368672897	-5.85120318205935	0	0	-0.6646929171555828	2.224098342994858	-0.003576925969172619	-4.412019852241246	0.1895441049216407	2.283093823072241	0.6451325732797649	11.88423535080521	-0.4562940066058925	3.688586486966189	0.4770832397622236	0.6453365491855586	1.13603846638681	6.919872533769995	1.555816993763004	0.7102158723571154	-0.4416408876867789	-10.33682955725037	-0.6867815321193846	-1.741638574426608	-0.06870497532670956	-18.84152593207872	0.7256922934453892	0.6750197852156512	1.309343960865339	-2.373958450485237
1.7208333	-0.05794886865825666	-1.743184637774028	0.06871849505355902	2.069589197223019	-0.2088076142934595	-1.58505240102724	2.172149517667266	5.350772681298884	0.9067849525046456	-0.2584065711782215	-0.5316048848833197	0.6303065305072418	0.08828198986904022	-5.119907342348212	-0.295808204204662	-2.585478255495167	-0.189622725011194	0.807489637898699	0.6585552961152012	-4.343497863579466	0	0	0.2509779792741962	-3.322758765898152	0.09151403779433588	2.010381856544931	-0.1308995516338824	-8.784577131262696e-08	0.8692402758556084	10.52838444087943	-0.2140277793714147	-0.9722232515748475	-0.1380359001733722	0.263423441680169	1.970640896287457	-6.673313046696711	0	0	-0.6541720692530753	2.816176486512655	-0.02226396164324975	-4.552283841603297	0.1987348666569949	2.128556202181974	0.693874146493478	11.50442675743544	-0.4406599988374739	3.808821896454853	0.4779024305842091	-0.2342693724184503	1.165054014803951	7.007776644491862	1.558868650608975	0.752997866016778	-0.4843599249337907	-10.1625180973964	-0.6942856684134083	-1.855100195350607	-0.1493878577913106	-19.85457020672778	0.7314587146861413	2.071343507671976	1.299569011308475	-2.317339884318576
1.725	-0.06599873684848108	-2.113961201352605	0.07755966597190792	2.169917610797763	-0.2153763697000844	-1.565459406869475	2.194465481334811	5.361294983695054	0.9057498598521404	-0.2383704361385451	-0.5290034104644569	0.618357804790759	0.06782308748952696	-4.704244078153859	-0.3067144729060864	-2.643958569709713	-0.1862089642434563	0.8316220031643052	0.6397385194473836	-4.674274300696476	0	0	0.2355875055035291	-4.056422559519091	0.09979082218953399	1.9623598874871	-0.1308995519492855	-6.401561062438585e-08	0.9135393220759229	10.72237419550073	-0.2180999687872474	-0.9804034657106004	-0.1369827705704318	0.240587945079957	1.94123316413194	-7.43165387424471	0	0	-0.6413065937206651	3.349388929876753	-0.04146567640798036	-4.658848293408593	0.2072821019246519	1.974097711939888	0.7409384764212189	11.07860313864099	-0.4246125708267564	3.886846172828557	0.4752796672586629	-1.006796804995097	1.194436072730455	7.095461427315738	1.562078579535861	0.7861506310274142	-0.5262771935330615	-9.951491264168123	-0.7021964450811836	-1.936737689386357	-0.2338899256369695	-20.67378922440511	0.7427738566230562	3.338316947690457	1.290039149464663	-2.256204644907099
1.7291667	-0.07550901930848905	-2.444177879324409	0.08676610883194641	2.244918326601208	-0.2218326671880926	-1.531073031926259	2.21683142329367	5.374762069214605	0.9047990454093752	-0.2179533541289687	-0.5264521402565548	0.6062087020287987	0.04904666833859248	-4.312321853314826	-0.3177952825829462	-2.669257253472418	-0.1826881563313405	0.8588718561425828	0.6197211027752697	-4.919800455221481	0	0	0.2172424129421349	-4.740964439802257	0.1078664761496454	1.913840020038218	-0.1308995521712593	-4.300002590233601e-08	0.9584889961155487	10.84068329575904	-0.2221811354350632	-0.9765322884545125	-0.1360433745131773	0.2088317764843284	1.908798549174919	-8.126205168282574	0	0	-0.6263420508335396	3.823720756422564	-0.06104119748652773	-4.731709436831061	0.2151859275869903	1.819722062302318	0.786132679514032	10.60677305790086	-0.4083279866951266	3.922655923821048	0.469661142508789	-1.672223352464105	1.224183025503928	7.182924769851941	1.565406582655301	0.8096730250412186	-0.5672386934511902	-9.703752800571486	-0.7103810734317066	-1.986547951487657	-0.3214015720147411	-21.29915634545495	0.7590985418290831	4.475905040353733	1.280773426916001	-2.190554036934152
1.7333333	-0.08631044177977977	-2.73382820668512	0.09623206125628159	2.294590456413114	-0.2281147189883701	-1.481894634017174	2.239259074454312	5.391173508639575	0.9039341161836465	-0.1971558288694082	-0.5239519685565859	0.5938595210109511	0.03185420504204758	-3.944149219225485	-0.3289121091981786	-2.661374894139314	-0.1790474005626751	0.889238430614532	0.5988587664588251	-5.080073503535006	0	0	0.1961479155040239	-5.376369746234601	0.1157387385991604	1.864823436589837	-0.1308995523115287	-2.479942041374498e-08	1.003772871060787	10.88331162671864	-0.2262209687213517	-0.960610246557242	-0.1352548985811596	0.1681560191742832	1.873603718961641	-8.756952556099133	0	0	-0.6095242023745263	4.239162701945657	-0.08084961621715447	-4.770866736516943	0.222446522272847	1.665432955272986	0.8292640517526318	10.08894949525249	-0.3919825333306366	3.916251809703776	0.4614933366468604	-2.230536900286332	1.254293223432561	7.270164580968775	1.568812450743968	0.8235648302130631	-0.6070905164072902	-9.419309973879574	-0.7187067384845812	-2.004530931979797	-0.4111129011602001	-21.73066353974311	0.779893111967752	5.484085141564082	1.271790869887565	-2.120389798552381
1.7375	-0.09823452524354388	-2.982926086872895	0.1058524468102273	2.318936384533857	-0.2341611882972852	-1.41792185254135	2.261761781143659	5.410530089731658	0.9031566179176814	-0.1759768620626815	-0.5215036102487255	0.5813096689670436	0.01614595253817926	-3.599708503316644	-0.3399272312335176	-2.620311113351097	-0.1752735328021242	0.9227231841990491	0.5775057143382046	-5.15510113886645	0	0	0.1725076728199497	-5.962668978758811	0.1234059128609875	1.815307784308309	-0.1308995523818277	-9.412920399487949e-09	1.049077788296569	10.85026123457214	-0.2301694490329786	-0.9326365757485491	-0.1346544739475459	0.1185587206822311	1.835912770646735	-9.323926314053397	0	0	-0.5910975740333857	4.595734707978466	-0.1007514546527291	-4.77632207204669	0.2290645796613865	1.511222984856263	0.8701429721848742	9.525107594767181	-0.3757513178840174	3.867633523074344	0.4512221059448696	-2.681764247940841	1.284767189172186	7.357185048244168	1.572256221221841	0.8278267133602618	-0.6456816120285012	-9.098149130618253	-0.7270412280030791	-1.990687494059652	-0.5022205127426123	-21.9683315199463	0.8046194660496356	6.362905644740619	1.263109861019625	-2.045708561824458
1.7416667	-0.1111120244070069	-3.191464081453904	0.1155215080837213	2.317954614883305	-0.2399102824277652	-1.339155690280078	2.284351275913361	5.432831453947126	0.9024681596985797	-0.1544169482860541	-0.5191079608648943	0.5685594398776578	0.001823420270948212	-3.279008826763122	-0.3507021238636439	-2.546065702111043	-0.1713536493007867	0.9593254254962368	0.5560176507456877	-5.144878491605903	0	0	0.1465268352618705	-6.499846297945256	0.1308657329578398	1.765294233635729	-0.1308995523938795	3.159003508898671e-09	1.094087325172125	10.74153018806265	-0.2339762641841905	-0.8926115135480174	-0.1342792912595607	0.06004075019476384	1.795992308699202	-9.827110538497536	0	0	-0.5713078860477577	4.893426097192997	-0.1206058080473352	-4.748074099193613	0.2350402629521638	1.357095855044057	0.9085766850078678	8.915259232336199	-0.359810627883751	3.776800711063705	0.4392938748823964	-3.025890710487729	1.315603281755183	7.443984075231891	1.575697686254807	0.8224582255106316	-0.6828580435889653	-8.740276656988582	-0.735251728805144	-1.945016824205061	-0.5939145541492933	-22.01214760352202	0.8327380465586913	7.112340800561975	1.254749433553852	-1.966511956535066
1.7458333	-0.1247736024507705	-3.359438645688856	0.1251334829938995	2.291646082806273	-0.2453002372403562	-1.245598570159309	2.307039282983534	5.458076960047021	0.9018703420657164	-0.1324766186871864	-0.5167659108770266	0.555609146959302	-0.01121201534296759	-2.982057031631808	-0.36109828532494	-2.438641636814346	-0.1672748603270757	0.999044163831573	0.5347502929744705	-5.049408876056005	0	0	0.1184107778957024	-6.987890580002047	0.1381159528181526	1.714784002811762	-0.1308995523594129	1.291615088856193e-08	1.138485087392809	10.55712382117438	-0.2375911155888997	-0.8405364543925992	-0.1341665195415044	-0.007396166729014163	1.754109151618347	-10.26649544949329	0	0	-0.5504009895071728	5.132231844721387	-0.1402717762135593	-4.686124709203325	0.2403737970117847	1.203055261875661	0.9443726691553717	8.259420700409228	-0.344336722968264	3.643757073340497	0.4261552270088261	-3.262911884528171	1.346799825450245	7.530559586743689	1.579096638230073	0.8074598421946571	-0.7184660101686793	-8.345702463458728	-0.7432054396114711	-1.867521164265344	-0.6853851164710986	-21.86211771744929	0.8637089703297021	7.732377280526347	1.246728589956532	-1.882802045938187
1.75	-0.1390509176456892	-3.486857842485831	0.1345833021152669	2.240009525473015	-0.2502696731100856	-1.137246001365426	2.329839161178381	5.486267819835023	0.9013647235833794	-0.1101548201134075	-0.5144781827592616	0.5424581685879697	-0.02305989982475987	-2.708838864008481	-0.370977959506659	-2.298033761023366	-0.1630239807197252	1.041881305735001	0.5140578254233666	-4.868687709601885	0	0	0.08836282331193024	-7.426825251429531	0.1451548459063125	1.663774667306537	-0.1308995522901535	1.985899010196982e-08	1.181957873809461	10.29703328226008	-0.2409639632345151	-0.7764088986394611	-0.1343533224008653	-0.08375526711290646	1.710527075513974	-10.64210213785381	0	0	-0.5286212138239427	5.312163413422908	-0.1596098743665336	-4.590470928457524	0.2450657830190237	1.049093811284302	0.9773409515709797	7.557560518233053	-0.3295047521232824	3.468496223707931	0.4122517799919173	-3.392839147260543	1.378357395058635	7.616915738470603	1.58241311423564	0.7828308434784198	-0.7523542576864172	-7.914407610164371	-0.750770130331243	-1.758196794389304	-0.7758288838218371	-21.51823466017834	0.8969946248460303	8.223044846860944	1.239065759030919	-1.79457481189382
1.7541667	-0.1537746499702232	-3.573717153676049	0.1437652007340421	2.163045270368461	-0.2547568165415621	-1.01410005178609	2.352762637242627	5.517403462746405	0.9009529069850296	-0.08745207456972859	-0.512245668278594	0.5291068131711602	-0.03381882706185688	-2.459361735740455	-0.3802026339025179	-2.124244254780545	-0.1585881167751793	1.087835935351102	0.4942959749327654	-4.60271626055577	0	0	0.05658829777087319	-7.816638009519276	0.1519801610996098	1.612267433410257	-0.1308995521978291	2.398725348059702e-08	1.224189271686352	9.961262088982785	-0.2440445033273178	-0.7002299514944806	-0.1348768756057975	-0.1690350394922172	1.665512854945847	-10.95391929270424	0	0	-0.5062143862064523	5.433214365306166	-0.1784791961237551	-4.461113839328895	0.2491164304360571	0.8952152012974508	1.00728894560302	6.809693874111173	-0.3154909882919177	3.251020848694151	0.3980300936783705	-3.41566552488531	1.410274323506801	7.703050449909848	1.585606905158839	0.74857147376535	-0.7843689457638056	-7.446401126501639	-0.7578129919354015	-1.617045192578814	-0.8644359322890062	-20.98049970627991	0.9320551889475928	8.584327065840395	1.231779951614491	-1.701832209287981
1.7583333	-0.1687754365473877	-3.620015954785238	0.1525734398564515	2.060756076402491	-0.2586999403388205	-0.876164209453637	2.375821426055766	5.551483035521226	0.9006364859992727	-0.06436894063155295	-0.510069253901584	0.5155554083522943	-0.04358749548011891	-2.23363077956717	-0.3886338588853328	-1.917278483520252	-0.1539543925481306	1.136906837549824	0.4758203790050683	-4.251503981142444	0	0	0.02329269328134233	-8.157321267200512	0.1585896677785256	1.560263555210703	-0.1308995520941698	2.530094259081705e-08	1.264862987459383	9.549821024246638	-0.2467824601347208	-0.6120018750809141	-0.1357743225968742	-0.2632331160297284	1.619333401957676	-11.20194172687919	0	0	-0.4834263940592294	5.495383914839846	-0.1967388801046246	-4.298057759662434	0.2525260102927039	0.7414231219899906	1.034024354543445	6.015840372905598	-0.3024716258705079	2.991337687365003	0.3839367584654308	-3.331394325143961	1.442548909223229	7.788961661816613	1.588637813664607	0.7046829019615561	-0.8143564138816592	-6.94169556613384	-0.7642012654897831	-1.444070892207237	-0.9503965142826469	-20.24893273984628	0.9683506710853709	8.816219924558782	1.224890142350977	-1.604576626475988
1.7625	-0.1838849999310753	-3.625756468191412	0.1609029114770652	1.933137033615238	-0.2620375954278882	-0.7234318533417029	2.399028904239812	5.588508174005145	0.9004170326976522	-0.04090431029072368	-0.5079496700530071	0.5018033036535388	-0.05246529379340357	-2.031635160229369	-0.3961337840258969	-1.677126512726522	-0.1491095962399942	1.189096367772161	0.4589853560458019	-3.815034012902779	0	0	-0.01132091618841702	-8.448891377531252	0.1649816086527217	1.507760536481783	-0.1308995519908978	2.38001211892287e-08	1.303665641222306	9.062690338564559	-0.2491277515525191	-0.5117204343833356	-0.1370828754728577	-0.3663540183054552	1.572252286433759	-11.38618134564597	0	0	-0.4605014765005522	5.498675046210079	-0.2142493740215532	-4.101294862641095	0.2552950314164593	0.5877101912240038	1.057356770421282	5.175961909038606	-0.2906219316647036	2.689434274729316	0.3704173461951316	-3.140021502954207	1.475181778756026	7.874653497995042	1.591465859174574	0.6511630213818838	-0.8421651381705096	-6.400266702806472	-0.7698026457613797	-1.239265590375313	-1.032907049433281	-19.32349864510124	1.005343714325618	8.918734554051431	1.218414814334146	-1.502803395115183
1.7666667	-0.1989339818742946	-3.59093709599083	0.168647866372946	1.780190293056684	-0.2647080408188852	-0.5559061164443082	2.4223967900823	5.628478095612445	0.9002961431171425	-0.01705873297999346	-0.505887804554596	0.487850821909303	-0.06055089785393473	-1.853380580246855	-0.4025639389999533	-1.403792911480938	-0.144040846998254	1.244403385707173	0.4441465786794367	-3.293313762071098	0	0	-0.0470470726987413	-8.691339574524269	0.1711537479021674	1.454759619361806	-0.130899551899743	1.948472351917154e-08	1.340280898265932	8.499878998519462	-0.2510300930251067	-0.3993876022939101	-0.1388396870943553	-0.4783955925766062	1.524536395614962	-11.50663143090267	0	0	-0.4376855147178416	5.443085560762048	-0.2308698001879446	-3.870828657236918	0.2574237494575655	0.4340801010625162	1.077093817141231	4.290076983225863	-0.2801181260397808	2.345316336712401	0.3579184556920384	-2.841547795656835	1.508171239125005	7.960123893885807	1.594050839964713	0.5880127698053784	-0.8676414076394076	-5.822126209110701	-0.7744843565181828	-1.002633056608929	-1.111157716992506	-18.20421265372866	1.042494350309161	8.891863836188941	1.212372951933519	-1.396514795192898
1.7708333	-0.2137530299457878	-3.515560133974259	0.1757026114339748	1.601920437201776	-0.2666495995731648	-0.3735915519001711	2.445936786471842	5.671391735062185	0.9002754038327333	0.007167205297489426	-0.5038845396871998	0.4736983051899311	-0.06794305956351834	-1.698870463031598	-0.407785956179742	-1.09728543425705	-0.1387352854695749	1.302826451769282	0.4316595278935524	-2.686358818794351	0	0	-0.08368021150694033	-8.884661807829952	0.1771038708074913	1.401262093786666	-0.1308995518324342	1.235495476424598e-08	1.374392633868212	7.861403235935445	-0.2524392425194767	-0.2750065086221952	-0.1410818672897367	-0.5993548287278494	1.476452677679734	-11.5632913882568	0	0	-0.4152243794389145	5.328618912301024	-0.2464593663625073	-3.606665887894287	0.2589124815344999	0.2805365356159911	1.093043463758595	3.358208512741686	-0.2711363001575225	1.958993651777317	0.3468865878120018	-2.435984222133705	1.541515563117736	8.045370806187533	1.596352577644884	0.5152340095137636	-0.8906317352099263	-5.207289281904957	-0.7781137098152204	-0.734180115805491	-1.18433910515347	-16.89110860693414	1.079262595548131	8.735613073661352	1.206783497906499	-1.285713540165799
1.775	-0.2281738579758603	-3.399621963989639	0.1819619544856605	1.398318908960527	-0.2678007265400956	-0.1764794084701803	2.469662293128787	5.717251152242024	0.9003564011089171	0.03177466740536935	-0.5019406141869038	0.4593450741637491	-0.07474105356186493	-1.568097391979306	-0.4116618310916172	-0.7575893684605628	-0.1331796676066662	1.364368370310529	0.4218788095484415	-1.994140048769133	0	0	-0.1210174188489795	-9.028867357063975	0.1828301884274278	1.347265391834049	-0.1308995518006954	2.41047255173748e-09	1.40568715314281	7.147232403485575	-0.2533050541476525	-0.1385711829801732	-0.1438466927059908	-0.7292375328954157	1.428264611106193	-11.55616393742986	0	0	-0.3933623254714299	5.155269606339977	-0.260878392089947	-3.308793874597403	0.259761644272589	0.1270721246753682	1.105014784577526	2.380311767183838	-0.2638519146284339	1.530447676138501	0.3377674613498376	-1.923311315021829	1.575215428630585	8.130398326817485	1.598331056635959	0.4328232470706578	-0.9109842611444782	-4.555726408544556	-0.7805582679891937	-0.4338938820176785	-1.251647020135578	-15.38412347471498	1.115111115801774	8.449974766312081	1.201664997764906	-1.170394311488547
1.7791667	-0.2420271059953797	-3.243123908398255	0.1873201845904718	1.169389682947971	-0.2680997265491373	0.0354261157452735	2.493585017233216	5.766055352545243	0.9005407239433357	0.05676307648315228	-0.5000569117498421	0.4447914660920887	-0.08104361629939914	-1.461065360282306	-0.4140531654563366	-0.3847116722122162	-0.1273611282137451	1.429027776564452	0.4151599653286321	-1.216670996151888	0	0	-0.1588531493148619	-9.123950992960264	0.1883304806927257	1.292770791490375	-0.130899551816256	-1.03485858313172e-08	1.433848267518574	6.357380916672674	-0.2535772734382195	0.009915534053697725	-0.1471712852677018	-0.8680409090584068	1.380239138406649	-11.48524695309282	0	0	-0.3723452349901403	4.923039683560658	-0.2739860587120641	-2.977218552917678	0.2599715394355852	-0.02630944566075575	1.112815655464248	1.356408559680232	-0.258441099247492	1.05968717511845	0.331007617718725	-1.30353752280232	1.609269116976021	8.215204407159771	1.599946091269745	0.3407821136307149	-0.9285454368794726	-3.867451904815746	-0.7816853162491928	-0.1017804162953993	-1.312271918818433	-13.68328644586827	1.149499911956775	8.034951111607649	1.197036405346535	-1.050559714249818
1.7833333	-0.2551434685221298	-3.046071183255925	0.1916716773165084	0.9151391652041254	-0.2674849862327921	0.2621194025010943	2.517716647032598	5.817803058669905	0.9008299514145156	0.0821318190999423	-0.4982343102908163	0.4300378374722086	-0.08694953178727972	-1.377776082025076	-0.4148217035085542	0.02133751097526504	-0.1212668273351435	1.496803006489948	0.4118582429828537	-0.3539733890117188	0	0	-0.1969818096370348	-9.169912201890394	0.1936025492322629	1.237779618539647	-0.1308995518908408	-2.592181273680389e-08	1.458560089227004	5.491870456240787	-0.2532057029038296	0.1704496449835605	-0.1510927131625596	-1.015761304823383	1.332643186484624	-11.35054443362615	0	0	-0.3524189090544428	4.631936837104929	-0.2856416734593678	-2.611949093898876	0.2595425301560689	-0.1796044972463454	1.116254352642569	0.2865251199174551	-0.2550798039494593	0.54672496657743	0.3270533718438636	-0.576681575497406	1.643674875499992	8.29978701985646	1.601157530768223	0.2391131648512805	-0.9431619818171825	-3.14248361077206	-0.7813622662834883	0.2621511649398973	-1.36540489964221	-11.78864531871284	1.181889125031363	7.490556727834083	1.192916627458698	-0.9262127870076086
1.7875	-0.2673545776562027	-2.808454329880496	0.1949111107310912	0.6355551515088635	-0.2658948377361101	0.5036113332491551	2.542070610646141	5.872496754545664	0.9012256846655923	0.1078821129748745	-0.4964735572178939	0.4150834801186013	-0.0925580033242574	-1.318225559258291	-0.4138292270042061	0.4605776717745345	-0.1148834830634757	1.567697313350109	0.4123286892742177	0.5939941827991037	0	0	-0.2352005578376468	-9.166753190027695	0.198644572557644	1.18228923336333	-0.1308995520361809	-4.430995577447458e-08	1.479508472178681	4.550659477023075	-0.2521401111805773	0.3430388555700355	-0.1556483336427325	-1.172405810882796	1.285740257231379	-11.15204991320547	0	0	-0.3338277241447908	4.281947093812583	-0.2957053670438749	-2.212967964326426	0.2584749410063086	-0.332820388361613	1.115139349881459	-0.8293899073313101	-0.2539437591346254	-0.00846357206454547	0.3263507822513612	0.2572914165366384	1.678433433048539	8.384150224937935	1.601925307217112	0.1278115205447312	-0.9546816342720236	-2.380786727378584	-0.7794564907103896	0.6579183306836218	-1.410240806487368	-9.700109149019461	1.211741210587879	6.816765483642852	1.189324280158799	-0.7973475610139062
1.7916667	-0.2784911082096366	-2.530277590898326	0.1969328349766579	0.3306434400423229	-0.2632676450217208	0.7598966447826547	2.566658601496209	5.930135233544797	0.901729505312027	0.1340133538197064	-0.4947755319212744	0.3999287457195168	-0.09796780659236326	-1.282416075846807	-0.4109374395720539	0.93299946302562	-0.1081982486653877	1.641709107922939	0.4169266382232835	1.627212037201863	0	0	-0.2733038052453762	-9.114472264827258	0.2034543467984975	1.126300949795961	-0.1308995522640026	-6.551267495944725e-08	1.496377442051983	3.533767843442423	-0.2503302847273182	0.5276794575483428	-0.1608752296683046	-1.337970988937619	1.23979729102101	-10.8897658592747	0	0	-0.3168175104315642	3.873076733701996	-0.3040364101682726	-1.780283526371173	0.2567691197890118	-0.485953438872365	1.109278816413818	-1.99131139652572	-0.2552089660352039	-0.6058666360877019	0.3293462365537558	1.198365293678237	1.713543045426073	8.468291989731735	1.602209259671252	0.006879505241358248	-0.9629510411477005	-1.582378213616775	-0.7758353648241358	1.085512728361774	-1.445970548325423	-7.417721082698717	1.23851625520381	6.013588892096517	1.18627828268914	-0.6639669664587393
1.7958333	-0.2883838381525717	-2.211549102630236	0.1976313170940907	0.0004122604095401336	-0.259541871607105	1.030968653750159	2.591492290538868	5.990717006344384	0.9023429845930377	0.1605249007758058	-0.4931411077693753	0.3845740051991287	-0.1032777363455162	-1.270347636547605	-0.4060082271721558	1.438590352176694	-0.1011983063885714	1.718836501711822	0.4260070276159035	2.745652308205454	0	0	-0.3110859742768285	-9.013072449381836	0.2080296903800533	1.069816129469647	-0.1308995525860245	-8.952935984634169e-08	1.508851416143467	2.441222685162669	-0.2477260814484417	0.724366585736353	-0.1668104197578104	-1.512452544316327	1.195081136072449	-10.56370086298723	0	0	-0.3016339463140303	3.405337689251564	-0.3104942398673654	-1.313907377676203	0.2544254755763066	-0.638999976597019	1.098481377037113	-3.199209805567095	-0.259051195366471	-1.245468368234658	0.3364857673563418	2.246513614764932	1.749001934736222	8.552210302823394	1.601969273631938	-0.1236796320258947	-0.9678171613671275	-0.7472785527351485	-0.7703664285902913	1.544922950028928	-1.471785908307502	-4.941542875182406	1.261674640848442	5.081050887076977	1.183797501843175	-0.5260743670014201
1.8	-0.2968800290736188	-1.868488945360893	0.1969111033561757	-0.3448236151471769	-0.2546689858111034	1.303175131802561	2.616581651261471	6.05065694411718	0.9030663176072854	0.185955784337985	-0.4915707751412677	0.3692921879024927	-0.108566834989372	-1.261311943766181	-0.398920745648879	1.959222609360949	-0.09387788064784448	1.791317610501552	0.4398983475562214	3.921441625614507	0	0	-0.3483410706284786	-8.859323556328992	0.2123635604042173	1.00749580915786	-0.1308995530125767	-1.149083423435959e-07	1.516654895269659	1.313327310275746	-0.2442955940232112	0.9141516581459082	-0.1734577250519483	-1.661264766684294	1.15186621136508	-10.16275232963862	0	0	-0.2884985147517944	2.902489548950462	-0.3149564791909278	-0.8320660749765387	0.2514420759746938	-0.7941942927945776	1.082576711373811	-4.430628265390225	-0.2655945655396529	-1.873856618328236	0.3481611820837803	3.345437222643271	1.784756274007741	8.579742032220295	1.601166952357851	-0.2620815578956775	-0.9691526508323888	0.09844113835176573	-0.7629348362762925	2.017627086326703	-1.486964695243439	-2.358140696644932	1.280720367873781	4.062294705030864	1.181895785678029	-0.3886483475953012
1.8041667	-0.3039891690866174	-1.548155873456014	0.1947803618937933	-0.6751174876319459	-0.24873787033058	1.536906654767596	2.641898858495178	6.099555174535713	0.9038849798165119	0.2060676635954361	-0.4900623960343058	0.3548767697652972	-0.1137059162234049	-1.195296740063259	-0.3897366732730297	2.442278372136873	-0.08630964053491699	1.836645252112452	0.4586481871482946	5.073619046288071	0	0	-0.3848279976919168	-8.643880161834531	0.2163950206401142	0.9238764000732318	-0.1308995535393857	-1.374386724462168e-07	1.519916480648524	0.2670616320889757	-0.2401973774154836	1.042088041004733	-0.1804733209013246	-1.684146800893503	1.110541458476322	-9.654796359491302	0	0	-0.277395114587103	2.433465326136386	-0.3174834287085685	-0.3876574872623721	0.2477947973924274	-0.9579866001324058	1.061621198727853	-5.620288278261735	-0.2744265367438313	-2.336134346925687	0.3641982435145883	4.331806411947731	1.82018592620681	8.388107674316585	1.599781881754401	-0.4031339335820077	-0.9670918539958251	0.8790886422617271	-0.7536122400572641	2.449872423477546	-1.491652796044327	0.08120733255404831	1.295589199561696	3.082503883952942	1.180537130602174	-0.2661397332700067
1.8083333	-0.3098170137570452	-1.253539032697661	0.1913085668051736	-0.9885643362506041	-0.2419184252212438	1.729648830985412	2.667394819412474	6.136751835254756	0.9047757791800143	0.2205916481767394	-0.4886122060419422	0.3413783353287941	-0.1184431918627096	-1.068501861327571	-0.3786253727285099	2.884413060313035	-0.07861226117558286	1.853392856040725	0.4821383050473801	6.197027848711556	0	0	-0.4202866345649464	-8.366157198585535	0.2200315664234999	0.8179804599854702	-0.1308995541535653	-1.568530430624272e-07	1.519004167386369	-0.69013923203278	-0.2357023065335963	1.104692492104376	-0.1873085058876666	-1.57474804541973	1.071561286472377	-9.03781243555507	0	0	-0.2681666293695527	2.002643581403815	-0.3182436319544302	0.01595691988791378	0.2434463935954838	-1.130781725497641	1.035805020098759	-6.764027044391554	-0.284817899151265	-2.622479524723092	0.3840886344923361	5.19525073086955	1.854338203749469	7.967002375440998	1.597804306323471	-0.5465043631646733	-0.9619240531993866	1.589851200771813	-0.7425802777084077	2.838243704868456	-1.486510391406202	2.360524686015087	1.306473028587807	2.149633737182499	1.17965596208168	-0.1594666590355239
1.8125	-0.3144709643268774	-0.9846242812512195	0.1865657160290753	-1.285179206692606	-0.2343810928147463	1.881410912228486	2.693022005018374	6.162248711742595	0.9057154770147843	0.2295284352443122	-0.4872163161383893	0.3287962366577629	-0.1225256279744946	-0.8809212213075565	-0.3657567709276832	3.285647896694019	-0.0709044549052785	1.841561226184221	0.5102500718971468	7.291721957370242	0	0	-0.4544591573134845	-8.026141335666486	0.2231805428424216	0.6898029058081236	-0.1308995548421639	-1.731523866204081e-07	1.514288919361779	-1.558321228466106	-0.2310823757324795	1.101968016506564	-0.1934124272080401	-1.333063249038684	1.03537816911522	-8.311770942127733	0	0	-0.2606534822156235	1.61000363497814	-0.3174070608091155	0.3787965202758271	0.2383591268355714	-1.312587963189007	1.005318160442512	-7.861899464118829	-0.2960361278953058	-2.732905896508883	0.4073212091569523	5.935811625399142	1.88625857493935	7.316405922215776	1.595224458244749	-0.6921997285343997	-0.9539401165797733	2.230762931030677	-0.7300211894149756	3.182759572619203	-1.472203801036553	4.479920772721618	1.313567786905372	1.263639486236067	1.179186267070214	-0.0686240045023636
1.8166667	-0.3180579896235578	-0.7414189985451635	0.1806220430677516	-1.564954374038395	-0.2262967998871693	1.992187780791955	2.71873105156166	6.176044770856403	0.9066807708063813	0.2328776091661227	-0.4858709423193973	0.3171308087197753	-0.1256998386380463	-0.6325571337334617	-0.3513015757703837	3.645971778949996	-0.06330548958570251	1.801149617637012	0.5428632210418683	8.357674065120204	0	0	-0.487085170382777	-7.623838491097346	0.2257490261835794	0.5393460117344793	-0.1308995555921862	-1.863361994600928e-07	1.506141724957912	-2.337460315516312	-0.2266099047868491	1.033912327712143	-0.1982337245269524	-0.9590934499551745	1.002447425812292	-7.476685378542011	0	0	-0.2546967793805444	1.255556285054171	-0.315143615295362	0.7008511375847196	0.2324955631389925	-1.50340127414115	0.9703524097634345	-8.913877536546194	-0.3073479510423648	-2.667404478772242	0.4333834234727049	6.553466897685603	1.914990010809837	6.436325667546211	1.592032704742825	-0.8402166166038687	-0.9434312540624261	2.801805936045974	-0.716117993547055	3.483410179290967	-1.449399612931565	6.439338968462517	1.317068579692182	0.4245440831370786	1.179062100112896	0.006385480138205047
1.8208333	-0.3206851608979233	-0.5239280959335182	0.1735478967007723	-1.827883729957279	-0.2178365257220697	2.061978253496292	2.744472587432574	6.178140102716092	0.9076483555831882	0.2306392907134962	-0.4845722957312404	0.306382298483244	-0.1277125251210739	-0.3234177474648083	-0.3354306474672771	3.965377532147754	-0.05593462262996854	1.732160029132718	0.5798570536991685	9.39485962401098	0	0	-0.5179044266809207	-7.159260562364612	0.2276441484602293	0.3666141907445138	-0.1308995563906312	-1.96404277409624e-07	1.494933902020172	-3.027540999488346	-0.2225571993154736	0.900529410930624	-0.2012211606390916	-0.4528523855564873	0.9732240637474933	-6.532579712214841	0	0	-0.2501374777029815	0.9393086633887805	-0.3116233324139296	0.9821145108015049	0.2258183430555122	-1.703216754621794	0.9310999880333685	-9.91993766657194	-0.3180200876739166	-2.425983176833714	0.4617624617622579	7.048206148652588	1.939575788527824	5.32679099447413	1.588219471784386	-0.9905513914227058	-0.9306889179622805	3.302969026129085	-0.7010538375072553	3.74018988845104	-1.418765230845393	8.2387380066892	1.317170857141887	-0.3676340223173951	1.179217482584616	0.06556056465795013
1.825	-0.3224597257571675	-0.3321411336859274	0.1654131019512681	-2.073979895260269	-0.2091706338900441	2.090785680337786	2.770199095423916	6.168534807899199	0.9085949963479549	0.2228133724454267	-0.4833164946223304	0.296550190011423	-0.1283105227084138	0.04651177642635515	-0.3183136844649386	4.24388048800875	-0.04891058204635905	1.634589149118108	0.6211135887013935	10.40332841974594	0	0	-0.5466588795800025	-6.632385249370922	0.2287731711707528	0.1715991515781654	-0.1308995572245559	-2.03357103566797e-07	1.481035920234769	-3.628596404785018	-0.2191962749071624	0.7018128636795696	-0.2018236980466223	0.1856842441172463	0.9481610250171696	-5.479408625349182	0	0	-0.2468162244238101	0.6612455898532543	-0.3070159785787992	1.222600140784107	0.2182896170518686	-1.912043995927456	0.8877502352583092	-10.88012814585495	-0.327320026400691	-2.008630402285409	0.4919475856271296	7.420053126164103	1.959060917197601	3.987748644483132	1.583774903436148	-1.143211269175556	-0.9160036128325237	3.734276257493221	-0.6850107679324338	3.953111025722674	-1.380965750851027	9.878204259937428	1.314070033684991	-1.112932855284802	1.179586451194286	0.1089040895063725
1.8291667	-0.323488733702515	-0.1660636401787099	0.1562879813052408	-2.30323635746706	-0.2004700966954336	2.078607894499678	2.795861204135469	6.147228695708272	0.9094973879052267	0.2093998410315942	-0.4820997512138181	0.287634752272645	-0.1272405017530946	0.4772247478716176	-0.3001215150326894	4.481472489744754	-0.04235263214711135	1.508438290412789	0.6665122309872166	11.38305521457224	0	0	-0.573088235529214	-6.043222954727114	0.2290432090548088	-0.04569522748449063	-0.1308995580809601	-2.071943990037037e-07	1.464819028437378	-4.140608900698613	-0.2167994505192951	0.4377651032318969	-0.1994900489189113	0.9565058764934738	0.927713411218052	-4.317193468325092	0	0	-0.2445740080072172	0.4213751128194165	-0.3014915626637177	1.422300787687703	0.2098720056957985	-2.129878310493906	0.8404952708016661	-11.79442427783811	-0.3345144621614538	-1.415349838214655	0.5234260288650999	7.668994481432512	1.972488563029933	2.419222493047724	1.578689410630961	-1.298192669628157	-0.8996667408705774	4.095714763613815	-0.6681719065466107	4.122166901915334	-1.336668396758393	11.35769262222012	1.307961480295432	-1.811332840404806	1.180103033234445	0.1364144444622077
1.8333333	-0.3238793058076518	-0.02569867571377172	0.146242952318649	-2.51564822068617	-0.1919058897684889	2.025446663690537	2.821409548349258	6.114222698708605	0.9103322293074138	0.190399219545037	-0.480918273977368	0.279636166236085	-0.1242492927356831	0.9687086416732332	-0.2810250706582257	4.678149307964111	-0.03637999250038461	1.353711509475927	0.7159319878585718	12.33401752993031	0	0	-0.5969324241839253	-5.391790060510645	0.2283614593134453	-0.2852629293766594	-0.1308995589468417	-2.079161841472668e-07	1.446654698075923	-4.563569404520933	-0.2156389525569458	0.1083948185692187	-0.1936692072952862	1.859589249817069	0.9123358808722868	-3.045966059606985	0	0	-0.2432517133313019	0.2197016142212057	-0.2952201815791597	1.58121312697099	0.2005282148868388	-2.356714146089958	0.7895275889219286	-12.66280577175979	-0.3388702920204245	-0.6461620565402019	0.5556849011170227	7.795028664444668	1.97890247374579	0.6212584457791559	1.57295346582956	-1.455491789683167	-0.8819698628220614	4.387278385269954	-0.6507204514687526	4.247355038844575	-1.286541016164601	12.67717334521246	1.299040856685181	-2.462818904543316	1.180701241826945	0.1480915392672134
1.8375	-0.3237385823212937	0.088960497334985	0.135347697409976	-2.711225680850166	-0.1836483716909544	1.931299436130461	2.846796601584733	6.069515232586982	0.9110762791854814	0.1658105959413266	-0.4797681867856105	0.2725540479634731	-0.1190834907501887	1.520987049435554	-0.2611938949608744	4.83392038330514	-0.03111145823044587	1.170401379303211	0.769255474601711	13.25626101274161	0	0	-0.6179330641076191	-4.678055297442297	0.226635059753208	-0.5471154535320158	-0.1308995598092609	-2.0552249290408e-07	1.426913064918915	-4.897498218681002	-0.2159869354371055	-0.2863138003350757	-0.1838097128738159	2.894977712783498	0.902482040686773	-1.665665379302969	0	0	-0.2426901430157612	0.05621541357580306	-0.2883714696842799	1.699344786548302	0.1902202670942851	-2.592562391009924	0.7350359672836075	-13.4853143105986	-0.339654701400757	0.2989698643421868	0.5882136502194254	7.798161724938153	1.977346786185894	-1.406229800977645	1.566557120807017	-1.615116179819147	-0.8632032454183445	4.608981117739398	-0.6328383347435299	4.328681445637113	-1.231247769463746	13.8367097650025	1.28750314417856	-3.067422319531749	1.181315134936689	0.1439359344309057
1.8416667	-0.3231736702802939	0.1779102016433618	0.1236726128934827	-2.889963437917959	-0.1758685234093302	1.796166995890775	2.871972995323246	6.013106949091329	0.9117062346917328	0.1356343591918552	-0.478645698910088	0.2663886004239033	-0.1114898771276089	2.134048904751983	-0.2407988997601751	4.948780504521173	-0.02666626437850285	0.9585112704397821	0.8263617936170898	14.14976249464425	0	0	-0.6358300198108165	-3.902033552723827	0.2237711836177996	-0.8312473175836831	-0.1308995606552157	-2.000132713148738e-07	1.405965558117209	-5.142384123457977	-0.218115658502667	-0.7463536324359996	-0.1693604693833226	4.062651178452443	0.8986066763094466	-0.1763206288405023	0	0	-0.242730202106528	-0.06907819056790371	-0.2811155079979366	1.7766914630466	0.1789108455335449	-2.837417709190683	0.6772128133049515	-14.26192850213755	-0.3361345104460473	1.420029574747052	0.6204993984168882	7.678389163188513	1.966865068270496	-3.663201849178887	1.559490832293777	-1.777062092654879	-0.8436584202479827	4.76081512496529	-0.6147087419707931	4.366142591350673	-1.171456372301691	14.83626829382699	1.27354393733737	-3.625126886672768	1.181878726853267	0.1239471597020093
1.8458333	-0.3222917174430358	0.2411492279615957	0.1112881699460256	-3.051857808437298	-0.168737280014459	1.620054061568158	2.896889381269168	5.944999623232303	0.9121988039313758	0.09987143467136284	-0.477547016972845	0.2611399385873159	-0.1012154662655962	2.807877306086563	-0.2200110510015844	5.022728387762129	-0.02316356694619041	0.7180472970703538	0.8871296841583417	15.01450156646961	0	0	-0.6503634537535486	-3.063745693023618	0.2196771133471453	-1.137650900378056	-0.1308995614717053	-1.913887633589473e-07	1.384183722583911	-5.298224447130587	-0.2222972101478584	-1.271711284979838	-0.1497708211623719	5.362576860700948	0.901163999462601	1.422028522268537	0	0	-0.2432127378939204	-0.1561775660989361	-0.2736224166344219	1.813252768396391	0.1665627295601633	-3.091273899902144	0.6162508542268436	-14.99263135995516	-0.3275769525357378	2.716983836157431	0.6520292912817452	7.435718278245842	1.946501744806769	-6.149595270643947	1.551745121333964	-1.941325557946061	-0.8236269936064335	4.84277927819446	-0.5965148825077622	4.359739156049082	-1.10783497214071	15.67583070158499	1.257359063183612	-4.13592090949532	1.182326036695112	0.08812626479227681
1.85	-0.321199802976061	0.2786806118115174	0.09826393869242075	-3.196916563462305	-0.162425068871435	1.402952179606498	2.921498202607471	5.865189985805952	0.9125307291060496	0.05852010573201191	-0.4764682688207502	0.2568078105139113	-0.08800650365887731	3.542504597720081	-0.1989998111157191	5.055767582583194	-0.02072227961689869	0.4489979167395177	0.9514423062308528	15.8505197363573	0	0	-0.6612745375759222	-2.163151479880567	0.2142598229537845	-1.466340909522437	-0.1308995622457876	-1.796485551762625e-07	1.361937520444505	-5.365026670154056	-0.2288040012121549	-1.862411975537406	-0.1244886469957406	6.794817156960151	0.910608477739878	3.129458796011003	0	0	-0.2439786396308841	-0.2050868938542151	-0.2660617713098584	1.809030457568411	0.1531377974335199	-3.35414314843643	0.5523383879808105	-15.67745795834981	-0.3132485932404516	4.189894903373984	0.6822927416589556	7.070137421721275	1.915299667307625	-8.865529414166696	1.543309943232326	-2.107914460465179	-0.8033991201649395	4.85487751176921	-0.5784386527631263	4.309470832362519	-1.04104708165159	16.35543728791688	1.239143154352004	-4.599828906504796	1.182591115183874	0.03647153027123633
1.8541667	-0.3200050683136992	0.2905025269210545	0.0846703741196994	-3.325135615391093	-0.1571028426828169	1.144865084965247	2.945750104231631	5.773679531005576	0.9126787147445845	0.01158116364690177	-0.4754056616007271	0.2533923531735511	-0.07160993632064816	4.337915336907637	-0.1779361386530702	5.047895823279253	-0.0194615824392368	0.1513685577179934	1.019178485564238	16.65779590533623	0	0	-0.6683033499071714	-1.20027028508748	0.2074265642365491	-1.817310258563098	-0.1308995629644613	-1.647928163433319e-07	1.339598481027691	-5.34278598379441	-0.2379081726268102	-2.518443879291548	-0.09296316122630749	8.359342455921734	0.9273944827023212	4.945933139911747	0	0	-0.2448687633178838	-0.2158036251077891	-0.2586036884823198	1.764023163661413	0.1385988031229315	-3.626019470231481	0.4856680687356971	-16.31639020944451	-0.2924165362410938	5.838733760112879	0.7107768708531832	6.581650942953606	1.872303011934927	-11.81094735913363	1.534175802606245	-2.276824885684036	-0.7832663980223469	4.797107020100397	-0.5606632627344651	4.215337247596982	-0.971760764338347	16.87506598328312	1.219091986783921	-5.016838055666809	1.182607977855811	-0.0310163741423897
1.8583333	-0.3188146647608801	0.2766156150925815	0.07057798587012419	-3.436512493210657	-0.1529414591139377	0.8458004471291529	2.969595765298944	5.67047087628719	0.9126194830337593	-0.04094406390752115	-0.4743554009101917	0.2508936155369366	-0.05177301726987221	5.194088245775177	-0.1569909971975826	4.999114771541806	-0.01950054212674574	-0.1748326080840018	1.090216719231227	17.43631173362888	0	0	-0.6711903420693777	-0.1751274599035337	0.1990847249253264	-2.190549722259674	-0.1308995636147303	-1.468220153648789e-07	1.317538142574421	-5.231506127317309	-0.2498816159780568	-3.239788899716543	-0.05464417754646995	10.05611044709514	0.9519756811342818	6.87140403341172	0	0	-0.2457239530302442	-0.1883288775716424	-0.2514182747640171	1.678233435077707	0.1229086075461854	-3.906896016058349	0.4164328154105195	-16.90941443115805	-0.264348509564805	7.663454501259182	0.7369689709815392	5.970274990056103	1.816557087114158	-14.98577015479517	1.524333271172565	-2.448052696211387	-0.7635204161431016	4.669471704902598	-0.5433718935391468	4.077342240064556	-0.9006443235506056	17.23471007580677	1.197401512603106	-5.386940037173395	1.182310664075567	-0.1143352587668636
1.8625	-0.3177356566782741	0.2370192097436641	0.05605626208582549	-3.531052543096667	-0.1501114880854443	0.505743910765916	2.992987577598763	5.555559067556103	0.9123297496883435	-0.09905809818251728	-0.4733136169202694	0.2493114776627422	-0.02824153299353962	6.111064421279862	-0.1363338416297037	4.9094220858429	-0.02095824236507765	-0.5296212385729483	1.164440660221562	18.1861045905929	0	0	-0.6696761266644964	0.9123262033141829	0.1891410751364795	-2.586077216393068	-0.1308995641836443	-1.257352894370563e-07	1.296126453841826	-5.031181759204162	-0.2649971161221557	-4.026481661927362	-0.008978675718519109	11.88520257664707	0.9848075977923295	8.905963900592557	0	0	-0.2463851159085856	-0.1226613324367893	-0.2446751206398364	1.551657153844431	0.106028928540274	-4.196786268206942	0.3448205288123296	-17.45655908910849	-0.2283101422647238	9.664144714809849	0.7603581986708297	5.235980216513484	1.747103045966193	-18.39015019508377	1.513772203587044	-2.621606111113641	-0.7444513429000151	4.471965439582645	-0.5267464849060874	3.895479185898894	-0.8283609121914501	17.43438682868046	1.174266100171248	-5.710152616203889	1.181633188822286	-0.2134891229726379
1.8666667	-0.3168751967595358	0.1717133356543666	0.04117570127111302	-3.60875288988646	-0.1487838171698517	0.1247021617230946	3.015876209967265	5.428946441451	0.911786231642467	-0.162759745603268	-0.4722765154782559	0.2486460105215897	-0.0007626508912713843	7.088824044338575	-0.1161356404116039	4.778818446018995	-0.02395378248867295	-0.9129898477525779	1.241728883461411	18.90715544664817	0	0	-0.6635010524978657	2.062066848181925	0.1775029652750547	-3.003884050422736	-0.1308995646582056	-1.015330334098445e-07	1.275734964199112	-4.741814481707913	-0.2835266367815706	-4.878505637334745	0.04458370024601292	13.84657970890134	1.026344092012522	11.04956783793166	0	0	-0.2466930932806918	-0.01880119080023845	-0.2385443413011684	1.384295889532142	0.08792259893465813	-4.4956835936163	0.2710240685563089	-17.957809399759	-0.1835689798915421	11.84076271788282	0.7804317848990989	4.378779820727788	1.662985879426623	-22.0240140368165	1.502483154443333	-2.797481048715628	-0.7263507800213747	4.204590449019144	-0.5109702317524898	3.669750870654263	-0.7555787976452432	17.47408569058852	1.149881664601008	-5.986466347386928	1.180509583128523	-0.328476157070992
1.8708333	-0.3163404167179895	0.08070048567918778	0.02600683637816683	-3.669612275006251	-0.1491291897208828	-0.297314179626477	3.038212379545226	5.290636457873251	0.9109656701932493	-0.2320472761916246	-0.4712403019819283	0.2488971970849479	0.03091608269242986	8.127341460739078	-0.09656731794644945	4.607308459303145	-0.02860611420141038	-1.324928205987141	1.321959669709978	19.59944803140812	0	0	-0.6524059158109992	3.274064638849612	0.164077908411986	-3.443959395021516	-0.1308995650254251	-7.42159394350644e-08	1.256735125077741	-4.363414445081098	-0.3057418139373869	-5.7958380256409	0.1065925482462989	15.94019000899966	1.077038187503175	13.30216047382257	0	0	-0.2464887603796804	0.1232476798030879	-0.2331959931522464	1.176155127014938	0.06855256931560484	-4.803580494558576	0.1952365039353624	-18.41315498536846	-0.129393403452575	14.19324993876506	0.7966772789415183	3.398698799875454	1.563251986071357	-25.88726620667454	1.490456748220335	-2.975673204479153	-0.7095102362597704	3.867355665394371	-0.4962262474777696	3.400164290891003	-0.6829662951711706	17.35381146787783	1.124444240909586	-6.21587628757755	1.178873920854757	-0.4592930314102074
1.875	-0.3162384123847377	-0.03602370886856977	0.01061910387741173	-3.713633619753264	-0.1513183919869397	-0.7603253703912924	3.059948405665252	5.140622477837449	0.9098447445110482	-0.3069240158022546	-0.4702011072766883	0.2500650494099602	0.06704944968676575	9.226666520114932	-0.07779839520305672	4.394883893084267	-0.03503454263434228	-1.765456086634197	1.40501711320659	20.26301557544848	0	0	-0.6361306580529299	4.548377752141991	0.1487724306652904	-3.90632437414392	-0.1308995652723393	-4.378269710485121e-08	1.239497032141163	-3.895963485831333	-0.3319159240569537	-6.778522859504972	0.1776020256517281	18.1661339718443	1.137346662459973	15.66384993444178	0	0	-0.2456129734882729	0.3034920978280706	-0.2287997548585148	0.9272248753763632	0.04788038088524657	-5.120491750321476	0.1176454212405683	-18.8226177028747	-0.06504778881852236	16.72171929864983	0.8085833599801634	2.295690109314788	1.446940407564998	-29.98009214372897	1.477682734746141	-3.156191131764535	-0.6942200194512752	3.460244901179714	-0.4826965940872752	3.086706506246236	-0.6111864858602079	17.0735583872933	1.098148017602215	-6.398393448629057	1.176660152738374	-0.6059460253007098
1.8791667	-0.3166763245746084	-0.1784573721567104	-0.004916969365055262	-3.740815261404063	-0.1555222095243925	-1.264321773835712	3.081034991636788	4.978907680427604	0.9084001889640646	-0.3873883685586533	-0.4691551367351942	0.2521495724680197	0.1078900076014649	10.38677502704487	-0.05999981373600455	4.141548372740384	-0.04335806068617159	-2.234563945971959	1.490779563941362	20.89784111858012	0	0	-0.6144159542624846	5.884977847084464	0.1314940010973125	-4.390968693162623	-0.1308995653859567	-1.023392331611108e-08	1.224392174661755	-3.339469617198454	-0.3623206948567954	-7.826538906565654	0.2581619397275224	20.52436293739141	1.207722765855898	18.13458346521937	0	0	-0.2439065936343587	0.5219291123547597	-0.2255257036387833	0.6375096406587686	0.02586895343942316	-5.446410079345157	0.03844384422918826	-19.18618607308102	0.01019971825766389	19.42611644805705	0.8156374792797492	1.06977579651099	1.313097156148975	-34.30240188222775	1.464151720680011	-3.339030581749667	-0.6807716720727697	2.983265411721494	-0.4705644119397293	2.729383460522493	-0.5409076969992601	16.63332741574316	1.071189006754555	-6.534011761833127	1.173802339557852	-0.7684321890838067
1.8833333	-0.3177612422711688	-0.3465961602785976	-0.02053084224262524	-3.751157153824079	-0.1619112344892526	-1.809289818698763	3.101422903114656	4.805496367990509	0.9066087689885303	-0.4734382021809383	-0.4680985963805747	0.2551506832313471	0.1536898620622537	11.60763695097833	-0.04334242194841327	3.847309451046128	-0.05369547932954467	-2.732239496639089	1.57912511222735	21.50391045980735	0	0	-0.5870030016579983	7.283830603235884	0.1121502781711202	-4.897879918663605	-0.1308995653532982	2.642946321090688e-08	1.211791837124156	-2.69394940042191	-0.397227447915696	-8.93985866275297	0.3488211809098184	23.01481554641464	1.288618780185131	20.71429784350122	0	0	-0.2412105615816359	0.7785521060252656	-0.2235438089834107	0.3070178442080639	0.002481335339120085	-5.78132733540284	-0.04217504873622618	-19.50385302258642	0.09707992545600891	22.30637014867521	0.8173275538867963	-0.2790102922961776	1.160769927081755	-38.85408342628226	1.449854385352243	-3.524187082749352	-0.6694565597841438	2.436431159669745	-0.4600127072384926	2.328205308528393	-0.472798111779286	16.0331348777981	1.043763284068974	-6.622729660707778	1.170234603919128	-0.9467470531377565
1.8875	-0.3196003390522566	-0.5404481440251837	-0.03615309964559843	-3.744659793432094	-0.1706565432298791	-2.395255663865126	3.121064365913579	4.620380216649983	0.9044471171528486	-0.5650776471272083	-0.4670276160825271	0.2590685257555694	0.2047044728229799	12.88931089422529	-0.02799588053600719	3.512153004307295	-0.06616637658405235	-3.258506627444229	1.669938241818688	22.08125269092402	0	0	-0.5536309584208093	8.745003166602855	0.09064750390421426	-5.427082382774996	-0.1308995651613812	6.620922318405947e-08	1.202066422372805	-1.959371850035568	-0.4369100689063946	-10.11853556827023	0.4501352818088799	25.63761134255186	1.380492933358655	23.40311689755867	0	0	-0.2373656140093529	1.073373396940365	-0.2230239111501944	-0.06426637783578813	-0.02232112506086257	-6.12525959478003	-0.1240239032720675	-19.77563379964843	0.1963300267532044	25.36261865489394	0.8131415643120704	-1.75073289987482	0.9889952375074377	-43.63535526010229	1.434780369584587	-3.711669522417862	-0.6605652556464242	1.819715896560415	-0.4512237432215527	1.88315279340455	-0.4075210274347471	15.27295196375541	1.01606494261083	-6.664551403780299	1.165890803818584	-1.140899176712982
1.8916667	-0.3223007207157217	-0.760009596512164	-0.05171320150158168	-3.721322729943896	-0.1819287824003969	-3.022206721711123	3.139910128346836	4.423563247935395	0.9018919902880622	-0.6623047052192491	-0.4659384015640621	0.2639030390128362	0.261186067598498	14.23176828502639	-0.01413106732650338	3.136085603443438	-0.08088961319109184	-3.813353736940099	1.763097103636833	22.629852921132	0	0	-0.5140408818806165	10.26846271161999	0.06689328606732127	-5.97856418678271	-0.1308995647972231	1.091045134171091e-07	1.195587279445912	-1.135751390266073	-0.4816399907423276	-11.36254368698416	0.5626533819120925	28.39269214139168	1.483797765848289	26.20098002177463	0	0	-0.2322126660182919	1.406387284357185	-0.224136012679466	-0.4763355829586803	-0.0485754128920714	-6.478198927418017	-0.2069095727832503	-20.00152022941054	0.3086811178615688	28.59479495063526	0.8025672927202459	-3.345361129696668	0.7968203275053938	-48.6461108953669	1.418920334191248	-3.901473484786122	-0.6543891800042382	1.133131908207493	-0.4443805662110479	1.394235017201704	-0.3457446871772899	14.35279115874705	0.9882900492104874	-6.659474299005389	1.160705044030244	-1.350884470180814
