Coordinates
version=1
nRows=413
nColumns=33
inDegrees=yes

Units are S.I. units (second, meters, Newtons, ...)
If the header above contains a line with 'inDegrees', this indicates whether rotational values are in degrees (yes) or radians (no).

endheader
time	pelvis_tilt	pelvis_list	pelvis_rotation	pelvis_tx	pelvis_ty	pelvis_tz	hip_flexion_r	hip_adduction_r	hip_rotation_r	knee_angle_r	knee_angle_r_beta	ankle_angle_r	subtalar_angle_r	mtp_angle_r	hip_flexion_l	hip_adduction_l	hip_rotation_l	knee_angle_l	knee_angle_l_beta	lumbar_extension	lumbar_bending	lumbar_rotation	arm_flex_r	arm_add_r	arm_rot_r	elbow_flex_r	pro_sup_r	arm_flex_l	arm_add_l	arm_rot_l	elbow_flex_l	pro_sup_l
      0.00000000	    -54.72066936	     11.56961598	      4.06637243	     -4.27786603	      0.89198768	     -0.72368687	     46.40206460	    -17.70127815	     -0.78490559	     55.36485369	      0.96629899	    -10.72056145	     -2.27622848	     -6.89338275	     72.10503076	     -7.16939007	     -3.32816674	     87.96161319	      1.53521977	    -30.24605015	     -5.00545303	     12.77000055	     44.05925491	    -40.46752370	     21.15360285	     81.12915150	     86.77440699	    -24.12600984	    -28.36486190	      7.40912831	     15.34716484	     59.56195482
      0.00416670	    -54.51642308	     14.38994866	      3.83427903	     -4.27497491	      0.89873463	     -0.72386646	     52.85169290	    -18.27029522	      2.10586776	     60.56879876	      1.05712496	    -11.78289834	     -3.71470070	     -7.12595832	     77.52692851	     -6.98209306	     -5.64395095	     92.95080888	      1.62229766	    -30.45254853	     -5.48456409	      6.90078821	     51.42656692	    -37.16131231	     32.57983196	     79.99857984	     86.98915306	    -29.40930563	    -26.98528554	     15.99318852	     15.33043661	     39.69834043
      0.00833330	    -52.44695215	     14.21283801	      2.32731720	     -4.26753606	      0.90474156	     -0.72541731	     52.78574034	    -17.17792560	      3.25724146	     62.71766518	      1.09462976	    -14.48325912	     -7.12525494	     -7.24363259	     79.22919946	     -6.80894447	     -4.84243349	     95.62526852	      1.66897578	    -31.84572704	     -5.35547806	      6.78646606	     54.80434040	    -36.90669846	     36.17643201	     81.86014216	     90.81506677	    -30.81709675	    -29.54188730	     39.61145401	     17.24543538	     14.46621939
      0.01250000	    -50.77794551	     15.05215594	      0.75409188	     -4.26024776	      0.90635432	     -0.72440105	     50.85822887	    -17.44309593	      3.42806399	     62.77860611	      1.09569338	    -12.90445889	     -6.59873214	     -7.29180467	     80.17947658	     -7.73392987	     -5.78326009	     97.66831572	      1.70463368	    -33.78963303	     -7.10125373	      7.76640317	     56.23270601	    -39.15402726	     36.24544717	     86.39554102	     91.38383490	    -31.18406335	    -32.63677998	     54.07083330	     18.16575832	      6.15159232
      0.01666670	    -49.48082559	     15.38127335	     -0.13340016	     -4.25273962	      0.91032477	     -0.72408079	     48.43843097	    -17.61411047	      3.41250928	     61.18661923	      1.06790796	    -10.67108846	     -6.13071068	     -7.31737777	     80.88974180	     -7.64548919	     -5.97405469	     98.62642543	      1.72135585	    -34.36993046	     -8.05120267	      8.32168325	     58.25093711	    -40.80843438	     37.48211564	     88.72689083	     89.49949322	    -32.05423519	    -34.36585749	     63.77126027	     17.63526587	      4.50644004
      0.02083330	    -47.93379636	     15.90820494	      0.19325342	     -4.24495138	      0.91025219	     -0.72396687	     45.50356118	    -18.82929376	      2.65491763	     59.58621994	      1.03997573	     -9.76582106	     -5.32572271	     -7.33500306	     81.10439646	     -6.76231722	     -6.35411388	     99.55983747	      1.73764697	    -35.22231421	     -8.53707284	      7.76299010	     60.63187770	    -41.89170878	     38.50625656	     90.43279194	     89.20146637	    -33.60946604	    -36.02077738	     70.11041499	     16.87584491	      3.65933439
      0.02500000	    -47.42180567	     16.46635314	      0.44965380	     -4.23772078	      0.90849711	     -0.72384837	     43.91925347	    -19.80877763	      2.31251339	     58.80869656	      1.02640538	     -8.28017877	     -5.36631679	     -7.33686854	     81.70041115	     -6.24260351	     -6.98488790	     99.95202568	      1.74449194	    -34.98833489	     -9.38204079	      7.61977276	     62.58674484	    -43.09606675	     38.92373552	     92.23210054	     88.94533292	    -35.95340712	    -37.14317371	     70.76975592	     15.59864507	      3.57571549
      0.02916670	    -46.52086793	     16.76193199	      0.66865754	     -4.23026137	      0.90811215	     -0.72397618	     42.05073540	    -20.64825865	      1.63509203	     57.94876156	      1.01139669	     -6.23661640	     -4.03341866	     -7.34539508	     82.08340914	     -5.49080886	     -7.20879500	    100.35537415	      1.75153170	    -34.96857548	     -9.72159934	      7.16912722	     65.74586880	    -43.31354039	     40.49310278	     92.64390653	     86.14956160	    -38.45229166	    -37.92218318	     72.06810130	     14.36054981	      3.39347629
      0.03333330	    -46.19159598	     17.19585067	      1.12069843	     -4.22312879	      0.90730120	     -0.72405780	     41.02582677	    -21.52327434	      1.18587003	     57.61988562	      1.00565672	     -4.68123263	     -3.01677299	     -7.35014078	     83.12782733	     -4.89443966	     -7.62583335	    100.82726707	      1.75976779	    -34.54263653	    -10.21958238	      6.65037597	     68.51355579	    -43.48889654	     41.16702841	     93.54629879	     86.55965528	    -40.96708125	    -38.64318112	     72.67898577	     12.98427438	      3.30166509
      0.03750000	    -46.16474533	     17.55291493	      1.41808230	     -4.21608178	      0.90768992	     -0.72416150	     40.24239043	    -22.16945952	      0.81064021	     57.04102628	      0.99555372	     -3.76201652	     -3.01771670	     -7.35216207	     84.20511578	     -4.43650990	     -8.05305715	    100.90300155	      1.76108960	    -33.80716960	    -10.77331233	      6.45382384	     71.09181458	    -43.75237588	     41.36804755	     94.82351627	     86.75793330	    -43.40125969	    -39.33526126	     72.78160317	     11.84565011	      3.25722325
      0.04166670	    -45.89082070	     17.76867649	      1.71689021	     -4.20901832	      0.90580018	     -0.72434058	     39.22513564	    -22.67573561	      0.40895877	     56.49784541	      0.98607342	     -2.67607137	     -2.23525592	     -7.36738684	     85.31330274	     -4.05531659	     -8.25419297	    101.42532557	      1.77020588	    -33.21281816	    -11.08766687	      5.65232616	     74.23304969	    -43.03993610	     41.97241374	     95.43690729	     87.61430604	    -46.48821288	    -39.44139141	     71.83017194	     10.79801639	      3.10390979
      0.04583330	    -45.97194091	     18.08787865	      2.04763925	     -4.20245401	      0.90493099	     -0.72429575	     38.70661109	    -23.18846777	      0.22909963	     56.18034611	      0.98053201	     -2.28243991	     -2.18506480	     -7.36906909	     86.79896784	     -3.80761500	     -8.58858000	    101.83891230	      1.77742433	    -32.40531823	    -11.59404493	      5.13426031	     77.10609010	    -42.66404062	     41.88513728	     96.70928362	     87.77766571	    -49.41245141	    -39.83730251	     71.91915058	     10.00978406	      3.09753915
      0.05000000	    -45.94574873	     18.34963731	      2.04628729	     -4.19584086	      0.90585027	     -0.72387442	     38.04670955	    -23.47672284	      0.19772360	     55.37573098	      0.96648883	     -2.13372019	     -1.70137194	     -7.37155539	     87.98578628	     -3.84801467	     -8.92595793	    101.92748495	      1.77897021	    -31.66362050	    -12.08682463	      4.54096137	     80.43580401	    -41.44339086	     42.22860825	     96.46927160	     88.15196694	    -52.33254946	    -39.81392520	     72.31628861	      9.27216229	      3.01094831
      0.05416670	    -45.74986175	     18.64475369	      2.10694922	     -4.18919462	      0.90784302	     -0.72311433	     37.24186465	    -23.74940179	      0.12574394	     54.42720127	      0.94993386	     -2.34992187	     -1.39333174	     -7.37417137	     89.07233471	     -3.78602784	     -9.21247070	    101.96863019	      1.77968833	    -31.34471546	    -12.54621778	      3.74392768	     83.99271962	    -40.04854683	     42.46425299	     96.05218370	     88.62667678	    -55.15211411	    -39.79319243	     73.37942516	      8.78953924	      2.94741413
      0.05833330	    -45.70498794	     18.86556824	      2.14209888	     -4.18282914	      0.90359174	     -0.72257720	     36.77615911	    -23.96677738	      0.27422864	     54.37200331	      0.94897048	     -1.97650378	     -1.43055221	     -7.37591597	     90.72708337	     -4.01978537	     -9.34963261	    102.83355347	      1.79478409	    -30.68329128	    -12.99440544	      3.03531006	     87.49133803	    -38.67135398	     42.71432751	     95.73358770	     89.03085615	    -58.31011198	    -39.69746426	     74.84942406	      8.43136786	      2.89058458
      0.06250000	    -46.03017349	     18.79728139	      2.22673605	     -4.17518365	      0.90240792	     -0.72220839	     36.36111381	    -23.86063268	      0.19872712	     53.69523212	      0.93715859	     -1.87243259	     -1.22749678	     -7.52577139	     92.59925224	     -4.23510128	     -9.26178485	    103.26036995	      1.80223344	    -29.28447034	    -12.84772926	      3.51858661	     90.59509875	    -37.84527430	     42.92534944	     95.71681121	     91.34328796	    -55.40213529	    -37.59675243	    210.45925011	      1.90166246	    116.63626259
      0.06666670	    -45.84956990	     18.95541713	      2.18158774	     -4.16774210	      0.90533287	     -0.72120892	     35.65748987	    -23.88827125	      0.37292278	     53.05236156	      0.92593839	     -2.20629357	     -1.13405739	     -7.52541255	     93.62129788	     -4.36947961	     -9.42415720	    103.02992788	      1.79821147	    -28.79571817	    -13.12705405	      2.77902811	     93.78939427	    -35.82221078	     42.96054231	     94.50984004	     91.59885184	    -58.32035113	    -37.52560420	    209.55431490	      1.31710050	    116.62854560
      0.07083330	    -45.29014508	     19.36445613	      2.36343335	     -4.15937871	      0.90673608	     -0.71995389	     34.27474795	    -24.32114801	      0.28208476	     52.01723083	      0.90787195	     -2.67578790	     -0.79415688	     -7.52189884	     94.18709585	     -4.30463690	     -9.88171213	    102.87082584	      1.79543462	    -29.00350847	    -13.58729957	      1.40279517	     96.65967172	    -33.56623424	     42.27794697	     93.30002125	     94.32725732	    -61.21527418	    -37.43554211	    197.97060484	      0.90948317	    117.24191804
      0.07500000	    -45.04537868	     19.42836099	      2.52510385	     -4.15041422	      0.90482828	     -0.71930956	     33.09124690	    -24.41541505	      0.06634915	     51.13499310	      0.89247399	     -3.04113169	     -0.78019248	     -7.51982512	     95.22740751	     -4.31183497	     -9.94898149	    103.02370241	      1.79810281	    -28.77334896	    -13.74838835	      0.39635632	     99.06985239	    -31.60374764	     41.59015226	     92.39921857	     94.52440574	    -63.69254083	    -37.04532005	    191.14142310	      0.68767913	    117.23732458
      0.07916670	    -44.77160042	     19.45033517	      2.71195534	     -4.14062613	      0.90531811	     -0.71865603	     31.71203740	    -24.43774049	     -0.21717633	     49.97103102	      0.87215902	     -3.36597426	     -0.79101516	     -7.51769206	     96.02898207	     -4.24734854	    -10.05889281	    102.78175102	      1.79387997	    -28.44455814	    -13.89108134	     -0.57575513	    100.88928205	    -29.76007237	     40.66609241	     91.55654061	     95.60206979	    -66.07933125	    -36.52865263	    185.47792906	      0.54224308	    117.37867668
      0.08333330	    -44.51790838	     19.20969155	      2.88556890	     -4.12983657	      0.90446326	     -0.71842991	     30.17384888	    -24.17447344	     -0.47607052	     48.94852473	      0.85431292	     -3.86226831	     -0.80457515	     -7.51743648	     96.60098801	     -4.09148447	     -9.94950813	    102.38005373	      1.78686903	    -27.85723114	    -13.70405258	     -1.25739257	    102.01176438	    -28.02659554	     39.62182120	     91.02193218	     95.70303725	    -67.87953620	    -35.95203215	    184.75350956	      0.45251039	    117.43009361
      0.08750000	    -44.08066231	     19.08335683	      3.15381473	     -4.11800360	      0.90762233	     -0.71809653	     28.10915580	    -24.06567765	     -1.09530695	     47.08819119	      0.82184398	     -4.87477749	     -0.87516455	     -7.51712471	     96.51367485	     -3.66656499	    -10.07712388	    101.26094914	      1.76733697	    -27.67691150	    -13.59772134	     -2.18965273	    102.54781472	    -26.46175069	     38.56579869	     90.41669929	     96.09183663	    -69.20121551	    -35.31917399	    183.17830873	      0.37990592	    117.52283024
      0.09166670	    -44.07598658	     19.03486183	      3.15001218	     -4.10620509	      0.90807425	     -0.71772800	     26.62425208	    -23.74467575	     -0.97642232	     45.22845664	      0.78938548	     -5.17844672	     -0.82088762	     -7.51704312	     96.77192372	     -3.62971092	    -10.25289211	    100.22572983	      1.74926898	    -26.85100719	    -13.74846855	     -2.56441591	    102.81353168	    -25.57771894	     38.49988605	     90.52531926	     96.21716890	    -70.16878491	    -34.90945865	    182.66761752	      0.34385074	    117.46567378
      0.09583330	    -43.16065533	     18.72508332	      3.49754216	     -4.09307866	      0.91090539	     -0.71780554	     23.54879124	    -23.45217424	     -2.18762837	     42.53533869	      0.74238171	     -7.80327474	     -1.93861647	     -7.51555538	     95.81860937	     -2.79628901	    -10.22992156	     98.74748771	      1.72346879	    -27.17979356	    -13.40693778	     -4.01858941	    102.43312385	    -23.92232597	     36.52281081	     91.61588734	     99.13010641	    -71.33889451	    -33.82957520	    173.06969061	      0.31138485	    117.61449377
      0.10000000	    -42.76092127	     18.62532878	      3.62699895	     -4.08032620	      0.91153497	     -0.71795618	     21.24991114	    -23.17540682	     -2.62537260	     39.83883204	      0.69531879	     -9.16722445	     -1.36469568	     -7.51531751	     95.31466158	     -2.32435215	    -10.39042442	     97.31885892	      1.69853451	    -26.78036662	    -13.44084449	     -4.91937078	    101.81673896	    -22.89921555	     35.21173044	     93.98740002	     99.23472902	    -72.14885269	    -32.92375342	    172.48835173	      0.30398444	    117.52275153
      0.10416670	    -42.21955865	     18.56545553	      3.69078292	     -4.06739958	      0.91257940	     -0.71807353	     18.74560533	    -22.88611494	     -3.08301378	     37.05191284	      0.64667787	    -10.93607957	     -1.73281808	     -7.51394054	     94.55138024	     -1.83176357	    -10.58539135	     95.73328051	      1.67086095	    -26.59173085	    -13.54244680	     -5.79865315	    101.06497302	    -22.14481055	     34.02570627	     97.12484105	    101.10277703	    -72.81131008	    -32.04880006	    168.33684930	      0.30010242	    117.48229462
      0.10833330	    -41.73562458	     18.54139295	      3.59775139	     -4.05441271	      0.91455494	     -0.71811986	     16.39444964	    -22.57491030	     -3.30988722	     34.26813244	      0.59809174	    -12.39791155	     -1.52489938	     -7.51354144	     93.66723121	     -1.40803183	    -10.75523646	     93.91335348	      1.63909723	    -26.26094924	    -13.70199099	     -6.46671014	    100.01773360	    -21.61715218	     33.37442638	    100.71910642	    101.37036690	    -72.87924384	    -31.28935091	    167.67913785	      0.29520205	    117.42597109
      0.11250000	    -41.16777817	     18.61355350	      3.38680481	     -4.04159247	      0.91588575	     -0.71792372	     14.02748991	    -22.29058935	     -3.34960830	     31.62452078	      0.55195201	    -13.45002486	     -1.59311903	     -7.51258096	     92.78855302	     -1.17501271	    -11.02249858	     92.24942536	      1.61005621	    -26.02394619	    -14.04435872	     -7.01915451	     98.54400531	    -21.43479801	     33.45443563	    104.10603717	    102.30759056	    -72.85646717	    -30.68820367	    165.53249251	      0.30554350	    117.29857854
      0.11666670	    -40.66598749	     18.83570589	      3.15063720	     -4.02908570	      0.91616497	     -0.71787551	     11.94122038	    -22.20551571	     -3.33043874	     29.12976333	      0.50841028	    -14.37441941	     -1.25638659	     -7.51221544	     92.06569499	     -0.91115297	    -11.38620370	     90.74516412	      1.58380189	    -25.80420207	    -14.58319939	     -7.54558142	     96.88965464	    -21.60173162	     34.06415973	    107.75926173	    102.46986470	    -72.62343820	    -30.14627145	    164.87107370	      0.32363352	    117.12276862
      0.12083330	    -40.14449916	     19.05268432	      2.69325885	     -4.01678091	      0.91680296	     -0.71751434	     10.11501051	    -22.08148725	     -2.92652920	     26.81964625	      0.46809113	    -15.10612879	     -0.64578111	     -7.51206605	     91.14136175	     -0.83117418	    -11.72178870	     89.05889879	      1.55437101	    -25.41015148	    -15.19000229	     -7.57655688	     94.92070092	    -22.06495978	     35.02442385	    111.49510828	    102.54080988	    -72.16793919	    -29.95490007	    164.61020068	      0.34769999	    116.98913350
      0.12500000	    -39.32674107	     19.38349945	      2.25012877	     -4.00441592	      0.91803001	     -0.71706934	      8.07157442	    -22.10674021	     -2.63175752	     24.61447663	      0.42960366	    -15.85606931	     -0.26165624	     -7.51015522	     89.77056997	     -0.58794328	    -12.15766284	     87.22772567	      1.52241101	    -25.41696115	    -15.82744299	     -7.87150186	     93.09931022	    -22.36554132	     36.07626246	    115.26782636	    101.73840217	    -71.46660438	    -29.78464050	    162.60832347	      0.37897771	    116.95400613
      0.12916670	    -38.46675163	     19.49307178	      1.60677944	     -3.99213717	      0.91877067	     -0.71661265	      6.19156646	    -21.92424041	     -2.20875264	     22.76739268	      0.39736596	    -15.44730457	      0.42800830	     -7.50796551	     88.43956363	     -0.54046616	    -12.33945201	     85.56348278	      1.49336449	    -25.41148090	    -16.28807217	     -7.76864524	     91.29767628	    -22.72292641	     36.55617116	    119.33891006	    103.15547495	    -70.44932226	    -29.64521206	    164.07071334	      0.42601755	    116.59214458
      0.13333330	    -37.52897942	     19.57661048	      0.91434272	     -3.97986211	      0.91879628	     -0.71612242	      4.47039723	    -21.75877707	     -1.75815200	     21.38576999	      0.37325210	    -14.52339893	      1.07333300	     -7.50715199	     87.11117710	     -0.55753431	    -12.50511318	     84.12474564	      1.46825379	    -25.44228544	    -16.75704412	     -7.64324028	     89.56509131	    -23.25118283	     37.27966490	    122.84047309	    103.19643741	    -69.22439665	    -29.51045149	    165.31226874	      0.48224089	    116.54082009
      0.13750000	    -36.63983862	     19.53644181	      0.30382583	     -3.96783601	      0.92020172	     -0.71559275	      3.04415016	    -21.47892938	     -1.25508048	     20.33123146	      0.35484693	    -13.04566274	      1.59824429	     -7.50624310	     85.87167467	     -0.54552933	    -12.52274416	     82.67955945	      1.44303054	    -25.46702832	    -17.06884985	     -7.54229645	     87.81727359	    -23.52615419	     37.20317242	    126.24289526	    103.99710590	    -67.69686056	    -29.36375621	    167.70710891	      0.56140703	    116.47534144
      0.14166670	    -35.76801890	     19.25188682	     -0.30756966	     -3.95563821	      0.92095546	     -0.71515230	      1.83760064	    -20.94455668	     -0.64912338	     19.61499413	      0.34234623	    -11.00847546	      2.08962716	     -7.50507824	     84.45580422	     -0.55449399	    -12.33883911	     81.17356266	      1.41674593	    -25.30062851	    -17.08695995	     -7.12976246	     85.75203318	    -23.95616345	     37.29473332	    128.72043314	    104.24642895	    -65.86259003	    -29.38206647	    171.03974353	      0.66304901	    116.50028304
      0.14583330	    -34.97081622	     18.89169960	     -0.72815753	     -3.94356450	      0.92149446	     -0.71474366	      0.98969251	    -20.35433019	     -0.20413353	     19.43730236	      0.33924492	     -8.14655719	      2.64903715	     -7.50400500	     83.40917600	     -0.57446111	    -12.07552311	     80.11243158	      1.39822570	    -25.17529570	    -16.98794092	     -6.80585740	     83.32128361	    -24.37513778	     37.27285800	    130.38905846	    104.62016065	    -63.68395682	    -29.51468113	    175.31595448	      0.82700697	    116.40745047
      0.15000000	    -34.08172475	     18.33051465	     -1.21177765	     -3.93128568	      0.92247369	     -0.71443465	      0.15490275	    -19.58479527	      0.19805209	     19.26166151	      0.33617941	     -5.48158600	      3.26116236	     -7.50346408	     81.79774633	     -0.58599488	    -11.68719816	     78.63278349	      1.37240097	    -25.11653468	    -16.65156015	     -6.25114678	     80.63210680	    -25.04906235	     37.65826385	    131.07810101	    103.82444812	    -61.31439816	    -29.71140857	    178.65426117	      0.97892773	    116.64661377
      0.15416670	    -33.67724553	     17.81661182	     -1.40680149	     -3.91936644	      0.92327092	     -0.71402811	      0.05506964	    -18.84913472	      0.61313907	     19.17923426	      0.33474079	     -3.02584485	      4.24875282	     -7.50293617	     80.88677492	     -0.68822584	    -11.37051578	     77.51765237	      1.35293826	    -24.68961789	    -16.39476869	     -5.72833507	     77.40713391	    -25.96783908	     38.16947913	    130.91725707	    104.87675241	    -59.02447501	    -29.98434706	    185.26016249	      1.15427973	    116.46149084
      0.15833330	    -33.18845852	     17.27467187	     -1.69623400	     -3.90733249	      0.92485024	     -0.71359404	     -0.00657241	    -18.10660219	      0.99834550	     19.39265309	      0.33846565	     -0.03239074	      5.02002457	     -7.50240560	     79.67363028	     -0.79899494	    -11.00807309	     76.21889297	      1.33027063	    -24.44749044	    -16.05882960	     -5.31215608	     74.21377180	    -26.08583898	     37.60602633	    131.44805519	    105.08736127	    -56.41022612	    -30.16304456	    190.78447165	      1.45982035	    116.41850978
      0.16250000	    -33.11151686	     16.83874840	     -1.73981453	     -3.89566268	      0.92453325	     -0.71337790	      0.53768040	    -17.52177795	      1.13795204	     19.98227316	      0.34875646	      2.97408450	      6.00190214	     -7.50202626	     79.20214995	     -0.88588370	    -10.70407580	     75.49212132	      1.31758608	    -23.83229984	    -15.80254703	     -4.84868818	     70.30645017	    -26.58641694	     37.81173211	    130.56404104	    105.35208194	    -54.22101676	    -30.60212736	    195.71794330	      1.22587037	    116.61741227
      0.16666670	    -33.10919043	     16.30697384	     -2.02378005	     -3.88425268	      0.92651958	     -0.71315809	      1.31225169	    -16.80573714	      1.54624835	     20.67662268	      0.36087514	      6.10835714	      6.64258623	     -7.50176414	     78.44176959	     -1.06066866	    -10.26188570	     74.27879201	      1.29640948	    -23.09160326	    -15.46269950	     -4.40088020	     66.84790839	    -26.73089581	     37.64644298	    130.22246441	    105.62363145	    -51.86720450	    -30.84994829	    199.80780837	      0.88223968	    117.07636738
      0.17083330	    -33.35710997	     15.70019239	     -2.31484878	     -3.87324591	      0.92615647	     -0.71325237	      2.40944691	    -16.02584574	      1.91103075	     21.62003558	      0.37734081	      9.38373152	      7.39679836	     -7.50150951	     77.93184102	     -1.35007890	     -9.77573183	     73.25880851	      1.27860741	    -22.11968459	    -15.03993353	     -4.21260077	     63.40444272	    -26.51081703	     37.64494532	    129.69474099	    106.32061231	    -49.35178980	    -30.71744781	    203.88184961	      0.75771152	    117.27131377
      0.17500000	    -33.73794920	     15.19140538	     -2.63896274	     -3.86266486	      0.92733805	     -0.71324104	      3.72435618	    -15.34826864	      2.25872935	     22.57797323	      0.39405997	     12.23451613	      8.30359377	     -7.50131127	     77.48304530	     -1.66388936	     -9.35578099	     72.14926662	      1.25924226	    -21.17777665	    -14.75318598	     -4.02931404	     59.84198579	    -26.22945590	     37.41150710	    129.13865953	    106.98721611	    -46.86613028	    -30.54195814	    207.83053426	      0.63628530	    117.39364401
      0.17916670	    -34.27361617	     14.83119858	     -2.96051722	     -3.85259815	      0.92731751	     -0.71335482	      5.36575861	    -14.84507501	      2.55826913	     23.69049487	      0.41347714	     14.30039337	      9.18125689	     -7.50109762	     77.25048513	     -1.95313312	     -9.05240450	     71.20729188	      1.24280169	    -20.13679332	    -14.60569013	     -3.85534020	     56.10607009	    -25.87666951	     37.15767744	    128.03039324	    107.70279804	    -44.06975206	    -30.35635341	    211.77801542	      0.54133390	    117.51591102
      0.18333330	    -34.85781512	     14.56067414	     -3.38402017	     -3.84281608	      0.92748653	     -0.71346322	      7.14265173	    -14.43871638	      2.81011426	     24.88853530	      0.43438689	     15.62259995	      9.97796735	     -7.50089390	     76.98118516	     -2.25053264	     -8.78726162	     70.20621914	      1.22532968	    -19.14835862	    -14.56713153	     -3.39930824	     52.07543863	    -25.65740645	     36.58958550	    126.53246008	    108.04986434	    -40.93426345	    -30.18834056	    216.75414842	      0.46242496	    117.68653657
      0.18750000	    -35.39844544	     14.47422260	     -3.75095342	     -3.83341228	      0.92887466	     -0.71346075	      8.91468452	    -14.21801400	      2.92692648	     26.08714384	      0.45530655	     16.01170004	     10.67754146	     -7.50075492	     76.61447342	     -2.39986037	     -8.64949679	     69.12476204	      1.20645469	    -18.28182691	    -14.70351605	     -3.05932055	     47.99326030	    -25.18269528	     35.64092120	    124.63416869	    108.68705847	    -37.72896913	    -29.98504062	    221.36378410	      0.42629980	    117.72997576
      0.19166670	    -35.70983767	     14.53268133	     -4.00904613	     -3.82409926	      0.93240053	     -0.71344825	     10.44005249	    -14.22660623	      2.73654199	     27.36534159	      0.47761531	     15.84893718	     11.25466443	     -7.50069828	     75.89830225	     -2.25142692	     -8.53219291	     67.83735621	      1.18398522	    -17.93192466	    -14.98657120	     -2.95784575	     43.92121765	    -24.50999146	     34.44359336	    122.41573652	    106.57402065	    -34.10710567	    -29.80448097	    219.58641509	      0.33303886	    118.05754071
      0.19583330	    -36.20285051	     14.65069257	     -4.45892312	     -3.81494684	      0.93484213	     -0.71315583	     12.37951283	    -14.20272323	      2.92267239	     28.95616146	      0.50538036	     14.75410412	     11.59437922	     -7.50053339	     75.44548404	     -2.38021812	     -8.56242518	     66.77210945	      1.16539316	    -17.35972218	    -15.38072340	     -1.34664407	     38.62264056	    -24.42900328	     31.31085870	    121.08056309	    110.06577356	    -29.14513126	    -29.84745024	    235.63833788	      0.40008165	    117.88530994
      0.20000000	    -36.49351838	     14.66440412	     -4.78256121	     -3.80582431	      0.93530956	     -0.71334859	     14.07265764	    -14.18395814	      2.73545422	     30.72279472	      0.53621392	     13.53429964	     11.91713084	     -7.50041349	     74.99332367	     -2.32061370	     -8.35880264	     66.08897114	      1.15347015	    -17.15406064	    -15.66211100	      0.37552542	     33.09263114	    -24.38324602	     27.76073671	    120.01035847	    110.41451666	    -23.88037756	    -29.69938464	    248.04337665	      0.47422305	    117.88540330
      0.20416670	    -36.71161713	     14.60656246	     -5.04457649	     -3.79687428	      0.93633054	     -0.71359502	     15.72922525	    -14.11528924	      2.39347223	     32.35139253	      0.56463832	     11.34869751	     11.90234638	     -7.50027843	     74.66584501	     -2.23425127	     -8.03141788	     65.69662559	      1.14662242	    -17.12780876	    -15.92825363	      2.40878965	     27.14221537	    -24.40902329	     23.55369535	    119.36555407	    111.01165793	    -18.46925144	    -29.19705721	    265.04374480	      0.81120770	    117.78578129
      0.20833330	    -34.32128796	     15.22528570	     -5.86530168	     -3.79143717	      0.93938168	     -0.71159641	     15.59660875	    -14.98832244	      2.19267847	     35.54839871	      0.62043660	     10.59398125	     11.85303315	     -7.49956043	     72.17864014	     -1.97783619	     -8.52888758	     65.72906352	      1.14718857	    -21.97731064	    -18.46142415	     -3.41011566	     28.21709632	    -21.33382264	     25.72521823	    116.24289623	    110.15880319	    -38.42791410	    -29.35686702	    352.56189758	     45.18971915	     56.71221961
      0.21250000	    -34.14163604	     15.10645889	     -6.18702939	     -3.78265928	      0.94065328	     -0.71150024	     17.02939720	    -14.90503613	      1.91465579	     37.76942941	      0.65920090	      8.30033474	     11.19362009	     -7.49962044	     71.51301617	     -1.86206916	     -8.14660954	     65.49552146	      1.14311249	    -22.48282565	    -18.58845194	     -2.20448413	     23.62000553	    -20.83817669	     23.06297205	    114.55366422	    110.33461882	    -33.61311203	    -30.25161595	    356.95928258	     46.48408684	     59.22399118
      0.21666670	    -33.67122689	     14.81619721	     -6.59832274	     -3.77376243	      0.94227286	     -0.71145160	     18.23702486	    -14.68880011	      1.58765944	     40.04511810	      0.69891916	      5.55189933	     10.37997536	     -7.49966772	     70.59140785	     -1.84349239	     -7.66970195	     65.40371719	      1.14151021	    -23.37733515	    -18.56585825	     -0.96589092	     19.26116353	    -20.35475456	     20.51677992	    112.76531433	    110.61529683	    -28.59678277	    -30.68145999	    361.04592469	     47.49262053	     61.87416513
      0.22083330	    -33.04002810	     14.49248781	     -6.79830725	     -3.76463748	      0.94403523	     -0.71147287	     19.23343976	    -14.50270357	      1.13425548	     42.23621956	      0.73716109	      2.23436777	      9.44076509	     -7.49971158	     69.43022878	     -1.63146540	     -7.16063832	     65.24995779	      1.13882660	    -24.38669380	    -18.43545733	      0.07483640	     15.12130619	    -19.75714845	     18.19158638	    110.49419586	    110.84784250	    -23.51439138	    -30.79967439	    364.94532476	     48.33054550	     64.46802944
      0.22500000	    -32.13588109	     14.21286396	     -6.80323921	     -3.75522190	      0.94625282	     -0.71141722	     19.98194488	    -14.43091008	      0.64061331	     44.36138021	      0.77425215	     -1.68333380	      8.63382105	     -7.49974674	     67.84324064	     -1.19607531	     -6.70500637	     64.90649054	      1.13283197	    -25.75282746	    -18.28484547	      0.61529857	     11.56772503	    -18.88899037	     16.25885047	    107.32811598	    110.91042793	    -18.74911648	    -30.55553640	    368.20922395	     49.16301239	     66.46388879
      0.22916670	    -31.20791097	     13.80359117	     -6.63290927	     -3.74561445	      0.94845531	     -0.71146995	     20.70475812	    -14.23979904	      0.10638535	     46.49896433	      0.81156003	     -5.98838937	      7.63275574	     -7.49978192	     66.12085452	     -0.68084450	     -6.09461371	     64.46861372	      1.12518957	    -27.13628203	    -17.91773365	      0.77717514	      8.49521655	    -18.03661783	     14.87239634	    103.77692937	    110.61699007	    -14.34318372	    -29.98344610	    371.07865907	     49.61369583	     68.33687012
      0.23333330	    -30.01733848	     13.44314633	     -6.23203475	     -3.73569886	      0.95097584	     -0.71150310	     21.01078020	    -14.20783923	     -0.62740874	     48.37923065	      0.84437686	    -10.01210289	      6.89482913	     -7.49981150	     64.16247507	      0.03167213	     -5.49731499	     64.08255338	      1.11845155	    -28.93069617	    -17.51057958	      0.25740920	      6.03799928	    -17.07051472	     13.91263916	     99.69709197	    110.17116682	    -10.44309751	    -29.16138544	    372.87776112	     50.19285071	     69.43877027
      0.23750000	    -28.85957100	     13.02136393	     -5.90609148	     -3.72561930	      0.95581007	     -0.71128624	     21.36765604	    -13.97884154	     -1.17033129	     50.05946820	      0.87370254	    -14.34934411	      6.11596387	     -7.49984627	     61.92861776	      0.62247560	     -4.85066962	     63.23567177	      1.10367068	    -30.67539589	    -17.06373794	     -0.24281483	      4.08142362	    -16.05535917	     13.05896181	     94.85354175	    109.92933961	     -6.53475091	    -28.23167044	    374.73818840	     50.38244379	     70.60191830
      0.24166670	    -27.40076827	     12.61883676	     -5.36007816	     -3.71536232	      0.95947894	     -0.71120956	     21.26852508	    -13.89392790	     -1.89489338	     51.55168680	      0.89974667	    -18.07189094	      5.70227867	     -7.49987164	     59.31229114	      1.41547243	     -4.13321766	     62.34330091	      1.08809587	    -32.80872162	    -16.47959740	     -1.40129254	      2.78515907	    -15.20685718	     12.95990106	     89.78603693	    108.77001484	     -3.11909187	    -27.26310948	    375.84056534	     50.70139222	     71.13548315
      0.24583330	    -26.52819564	     12.24575186	     -4.84530913	     -3.70557436	      0.96032096	     -0.71119754	     21.88906096	    -13.66539610	     -2.23566118	     53.09290125	      0.92664594	    -20.88079185	      6.47279243	     -7.49987339	     57.41529893	      1.95208503	     -3.50158358	     61.71741928	      1.07717217	    -34.22022329	    -15.93308560	     -2.39586680	      1.38583127	    -14.43010449	     12.64775090	     84.88616237	    108.90748844	     -0.21897920	    -26.19415819	    376.18818337	     51.03883923	     71.40955937
      0.25000000	    -24.99617613	     11.72914248	     -4.15247957	     -3.69527534	      0.96324539	     -0.71111074	     21.51119192	    -13.38327268	     -3.03975143	     54.40046989	      0.94946731	    -23.59055605	      5.47062197	     -7.49989487	     54.59673893	      2.65614458	     -2.55480426	     60.72024130	      1.05976813	    -36.39266468	    -15.09210174	     -3.47950786	      0.33174819	    -13.84479323	     12.49947437	     79.98887534	    106.91852629	      3.01150743	    -25.42730501	    377.37976115	     51.38495295	     72.21438716
      0.25416670	    -23.96304496	     11.12295154	     -3.71466048	     -3.68534080	      0.96629261	     -0.71083060	     21.75105841	    -12.74148890	     -3.31316923	     55.59515861	      0.97031857	    -25.57093379	      5.67565550	     -7.49991469	     52.12366862	      2.86128091	     -1.79788798	     59.47435115	      1.03802325	    -37.87974662	    -14.31167936	     -4.18171657	     -0.47980343	    -13.20967739	     11.96082536	     74.77751132	    106.97347701	      6.01774241	    -24.47612700	    377.92688009	     51.55262183	     74.87534842
      0.25833330	    -22.89040472	     10.73308673	     -3.06299012	     -3.67527142	      0.96902980	     -0.71051425	     21.78255670	    -12.31289595	     -3.64825033	     56.26146125	      0.98194774	    -26.82783363	      6.17568336	     -7.49991523	     49.50389853	      3.28195733	     -1.12194355	     58.03641954	      1.01292661	    -39.37404509	    -13.58248880	     -5.29513773	     -0.92488878	    -12.61061925	     11.72020002	     69.44404078	    106.87387824	      8.87030419	    -23.77759956	    378.59487583	     51.83265654	     75.40592342
      0.26250000	    -22.24412808	     10.32116249	     -2.49924218	     -3.66542867	      0.96917813	     -0.71011797	     22.40678700	    -11.76292199	     -3.71119099	     57.29700549	      1.00002140	    -27.58416156	      6.81183631	     -7.49991715	     47.51628294	      3.43934755	     -0.52083682	     56.93142651	      0.99364084	    -40.38167962	    -12.87116597	     -6.20089216	     -1.57693143	    -12.08140939	     11.25810971	     64.62158098	    106.12721473	     11.42172911	    -23.13886123	    379.01415990	     52.47477955	     75.73679639
      0.26666670	    -21.77110959	      9.95388041	     -2.04478319	     -3.65553460	      0.96988966	     -0.70996765	     23.24280893	    -11.24946558	     -3.69495299	     58.24346195	      1.01654018	    -28.15242663	      7.46047750	     -7.49991672	     45.69728418	      3.56400207	      0.06029533	     55.74731161	      0.97297414	    -41.18719989	    -12.20338256	     -6.89319245	     -2.29579841	    -11.84817032	     10.73440732	     60.27031209	    106.19649459	     13.95988254	    -22.46529917	    379.35506452	     53.29780611	     76.16170983
      0.27083330	    -21.06150946	      9.78359933	     -1.63390353	     -3.64484603	      0.97000354	     -0.70956130	     23.80837594	    -10.94159123	     -3.48788278	     59.36613700	      1.03613455	    -26.39673064	      9.07345154	     -7.49992436	     43.42915811	      3.77229168	      0.36421358	     54.30876926	      0.94786684	    -42.15011767	    -11.74416843	     -7.47941502	     -3.17653459	    -11.53304863	      9.90526416	     55.90455474	    102.62601629	     16.84363138	    -22.10056904	    380.79825602	     53.95745836	     78.37214954
      0.27500000	    -21.06582969	      9.31975260	     -1.36124927	     -3.63441979	      0.96949705	     -0.70897341	     25.27498366	    -10.16915759	     -3.08875664	     60.62949463	      1.05818431	    -25.27772627	      9.83002063	     -7.49993338	     42.13411871	      3.46572937	      0.66911324	     53.17197048	      0.92802595	    -42.20855889	    -11.14604714	     -7.88576739	     -3.90336912	    -11.32263500	      9.13963717	     51.65228882	    100.87786649	     19.17655965	    -21.46481036	    380.78095557	     54.90927753	     81.74983737
      0.27916670	    -21.13208178	      8.90385192	     -1.25812459	     -3.62356363	      0.96889990	     -0.70837259	     26.80162064	     -9.40059447	     -2.55949980	     61.86982322	      1.07983212	    -23.66942275	     10.47539753	     -7.49993495	     40.88246146	      3.10058616	      0.82135624	     52.01143157	      0.90777073	    -42.14888583	    -10.63579801	     -8.10475407	     -4.64849602	    -11.25299698	      8.08894870	     47.46721106	    100.37705991	     21.42182262	    -21.00985604	    381.29910831	     56.47900368	     82.05247621
      0.28333330	    -21.30511830	      8.55310045	     -1.27013665	     -3.61241649	      0.96722071	     -0.70780053	     28.49347028	     -8.65268773	     -1.83883016	     63.08662770	      1.10106937	    -21.48924828	     11.48357260	     -7.49993627	     39.65993297	      2.74991394	      0.87937967	     50.73594015	      0.88550920	    -41.80574369	    -10.28779355	     -8.12877009	     -5.52798536	    -11.30787946	      7.00484038	     43.51219098	     99.86637989	     23.77762805	    -20.52622436	    382.00474267	     57.99940179	     82.67396697
      0.28750000	    -21.87049957	      8.24338449	     -1.39367806	     -3.60128184	      0.96148203	     -0.70751996	     30.84188965	     -7.93918334	     -0.91292177	     64.91367861	      1.13295742	    -18.44287294	     13.37931509	     -7.49994026	     38.99740727	      2.36106445	      0.80426343	     49.82729607	      0.86965037	    -40.85674141	    -10.07518973	     -7.77923187	     -7.03530817	    -11.63786208	      5.74692962	     40.26957016	     98.87060587	     26.10742914	    -19.87683460	    382.60053625	     59.65990577	     84.81115432
      0.29166670	    -22.33316210	      7.57406732	     -1.71774899	     -3.58981761	      0.95845059	     -0.70701029	     32.98291300	     -6.76779829	     -0.18507105	     66.47273436	      1.16016808	    -16.25821234	     13.47596909	     -7.49994154	     38.14463370	      1.51547059	      0.74506537	     48.70510770	      0.85006449	    -40.00424870	     -9.62972453	     -7.33926854	     -8.13328293	    -12.21251020	      5.01970941	     36.75931835	     98.33586514	     28.26379935	    -19.23443573	    382.70127966	     61.74744085	     85.18696147
      0.29583330	    -23.02707863	      7.20604763	     -2.20106905	     -3.57840204	      0.95767871	     -0.70634671	     35.56232458	     -5.81339697	      0.87889970	     68.18566858	      1.19006442	    -13.31329449	     14.88335696	     -7.49994670	     37.45033305	      0.88237914	      0.39555568	     47.35365742	      0.82647723	    -38.78809842	     -9.60690768	     -6.86124477	     -9.16222842	    -12.95104411	      4.86327910	     33.09170861	     97.07904438	     30.38082298	    -18.43327721	    382.17274082	     64.37151539	     89.25840116
      0.30000000	    -23.57582255	      6.60183086	     -2.64702160	     -3.56691570	      0.95573739	     -0.70561425	     37.86992557	     -4.62811791	      1.63010872	     69.52839480	      1.21349941	    -11.26382101	     14.95403141	     -7.49994664	     36.62079931	     -0.00086673	      0.07636020	     46.04299427	      0.80360185	    -37.89359889	     -9.35414927	     -6.16760063	    -10.33787071	    -13.81377900	      4.56752449	     29.81590540	     97.05411046	     32.95601108	    -17.66524984	    382.26298632	     67.10148438	     89.62132604
      0.30416670	    -24.19154989	      6.19059969	     -3.12796235	     -3.55551131	      0.95454025	     -0.70486158	     40.37276812	     -3.59274157	      2.48010351	     70.79313603	      1.23557331	     -9.46552502	     15.16427357	     -7.49994571	     35.75766036	     -0.67896063	     -0.33804304	     44.52815268	      0.77716287	    -36.91679264	     -9.34882614	     -5.38429416	    -11.59785773	    -14.80332047	      4.58389737	     26.63218370	     97.33086409	     35.66008614	    -16.62820746	    382.16535087	     70.12884994	     90.30656984
      0.30833330	    -24.89122161	      5.88848014	     -3.61779463	     -3.54437657	      0.95339310	     -0.70414929	     43.12170240	     -2.66068097	      3.31523856	     72.19203814	      1.25998876	     -7.92295489	     15.21069257	     -7.49994595	     35.01493175	     -1.28808609	     -0.93133409	     43.04749222	      0.75132047	    -35.96672266	     -9.41508459	     -4.52685988	    -12.82937351	    -15.85546573	      5.04240103	     23.25794503	     97.42318600	     38.72484341	    -15.34119427	    382.01520229	     72.77787297	     91.00689650
      0.31250000	    -25.96673571	      5.59226003	     -4.05944425	     -3.53377898	      0.94830958	     -0.70361399	     46.49490098	     -1.71724132	      4.00693151	     73.80568377	      1.28815219	     -6.81174674	     15.15290722	     -7.49994560	     34.80921410	     -1.93632022	     -1.59235341	     41.91940900	      0.73163171	    -34.54694281	     -9.44723823	     -3.32774310	    -14.65171575	    -16.96600260	      6.05320433	     20.13764982	     97.65739701	     42.07681128	    -13.82448710	    382.06219476	     75.20336455	     91.98628709
      0.31666670	    -26.53163081	      4.94763208	     -4.15687870	     -3.52328499	      0.94704052	     -0.70380092	     49.28998361	     -0.94806676	      3.99580894	     75.21663625	      1.31277795	     -6.82879288	     15.01320567	     -7.49994700	     33.90814517	     -2.53483319	     -1.55686111	     40.31511607	      0.70363151	    -34.06429531	     -8.90825804	     -2.17735993	    -16.87801416	    -18.15300194	      6.63015266	     18.32851770	     97.34035711	     46.01463130	    -11.97853663	    382.33391541	     77.21581499	     92.06645086
      0.32083330	    -28.24230919	      4.81054094	     -4.66892729	     -3.51444590	      0.94200667	     -0.70296374	     53.75681966	      0.08524514	      4.76089808	     77.07024508	      1.34512953	     -5.87388071	     14.44415216	     -7.49996623	     34.65264606	     -3.27677943	     -2.67031853	     39.55773126	      0.69041266	    -31.95002752	     -9.23331063	     -0.15079209	    -20.04938256	    -20.28789021	     19.98022191	     17.40155704	     84.08908002	     50.34887695	     -9.47498887	    383.28207224	     77.38929229	     93.82110621
      0.32500000	    -29.15886119	      4.24215619	     -4.93532014	     -3.50607416	      0.93750101	     -0.70327662	     57.33214995	      0.99690142	      4.79125330	     78.76305372	      1.37467462	     -5.67110190	     13.95950823	     -7.49998025	     34.51143471	     -4.07721911	     -3.18191980	     38.67080800	      0.67493292	    -30.93010936	     -8.92981645	      1.90512051	    -23.70576232	    -23.63322953	     38.17045914	     20.58186938	     65.84904434	     55.11272073	     -6.61075732	    384.22379459	     76.85252496	     93.85856979
      0.32916670	    -30.09725094	      3.70351339	     -5.07661837	     -3.49799100	      0.93307664	     -0.70360936	     60.95438252	      1.72311758	      4.67706393	     80.35068295	      1.40238397	     -5.61254037	     13.31646450	     -7.49998844	     34.53196425	     -4.79142876	     -3.57938697	     37.96711697	      0.66265120	    -29.61389584	     -8.59932974	      3.10146319	    -25.55574300	    -27.92848339	     63.43576167	     25.32749138	     41.11838403	     59.46996770	     -4.33002766	    384.54782020	     76.28558107	     94.54530063
      0.33333330	    -31.12423903	      3.30315450	     -5.18105132	     -3.48989500	      0.93128732	     -0.70366478	     64.58364568	      2.35398655	      4.57487182	     81.64810426	      1.42502825	     -5.86568963	     12.35249444	     -7.49999127	     34.53059880	     -5.35887912	     -4.02880990	     36.96675633	      0.64519161	    -28.10989745	     -8.20783929	      3.50348806	    -26.71371470	    -30.83468845	     77.97666771	     29.40886793	     28.05758974	     63.45241490	     -2.89317458	    384.39279532	     75.43135233	     94.89786759
      0.33750000	    -32.04202251	      2.86482199	     -5.23612215	     -3.48177838	      0.92842792	     -0.70381610	     68.05014875	      2.82864471	      4.31070601	     82.70248681	      1.44343069	     -6.31604750	     11.59459323	     -7.49999147	     34.40057686	     -5.93944391	     -4.46952204	     36.02420042	      0.62874091	    -26.89471575	     -7.54868631	      4.11741730	    -30.27199707	    -32.56070491	     79.68373110	     32.19016473	     28.24802915	     67.47127471	     -1.44938961	    384.36518958	     74.22949848	     94.57336020
      0.34166670	    -32.84955789	      2.48387453	     -5.32572185	     -3.47321649	      0.92632953	     -0.70369214	     71.27243346	      3.27329972	      4.06928638	     83.54617179	      1.45815578	     -6.71537210	     10.57163415	     -7.49999191	     33.99771251	     -6.44768660	     -4.95075465	     34.86756419	      0.60855380	    -25.67616963	     -6.87934783	      4.07839665	    -33.00428969	    -34.02351757	     80.10383089	     34.25653152	     28.48750544	     71.09283046	     -1.02851683	    384.26684830	     73.47021041	     93.88421358
      0.34583330	    -33.60380626	      2.04313340	     -5.44394720	     -3.46449726	      0.92433737	     -0.70352961	     74.32585810	      3.67300005	      3.59564227	     84.09026940	      1.46765207	     -7.63125229	      8.64161422	     -7.49999249	     33.58538985	     -7.06369676	     -5.54495051	     33.87790519	      0.59128099	    -24.58829808	     -6.00775828	      4.08755725	    -36.92849171	    -34.97392933	     77.04626977	     35.59835458	     25.88728695	     74.46618339	     -0.96716061	    384.25474682	     73.50410265	     94.18397060
      0.35000000	    -34.13132903	      1.56551839	     -5.70201671	     -3.45517842	      0.92269754	     -0.70330332	     77.00219941	      4.11559739	      3.09691612	     84.46222800	      1.47414397	     -8.01551304	      7.14359133	     -7.49999291	     32.73637003	     -7.71572519	     -6.20688733	     32.66477670	      0.57010790	    -23.61113002	     -5.06485956	      3.97269012	    -40.97687652	    -35.78952250	     73.29934392	     36.40564599	     25.26597508	     77.48827435	     -1.45987059	    384.33649099	     74.22727723	     94.02865600
      0.35416670	    -34.64712958	      1.17568436	     -5.98660449	     -3.44504562	      0.92094675	     -0.70293388	     79.44698729	      4.46066746	      2.57467811	     84.57467742	      1.47610658	     -7.94131580	      5.68257264	     -7.49999281	     31.77453135	     -8.28953671	     -7.00416288	     31.39011664	      0.54786089	    -22.49558973	     -4.20484900	      3.24781973	    -43.80611939	    -36.83422746	     72.20411862	     36.59369587	     24.71417760	     79.93987824	     -2.94108712	    384.56883557	     75.64406435	     94.48527240
      0.35833330	    -34.86004945	      0.67022098	     -6.33075369	     -3.43460884	      0.91974253	     -0.70256717	     81.42837232	      4.83228562	      1.81982384	     84.41366139	      1.47329632	     -9.27222610	      3.15957618	     -7.49999323	     30.52889445	     -8.96711693	     -7.72816956	     30.23396906	      0.52768231	    -21.87031025	     -3.13008574	      3.04456789	    -48.32908573	    -37.08989932	     64.45772437	     36.55718364	     25.99718428	     82.26180017	     -4.26665468	    384.81792921	     77.51425480	     93.81285598
      0.36250000	    -34.96575988	      0.31707101	     -6.77197789	     -3.42314996	      0.92145677	     -0.70197741	     83.12461838	      5.20684445	      1.29499949	     84.31062262	      1.47149796	     -8.92670645	      1.63681531	     -7.49999418	     28.96646827	     -9.42870613	     -8.49942472	     28.69016298	      0.50073781	    -21.36271844	     -2.22389125	      2.50012933	    -52.13243406	    -37.57554735	     57.14446540	     36.28589125	     31.98843928	     84.00057969	     -6.32403068	    385.08388313	     79.74249148	     93.51573832
      0.36666670	    -35.11103690	     -0.14090199	     -7.25501503	     -3.41100683	      0.92042230	     -0.70162384	     84.68610884	      5.56026463	      0.47826040	     84.12324734	      1.46822764	     -8.69305632	     -0.68844798	     -7.49999564	     27.42227758	     -9.99803719	     -9.31240824	     27.35335188	      0.47740605	    -20.83514414	     -1.25987653	      2.01651487	    -54.89752917	    -38.27904147	     51.86761580	     35.92238655	     35.13373514	     85.41701321	     -8.40691900	    385.00194223	     82.33185320	     94.24557072
      0.37083330	    -35.24688959	     -0.44292143	     -7.69485140	     -3.39803706	      0.92140210	     -0.70115768	     85.94422213	      5.76354452	     -0.25783979	     83.49533553	      1.45726852	     -8.64537636	     -2.80691643	     -7.49999691	     25.84169020	    -10.34612242	    -10.11779725	     25.89351889	      0.45192716	    -20.33208630	     -0.45949937	      1.57429389	    -57.60119227	    -38.82236015	     44.48478573	     35.97004316	     39.66567231	     86.49099828	    -10.48051989	    384.86568813	     85.04567682	     94.84958835
      0.37500000	    -35.43688396	     -0.72740485	     -8.16989240	     -3.38450888	      0.92220191	     -0.70080646	     86.98532211	      5.94807372	     -1.02396055	     82.64064618	      1.44235137	     -8.67861295	     -5.03785101	     -7.49999792	     24.26403672	    -10.61795542	    -10.82265598	     24.37596922	      0.42544092	    -19.74996512	      0.28933422	      1.31206915	    -60.78627283	    -39.34159259	     36.52977105	     36.05493801	     44.93276899	     87.36139248	    -12.21061488	    384.38075533	     88.21901856	     95.09595896
      0.37916670	    -35.48459527	     -0.96508926	     -8.63814172	     -3.37025605	      0.92366815	     -0.70041943	     87.75205686	      6.02700728	     -1.81430331	     81.85188899	      1.42858496	     -8.60187179	     -7.20505697	     -7.49999823	     22.45873628	    -10.75430775	    -11.50882043	     22.73754677	      0.39684505	    -19.35690554	      0.92035396	      1.04300886	    -64.00446871	    -39.88668641	     27.98636319	     37.07664671	     45.68129763	     88.13258703	    -13.84070161	    383.86115873	     91.14608754	     94.33860434
      0.38333330	    -35.65184544	     -1.24063122	     -8.90713361	     -3.35577181	      0.92552423	     -0.70024116	     88.38202391	      5.89146038	     -2.68480472	     80.89759736	      1.41192943	     -7.86313087	     -8.65975786	     -7.49999867	     20.97212943	    -10.85907943	    -11.92122020	     21.29779671	      0.37171668	    -18.89262791	      1.84669906	      1.28426707	    -68.63908097	    -38.56336492	     12.97481410	     38.46445244	     58.62861643	     88.72968004	    -14.93017614	    382.82704513	     93.93372999	     95.87451742
      0.38750000	    -35.83003400	     -1.32840131	     -9.12070860	     -3.34106955	      0.92301084	     -0.70020601	     89.15917860	      5.62672518	     -3.46108534	     80.29458730	      1.40140492	     -7.65976667	    -10.50799291	     -7.49999899	     19.67797226	    -10.78332754	    -12.31401895	     20.31529629	      0.35456881	    -18.32223662	      2.53486075	      1.63222553	    -72.28255832	    -36.81113596	      0.04994617	     40.29110203	     66.33318557	     89.20097934	    -15.76765681	    381.92880530	     96.42023799	     96.32325995
      0.39166670	    -36.09110571	     -1.45799797	     -9.35903639	     -3.32630522	      0.92370151	     -0.70004478	     89.78562294	      5.36474483	     -4.29093187	     79.54589070	      1.38833770	     -7.22854013	    -12.02413260	     -7.49999918	     18.46382361	    -10.71060140	    -12.60858156	     19.11014694	      0.33353498	    -17.71740326	      3.23929822	      2.36344750	    -74.41037041	    -34.35325901	    -12.06708037	     42.32365418	     72.95504521	     89.26308232	    -16.21939579	    381.12226517	     98.36750058	     97.20818059
      0.39583330	    -36.31487468	     -1.46022907	     -9.41835675	     -3.31158215	      0.92334317	     -0.70005321	     90.30679302	      4.87402679	     -5.05188662	     78.79852228	      1.37529366	     -6.96260797	    -13.44638219	     -7.49999933	     17.36021201	    -10.44481017	    -12.72606713	     18.06903614	      0.31536417	    -16.98699172	      3.96683637	      2.73578422	    -76.40892796	    -31.65648481	    -23.54650707	     45.69686441	     78.86250655	     88.97992855	    -17.00754430	    380.50186245	    100.12029988	     97.79813532
      0.40000000	    -36.59053226	     -1.48979294	     -9.47002856	     -3.29686474	      0.92403235	     -0.69994932	     90.76789345	      4.37137974	     -5.83593897	     78.05986741	      1.36240170	     -6.72609918	    -14.67415368	     -7.49999941	     16.35310814	    -10.19194315	    -12.74138898	     17.00507544	      0.29679456	    -16.15511167	      4.73426024	      3.06015408	    -77.00590929	    -29.26999941	    -31.84720145	     49.06861683	     81.98418306	     88.23457739	    -17.94133114	    379.92418018	    102.04968878	     97.97093713
      0.40416670	    -36.79679890	     -1.41014573	     -9.36602774	     -3.28230501	      0.92513919	     -0.69999001	     91.05088361	      3.68901598	     -6.49623441	     77.25815509	      1.34840918	     -6.37643788	    -15.40239927	     -7.49999949	     15.40628277	     -9.74478494	    -12.49910652	     15.96909225	      0.27871324	    -15.33549970	      5.43215247	      3.10289869	    -77.90257845	    -27.09152643	    -38.71607283	     50.45316808	     85.24603474	     87.56741388	    -18.95189047	    379.44432846	    103.86996692	     98.47123950
      0.40833330	    -36.92821887	     -1.27334192	     -9.21192268	     -3.26751282	      0.92591750	     -0.69997164	     91.14851386	      2.96933504	     -7.06667392	     76.42737097	      1.33390926	     -6.13914558	    -15.80487561	     -7.49999956	     14.49806603	     -9.23055702	    -12.15773924	     15.11266585	      0.26376578	    -14.61378481	      6.02588826	      3.22510820	    -77.65564530	    -25.32718704	    -42.74945724	     50.71350539	     86.23295539	     86.51382530	    -19.92398308	    379.05349041	    105.87622902	     98.91937745
      0.41250000	    -37.10160757	     -1.11127687	     -9.03778031	     -3.25256232	      0.92596588	     -0.69983191	     91.30559119	      2.21079505	     -7.59505401	     75.80693204	      1.32308056	     -5.84640869	    -15.96108137	     -7.49999959	     13.73094716	     -8.72847420	    -11.92144805	     14.43430821	      0.25192620	    -13.95648156	      6.52260689	      3.54186378	    -76.46179279	    -24.08772433	    -44.61343206	     48.70220199	     84.11341064	     85.42060742	    -20.71112768	    378.85006786	    108.03303331	     97.08859576
      0.41666670	    -37.32615279	     -0.92032444	     -8.75638580	     -3.23730823	      0.92608822	     -0.69978583	     91.30867086	      1.34660394	     -8.06808677	     75.08830832	      1.31053821	     -5.68156128	    -16.11441917	     -7.49999963	     13.12177825	     -8.15993106	    -11.24955719	     13.86764694	      0.24203610	    -13.15838007	      6.95087122	      4.04374049	    -74.94361067	    -23.05959540	    -45.59365711	     45.44742492	     84.96602639	     83.97273078	    -21.02755010	    378.56225797	    109.89161058	    100.07602775
      0.42083330	    -37.52080689	     -0.82543536	     -8.52156074	     -3.22139168	      0.92773732	     -0.69938798	     91.04766581	      0.62107253	     -8.54617594	     74.32595194	      1.29723258	     -5.35731671	    -16.12108454	     -7.49999964	     12.54240197	     -7.74159156	    -10.80813385	     13.38704120	      0.23364795	    -12.61020319	      7.42191963	      4.76615291	    -72.67175172	    -22.47951987	    -45.62809821	     40.51226129	     84.69746435	     82.14292872	    -21.20698901	    378.24686523	    112.16223550	    100.08557610
      0.42500000	    -37.77011463	     -0.62374688	     -8.20497181	     -3.20537714	      0.92781261	     -0.69902717	     90.77635858	     -0.20804395	     -8.87434986	     73.61328510	      1.28479420	     -4.89290431	    -15.72632085	     -7.49999967	     12.11775286	     -7.20587428	    -10.17196629	     13.13057021	      0.22917168	    -11.95154678	      7.71326615	      5.41938202	    -71.01743662	    -22.69103616	    -41.86391260	     36.47755788	     81.42579251	     80.12069206	    -21.37082617	    378.18862277	    114.43218556	    100.85807178
      0.42916670	    -37.99705497	     -0.57680687	     -7.94860697	     -3.18898927	      0.92885552	     -0.69855043	     90.27741208	     -0.93953163	     -9.27238942	     72.88872600	      1.27214826	     -4.31600118	    -15.34185841	     -7.49999970	     11.69662494	     -6.85059425	     -9.60369224	     12.90212465	      0.22518456	    -11.43525996	      8.19930241	      6.10910830	    -69.99444791	    -23.57754240	    -34.54023843	     34.29806602	     74.58731646	     77.60067268	    -21.72104980	    377.94635160	    117.14038370	    101.00214267
      0.43333330	    -38.22119276	     -0.54848879	     -7.71925215	     -3.17242639	      0.92964161	     -0.69780972	     89.69461049	     -1.58422470	     -9.59446819	     72.29273456	      1.26174624	     -3.68831104	    -14.77389028	     -7.49999971	     11.27791486	     -6.53306039	     -9.05574762	     12.71379707	      0.22189762	    -10.98339395	      8.63369559	      6.86733461	    -68.88250411	    -24.76751935	    -26.66889271	     33.44445953	     73.19749634	     74.71989058	    -22.02172373	    377.84938152	    119.94621608	    100.91073783
      0.43750000	    -38.37707735	     -0.65287748	     -7.61712136	     -3.15586344	      0.92948796	     -0.69704082	     88.95345241	     -2.09852202	     -9.99801200	     71.77837234	      1.25276893	     -3.04813876	    -14.30108476	     -7.49999974	     10.86169459	     -6.39407489	     -8.68981977	     12.75865582	      0.22268055	    -10.64993050	      9.13507100	      7.63380962	    -68.05262262	    -26.93471507	    -15.55946703	     34.79922866	     59.53215619	     71.61054783	    -22.33736619	    377.79894184	    122.96721022	    100.62821596
      0.44166670	    -38.61103719	     -0.76612856	     -7.53321242	     -3.13935078	      0.92865099	     -0.69609843	     88.11193416	     -2.56206109	    -10.39204390	     71.12418694	      1.24135124	     -2.51805296	    -13.80237684	     -7.49999976	     10.67373047	     -6.32894133	     -8.47811245	     13.07250485	      0.22815825	    -10.11848176	      9.58187230	      8.57508632	    -67.46578102	    -28.42646004	     -8.10861191	     34.42905203	     54.45874810	     68.44963802	    -22.28624474	    378.08298900	    125.62675605	    100.60140193
      0.44583330	    -38.84426052	     -1.08491660	     -7.38830239	     -3.12303849	      0.93137504	     -0.69497021	     86.87149974	     -2.91542797	    -10.89749377	     70.06636494	      1.22288876	     -2.11941438	    -13.43721851	     -7.49999976	     10.71633708	     -6.52865108	     -8.33752098	     13.55394731	      0.23656101	     -9.70375358	     10.28532797	      9.41971116	    -66.12248724	    -29.35259034	     -4.20631620	     34.66261799	     54.71147546	     64.75881104	    -22.35461293	    378.54153089	    128.15972158	    100.62564452
      0.45000000	    -38.89753572	     -1.22497930	     -7.29354154	     -3.10703760	      0.93199579	     -0.69386426	     85.56335556	     -3.22097032	    -11.13278103	     69.19579375	      1.20769443	     -1.86224923	    -13.24933555	     -7.49999977	     10.76975876	     -6.54693082	     -8.22376328	     14.42971690	      0.25184607	     -9.34721425	     10.66424771	      9.93855667	    -64.34186165	    -30.52203020	     -0.36916888	     34.57679762	     53.92671829	     61.01632241	    -22.68434877	    379.44663851	    130.42467674	    100.58787459
      0.45416670	    -38.62216605	     -1.38489753	     -7.17369706	     -3.09149033	      0.93322813	     -0.69252313	     83.84433630	     -3.45225312	    -11.22813412	     68.23167730	      1.19086742	     -1.62719094	    -13.34890409	     -7.49999977	     10.76470065	     -6.62433783	     -8.26723112	     15.70314921	      0.27407166	     -9.50107213	     11.06225581	     10.22370969	    -62.18533559	    -30.93704788	     -0.27236831	     34.92507545	     53.85837096	     56.99901533	    -23.51962451	    380.52560248	    132.63515477	    100.55897693
      0.45833330	    -38.30127583	     -1.60274842	     -6.96307934	     -3.07638570	      0.93314030	     -0.69137067	     82.02427304	     -3.74190225	    -11.35768916	     67.26630875	      1.17401856	     -1.67060035	    -13.41045892	     -7.49999977	     11.03531556	     -6.84016256	     -8.36865920	     17.52754959	      0.30591345	     -9.49384750	     11.53723090	      9.89148387	    -59.63931141	    -31.69540435	     -0.65439675	     35.82349552	     54.07291870	     52.47145088	    -24.77679285	    381.48740976	    134.49967730	    100.38545424
      0.46250000	    -38.00244170	     -1.91390636	     -6.78260085	     -3.06163083	      0.93386130	     -0.69034447	     80.12120845	     -3.94315343	    -11.53338132	     66.22899224	      1.15591397	     -2.06815291	    -13.72451642	     -7.49999978	     11.63785090	     -7.17028889	     -8.25400423	     19.80687272	      0.34569514	     -9.52530146	     12.11567482	      9.22462660	    -57.39758199	    -32.40101403	     -1.76708287	     36.32478797	     54.79407271	     47.44457152	    -26.13597363	    382.16767115	    135.88748733	    100.43043130
      0.46666670	    -37.76542109	     -2.22821230	     -6.40876880	     -3.04757019	      0.93436902	     -0.68947148	     78.30693201	     -4.25332342	    -11.65754995	     65.20005934	      1.13795571	     -3.02142679	    -14.70727215	     -7.49999978	     12.68304553	     -7.54512302	     -7.86446089	     22.49852836	      0.39267340	     -9.49646302	     12.76282155	      8.16785005	    -54.93846504	    -32.76358202	     -4.55979987	     37.74224995	     57.63443305	     42.05949544	    -27.71926762	    382.71128177	    136.90863737	    101.01774238
      0.47083330	    -37.03426145	     -2.12295285	     -5.95272704	     -3.03397116	      0.93462294	     -0.68877705	     76.19557411	     -4.80429009	    -11.34602828	     64.34268421	      1.12299169	     -3.67926853	    -15.76791398	     -7.49999979	     14.17759952	     -7.55424842	     -7.37039971	     26.73992629	      0.46669976	    -10.00567317	     12.86606824	      7.08225484	    -52.35204794	    -32.69786102	     -8.07934726	     39.70092341	     62.50774453	     37.02858091	    -29.32147939	    383.46155929	    136.96333416	    101.74317757
      0.47500000	    -36.19341160	     -1.93656553	     -5.66888014	     -3.02091688	      0.93472505	     -0.68795611	     74.10638553	     -5.13253437	    -10.73702535	     63.97795288	      1.11662593	     -3.95920041	    -16.59213742	     -7.49999980	     15.57822338	     -7.44747070	     -6.79906972	     30.94536222	      0.54009846	    -10.65908300	     12.74108851	      6.41416896	    -49.50332366	    -32.35951712	    -11.21967864	     41.40251457	     70.77056896	     32.39883783	    -30.57422811	    384.48692862	    136.09646602	    103.80266361
      0.47916670	    -35.55733873	     -1.96032253	     -5.37727212	     -3.00829152	      0.93547553	     -0.68729334	     72.08425786	     -5.45971941	    -10.35240199	     63.38567887	      1.10628879	     -4.24838679	    -17.14809235	     -7.49999981	     17.15816342	     -7.49226337	     -6.02471379	     34.93061974	      0.60965432	    -11.34334342	     12.93117171	      5.64348157	    -46.77575235	    -32.44932385	    -12.39805525	     43.94095948	     72.37050685	     27.43327187	    -31.71078517	    384.98250924	    135.13128505	    103.94845852
      0.48333330	    -34.52217954	     -1.95056269	     -4.86383918	     -2.99614052	      0.93694253	     -0.68677492	     69.63024668	     -6.00240195	    -10.08310138	     62.71688568	      1.09461615	     -3.90375508	    -17.30086132	     -7.49999981	     18.72534941	     -7.39077331	     -4.97915892	     39.35494901	      0.68687344	    -12.43086368	     13.01202856	      5.02940126	    -43.90673870	    -32.35372655	    -12.72110019	     46.46943397	     72.88154170	     23.28640850	    -32.45214865	    385.90848796	    132.74824697	    103.12901790
      0.48750000	    -33.56564425	     -1.92909272	     -4.43213255	     -2.98424032	      0.94155610	     -0.68590168	     67.00826698	     -6.34130643	     -9.74595972	     61.63291344	      1.07569727	     -4.20830157	    -17.52716507	     -7.49999982	     20.22055203	     -7.36106510	     -4.27859427	     43.19258517	      0.75385282	    -13.58577547	     13.04980166	      4.46857800	    -40.48252891	    -32.30871955	    -12.35871369	     48.13254062	     76.67177155	     19.25232186	    -32.79525234	    386.08238581	    129.57367084	    106.22383660
      0.49166670	    -32.43181718	     -1.83290301	     -3.94811581	     -2.97264617	      0.94085499	     -0.68523885	     64.50305647	     -6.79127949	     -9.32258166	     61.11158354	      1.06659834	     -4.10772003	    -17.58052196	     -7.49999983	     21.70349733	     -7.14631423	     -3.36970897	     47.57917665	      0.83041329	    -14.92803078	     13.01842082	      4.02645713	    -37.37422831	    -32.21883427	    -11.42259093	     49.83027356	     77.26133478	     15.96106284	    -32.98225103	    386.35040044	    126.07680840	    105.65731599
      0.49583330	    -31.62998268	     -1.49330459	     -3.66534495	     -2.96127683	      0.93808608	     -0.68428851	     62.72054291	     -7.20549540	     -8.63529385	     61.23643154	      1.06877735	     -3.31745655	    -17.58144543	     -7.49999983	     23.52384847	     -6.78254240	     -2.78710274	     51.99385398	      0.90746394	    -15.78877668	     12.75042473	      3.74758092	    -34.50069465	    -32.05791407	    -10.24749470	     51.24716006	     78.80976609	     12.87830959	    -33.11629999	    386.04631531	    122.12343826	    106.70175458
      0.50000000	    -31.37534204	     -1.22875149	     -3.76998350	     -2.95012099	      0.92800609	     -0.68360735	     61.96605073	     -7.40590153	     -7.90078797	     62.35627912	      1.08832238	     -1.45579417	    -17.12999763	     -7.49999983	     25.73956074	     -6.67723846	     -2.58173583	     56.69240538	      0.98946913	    -15.90090258	     12.57942012	      4.12896691	    -33.11284524	    -31.80348788	     -9.95733268	     53.37244265	     79.58630337	     10.10390680	    -33.18260377	    385.67986323	    119.32993840	    106.49855521
      0.50416670	    -30.71726667	     -0.88618535	     -3.97324920	     -2.93831993	      0.92912610	     -0.68184025	     60.45423819	     -7.49268798	     -7.18779629	     62.71449171	      1.09457437	      0.27285192	    -16.71757991	     -7.49999984	     27.39095434	     -6.54325849	     -2.54592156	     60.23879522	      1.05136531	    -16.55710982	     12.12509628	      4.65073065	    -30.84549769	    -31.38741624	     -9.15376460	     54.77388324	     79.87675287	      8.20772785	    -33.02689524	    385.74055596	    115.83525718	    105.12425208
      0.50833330	    -30.35544927	     -0.65888594	     -4.12854286	     -2.92583529	      0.92862531	     -0.68051636	     59.06384699	     -7.58767782	     -6.73541595	     62.86605910	      1.09721972	      2.10110288	    -15.63093785	     -7.49999984	     29.33771221	     -6.54754580	     -2.44727435	     63.76613541	      1.11292901	    -16.74918352	     11.85856611	      4.25900473	    -27.39010527	    -31.56563528	     -6.96161038	     55.50318338	     83.65909451	      5.18074552	    -32.42903624	    383.70323492	    112.35555009	    108.60962902
      0.51250000	    -29.95615618	     -0.52572459	     -4.55251882	     -2.91311987	      0.92480853	     -0.67919214	     57.69545821	     -7.39397268	     -6.20692189	     63.21222177	      1.10326140	      3.48841935	    -15.01911126	     -7.49999984	     30.97818857	     -6.75112550	     -2.55247346	     67.19763366	      1.17281996	    -17.06250924	     11.57408614	      4.73556368	    -24.65095537	    -31.39302041	     -5.36283276	     56.45034296	     85.40942549	      3.09535349	    -31.74727776	    382.86960254	    108.51452349	    108.92703893
      0.51666670	    -29.25448122	     -0.30967785	     -4.99383031	     -2.89964683	      0.92496789	     -0.67736190	     55.98891272	     -7.29125883	     -5.68151225	     63.38889559	      1.10634494	      5.14334402	    -14.22925998	     -7.49999985	     32.31940491	     -6.86614088	     -2.66748842	     70.22472970	      1.22565275	    -17.70049618	     11.10705331	      5.06506657	    -21.39025934	    -31.13731922	     -3.29023176	     57.08457760	     87.00422041	      1.05981787	    -31.01759852	    381.89466452	    104.29597135	    109.07610641
      0.52083330	    -28.50844797	     -0.13995682	     -5.53666300	     -2.88573045	      0.92366970	     -0.67559022	     54.22737463	     -7.07857205	     -5.21310560	     63.70590074	      1.11187772	      6.80105162	    -13.85014289	     -7.49999985	     33.56246010	     -7.11616691	     -2.87431853	     73.23779734	      1.27824070	    -18.31019339	     10.62081128	      5.58269281	    -18.10409915	    -30.80982974	     -1.03450398	     57.52370962	     88.24572575	     -0.86715565	    -30.24674920	    381.09212651	     99.82325927	    108.84189142
      0.52500000	    -27.66411202	     -0.06832750	     -6.11991378	     -2.87146951	      0.92326224	     -0.67367709	     52.32055895	     -6.83206389	     -4.84844188	     63.89376977	      1.11515665	      7.91215794	    -13.31469480	     -7.49999985	     34.77589581	     -7.47525578	     -2.99676550	     76.17929620	      1.32957954	    -19.13868520	     10.18466450	      6.44947750	    -15.12747122	    -30.27726938	      0.77731548	     58.15332963	     88.99505817	     -2.28905166	    -29.47032892	    380.78954955	     94.78267796	    108.05589205
      0.52916670	    -26.69713132	      0.31331118	     -6.56665254	     -2.85708294	      0.92586202	     -0.67172314	     50.23626325	     -6.94725699	     -4.37030090	     63.81756590	      1.11382665	      8.57392921	    -13.16137870	     -7.49999985	     35.93994744	     -7.44174782	     -3.16878567	     78.80977049	      1.37548998	    -20.10068952	      9.36465242	      7.36550601	    -12.42806203	    -29.34247663	      1.63741323	     58.99048319	     88.85706054	     -3.25178026	    -28.71657714	    380.83568040	     89.36702617	    107.05915738
      0.53333330	    -25.35842787	      0.20647629	     -6.96777942	     -2.84186553	      0.92734759	     -0.66980487	     47.33991021	     -6.74831168	     -4.38025185	     63.34176018	      1.10552227	     10.00934299	    -12.68693803	     -7.49999985	     36.51846555	     -7.85428614	     -3.12789566	     81.14495289	      1.41624660	    -21.47269460	      8.98957733	      7.86486414	     -8.78855164	    -28.86006295	      4.19119343	     59.11250354	     92.59350879	     -4.58674114	    -27.90811291	    380.36747334	     83.68560902	    105.76411582
      0.53750000	    -24.26976453	      0.42126313	     -7.37159753	     -2.82720451	      0.92678352	     -0.66790360	     45.06276871	     -6.85016439	     -4.11630436	     63.24544220	      1.10384120	     10.74941703	    -12.56292222	     -7.49999985	     37.54980280	     -7.97566634	     -3.20500236	     83.69816453	      1.46080855	    -22.55316535	      8.26091039	      8.84767633	     -6.22759394	    -28.03086338	      5.32190349	     60.26896766	     92.41460042	     -5.40144556	    -27.36652661	    380.45994988	     77.95777726	    104.44201542
      0.54166670	    -22.73132387	      0.40599885	     -7.63220878	     -2.81236943	      0.93104274	     -0.66573538	     42.02078446	     -6.92937309	     -4.18370892	     62.64894048	      1.09343028	     11.27477252	    -12.02686874	     -7.49999986	     38.07231966	     -8.21275519	     -3.07128910	     85.71766305	      1.49605545	    -24.29267550	      7.69394118	      9.42544336	     -2.87409792	    -27.25187105	      6.90927823	     61.08032821	     95.27575762	     -6.18575973	    -26.93622106	    380.46102515	     72.36217868	    101.11023903
      0.54583330	    -21.56965815	      0.42657268	     -7.90192259	     -2.79775088	      0.93123706	     -0.66389441	     39.51558338	     -7.06770541	     -4.26643434	     62.24656171	      1.08640745	     11.61802304	    -11.67970978	     -7.49999986	     39.11439118	     -8.47531477	     -2.97953030	     88.04106565	      1.53660647	    -25.49932429	      7.14372280	     10.33773548	     -0.01929960	    -26.60085303	      8.40746371	     62.21348775	     95.33918104	     -6.64104901	    -26.66326360	    380.92299061	     66.64792270	     99.07055836
      0.55000000	    -20.20895906	      0.64714281	     -8.09835138	     -2.78315127	      0.93389555	     -0.66182190	     36.84001463	     -7.48970732	     -4.30189157	     61.80145446	      1.07863886	     12.10429842	    -11.35756342	     -7.49999986	     39.98091862	     -8.43107530	     -2.87187470	     89.96838794	      1.57024459	    -27.02051834	      6.32841282	     10.76554867	      3.16800079	    -25.79834228	      9.71108375	     63.63053486	     98.30444048	     -7.52166476	    -26.61523991	    380.66358143	     61.67950066	     94.69303940
      0.55416670	    -19.15318252	      0.93100114	     -8.42591403	     -2.76860782	      0.93382346	     -0.65985173	     34.71715775	     -7.95125984	     -4.25335756	     61.61631634	      1.07540759	     12.64413901	    -10.95258483	     -7.49999986	     41.35234764	     -8.45587342	     -2.87370225	     92.17747232	      1.60880039	    -28.10247483	      5.48154031	     11.48904423	      5.92597299	    -25.21393427	     11.06976518	     65.59009760	     97.71630372	     -8.35865944	    -26.78135748	    380.53310804	     56.94324288	     93.00718814
      0.55833330	    -17.88031836	      0.97437575	     -8.57944471	     -2.75368699	      0.93801599	     -0.65796706	     31.92253951	     -8.30497475	     -4.60072953	     60.72047882	      1.05977228	     12.33976441	    -10.55302481	     -7.49999986	     42.21482219	     -8.52748323	     -2.69679938	     93.61332764	      1.63386079	    -29.64891413	      4.88202431	     11.81382724	      9.42518964	    -24.58934561	     12.70584255	     67.07798396	    100.10402408	     -9.40666932	    -26.97634913	    380.02609968	     52.86686591	     89.17599164
      0.56250000	    -17.12381839	      1.44927689	     -8.72029190	     -2.73882523	      0.93688537	     -0.65608845	     30.02881144	     -9.09914953	     -4.70363397	     60.24621405	      1.05149480	     12.05120444	     -9.95098092	     -7.49999986	     43.77375041	     -8.30277608	     -2.74822605	     95.40190564	      1.66507737	    -30.36400752	      3.91874614	     12.36072260	     12.21250059	    -23.95989762	     13.86311469	     68.98374584	     99.56709181	    -10.32621729	    -27.47110054	    379.53692457	     48.90116613	     87.58243527
      0.56666670	    -16.25835723	      1.80435681	     -8.91026085	     -2.72390309	      0.93647027	     -0.65410608	     28.12601022	     -9.90091684	     -4.89182132	     60.06599852	      1.04834944	     11.81598220	     -8.87146501	     -7.49999986	     45.36734514	     -8.20876156	     -2.70551089	     97.18592461	      1.69621437	    -31.19252168	      3.10314441	     12.17358369	     15.91870657	    -23.10319193	     15.76497899	     70.48758382	    102.22164452	    -12.41203262	    -28.15298606	    378.13415012	     46.25319811	     83.11951367
      0.57083330	    -15.71655208	      2.23290036	     -9.17503268	     -2.70863118	      0.93790571	     -0.65196133	     26.50237288	    -10.66887284	     -5.03637498	     59.73343688	      1.04254515	     11.25201216	     -8.00393042	     -7.49999987	     47.20901706	     -8.07958274	     -2.73458816	     98.55648767	      1.72013521	    -31.73344063	      2.22595987	     12.39899376	     19.25614861	    -22.41434529	     17.38014548	     72.08224237	    101.70157428	    -14.14852097	    -28.85565195	    376.91195942	     43.45832265	     81.76092033
      0.57500000	    -15.40718485	      2.83479519	     -9.23791995	     -2.69330756	      0.93994720	     -0.64979798	     24.92431566	    -11.55264233	     -5.27596946	     58.98090756	      1.02941103	     10.33223174	     -7.49868799	     -7.49999987	     49.19974813	     -7.72991774	     -2.81708046	     99.57042111	      1.73783169	    -32.01879690	      1.25301629	     12.28839982	     22.69242267	    -21.54197782	     18.90916187	     73.42723459	    101.56260690	    -16.08277989	    -29.63595060	    375.27992994	     41.07748763	     80.26770183
      0.57916670	    -15.07724772	      3.42371037	     -9.41780275	     -2.67824139	      0.93795270	     -0.64762718	     23.57002031	    -12.60144684	     -5.48741837	     58.54134310	      1.02173919	      9.95391559	     -5.82892686	     -7.49999987	     51.45852412	     -7.50800921	     -2.88431531	    101.08092807	      1.76419501	    -32.15539227	      0.28281618	     11.69849270	     26.64390835	    -20.39022973	     20.95346592	     74.47007633	    102.74060039	    -19.44579154	    -30.40745002	    371.80349172	     39.98755688	     79.05501467
      0.58333330	    -15.20194839	      4.10372738	     -9.63333809	     -2.66318900	      0.93672644	     -0.64534393	     22.71733326	    -13.55704061	     -5.65401100	     58.27602322	      1.01710848	      9.55588971	     -5.09930374	     -7.49999987	     54.22268623	     -7.26398767	     -2.98951209	    102.36467657	      1.78660064	    -31.83412204	     -0.75913767	     11.52192456	     30.14325630	    -19.35334811	     22.34165100	     75.69834532	    102.87788666	    -22.25456211	    -31.24498740	    369.15120934	     38.56781847	     78.58282257
      0.58750000	    -15.64833478	      4.73101609	     -9.62919671	     -2.64822349	      0.93488950	     -0.64327151	     22.07627577	    -14.44767955	     -5.99178221	     57.61696893	      1.00560581	      8.44486155	     -3.97744590	     -7.49999987	     57.35689292	     -7.03313889	     -2.95274541	    103.54630995	      1.80722404	    -31.01720567	     -1.59795204	     11.32958237	     33.55961064	    -18.30600653	     23.59597925	     76.62607496	    102.29876515	    -24.94109435	    -32.29088573	    367.53301234	     37.08704981	     77.98907672
      0.59166670	    -15.85390789	      5.43379272	     -9.50182714	     -2.63336109	      0.93463257	     -0.64106900	     21.07804476	    -15.54121414	     -6.43238100	     56.83269566	      0.99191766	      7.45294971	     -2.63810488	     -7.49999987	     60.23662747	     -6.66317510	     -3.00856234	    104.46121538	      1.82319215	    -30.41561657	     -2.51768032	     10.57961715	     37.37489845	    -16.92579596	     25.03663559	     77.17980825	    102.39051243	    -28.53994085	    -33.22704544	    364.68962802	     36.67636240	     77.45416441
      0.59583330	    -16.22388654	      6.09581050	     -9.29270807	     -2.61827749	      0.93572998	     -0.63888948	     20.00508444	    -16.41830419	     -6.90863160	     55.54644210	      0.96946830	      5.96519784	     -2.02794231	     -7.49999987	     62.79339510	     -6.33920631	     -3.17506931	    104.72426764	      1.82778328	    -29.63556564	     -3.36761998	     10.09721951	     40.85284414	    -15.66940772	     25.84951164	     77.75213265	    102.22764956	    -31.71053646	    -34.38427884	    363.15439645	     36.36032996	     77.12616006
      0.60000000	    -16.33018046	      6.66562962	     -8.92701190	     -2.60344633	      0.93523316	     -0.63688939	     18.60283808	    -17.34222019	     -7.67789021	     54.14479034	      0.94500486	      4.56460133	     -0.69036201	     -7.49999987	     65.24848532	     -6.02153966	     -3.26811269	    105.18751959	      1.83586855	    -29.17764929	     -4.12325147	      9.05784148	     44.75076225	    -14.04875575	     26.91292165	     77.51390817	    102.17766473	    -35.63776757	    -35.26218330	    360.68096473	     36.68389559	     76.68135099
      0.60416670	    -16.58064016	      7.24495627	     -8.51530699	     -2.58842677	      0.93590356	     -0.63489865	     17.25138373	    -18.12680102	     -8.33173619	     52.78994853	      0.92135841	      3.14134863	     -0.22427831	     -7.49999987	     67.41333514	     -5.66997986	     -3.49200885	    105.08203815	      1.83402755	    -28.57145319	     -4.83456636	      8.17985540	     48.34453240	    -12.51174071	     27.53052100	     77.27326161	    101.75824542	    -39.35802246	    -36.30531915	    359.31152064	     37.18649536	     76.14512791
      0.60833330	    -16.72855821	      7.72649066	     -8.06711887	     -2.57345267	      0.93371780	     -0.63321463	     15.84067063	    -18.87910250	     -9.04909517	     51.63351293	      0.90117480	      2.35590149	      1.06296090	     -7.49999987	     69.63892508	     -5.34216041	     -3.66128429	    105.27568911	      1.83740740	    -28.07080224	     -5.42691226	      7.20892445	     51.90971331	    -10.93782972	     28.02717903	     77.09896507	    101.04155334	    -43.75603983	    -37.34454053	    358.14205780	     38.74907105	     75.15881299
      0.61250000	    -16.82999456	      8.28880251	     -7.68004090	     -2.55795340	      0.93413707	     -0.63127856	     14.27318817	    -19.55267595	     -9.63928122	     50.27618151	      0.87748490	      1.64193363	      1.96892079	     -7.49999987	     71.54395499	     -4.98041892	     -3.97796082	    104.98571655	      1.83234642	    -27.69690952	     -6.20227624	      6.26882053	     55.16671509	     -9.44646996	     28.18362112	     76.99250369	    100.74333582	    -48.04268420	    -38.18296512	    356.87650365	     40.43184973	     73.96822928
      0.61666670	    -17.06671623	      8.72264776	     -7.35920090	     -2.54209739	      0.93324540	     -0.62959588	     12.73350477	    -19.96694587	    -10.21952915	     48.56365628	      0.84759570	      0.61006986	      2.76081257	     -7.49999987	     73.28514000	     -4.69848785	     -4.26127524	    104.51141078	      1.82406822	    -27.22215249	     -6.85833336	      5.54844941	     58.11262519	     -8.18055205	     28.05502476	     77.39289088	    100.90173430	    -52.35742765	    -38.79751629	    355.58347531	     42.17620071	     72.80961106
      0.62083330	    -17.18453963	      9.16220629	     -7.12047079	     -2.52571772	      0.93382006	     -0.62776963	     10.94316954	    -20.33393589	    -10.83436209	     46.46927079	      0.81104178	     -0.81067011	      3.76204133	     -7.49999987	     74.66390690	     -4.46836940	     -4.64200882	    103.73768498	      1.81056416	    -26.93920986	     -7.58851654	      4.92569433	     60.68276049	     -7.03586772	     27.70063099	     77.96777749	    100.90037820	    -56.31003287	    -39.18151357	    354.44817209	     43.73505745	     71.41324736
      0.62500000	    -17.68872306	      9.62553809	     -6.92563331	     -2.50904439	      0.93044197	     -0.62622145	      9.56018711	    -20.63345428	    -11.17095669	     44.46162344	      0.77600172	     -2.41581214	      4.78907212	     -7.49999987	     76.51043776	     -4.33337497	     -5.00378528	    103.22530821	      1.80162150	    -26.10855891	     -8.29506066	      4.68076706	     62.82863664	     -6.24971816	     27.17723507	     79.17397943	    100.82280844	    -60.02842697	    -39.68282044	    353.91973083	     44.95286366	     70.72384652
      0.62916670	    -17.98039609	     10.26751739	     -6.64359350	     -2.49220979	      0.92992468	     -0.62444673	      7.94102736	    -21.12820940	    -11.51233080	     42.44198333	      0.74075235	     -3.75851913	      5.83021787	     -7.49999987	     78.23482834	     -4.03867622	     -5.51946946	    102.56517762	      1.79010005	    -25.73248881	     -9.35591342	      4.03413340	     64.75821782	     -5.46653469	     26.42721227	     80.84097034	    100.79431403	    -63.78405975	    -39.33885494	    351.56913815	     46.31059557	     68.61960129
      0.63333330	    -18.70286918	     10.84712507	     -6.39360927	     -2.47521136	      0.93088096	     -0.62281314	      6.77506525	    -21.43363651	    -11.76626800	     40.06083024	      0.69919339	     -6.25502378	      6.97271841	     -7.49999987	     80.18332842	     -3.89287038	     -6.00095408	    101.63234280	      1.77381901	    -24.82659840	    -10.27443402	      3.90946882	     66.19371478	     -5.05703319	     25.45283940	     82.79229990	    100.72659166	    -66.57205124	    -39.45094155	    350.89440922	     47.21737254	     67.83600070
      0.63750000	    -19.20713774	     11.56461128	     -6.08634695	     -2.45823251	      0.93082509	     -0.62104563	      5.27800573	    -21.88417330	    -12.10617180	     37.48637763	      0.65426071	     -8.58865640	      7.90152085	     -7.49999987	     82.13969238	     -3.69065198	     -6.58536575	    100.95392503	      1.76197838	    -24.32000119	    -11.51844418	      3.35112375	     67.62665940	     -4.56530772	     24.24266526	     85.13445107	    100.78164268	    -69.55021181	    -38.69960245	    348.62169750	     48.05009758	     65.79219869
      0.64166670	    -20.04055203	     12.01239207	     -5.91030244	     -2.44095263	      0.93074928	     -0.61955967	      4.27249099	    -21.93134986	    -12.07966957	     34.77501570	      0.60693852	    -11.98376383	      8.38689553	     -7.49999987	     83.58243470	     -3.71546801	     -7.07645912	     99.56849764	      1.73779812	    -23.28150460	    -12.41975041	      3.34415375	     68.56946648	     -4.35836308	     22.99539892	     87.32829047	    100.82827013	    -71.50498956	    -38.17061467	    347.57820029	     48.27701798	     64.07738175
      0.64583330	    -20.85328106	     12.38086952	     -5.71330156	     -2.42386678	      0.93141020	     -0.61827504	      3.37024792	    -22.01347398	    -12.13713987	     32.18731476	      0.56177462	    -15.25714075	      9.85395180	     -7.49999987	     85.05561357	     -3.69946690	     -7.45054060	     98.23227572	      1.71447664	    -22.34088722	    -13.22810492	      3.23101424	     69.47763977	     -4.19865097	     21.87386793	     89.24715369	    100.77404470	    -72.86582342	    -37.49545683	    346.99096680	     47.82508284	     63.50207492
      0.65000000	    -21.56027213	     12.70352749	     -5.50543397	     -2.40660902	      0.93174286	     -0.61686967	      2.37575953	    -22.01787770	    -12.08365944	     29.74056935	      0.51907086	    -18.94528476	     10.14436820	     -7.49999987	     86.23802049	     -3.71053046	     -7.81919584	     96.77894485	      1.68911123	    -21.50444330	    -14.13041865	      3.00615508	     70.16894961	     -4.17596088	     20.74807648	     91.08461046	    100.77715504	    -74.20272046	    -36.30397076	    345.29348829	     47.63831256	     62.20350124
      0.65416670	    -22.19818545	     13.02944401	     -5.52204701	     -2.38945591	      0.93298004	     -0.61535793	      1.55958453	    -22.08814461	    -11.75343679	     27.58597270	      0.48146605	    -21.65235845	     10.98386064	     -7.49999987	     87.30031467	     -3.86860154	     -8.17068653	     95.32931169	      1.66381036	    -20.77186054	    -15.06878152	      2.96180767	     70.78598378	     -4.25094370	     19.66084629	     93.16928467	    100.69380717	    -74.77825225	    -35.25691380	    344.46242422	     46.76999274	     61.60549035
      0.65833330	    -22.91812194	     13.07625235	     -5.58065045	     -2.37231748	      0.93192950	     -0.61427594	      0.90918878	    -21.81362125	    -11.16989654	     25.32479195	      0.44200100	    -25.23193093	     10.97650293	     -7.49999987	     88.03626662	     -4.04158645	     -8.27857510	     93.62504677	      1.63406533	    -19.78403903	    -15.65305002	      2.85710884	     71.29015863	     -4.30263353	     18.90364971	     95.04982135	    100.64016616	    -74.73969770	    -33.82150873	    343.56914282	     45.05795744	     60.82434273
      0.66250000	    -23.53932859	     13.07433231	     -5.70148482	     -2.35542616	      0.93355142	     -0.61305985	      0.42154459	    -21.52639153	    -10.29323235	     23.51142350	      0.41035175	    -28.18204641	     11.27725274	     -7.49999987	     88.38546008	     -4.19868115	     -8.34933170	     91.57596197	      1.59830205	    -18.94470259	    -16.18901055	      2.71803355	     71.55433024	     -4.43938042	     18.42718116	     96.71486517	    100.59729711	    -74.10678811	    -32.46603916	    342.92509835	     43.13734077	     60.29085901
      0.66666670	    -23.92179251	     13.15158770	     -5.94623791	     -2.33858596	      0.93429465	     -0.61180574	     -0.19386046	    -21.36929323	     -9.18431160	     21.91340152	      0.38246101	    -30.20703717	     11.67700438	     -7.49999987	     88.63615981	     -4.45809482	     -8.49604174	     89.81808350	      1.56762128	    -18.33284169	    -16.86135346	      2.62742810	     71.58950700	     -4.72982017	     18.12878921	     98.32784748	    100.52852707	    -73.47515693	    -31.21382916	    342.19652967	     41.25807988	     59.97333636
      0.67083330	    -24.29222318	     13.08881476	     -6.35740020	     -2.32187090	      0.93521659	     -0.61071469	     -0.65375462	    -21.12254434	     -8.47405052	     20.23579050	      0.35318117	    -32.89101972	     11.43277988	     -7.49999987	     88.90738686	     -4.87511000	     -8.47287580	     88.19674772	      1.53932364	    -17.67838800	    -17.37770890	      2.57834103	     71.39126605	     -5.10467996	     18.26874834	     99.97322422	    100.43796188	    -72.37637887	    -29.74147081	    341.00891010	     39.36831982	     59.63458512
      0.67500000	    -24.54592687	     12.84965931	     -6.85879106	     -2.30516927	      0.93556360	     -0.60969303	     -1.24125703	    -20.70461890	     -7.86217431	     18.76508628	      0.32751254	    -35.89601953	     10.23075779	     -7.49999987	     89.22072908	     -5.34653709	     -8.17260067	     86.90314426	      1.51674600	    -17.09441151	    -17.70393200	      2.54189869	     70.97405414	     -5.52314108	     18.76455815	    101.48270329	    100.18253281	    -71.32088726	    -27.98718977	    338.64783382	     37.83070700	     59.42349661
      0.67916670	    -24.57352750	     12.93117614	     -7.40185430	     -2.28849028	      0.93677632	     -0.60858787	     -1.84134838	    -20.69125413	     -7.23012523	     17.70049027	      0.30893183	    -37.14760007	     10.32497070	     -7.49999987	     89.16145633	     -5.71984400	     -8.18278087	     85.51715102	      1.49255585	    -16.68705598	    -18.32952937	      2.59679333	     70.22700994	     -6.17378189	     19.54694692	    103.24854028	    100.10092215	    -70.40836406	    -27.09921709	    338.06813055	     37.82366787	     59.40954165
      0.68333330	    -24.59164954	     13.00117693	     -8.03819190	     -2.27191239	      0.93740126	     -0.60697994	     -2.44209031	    -20.66468528	     -6.65229654	     16.77179355	      0.29272302	    -39.68549124	      9.65418179	     -7.49999987	     89.75238366	     -6.32694391	     -7.98852888	     85.10090294	      1.48529095	    -16.33782083	    -19.12967077	      2.74161425	     68.99698326	     -6.90218433	     20.22491808	    105.45136247	     98.74247719	    -68.83573202	    -25.58938781	    333.90503297	     37.66173818	     64.32489794
      0.68750000	    -24.73643424	     13.14602976	     -8.58720336	     -2.25548548	      0.93729019	     -0.60563517	     -2.67798721	    -20.65061475	     -5.95431910	     16.24924498	      0.28360283	    -41.48964259	      8.74767386	     -7.49999987	     89.87297965	     -6.76835106	     -7.94043322	     84.12677691	      1.46828925	    -15.71174524	    -19.78513950	      3.02412689	     67.50346320	     -7.75935801	     21.30377443	    107.50899583	     98.62823423	    -67.32495882	    -24.86920568	    332.23645104	     37.92579510	     64.41813416
      0.69166670	    -24.78151430	     13.42984715	     -8.80229373	     -2.23952010	      0.93750876	     -0.60413872	     -2.96609319	    -20.74294454	     -5.46947856	     16.24250571	      0.28348520	    -42.59984775	      8.54350683	     -7.49999987	     90.14585762	     -6.88988179	     -7.92293953	     83.50862449	      1.45750045	    -15.30912991	    -20.62354818	      2.91361271	     65.76981134	     -8.62760535	     22.37791691	    109.57383619	     98.36581130	    -66.01225712	    -24.36152083	    330.85056410	     39.18708239	     64.95476127
      0.69583330	    -24.73442427	     13.69236374	     -9.06603380	     -2.22338805	      0.93856444	     -0.60252430	     -3.31806169	    -20.83142854	     -5.08904204	     16.67805617	      0.29108699	    -42.91248919	      7.72321732	     -7.49999987	     89.72255082	     -6.99741632	     -7.98585857	     82.38750331	      1.43793320	    -14.99766174	    -21.45239199	      3.07899507	     63.72165874	     -9.75298086	     23.50834042	    111.68982233	     98.24279787	    -64.74803194	    -24.24129868	    330.30722917	     40.88179966	     65.33213407
      0.70000000	    -24.79301542	     13.92067528	     -9.04149627	     -2.20753259	      0.93930885	     -0.60101380	     -3.48622512	    -20.78805480	     -4.81606908	     17.34962138	      0.30280802	    -43.09748074	      7.24294615	     -7.49999987	     89.21159823	     -6.83868012	     -8.05168360	     81.17333640	      1.41674198	    -14.67637682	    -22.15542755	      3.01142222	     61.41069881	    -10.81409257	     24.67015902	    113.41389968	     98.14292681	    -63.33367855	    -24.20158466	    329.81191991	     42.56998010	     65.80903775
      0.70416670	    -25.04188200	     14.25526724	     -8.70496877	     -2.19196494	      0.93875540	     -0.59944109	     -3.43707643	    -20.74748049	     -4.42890646	     18.43083982	      0.32167884	    -42.10987924	      7.28353471	     -7.49999987	     89.02796119	     -6.46813379	     -8.09376787	     80.21857231	      1.40007821	    -14.25828429	    -23.02621984	      2.70151915	     58.70326542	    -11.82909470	     25.54476104	    114.86584458	     97.31614667	    -62.08463798	    -24.04686932	    328.28026981	     44.80768328	     71.88480259
      0.70833330	    -25.07128297	     14.53160222	     -8.46081960	     -2.17614321	      0.93855703	     -0.59791658	     -3.45148727	    -20.65621631	     -4.34261672	     19.67403325	      0.34337666	    -41.06484937	      6.50287322	     -7.49999987	     87.78695332	     -6.05351427	     -8.30153508	     78.49255907	      1.36995359	    -13.94553673	    -23.76768717	      2.71855605	     55.77774395	    -13.06956418	     26.44448831	    115.71632136	     97.45126619	    -61.14822823	    -24.54137358	    329.04015573	     47.75022968	     72.28906165
      0.71250000	    -24.88715616	     14.70586902	     -8.06165825	     -2.16019301	      0.94022729	     -0.59634112	     -3.63267533	    -20.49557622	     -4.43870510	     21.38567789	      0.37325049	    -39.35548967	      6.27690678	     -7.49999987	     86.38137864	     -5.46329722	     -8.39117794	     76.94334641	      1.34291473	    -14.01550259	    -24.43866922	      2.58079727	     52.68831164	    -14.37335563	     27.23890966	    116.15697475	     97.59405723	    -60.15310838	    -25.24101032	    330.33449037	     51.21399017	     72.80904656
      0.71666670	    -24.64814767	     15.06911183	     -7.69640410	     -2.14412369	      0.94104902	     -0.59469607	     -3.69936270	    -20.51455181	     -4.43058962	     23.08516864	      0.40291220	    -36.65727245	      6.91865914	     -7.49999987	     84.68359136	     -4.81256719	     -8.64034090	     75.27493952	      1.31379554	    -14.16769616	    -25.29571250	      2.56194576	     49.21485588	    -15.47235704	     27.57366637	    116.07890607	     98.17513169	    -58.79146274	    -26.25953148	    331.91823521	     54.34838029	     74.58872671
      0.72083330	    -24.41236829	     15.25403925	     -7.35474597	     -2.12807022	      0.94201740	     -0.59317095	     -3.50096766	    -20.40320326	     -4.44424779	     25.08997958	      0.43790275	    -33.95991509	      7.35636431	     -7.49999987	     82.80825319	     -4.20774905	     -8.75523732	     73.53138438	      1.28336476	    -14.41069683	    -25.92079727	      2.70861408	     45.53370054	    -16.54185271	     27.48618054	    115.79229873	     99.39032965	    -57.07233339	    -27.39385096	    333.70868102	     57.22608002	     76.83849158
      0.72500000	    -23.80804883	     15.26941655	     -7.15565058	     -2.11170130	      0.94372746	     -0.59178691	     -3.55341007	    -20.19019317	     -4.57731724	     27.32453769	      0.47690315	    -31.23934465	      7.47961078	     -7.49999987	     80.36050142	     -3.55692380	     -8.68373920	     71.67749552	      1.25100830	    -15.06816760	    -26.31822280	      2.71442498	     41.96132597	    -17.34877627	     27.45337016	    114.84791601	     99.83865691	    -54.89106693	    -28.33242016	    335.81020722	     59.61672527	     77.85965896
      0.72916670	    -23.13027174	     15.08882047	     -7.00646342	     -2.09513543	      0.94527595	     -0.59042722	     -3.29979418	    -19.90377871	     -4.54134648	     31.03742663	      0.54170529	    -28.16318857	      6.50556721	     -7.49999987	     78.04053123	     -2.98145982	     -8.30122361	     70.23136572	      1.22576857	    -15.99287609	    -26.47660116	      2.62265921	     38.34810810	    -17.91775816	     27.28255110	    113.64200444	    100.16848762	    -51.71417642	    -29.03363824	    337.88854150	     60.55718692	     78.51935164
      0.73333330	    -22.52246874	     15.03006651	     -6.99972947	     -2.07900780	      0.94594227	     -0.58936729	     -2.76342707	    -19.70765643	     -4.58132551	     33.56914199	      0.58589205	    -25.14479092	      7.22360743	     -7.49999987	     75.57443348	     -2.55477176	     -8.20383919	     68.61979546	      1.19764136	    -16.78818835	    -26.73232533	      2.82002379	     34.50684003	    -18.45204550	     26.50438002	    112.15154347	    101.80630645	    -48.13071751	    -29.83901232	    340.55116356	     61.35714932	     80.16872011
      0.73750000	    -21.81807986	     14.83737327	     -6.77398694	     -2.06280790	      0.94741477	     -0.58822380	     -2.05784071	    -19.44958418	     -4.55008962	     36.90461952	      0.64410712	    -22.35271300	      7.62218132	     -7.49999987	     73.08635278	     -1.90476798	     -7.75255983	     67.16038423	      1.17216983	    -17.84605424	    -26.67661909	      2.47083240	     31.05506115	    -18.48089659	     26.02255792	    109.97319834	    103.76922872	    -44.37537422	    -30.34586374	    343.32465183	     61.57516463	     81.85288718
      0.74166670	    -20.86965051	     14.58569900	     -6.82695331	     -2.04662324	      0.94860006	     -0.58704557	     -1.35283618	    -19.21295748	     -4.40076194	     40.31560927	      0.70364012	    -19.86412221	      7.93352213	     -7.49999987	     70.10493704	     -1.43606986	     -7.32608037	     65.49262111	      1.14306187	    -19.16031259	    -26.62198563	      2.26115282	     27.68686456	    -18.42898192	     25.42754631	    107.74706593	    104.50319696	    -40.48992435	    -30.65363897	    346.31327759	     61.71317940	     82.66179228
      0.74583330	    -19.74280493	     14.07062139	     -7.06309989	     -2.03029094	      0.95042245	     -0.58598348	     -0.69112711	    -18.82201774	     -4.14219200	     44.33266371	      0.77375095	    -17.34874905	      7.98941895	     -7.49999987	     66.81230939	     -1.10251233	     -6.61052651	     63.76638635	      1.11293339	    -20.60713912	    -26.22111179	      2.10057445	     24.57906873	    -18.25669072	     24.97683803	    105.14295218	    105.62863233	    -36.50566621	    -30.60430562	    349.38979943	     61.55121581	     83.41240854
      0.75000000	    -18.44871376	     13.41272982	     -7.35939136	     -2.01384055	      0.95202803	     -0.58508383	     -0.02954474	    -18.34872256	     -3.71320779	     48.79097640	      0.85156318	    -14.87934620	      8.15198119	     -7.49999987	     63.19666054	     -0.90982292	     -5.88323138	     61.97024990	      1.08158490	    -22.22221018	    -25.68063884	      1.90048050	     21.65472908	    -18.00914659	     24.64849801	    102.11024333	    106.30115655	    -32.46443212	    -30.33974226	    352.52199702	     61.24683370	     83.95352641
      0.75416670	    -17.24314866	     12.87715524	     -7.75952059	     -1.99748399	      0.95207922	     -0.58422309	      0.63935914	    -17.99834328	     -3.39594580	     52.67684407	      0.91938437	    -12.57363776	      8.24434707	     -7.49999987	     59.85860798	     -0.80487050	     -5.24850283	     60.48809228	      1.05571637	    -23.66051795	    -25.23177355	      1.66897857	     18.88178997	    -17.64094605	     24.33328191	     98.98118705	    106.96499262	    -28.69107460	    -29.85652721	    355.33499424	     61.01519414	     84.39609950
      0.75833330	    -15.87473812	     12.19233486	     -8.07094437	     -1.98097418	      0.95168869	     -0.58363763	      1.10439393	    -17.53447999	     -3.22612163	     56.24140228	      0.98159765	    -10.81863180	      8.18018085	     -7.49999987	     56.22733325	     -0.66736762	     -4.47742374	     58.91743538	      1.02830323	    -25.28054057	    -24.55845733	      1.12560533	     16.51408242	    -17.28956378	     24.46517138	     95.46836305	    106.32668828	    -25.22268697	    -29.15923884	    357.82842261	     60.83401296	     84.32413966
      0.76250000	    -14.71057303	     11.40392045	     -8.51422309	     -1.96410997	      0.95213523	     -0.58311884	      1.73508757	    -16.88032718	     -2.95313062	     58.91586295	      1.02827579	     -9.86210918	      8.47843516	     -7.49999987	     52.67322075	     -0.75523721	     -3.70307378	     57.24543478	      0.99912132	    -26.53868114	    -23.81110701	      1.12284758	     13.76345126	    -16.98086442	     23.82155614	     91.90852346	    107.64278011	    -21.60022425	    -28.44218209	    360.47031868	     60.55882035	     85.18055632
      0.76666670	    -13.48938376	     10.90163147	     -8.70832011	     -1.94711465	      0.95272810	     -0.58249972	      2.21534815	    -16.53881547	     -2.84533503	     61.59214033	      1.07498564	     -8.84781899	      8.68216430	     -7.49999987	     49.52879323	     -0.56410853	     -3.07251796	     56.17291862	      0.98040238	    -28.04123524	    -23.23935166	      0.38697259	     11.49330414	    -16.49334529	     23.62641360	     88.00829783	    107.70227047	    -18.44630234	    -27.75184369	    362.58847538	     60.59631719	     85.46236298
      0.77083330	    -12.48726091	     10.29256007	     -8.80362333	     -1.93021729	      0.95069418	     -0.58225921	      3.02873205	    -16.08529044	     -2.67279085	     64.56782694	      1.12692117	     -7.98660761	      8.70760524	     -7.49999987	     46.88883836	     -0.43240419	     -2.16039671	     55.61146656	      0.97060319	    -29.39704460	    -22.53022626	     -0.00289405	      8.90897004	    -16.14569548	     22.78824699	     84.18823010	    107.97371285	    -15.13898166	    -27.10763118	    364.81070567	     60.86663806	     86.02889611
      0.77500000	    -11.68693549	      9.75124595	     -8.95069940	     -1.91341103	      0.95122233	     -0.58252113	      4.23478083	    -15.75419443	     -2.54497512	     67.03292667	      1.16994528	     -8.23122405	      8.95145060	     -7.49999987	     44.41943632	     -0.17273045	     -1.15890060	     54.90731942	      0.95831351	    -30.54681539	    -21.82204818	     -0.89287114	      7.14961513	    -15.96276789	     23.01976905	     79.72636966	    106.79327936	    -12.44578419	    -26.02064502	    365.73466910	     61.34468546	     85.63919741
      0.77916670	    -10.54643045	      8.95234170	     -8.75914227	     -1.89593256	      0.95211909	     -0.58224333	      4.81646924	    -15.05901439	     -2.81063790	     68.97967565	      1.20392246	     -8.02041262	      8.96304284	     -7.49999987	     41.31641666	     -0.15373702	     -0.28491994	     53.84252197	      0.93972929	    -32.09463322	    -20.78629996	     -1.78637184	      5.28969721	    -15.45725473	     22.36641992	     74.80791021	    107.08231134	     -9.41248148	    -25.45093144	    367.52338122	     61.72126170	     86.18523016
      0.78333330	     -9.49134341	      7.90430525	     -8.64342390	     -1.87901917	      0.95353600	     -0.58240981	      5.76340589	    -14.16181364	     -2.96312063	     71.00296336	      1.23923549	     -8.57840120	      8.69343904	     -7.49999987	     38.33124029	     -0.39472133	      0.76381243	     52.85182730	      0.92243840	    -33.63081505	    -19.49016887	     -2.07939571	      3.31496164	    -15.34420712	     21.36274298	     70.26634273	    106.84356463	     -5.99170020	    -24.67616977	    369.28411226	     62.20307721	     87.01370278
      0.78750000	     -8.71729768	      7.03299505	     -8.34415444	     -1.86263078	      0.95426382	     -0.58269821	      7.16874859	    -13.41154094	     -3.24579535	     72.67893462	      1.26848671	     -9.66613875	      8.67006581	     -7.49999987	     35.82766039	     -0.51235071	      1.82660881	     52.00980721	      0.90774238	    -34.90952431	    -18.23391328	     -2.63686358	      1.70073682	    -15.25104129	     20.64863961	     65.35166565	    105.85670858	     -2.75156040	    -23.98574040	    370.72836082	     62.87396572	     87.89247140
      0.79166670	     -8.01391219	      6.12556359	     -7.92983588	     -1.84675142	      0.95536602	     -0.58279864	      8.87111813	    -12.60055213	     -3.45094063	     74.69449922	      1.30366494	    -10.65083640	      8.68384571	     -7.49999987	     33.52440339	     -0.75234071	      2.84727380	     51.27157724	      0.89485784	    -36.20765602	    -16.89481116	     -3.35184731	      0.41454393	    -15.19324017	     20.06717346	     60.25103253	    104.72922220	      0.37508929	    -23.35636531	    371.67533424	     63.86626863	     88.46790980
      0.79583330	     -7.57263882	      5.20039740	     -7.49588252	     -1.83149912	      0.95553870	     -0.58285868	     11.10278766	    -11.77912759	     -3.46692051	     77.43668641	      1.35152514	    -11.44890086	      8.78278284	     -7.49999987	     31.65759264	     -1.11736980	      3.85226980	     50.71747219	      0.88518688	    -37.20076079	    -15.49122470	     -3.84634092	     -0.84503187	    -15.30080149	     19.39417898	     55.34082733	    102.95690544	      3.65897162	    -22.78844161	    372.72735470	     64.95743256	     89.05928365
      0.80000000	     -7.30596347	      4.31252283	     -7.01279612	     -1.81671654	      0.95615940	     -0.58276362	     13.47729741	    -10.94550924	     -3.62909795	     79.70268885	      1.39107434	    -12.12537125	      9.21513186	     -7.49999987	     30.08433266	     -1.57039024	      4.72285969	     50.20727745	      0.87628230	    -38.08208387	    -14.13133564	     -4.35357475	     -1.96924563	    -15.52686544	     18.85365120	     50.67212354	     99.84317316	      7.03423144	    -22.28935437	    373.50203161	     66.27813340	     90.48929088
      0.80416670	     -7.27734818	      3.64488286	     -6.37607865	     -1.80224016	      0.95575250	     -0.58235069	     16.04587569	    -10.22418628	     -3.86000764	     81.74548229	      1.42672781	    -12.53848679	      9.36025029	     -7.49999987	     29.00356523	     -1.91139786	      5.46731726	     49.94713732	      0.87174200	    -38.72999566	    -12.89067932	     -5.20151785	     -3.04414613	    -15.76068253	     17.96391556	     46.41219049	     99.70955714	     10.21262813	    -22.11102888	    374.04280069	     68.25446770	     90.80921477
      0.80833330	     -7.98663873	      3.05182894	     -5.63710250	     -1.78838172	      0.95292889	     -0.58212462	     19.52698259	     -9.57989442	     -4.05749672	     84.35550147	      1.47228124	    -13.04529876	      8.99677604	     -7.49999987	     28.99901434	     -2.27153549	      6.18917140	     50.09817707	      0.87437814	    -38.49522276	    -11.69614429	     -5.42183215	     -4.73321762	    -16.03327728	     16.37977324	     42.73681845	     96.68657758	     14.11639212	    -21.71501786	    375.46782439	     69.69177864	     91.16225069
      0.81250000	     -8.91132912	      2.43548832	     -4.84649990	     -1.77461467	      0.95112879	     -0.58163222	     22.96700346	     -8.89593461	     -4.48201597	     86.20197218	      1.50450824	    -13.34436475	      8.89063624	     -7.49999987	     29.25290429	     -2.72204249	      6.83754276	     50.17473508	      0.87571433	    -38.02748267	    -10.49442128	     -6.10243080	     -6.15664786	    -16.41857761	     15.02460593	     39.31913126	     95.91830883	     17.57912882	    -21.49258344	    376.09720969	     71.54394470	     91.27655974
      0.81666670	    -10.18512766	      1.85879340	     -3.88050192	     -1.76109209	      0.94745110	     -0.58110526	     26.70047769	     -8.27429705	     -5.03386501	     87.87462447	      1.53370153	    -14.03580753	      8.57908473	     -7.49999987	     29.92298868	     -3.17119111	      7.41634641	     50.25872460	      0.87718022	    -37.09035815	     -9.31181708	     -6.46596516	     -8.25004631	    -16.83199216	     12.94960455	     36.76429562	     94.74757151	     21.55378126	    -21.07822265	    377.31407149	     72.88892420	     91.48060349
      0.82083330	    -11.46065288	      0.90276822	     -2.92750046	     -1.74748192	      0.94531721	     -0.58050702	     30.29025443	     -7.39884718	     -5.81673234	     89.39931603	      1.56031241	    -14.60892498	      7.94568573	     -7.49999987	     30.29664211	     -4.06843861	      7.93000449	     49.81884536	      0.86950288	    -36.15405383	     -7.83415899	     -6.76075974	    -10.27420017	    -17.46126827	     10.95557727	     34.41736770	     94.06709577	     25.36823165	    -20.52332220	    378.11217521	     74.56567430	     91.70665767
      0.82500000	    -12.99544118	      0.04338113	     -1.75343326	     -1.73412102	      0.94170989	     -0.57965625	     34.08852378	     -6.76470653	     -6.76727183	     90.61172519	      1.58147295	    -15.01085631	      7.20953302	     -7.49999987	     31.08775212	     -4.81677867	      8.49462924	     49.46010771	      0.86324173	    -34.90322217	     -6.44383870	     -7.19030367	    -12.59734809	    -18.02622971	      8.73248141	     32.56626500	     93.49042815	     29.40030635	    -19.86432879	    379.02466974	     75.90018322	     91.88470978
      0.82916670	    -14.54150466	     -0.76420683	     -0.60628666	     -1.72057775	      0.93901343	     -0.57845328	     37.87969920	     -6.21780009	     -7.58368491	     91.73214191	      1.60102791	    -15.47246805	      6.33548723	     -7.49999987	     31.80241175	     -5.61421211	      8.75563006	     48.82896280	      0.85222617	    -33.65493611	     -5.14086822	     -7.48053355	    -15.22771580	    -18.50559411	      5.85785898	     31.30283888	     93.21285886	     33.69646132	    -19.01042214	    380.07079065	     76.90598863	     92.03479189
      0.83333330	    -16.01691205	     -1.61930898	      0.45466084	     -1.70665761	      0.93665518	     -0.57708407	     41.55801317	     -5.72610603	     -8.36078663	     92.62573554	      1.61662406	    -15.45671464	      5.40504883	     -7.49999987	     32.41212098	     -6.55580351	      8.79072925	     48.10754149	      0.83963499	    -32.43416788	     -3.84449385	     -7.97985559	    -17.61015940	    -19.16140563	      3.88051572	     30.06994999	     92.85127162	     37.80839596	    -18.19905361	    380.73434247	     77.91935455	     91.82103018
      0.83750000	    -17.44796722	     -2.36466229	      1.30399833	     -1.69249846	      0.93310516	     -0.57579532	     45.24474822	     -5.39915668	     -8.96838159	     93.27789422	      1.62800637	    -15.76768387	      4.14583643	     -7.49999987	     33.01506633	     -7.53604003	      8.43887442	     47.47755249	      0.82863961	    -31.22026023	     -2.74901216	     -8.41430363	    -20.19227322	    -19.88685703	      1.83874598	     29.36410426	     92.36208357	     42.01549391	    -17.28946971	    381.34248330	     78.74177255	     91.41206345
      0.84166670	    -18.52889251	     -3.06572378	      1.77351754	     -1.67753420	      0.93088642	     -0.57452046	     48.60469454	     -4.99772557	     -9.25739031	     93.92416381	      1.63928591	    -16.25300159	      2.97226215	     -7.49999987	     32.92661843	     -8.71889709	      7.62228947	     46.42656159	      0.81029636	    -30.32706343	     -1.78237691	     -8.54533245	    -23.16657145	    -20.46317537	     -2.36098247	     29.60976876	     96.09957433	     46.21535194	    -16.14466456	    381.65225190	     79.22152969	     92.04715015
      0.84583330	    -19.56684449	     -3.47557507	      1.91988755	     -1.66210876	      0.92822762	     -0.57330734	     51.91099903	     -4.73748474	     -9.04948298	     94.44048095	      1.64829734	    -16.02253308	      2.16772888	     -7.49999987	     32.89639072	     -9.75282019	      6.42949453	     45.68755004	      0.79739818	    -29.36303735	     -1.17480184	     -9.02727248	    -25.54636578	    -21.54153001	     -3.52767944	     29.37488291	     95.70707168	     50.04730335	    -15.42253466	    381.64680937	     79.85979286	     91.78608798
      0.85000000	    -20.63987971	     -3.72989405	      1.53624753	     -1.64633978	      0.92576166	     -0.57207615	     55.28543056	     -4.25660646	     -8.55568350	     94.63562172	      1.65170319	    -16.54990380	      1.00226725	     -7.49999987	     32.76535301	    -10.85761774	      4.89710103	     44.97645608	      0.78498724	    -28.30674404	     -0.87411423	     -8.96658192	    -28.55528240	    -22.59920437	     -5.03213011	     30.16469785	     94.89982156	     53.87263962	    -14.51791619	    381.75067287	     80.09430189	     91.26204967
      0.85416670	    -21.34610607	     -3.95278130	      1.05022049	     -1.62989911	      0.92425625	     -0.57132846	     58.09749089	     -3.79875647	     -8.02296396	     94.38970328	      1.64741110	    -17.00029442	      0.04883466	     -7.49999987	     31.99292752	    -11.86030524	      3.45767043	     43.92688175	      0.76666872	    -27.65087068	     -0.46790280	     -8.91029062	    -31.70106059	    -23.53357832	     -7.80593549	     31.49803722	     96.62306378	     57.34775457	    -13.77205182	    381.48552221	     80.42384395	     92.09375241
      0.85833330	    -22.04753745	     -4.01419993	      0.39489010	     -1.61311067	      0.92199045	     -0.57056056	     60.88510716	     -3.34256928	     -7.24641016	     94.08045617	      1.64201372	    -16.85159311	     -0.54082743	     -7.49999987	     31.22814004	    -12.69108548	      2.02777088	     43.00840348	      0.75063825	    -26.77936238	     -0.28955972	     -9.00980018	    -34.40752763	    -24.78758522	     -8.41928933	     32.36276687	     95.62449318	     60.41930797	    -13.40059845	    381.30112680	     80.73708944	     91.48037886
      0.86250000	    -22.67796753	     -3.91779163	     -0.47343982	     -1.59590133	      0.92175877	     -0.56963028	     63.54350085	     -2.79175214	     -6.36292987	     93.63661254	      1.63426719	    -16.91116532	     -1.51370359	     -7.49999987	     30.24866460	    -13.35838529	      0.53284920	     41.87118825	      0.73079010	    -25.99544468	     -0.27646588	     -8.86283307	    -37.32491477	    -25.92420434	     -9.25461588	     33.34097696	     94.71982212	     63.26297778	    -13.03609546	    381.13440819	     81.15683300	     91.17012326
      0.86666670	    -23.24873434	     -3.67545300	     -1.04121253	     -1.57849233	      0.92001294	     -0.56884063	     66.05598188	     -2.53079002	     -5.59742592	     93.18551813	      1.62639411	    -16.19862786	     -2.49626206	     -7.49999987	     29.44970836	    -13.62376078	     -0.34730459	     40.97386413	      0.71512884	    -25.24086033	     -0.24372008	     -9.02306205	    -40.07131886	    -26.92124808	     -9.74068171	     34.07546595	     93.55917889	     65.80541448	    -13.01188456	    381.05368043	     82.01783390	     90.57800880
      0.87083330	    -23.77012730	     -3.87821791	     -2.27635627	     -1.56047351	      0.92062743	     -0.56813162	     68.24006591	     -1.57328356	     -5.21486808	     92.08366563	      1.60716315	    -16.81990457	     -3.73587894	     -7.49999987	     27.41920010	    -14.44873982	     -1.94267644	     38.37025902	      0.66968735	    -24.60602462	      0.04526683	     -8.29054598	    -42.50082439	    -27.94168556	    -10.47239577	     34.22675540	     92.78058430	     67.91440743	    -12.66476005	    380.63751518	     82.92154478	     91.39104898
      0.87500000	    -24.38634891	     -3.97359415	     -3.15305343	     -1.54253015	      0.91929192	     -0.56697344	     70.41771539	     -1.07817773	     -5.01543876	     90.87473083	      1.58606326	    -16.08845478	     -4.47491609	     -7.49999987	     26.06627919	    -14.99968126	     -3.00325732	     36.46717761	      0.63647232	    -23.79246363	      0.40577489	     -8.08618569	    -43.45331912	    -28.70252674	    -10.40438982	     33.32725225	     92.71732256	     69.46357177	    -12.88666800	    380.13946079	     84.52103763	     91.75466608
      0.87916670	    -25.02002887	     -3.77406154	     -3.88852339	     -1.52439792	      0.92108494	     -0.56537210	     72.40415049	     -0.60439473	     -4.71127889	     89.44920235	      1.56118309	    -15.52324615	     -6.40867363	     -7.49999987	     24.66832261	    -15.16533954	     -4.08420116	     34.10830457	      0.59530222	    -23.00726168	      0.37349439	     -7.72284240	    -45.25910923	    -29.70196412	     -8.13145783	     32.15374541	     87.23419395	     71.37942724	    -12.82022877	    380.35084762	     85.70198413	     90.20559018
      0.88333330	    -25.80516063	     -3.59035969	     -4.61668642	     -1.50603160	      0.91887058	     -0.56409390	     74.62077432	     -0.29307795	     -4.59676641	     88.28860031	      1.54092677	    -14.71642821	     -7.74794048	     -7.49999987	     23.63069306	    -15.27780852	     -4.87772772	     32.11862481	      0.56057575	    -22.04729764	      0.50966048	     -7.09545525	    -47.31462980	    -30.20324898	     -7.86781644	     30.57730290	     87.70243689	     72.96483588	    -12.58697719	    380.16764700	     87.50413601	     91.06824338
      0.88750000	    -26.65477727	     -3.56028699	     -5.27451824	     -1.48745340	      0.91957524	     -0.56266677	     76.51167546	      0.03099554	     -4.74552064	     86.56088121	      1.51077238	    -13.89184737	     -9.35937497	     -7.49999987	     22.68352966	    -15.47590708	     -5.56727580	     29.84598284	      0.52091067	    -20.99668333	      0.81116165	     -6.30709454	    -48.54781084	    -30.34190323	     -7.30468527	     28.30672210	     88.12051776	     74.45462705	    -12.23598092	    380.17946024	     89.03240843	     91.90654819
      0.89166670	    -27.45327480	     -3.59865226	     -6.16164336	     -1.46865632	      0.91906621	     -0.56129137	     78.18900401	      0.58167024	     -5.11593413	     84.68388889	      1.47801268	    -13.56026792	    -10.57538791	     -7.49999987	     21.14778150	    -15.74768779	     -6.59592563	     26.81758980	      0.46805524	    -19.89236398	      1.07182102	     -5.36153952	    -49.72920298	    -31.79927921	      1.93698313	     26.45291321	     73.10034455	     75.75668449	    -12.03432070	    380.49876617	     90.59966460	     90.24266228
      0.89583330	    -28.20186874	     -3.87135634	     -6.91285025	     -1.44983413	      0.91835022	     -0.55998730	     79.50769697	      0.98744247	     -5.72135623	     82.38044356	      1.43780998	    -13.22094822	    -11.59046592	     -7.49999987	     19.79516351	    -16.23186894	     -7.63687764	     23.99621427	      0.41881295	    -18.94887862	      1.75645260	     -4.24026988	    -51.12676672	    -32.05366418	      4.39755636	     24.78710229	     72.92404349	     76.94508230	    -11.70868125	    380.56197915	     92.39809904	     90.60400033
      0.90000000	    -28.70077913	     -4.33342101	     -7.70090032	     -1.43067197	      0.91870725	     -0.55938177	     80.40549538	      1.36346470	     -6.68739771	     80.12268169	      1.39840460	    -12.99667680	    -12.69960882	     -7.49999987	     17.80399722	    -16.67327900	     -8.44706350	     20.49988573	      0.35779050	    -18.03886709	      2.42197115	     -3.37657109	    -51.17389504	    -35.20108386	     27.10659868	     23.89324554	     45.27968569	     77.94835082	    -11.40860550	    380.92132691	     93.75837270	     89.80746902
      0.90416670	    -29.19784686	     -4.85530023	     -8.58021871	     -1.41103956	      0.91963225	     -0.55853996	     81.13744917	      1.85713474	     -7.64371156	     77.77531488	      1.35743532	    -12.99212890	    -13.09312923	     -7.49999987	     15.60366293	    -17.11371901	     -9.33372369	     16.67522197	      0.29103753	    -17.08759980	      3.14127354	     -2.73223008	    -49.78066677	    -37.93838424	     49.94432523	     23.55804443	     23.19763268	     78.63677994	    -11.40582181	    381.18699515	     95.44413459	     89.91108789
      0.90833330	    -29.59922890	     -5.21266571	     -9.36154082	     -1.39130558	      0.91999764	     -0.55741173	     81.87440993	      2.18913252	     -8.45982306	     75.66810429	      1.32065756	    -12.66161187	    -13.76005959	     -7.49999987	     13.52947134	    -17.33814811	    -10.01887744	     13.15937274	      0.22967438	    -16.23328350	      3.75298471	     -2.26458334	    -47.68707446	    -39.48406518	     71.36582358	     22.63439862	      8.75014225	     79.12016882	    -11.62263495	    381.41096883	     97.40716431	     90.03793129
      0.91250000	    -29.73809168	     -5.62232021	    -10.01750046	     -1.37155046	      0.92096376	     -0.55649101	     82.03927626	      2.42870583	     -9.39279634	     73.26751898	      1.27875944	    -12.05076678	    -14.06488104	     -7.49999987	     11.36518490	    -17.56521663	    -10.70464201	      9.87364237	      0.17232757	    -15.85592253	      4.63719752	     -1.44775261	    -48.46849122	    -39.90740120	     73.75104442	     23.00305830	      7.51928258	     79.56654653	    -11.72399981	    381.61688954	     99.25852079	     90.36938000
      0.91666670	    -30.07041356	     -5.84058254	    -10.64914947	     -1.35152862	      0.92060422	     -0.55556167	     82.53837020	      2.56987586	    -10.18710875	     71.30678998	      1.24453826	    -11.41926105	    -14.12251489	     -7.49999987	      9.39647294	    -17.53249388	    -10.82893905	      6.61057960	      0.11537638	    -15.19435199	      5.27610221	     -0.95328092	    -46.34542459	    -40.04096117	     91.53753842	     21.25805395	      4.44988150	     79.70890804	    -12.07129028	    381.98474736	    101.39687136	     88.94915203
      0.92083330	    -30.06122179	     -6.23922932	    -11.14832123	     -1.33148002	      0.92044513	     -0.55484366	     82.61744419	      2.55903211	    -11.16731825	     69.47587077	      1.21258270	    -10.51846090	    -13.92678282	     -7.49999987	      7.31615537	    -17.65553927	    -10.98937077	      3.81305370	      0.06655034	    -15.08151888	      6.15069225	     -0.07352682	    -46.98266778	    -40.18765671	     93.18594165	     21.46437320	      3.58385685	     79.81730263	    -12.08512642	    382.37116393	    103.31291972	     89.58370823
      0.92500000	    -30.20771461	     -6.55860053	    -11.48437004	     -1.31167304	      0.92091155	     -0.55405219	     82.55127082	      2.52086307	    -12.02452313	     67.13762895	      1.17177268	    -10.23936577	    -13.89419289	     -7.49999987	      5.83725524	    -17.76025874	    -10.92263289	      1.69404937	      0.02956674	    -14.87476793	      7.07833558	      0.85368982	    -46.95032901	    -39.76374889	     94.63390722	     21.15546392	      3.14828964	     79.31686773	    -12.18208505	    382.60490222	    105.41239283	     90.05820969
      0.92916670	    -30.53361360	     -6.99529849	    -11.61032267	     -1.29173239	      0.92094587	     -0.55337745	     82.56988879	      2.30686914	    -13.02683838	     65.19058874	      1.13779041	     -9.51542852	    -12.46573721	     -7.49999987	      5.02401815	    -18.06777849	    -10.65526368	      0.56015783	      0.00977660	    -14.31705372	      8.00408020	      0.86735823	    -44.73267037	    -39.96301137	    106.68089603	     20.93953128	      2.82479747	     78.48096709	    -12.94331926	    383.43989729	    107.44393062	     90.01919893
      0.93333330	    -30.57541154	     -7.24313292	    -11.49826942	     -1.27190532	      0.92085205	     -0.55257676	     82.23991133	      1.90421003	    -13.74122919	     63.00120368	      1.09957844	     -9.40397447	    -12.38274279	     -7.49999987	      4.54942856	    -18.21124490	    -10.36771169	      0.35322209	      0.00616489	    -14.21666378	      8.86595105	      1.26525564	    -44.78505991	    -39.40555095	    106.49971138	     20.29716451	      2.55839487	     77.54591862	    -13.48805367	    384.09637362	    109.50004401	     90.27275590
      0.93750000	    -31.04451684	     -7.76553406	    -11.34252565	     -1.25240285	      0.92161658	     -0.55206716	     82.16152106	      1.54313308	    -14.72537705	     61.04659128	      1.06546402	     -9.32726231	    -11.15960427	     -7.49999987	      4.46930554	    -18.70064161	     -9.08869513	      0.23443519	      0.00409167	    -13.62262501	     10.21157336	      1.72894315	    -44.46493376	    -38.75459203	    107.09733808	     19.42707845	      2.50108654	     76.01828744	    -13.92169789	    384.58382966	    111.27618034	     90.73086222
      0.94166670	    -30.86022857	     -7.79699341	    -11.26954323	     -1.23214162	      0.92002780	     -0.55108316	     81.56431220	      1.14410978	    -15.06332309	     59.31381517	      1.03522137	     -9.23228805	    -10.72394180	     -7.49999987	      3.78869688	    -18.53113933	     -8.55510553	      0.21322193	      0.00372142	    -13.66908489	     10.92626915	      2.16425430	    -44.13604861	    -37.92386747	    107.35545617	     18.38444983	      2.32997144	     74.44622021	    -14.80292878	    385.28249970	    113.16871663	     91.02183254
      0.94583330	    -30.48525500	     -7.59694257	    -10.91344349	     -1.21147268	      0.91969536	     -0.55053321	     80.48010405	      0.47715786	    -15.38321902	     57.30527937	      1.00016580	     -8.61113653	    -10.41710273	     -7.49999987	      3.20104442	    -18.09668391	     -7.89548771	      0.24051376	      0.00419776	    -13.61930313	     11.47381030	      2.27063828	    -44.14956911	    -36.69255501	    107.17784662	     16.25698124	      2.18346763	     72.41417065	    -15.77199719	    385.73879171	    114.71184861	     91.42697225
      0.95000000	    -30.54001588	     -7.59394271	    -10.87565933	     -1.19121866	      0.91946160	     -0.54973391	     79.91199182	      0.22159403	    -15.46404070	     56.30267518	      0.98266706	     -7.86044057	     -9.23995374	     -7.49999987	      2.73940061	    -17.91777721	     -6.45994814	      0.25001641	      0.00436361	    -13.40231501	     12.33976963	      2.87690783	    -45.37129689	    -35.08070607	     94.36451081	     13.60134768	      2.38325444	     70.02521687	    -16.56921587	    386.00572294	    116.05484145	     94.27756625
      0.95416670	    -30.27813181	     -7.15301812	    -10.77893017	     -1.17050091	      0.91838180	     -0.54820774	     79.26029392	     -0.31776044	    -14.99144012	     55.39465929	      0.96681919	     -7.24437692	     -8.20600452	     -7.49999987	      2.05319609	    -17.20075587	     -5.21699027	      0.31130982	      0.00543338	    -13.40954577	     12.68514112	      2.97098314	    -45.74116913	    -33.44248317	     79.08357215	     11.61115626	      3.23517955	     67.19538416	    -18.10597875	    386.35821769	    117.64230278	     93.65900563
      0.95833330	    -30.36431391	     -6.04398032	    -10.35069339	     -1.14889475	      0.91730353	     -0.54598185	     78.70053991	     -1.26061791	    -14.23606283	     54.03225030	      0.94304067	     -6.42210509	     -7.74643661	     -7.49999987	      2.24812254	    -15.91033031	     -3.91476705	      0.80997083	      0.01413666	    -11.99655804	     12.17967163	      0.72397832	    -41.26250536	    -27.74023986	    -76.15981034	      4.72069811	    115.36974378	     62.74843237	    -21.08645049	    386.21204871	    118.85171761	     94.49398840
      0.96250000	    -29.94831046	     -5.39671058	    -10.16935094	     -1.12792121	      0.91608753	     -0.54500701	     77.55386261	     -1.95704157	    -13.75567615	     53.34397410	      0.93102798	     -6.05816331	     -7.35127667	     -7.49999987	      2.12943130	    -14.98330483	     -2.65353401	      2.13546802	      0.03727095	    -11.85082135	     12.23570179	      0.43346191	    -41.14639357	    -26.62165807	    -66.48736694	      8.12729897	    114.97895611	     59.09526631	    -22.53479468	    386.11359508	    119.39561836	     96.05899273
      0.96666670	    -29.59610908	     -4.55422417	     -9.59569688	     -1.10776775	      0.91582518	     -0.54431344	     76.52998815	     -3.08773193	    -12.93310370	     52.61477780	      0.91830111	     -5.62157232	     -7.07726939	     -7.49999987	      3.29649533	    -13.87098523	     -0.53112420	      5.50569812	      0.09609256	    -11.85278756	     12.24173099	      0.11070112	    -42.61010414	    -25.27778787	    -46.30655929	     14.05833304	     98.90918469	     55.59196851	    -23.74679115	    386.26125140	    119.46992740	     96.00157669
      0.97083330	    -29.18438795	     -3.91087314	     -8.56706433	     -1.08756654	      0.91528851	     -0.54436795	     74.90517877	     -4.61452267	    -12.66804192	     51.27149658	      0.89485643	     -6.01255264	     -7.31743223	     -7.49999987	      5.13963813	    -12.91775334	      0.81398275	     10.12143524	      0.17665237	    -11.66583391	     12.35845575	     -0.85539272	    -42.78101001	    -24.65273742	    -39.26989089	     18.88823697	     95.29435731	     51.87573994	    -24.83463619	    386.49471198	    118.88069152	     95.80294924
      0.97500000	    -28.74799663	     -3.23494934	     -7.83101306	     -1.06764193	      0.91441203	     -0.54416714	     73.35437171	     -5.82954056	    -12.12143996	     50.55005308	      0.88226486	     -6.19156167	     -7.99599185	     -7.49999987	      7.31730951	    -11.84692053	      1.86562863	     15.71845138	      0.27433873	    -11.56659687	     12.30140139	     -1.58166278	    -43.11636027	    -24.84437307	    -30.14729954	     23.69150903	     85.30980331	     48.09337305	    -25.69174011	    386.48666835	    117.94166945	     96.69086791
      0.97916670	    -28.10114976	     -2.73226308	     -6.94677780	     -1.04799086	      0.91320101	     -0.54423095	     71.50515984	     -7.13798535	    -11.65939448	     49.84484343	      0.86995663	     -6.74730870	     -8.48227283	     -7.49999987	      9.24080703	    -10.89931184	      2.60178742	     21.38605696	      0.37325711	    -11.77484652	     12.48239938	     -2.22333896	    -42.52361150	    -24.65519004	    -25.66703932	     28.60336429	     74.19447119	     44.44465378	    -26.27990011	    386.41864079	    116.66158636	     96.93090258
      0.98333330	    -27.62566558	     -2.22004892	     -6.34136771	     -1.02860616	      0.91229241	     -0.54351602	     69.89805061	     -8.15449621	    -11.02809547	     49.49244263	      0.86380608	     -7.61752511	     -9.25457006	     -7.49999987	     11.05880505	     -9.95570078	      2.97279739	     26.82745067	      0.46822734	    -11.72892683	     12.44765668	     -3.04108342	    -41.05222463	    -24.77868474	    -23.57278957	     32.53229531	     73.81298882	     40.53209430	    -26.90700542	    386.20352952	    115.12275213	     95.80307130
      0.98750000	    -26.98106662	     -1.61197623	     -5.76011757	     -1.00953830	      0.91075940	     -0.54278664	     68.25692277	     -9.28162795	    -10.31226812	     49.38793385	      0.86198206	     -7.80735128	     -9.46504093	     -7.49999987	     12.55240210	     -8.84794731	      3.33172063	     32.17449528	      0.56155088	    -12.01552344	     12.19752712	     -3.45605769	    -40.21576985	    -24.54440611	    -23.20856655	     36.51016968	     73.49265067	     37.16151806	    -27.09934419	    386.31908504	    113.09264211	     94.33604177
      0.99166670	    -26.60210640	     -1.12681795	     -5.38838296	     -0.99071511	      0.90882411	     -0.54170542	     66.74218153	    -10.08962454	     -9.56669692	     49.06234480	      0.85629946	     -8.56435176	    -10.17149042	     -7.49999987	     14.15236599	     -8.03787093	      3.17497788	     37.40186690	      0.65278572	    -12.00217550	     12.03474323	     -3.81707875	    -39.01776149	    -24.44752684	    -22.85451533	     40.19499359	     76.02053442	     33.48510641	    -27.10841350	    385.81438816	    110.79748838	     97.49758707
      0.99583330	    -25.89337251	     -0.83974107	     -4.99333322	     -0.97178142	      0.90968470	     -0.54059213	     64.52399888	    -10.83666415	     -9.19562090	     48.43077913	      0.84527656	     -9.24489343	    -10.83158878	     -7.49999987	     15.46729462	     -7.44345355	      2.97205799	     42.57984146	      0.74315843	    -12.44807505	     12.00777089	     -4.26216020	    -37.25893623	    -24.57239077	    -21.43657826	     43.71282821	     76.91480841	     29.99202460	    -27.08171854	    385.51281425	    108.07621152	     96.74475834
      1.00000000	    -25.14535235	     -0.55746099	     -4.98480463	     -0.95350187	      0.90798604	     -0.53929813	     62.42437802	    -11.16139088	     -8.56781428	     48.35768911	      0.84400089	     -8.92237608	    -11.88662880	     -7.49999987	     16.29772886	     -6.75331153	      2.78181667	     47.32169590	      0.82591940	    -13.03895444	     11.83478348	     -4.55206840	    -35.09889980	    -25.04782777	    -19.15883931	     46.90098743	     78.25239364	     26.54221690	    -27.11689975	    384.92734657	    105.30129050	     96.78147478
      1.00416670	    -24.23450092	     -0.19296137	     -4.82968490	     -0.93495303	      0.90664327	     -0.53790800	     60.24363022	    -11.80292780	     -8.12615344	     47.95253171	      0.83692956	     -8.65471881	    -11.57244239	     -7.49999987	     17.25041185	     -6.19866437	      2.26255332	     52.36697310	      0.91397610	    -13.88321401	     11.65192386	     -4.99839994	    -32.61862471	    -25.32823738	    -17.10090924	     49.60499075	     81.34210585	     23.05455385	    -27.16385484	    383.93442663	    102.59209391	     98.97964573
      1.00833330	    -23.35684110	     -0.20947697	     -5.09895339	     -0.91656184	      0.90549447	     -0.53642419	     57.77852778	    -11.75023883	     -7.90945873	     47.65866593	      0.83180064	     -7.86373210	    -12.56873085	     -7.49999987	     17.95389243	     -5.93720101	      1.85836316	     57.01148883	      0.99503819	    -14.77278863	     11.72155897	     -4.95513020	    -29.82078765	    -25.89279888	    -14.24030933	     51.62230750	     82.62658587	     19.80574138	    -26.96268254	    383.09215165	     99.51318586	     99.04145836
      1.01250000	    -22.25595641	     -0.08711019	     -5.27940969	     -0.89779071	      0.90552212	     -0.53472108	     55.16983882	    -11.90632910	     -7.70266564	     47.36838181	      0.82673422	     -6.99968831	    -12.88680233	     -7.49999987	     18.47623732	     -5.57796809	      1.40299950	     61.45491625	      1.07259063	    -16.04769713	     11.66407508	     -5.00623426	    -26.51856905	    -26.20214938	    -11.30501764	     52.92301055	     83.94042064	     16.63468501	    -26.74097397	    382.06277806	     96.25608182	     99.24613842
      1.01666670	    -21.06069551	     -0.11181421	     -5.53613932	     -0.87904815	      0.90535187	     -0.53295737	     52.45360277	    -11.85973503	     -7.56251143	     47.19728952	      0.82374810	     -5.38316761	    -13.21973460	     -7.49999987	     18.91753882	     -5.37650130	      0.99636047	     65.80822237	      1.14857016	    -17.45817464	     11.63840119	     -4.25052604	    -23.73404026	    -26.13099587	     -9.02791640	     53.90317917	     84.02707808	     14.58680153	    -26.24305804	    382.28593360	     92.09259777	     98.07778218
      1.02083330	    -19.74468125	     -0.24807867	     -5.92614161	     -0.85978129	      0.90784234	     -0.53076849	     49.36777620	    -11.62695246	     -7.49308609	     46.82877307	      0.81731627	     -4.36414764	    -13.55496563	     -7.49999987	     18.99235386	     -5.25582410	      0.60479337	     69.43799778	      1.21192169	    -19.18634248	     11.64724813	     -4.15093951	    -19.62417409	    -26.26980219	     -5.74514269	     53.81952076	     86.79916361	     11.55595072	    -25.72020323	    380.60134927	     88.33509398	     99.79316688
      1.02500000	    -18.43354649	     -0.36226228	     -6.44238915	     -0.84081991	      0.90809806	     -0.52842211	     46.59419254	    -11.33322731	     -7.29466909	     46.90465875	      0.81864073	     -2.30060840	    -13.95935697	     -7.49999987	     19.12122140	     -5.17579434	      0.11324439	     73.10579418	      1.27593681	    -20.97159122	     11.50029902	     -2.91430234	    -16.58341215	    -25.89045168	     -3.71098930	     53.94573979	     86.70874906	      9.89995873	    -25.08752259	    380.77444348	     83.77793795	     98.49955500
      1.02916670	    -16.71961100	     -0.56339842	     -6.88679541	     -0.82161613	      0.91044580	     -0.52590913	     43.23354531	    -11.08102646	     -7.18240277	     46.77331117	      0.81634828	     -0.51973596	    -13.85588326	     -7.49999987	     18.76273312	     -5.12939796	     -0.24694003	     76.28612441	      1.33144404	    -23.32409980	     11.28239286	     -2.35354727	    -12.58508110	    -25.63760249	     -0.71014442	     53.47971123	     88.67363697	      7.67314437	    -24.54280627	    379.57536838	     79.65665259	     98.60354833
      1.03333330	    -15.32362505	     -0.57077873	     -7.39005250	     -0.80251876	      0.91175619	     -0.52322383	     40.36568166	    -10.92825532	     -6.86413849	     46.81817802	      0.81713136	      1.40716236	    -14.25379348	     -7.49999987	     18.83548263	     -4.96119709	     -0.68303267	     79.36357738	      1.38515573	    -25.22446884	     10.76285229	     -0.96260386	     -9.55608856	    -24.99104972	      1.03477148	     53.14149879	     88.71347126	      6.51838545	    -23.95610094	    379.81510017	     74.75166120	     97.67810058
      1.03750000	    -13.35445484	     -0.78509073	     -7.80709990	     -0.78299712	      0.91518882	     -0.52040162	     36.64472298	    -10.76938331	     -6.85723518	     46.48619739	      0.81133720	      3.15745998	    -13.95638027	     -7.49999987	     18.28826777	     -5.07039208	     -1.09601324	     82.05520553	      1.43213350	    -27.84703707	     10.31697698	      0.17755175	     -6.08394764	    -24.50812270	      3.38057915	     52.70471180	     89.51441100	      5.36399680	    -23.64230473	    379.91325858	     70.09847748	     96.83432256
      1.04166670	    -11.58286165	     -0.84759729	     -8.18396214	     -0.76350881	      0.91545753	     -0.51783186	     33.36260138	    -10.84702634	     -6.79968803	     46.56964683	      0.81279367	      5.41993266	    -13.42970878	     -7.49999987	     18.11084102	     -5.06918645	     -1.45194548	     84.91272271	      1.48200659	    -30.14083322	      9.70341660	      1.05033412	     -2.81664995	    -23.95810766	      5.37583736	     52.64788316	     91.97672624	      3.73247358	    -23.43636097	    379.24958532	     66.08601334	     95.33719519
      1.04583330	    -10.31731727	     -0.82406437	     -8.63337834	     -0.74413440	      0.91464357	     -0.51518312	     30.85842697	    -10.92120723	     -6.56228023	     46.98530935	      0.82004835	      7.12992325	    -13.92464154	     -7.49999987	     18.63238577	     -5.15203772	     -1.87069273	     87.73662274	      1.53129294	    -31.78171486	      8.96968592	      2.51131649	     -0.41207404	    -23.43729425	      6.59901014	     53.21119180	     92.03650955	      2.61669027	    -23.32195828	    379.35653660	     61.89119502	     94.49203434
      1.05000000	     -9.04218468	     -0.89018011	     -8.98557860	     -0.72458927	      0.91495701	     -0.51256439	     28.23410172	    -11.01827944	     -6.48900857	     47.25408198	      0.82473932	      8.64487811	    -13.84602069	     -7.49999987	     19.18972033	     -5.42302425	     -2.17032394	     90.28384600	      1.57575037	    -33.43259089	      8.31243385	      3.83169637	      2.11587146	    -23.02879633	      7.97324501	     54.00763342	     92.42276214	      1.41065423	    -23.39894723	    379.33000118	     58.06271178	     93.43997878
      1.05416670	     -8.04219265	     -0.78796771	     -9.24596662	     -0.70542086	      0.91576631	     -0.50995195	     26.03953974	    -11.29606688	     -6.35392612	     47.71082055	      0.83271091	      9.69574056	    -13.70018268	     -7.49999987	     20.21327345	     -5.55134086	     -2.36966606	     92.66682055	      1.61734113	    -34.82244004	      7.48750527	      5.01901533	      4.53825626	    -22.43626820	      8.74340702	     55.12110185	     92.43965395	      0.15850878	    -23.71956277	    379.08931165	     54.75429542	     92.38702006
      1.05833330	     -7.16096176	     -0.77540350	     -9.42741533	     -0.68603053	      0.91543929	     -0.50751813	     23.79166232	    -11.58033878	     -6.52560535	     47.92641457	      0.83647373	     11.09930331	    -13.52762834	     -7.49999987	     21.28171624	     -5.85881456	     -2.50099943	     94.80387045	      1.65463968	    -35.97914029	      6.82092629	      6.14947743	      7.00068346	    -22.05787636	      9.88826282	     56.49550328	     92.98523111	     -1.14388768	    -24.08672775	    378.65034410	     51.37786926	     91.18139058
      1.06250000	     -6.62380100	     -0.72635022	     -9.43917566	     -0.66716385	      0.91338403	     -0.50542855	     22.00316993	    -11.99500606	     -6.82075197	     48.39274952	      0.84461281	     12.86357337	    -12.08623425	     -7.49999987	     22.94224789	     -6.13507394	     -2.36877509	     97.08737163	      1.69449430	    -36.74157208	      6.27259307	      6.70859876	      9.81066365	    -21.54116871	     10.67089158	     57.91045772	     99.13357271	     -3.19460121	    -24.88410627	    377.77753467	     49.14157847	     86.16799133
      1.06666670	     -6.31911971	     -0.37830503	     -9.64034703	     -0.64849140	      0.91481516	     -0.50271384	     20.50927207	    -12.49270218	     -6.66624382	     48.48899727	      0.84629265	     13.00793362	    -11.67701169	     -7.49999987	     24.93523463	     -6.27025902	     -2.53713781	     98.88909888	      1.72594037	    -37.27538227	      5.26166310	      7.79517001	     12.08209658	    -20.93922508	     10.69901048	     59.70470477	     98.05407115	     -4.65938616	    -25.96516339	    377.45826620	     47.16511489	     85.41344031
      1.07083330	     -6.20838221	     -0.22141397	     -9.47990331	     -0.62982105	      0.91539241	     -0.50069342	     18.92896901	    -12.94108222	     -7.09744854	     48.26867617	      0.84244732	     13.55183944	    -11.06708480	     -7.49999987	     27.21610397	     -6.48067444	     -2.24923672	    100.51157987	      1.75425801	    -37.63506496	      4.72660746	      8.55334281	     14.54852620	    -20.80027239	     11.59428915	     62.18182015	     98.34899910	     -6.01262810	    -26.76065828	    376.38601109	     44.39039345	     84.31932535
      1.07500000	     -6.30330864	      0.22515910	     -9.48679688	     -0.61166247	      0.91373771	     -0.49841506	     17.80446171	    -13.61215955	     -7.21480461	     48.22209981	      0.84163441	     13.86183599	     -9.65533549	     -7.49999987	     29.90414118	     -6.55803099	     -2.17267481	    102.32917826	      1.78598108	    -37.72008424	      3.83677611	      8.80164914	     17.34042494	    -20.05062487	     11.87704351	     64.41889317	    101.65179972	     -8.48640300	    -28.00654635	    374.50184350	     43.33014797	     82.27952545
      1.07916670	     -6.60432293	      0.72988991	     -9.52918924	     -0.59338697	      0.91284601	     -0.49624997	     16.88278230	    -14.30747359	     -7.25105798	     48.07158098	      0.83900736	     13.79962893	     -9.02410652	     -7.49999987	     32.90761940	     -6.54657425	     -2.13013375	    103.95786456	      1.81440702	    -37.60114491	      2.88327692	      9.61233470	     19.55984682	    -19.78080674	     11.87378302	     67.40096854	    100.95314256	    -10.23080957	    -29.40898004	    373.65355340	     41.93067589	     81.36674699
      1.08333330	     -7.16345955	      1.28345997	     -9.73591125	     -0.57505204	      0.91128882	     -0.49396362	     16.29385100	    -14.99254581	     -7.12933434	     47.91584252	      0.83628922	     14.21270210	     -7.73060842	     -7.49999987	     36.18160499	     -6.62219307	     -2.23994445	    105.45137670	      1.84047372	    -37.16269778	      1.84138624	     10.17067589	     22.00333941	    -19.19520419	     11.69361097	     70.23102484	    102.33996663	    -12.70517839	    -30.79000081	    371.88038000	     41.15075504	     80.18474201
      1.08750000	     -7.55111922	      1.95907669	     -9.96674006	     -0.55636973	      0.91030547	     -0.49169564	     15.53781396	    -15.86512928	     -6.97049389	     47.67314378	      0.83205332	     13.93343861	     -6.96841277	     -7.49999987	     39.29367505	     -6.51900958	     -2.46750414	    106.71265090	      1.86248711	    -36.87616235	      0.66015046	     10.78564814	     24.35745743	    -18.89667034	     11.80833393	     73.49700931	    101.26123894	    -14.96546937	    -32.46076753	    371.13363050	     40.32093328	     79.42358138
      1.09166670	     -8.26845046	      2.88571660	    -10.24654362	     -0.53760816	      0.90911200	     -0.48942589	     15.16029240	    -16.98954819	     -6.71419043	     47.31487707	      0.82580039	     14.33475173	     -5.08315535	     -7.49999987	     42.97752372	     -6.25159824	     -2.80136581	    107.95735828	      1.88421135	    -36.13348741	     -0.76976092	     10.91303968	     26.96878603	    -18.11177796	     11.65069125	     76.25354422	    103.82577020	    -18.11585245	    -33.86311270	    368.68023188	     40.14471541	     78.17427045
      1.09583330	     -9.00708434	      3.89648753	    -10.48308385	     -0.51838712	      0.90945614	     -0.48705889	     14.68538109	    -18.17905503	     -6.53605530	     46.63375714	      0.81391260	     13.65658133	     -3.75022770	     -7.49999987	     46.75887494	     -5.91170851	     -3.18663131	    108.96577838	      1.90181160	    -35.33396555	     -2.27991909	     11.24011310	     29.29595678	    -17.58181385	     11.50161816	     79.19705451	    102.68725106	    -20.71786026	    -35.47946183	    367.56296311	     39.51246700	     77.30256407
      1.10000000	     -9.67809686	      5.00870756	    -10.79377359	     -0.49897110	      0.90867992	     -0.48460851	     14.02791960	    -19.46162786	     -6.30107259	     45.75986193	      0.79866026	     13.38542753	     -2.00558760	     -7.49999987	     50.48417656	     -5.57647597	     -3.73606688	    109.91579730	      1.91839256	    -34.50310562	     -3.93655469	     11.04311067	     31.99272923	    -16.61567382	     11.57855314	     81.61087025	    103.92344378	    -24.26314096	    -36.79282616	    365.24497495	     39.35737780	     75.66839152
      1.10416670	    -10.29543810	      6.02949513	    -11.01767422	     -0.47876536	      0.90940811	     -0.48227131	     13.13294365	    -20.68077442	     -6.29591818	     44.44950697	      0.77579025	     12.73739407	     -0.19571457	     -7.49999987	     53.82850555	     -5.33540912	     -4.32433173	    110.39417532	      1.92674183	    -33.59919701	     -5.46208317	     10.92654278	     34.47280814	    -15.67946047	     11.55982775	     83.61767261	    103.30605942	    -27.55796115	    -38.08133481	    363.78390423	     38.97605403	     74.41112558
      1.10833330	    -10.62455456	      7.00811484	    -11.07915030	     -0.45841465	      0.90931798	     -0.48014837	     11.78383410	    -21.96602934	     -6.68431596	     43.05939317	      0.75152818	     11.93939717	      1.82498767	     -7.49999987	     57.01283239	     -4.96868524	     -4.80824946	    110.95967831	      1.93661172	    -32.97851683	     -6.86564128	     10.50042093	     37.10880487	    -14.63938973	     11.68379590	     85.38916859	    103.09934462	    -31.19279516	    -39.22015319	    362.11706178	     38.85922633	     72.78240989
      1.11250000	    -10.96165841	      7.86404486	    -11.21365289	     -0.43776444	      0.90887969	     -0.47808207	     10.47058794	    -23.10958335	     -7.02966610	     41.72409906	      0.72822291	     10.86626545	      3.61545272	     -7.49999987	     60.12203099	     -4.85790985	     -5.32119977	    111.43703305	      1.94494314	    -32.30830739	     -8.21979004	     10.07528682	     39.71462827	    -13.67415021	     11.90014419	     86.84775158	    103.54490909	    -35.02224498	    -40.10072181	    360.61054495	     38.93776728	     68.64223287
      1.11666670	    -11.44081306	      8.57608846	    -11.28584235	     -0.41648958	      0.90829729	     -0.47638178	      9.14463911	    -24.13522794	     -7.46144060	     40.42568340	      0.70556128	      9.99305330	      5.43164381	     -7.49999987	     63.01811763	     -4.82704473	     -5.79921761	    111.58185520	      1.94747076	    -31.32846647	     -9.34893673	      9.85388026	     42.03048501	    -12.90434776	     12.01283184	     88.33969046	    102.91605066	    -38.76904852	    -40.81644276	    359.09039804	     38.97772997	     67.19187877
      1.12083330	    -12.03464426	      9.03381895	    -11.39935159	     -0.39487226	      0.90801266	     -0.47470585	      7.74337666	    -24.74660556	     -7.88130227	     38.65563254	      0.67466806	      8.00734644	      6.97536495	     -7.49999987	     65.73394383	     -5.17188143	     -6.19751379	    111.46250600	      1.94538772	    -30.10359152	    -10.21920798	      9.90829488	     44.28065342	    -12.47738379	     12.24825283	     89.87565468	    102.08302623	    -42.34167226	    -41.59084461	    358.59050039	     38.74462569	     66.61330770
      1.12500000	    -12.18912635	      9.60922063	    -11.27171865	     -0.37311237	      0.90667498	     -0.47340202	      5.64833964	    -25.71595073	     -9.03110422	     36.90206520	      0.64406254	      6.87428110	      9.66558833	     -7.49999987	     68.23992646	     -5.15942150	     -6.59952929	    111.58552669	      1.94753484	    -29.36725228	    -11.21088312	      9.02166717	     46.90236613	    -11.58659713	     12.78280055	     91.01021543	    102.07481386	    -47.43676354	    -41.34224064	    355.11342125	     40.16680742	     61.03191079
      1.12916670	    -12.84369032	     10.16413663	    -11.27857400	     -0.35097274	      0.90582290	     -0.47196390	      4.03793774	    -26.27426369	     -9.61664600	     34.76098939	      0.60669372	      4.93745855	     11.11288773	     -7.49999987	     70.72970798	     -5.33382709	     -7.08735106	    111.18426014	      1.94053142	    -27.89027256	    -12.05718307	      9.10320943	     48.84373356	    -11.32793544	     12.99366207	     92.21008155	    101.66777588	    -51.18013683	    -41.83169296	    354.26756881	     40.63316723	     60.41117049
      1.13333330	    -13.22073282	     10.69775168	    -11.11640900	     -0.32909185	      0.90428106	     -0.47065797	      1.97970450	    -26.74162303	    -10.40256549	     32.32404572	      0.56416103	      2.72332187	     12.58747216	     -7.49999987	     72.75587916	     -5.35316328	     -7.59089529	    110.63655011	      1.93097207	    -26.77032548	    -12.94588781	      8.62008214	     51.08137155	    -10.97838479	     13.52059787	     93.20099632	    101.56604439	    -55.59924800	    -41.33101291	    350.72268367	     41.81010661	     58.31061206
      1.13750000	    -13.81161768	     11.16006038	    -10.90254517	     -0.30746943	      0.90292580	     -0.46943933	      0.21033733	    -27.05815759	    -10.96783919	     29.97550714	      0.52317129	      0.07214781	     13.67158149	     -7.49999987	     74.90940339	     -5.42548098	     -7.99000429	    109.95319173	      1.91904522	    -25.38237250	    -13.70345440	      8.45532525	     53.11325002	    -10.98204737	     14.03680737	     94.45392847	    101.41720758	    -59.48231486	    -41.10900518	    348.29217250	     42.84751839	     56.69036133
      1.14166670	    -14.37457822	     11.52010980	    -10.65752240	     -0.28608525	      0.90363046	     -0.46843502	     -1.48392090	    -27.31092033	    -11.62090736	     27.70719117	      0.48358171	     -2.71330454	     14.95888879	     -7.49999987	     76.96653340	     -5.50152860	     -8.30201120	    109.04934299	      1.90327008	    -24.24435015	    -14.35500685	      8.31710015	     55.01510846	    -11.18954862	     14.64251906	     95.74071147	    101.27074269	    -62.50950631	    -40.63476431	    346.01819197	     43.35955624	     55.66276298
      1.14583330	    -14.93838556	     11.96866737	    -10.40077594	     -0.26513462	      0.90252194	     -0.46714014	     -3.02934123	    -27.36262008	    -11.85247492	     25.38961128	      0.44313231	     -5.48598030	     15.34654720	     -7.49999987	     78.73167866	     -5.54837790	     -8.70547851	    107.97518507	      1.88452249	    -22.96723022	    -15.11910124	      8.21698239	     56.83516846	    -11.49582051	     15.37516305	     97.07740089	    101.06593135	    -65.82572233	    -40.24653220	    343.45970144	     44.23780796	     54.99048973
      1.15000000	    -15.47523350	     12.28698124	    -10.11715126	     -0.24462575	      0.90166082	     -0.46614735	     -4.46060313	    -27.37042634	    -12.18360622	     23.37381500	      0.40795003	     -7.57332475	     15.42242881	     -7.49999987	     80.47213889	     -5.63352030	     -9.01071120	    106.87297654	      1.86528532	    -21.94989327	    -15.77088758	      8.01592591	     58.59211598	    -11.93679883	     16.29862484	     98.57020337	    100.74804109	    -68.60345028	    -39.38334486	    340.36208151	     45.01355513	     54.64677165
      1.15416670	    -16.04181642	     12.65624392	     -9.81720409	     -0.22441665	      0.90100006	     -0.46499633	     -5.73347700	    -27.27485128	    -12.63474694	     21.22051925	      0.37036793	     -9.58804427	     15.13460506	     -7.49999987	     82.22055197	     -5.73822386	     -9.30251742	    105.73650456	      1.84545014	    -20.95517315	    -16.52686560	      7.83751691	     60.16718557	    -12.46725359	     16.99759171	    100.54505634	    100.42926206	    -70.78574007	    -38.66245409	    337.69673704	     45.44537080	     54.80051242
      1.15833330	    -16.67246598	     12.93970370	     -9.43888640	     -0.20427884	      0.90124578	     -0.46399783	     -6.76552372	    -27.15872770	    -13.02682454	     19.39716842	      0.33854445	    -11.71991952	     15.09113515	     -7.49999987	     83.87380788	     -5.82760212	     -9.51176618	    104.41267604	      1.82234498	    -20.00673609	    -17.11532380	      7.74451979	     61.46298502	    -13.15351545	     17.63331989	    102.79646143	    100.26548192	    -72.25989204	    -38.22987476	    335.94308420	     45.62321117	     54.96256782
      1.16250000	    -17.12201297	     13.18499590	     -9.14680801	     -0.18449111	      0.90165262	     -0.46284813	     -7.78149419	    -26.98078911	    -13.19437996	     17.69965888	      0.30891732	    -13.47468103	     14.63170406	     -7.49999987	     85.24854707	     -6.01314759	     -9.73332332	    103.05013412	      1.79856414	    -19.36802889	    -17.82957111	      7.47402570	     62.60751805	    -13.79608000	     18.23643862	    104.87098773	     98.84651448	    -73.68532149	    -37.14600447	    332.38124856	     46.30808281	     60.31049098
      1.16666670	    -17.56868140	     13.40232806	     -8.87493624	     -0.16465975	      0.90187561	     -0.46170368	     -8.57345942	    -26.76965689	    -13.22908102	     16.41522683	      0.28649976	    -14.78329129	     13.78903233	     -7.49999987	     86.36994189	     -6.22121756	     -9.95660185	    101.53763049	      1.77216597	    -18.70871002	    -18.47639650	      7.36983627	     63.41000015	    -14.60019423	     18.70741257	    107.03833695	     97.82538351	    -74.91645325	    -36.70300061	    330.84862863	     47.30828280	     61.19365203
      1.17083330	    -18.03309344	     13.64552189	     -8.57443607	     -0.14483679	      0.90232778	     -0.46045079	     -9.09871189	    -26.52492187	    -12.82280650	     15.45421119	      0.26972687	    -16.15446764	     12.76433005	     -7.49999987	     87.24128502	     -6.46055194	    -10.25714638	     99.82276702	      1.74223595	    -18.07252518	    -19.13324456	      7.13035808	     63.84880419	    -15.25837863	     19.03332956	    108.99774664	     96.89607738	    -75.47692347	    -36.29654186	    329.58255026	     47.75082694	     62.12465981
      1.17500000	    -18.29009831	     13.80492944	     -8.22703841	     -0.12478458	      0.90364091	     -0.45936554	     -9.75291564	    -26.32476020	    -12.38332827	     15.10334464	      0.26360309	    -16.79279706	     11.92913749	     -7.49999987	     87.65452809	     -6.57711352	    -10.54338670	     97.93299739	      1.70925325	    -17.86431577	    -19.71992742	      6.68103107	     63.92588790	    -15.90929389	     19.21753239	    110.86118931	     96.76375340	    -75.59012995	    -35.74982843	    328.16355022	     48.13228662	     63.53524986
      1.17916670	    -18.62879044	     13.79236425	     -8.01171246	     -0.10437356	      0.90553174	     -0.45822280	    -10.08158022	    -25.94551793	    -11.71967459	     15.15904400	      0.26457523	    -17.01957468	     10.75725519	     -7.49999987	     88.03958005	     -6.84229513	    -10.63010161	     96.02591001	      1.67596830	    -17.55942202	    -20.19546786	      6.50808711	     63.33330343	    -16.66270990	     19.10465605	    112.75499153	     96.98095343	    -75.32905348	    -35.38282548	    327.34507514	     48.75769867	     64.21575924
      1.18333330	    -18.83693738	     13.76820831	     -7.76745854	     -0.08379950	      0.90683085	     -0.45699621	    -10.45426756	    -25.57214572	    -11.04461941	     15.69257053	      0.27388702	    -16.82598178	      9.96129251	     -7.49999987	     88.61645046	     -7.10345373	    -10.61028426	     94.60687527	      1.65120147	    -17.49658405	    -20.69115300	      6.13549407	     62.42908680	    -17.36277968	     19.05485259	    114.49032637	     96.90265422	    -74.87491354	    -34.91331559	    326.17110222	     49.39172550	     67.44073390
      1.18750000	    -18.95419112	     13.65353244	     -7.61427377	     -0.06265316	      0.90960833	     -0.45601618	    -10.63097324	    -25.15479000	    -10.24965474	     16.90403523	      0.29503107	    -16.26186775	      8.83883330	     -7.49999987	     88.49631778	     -7.23858856	    -10.52970124	     92.62965163	      1.61669241	    -17.50920366	    -21.00385959	      5.83526837	     61.15606008	    -18.09923708	     19.10119675	    116.06816810	     96.25731632	    -73.70193207	    -34.72308033	    326.31181821	     49.70410344	     67.58830200
      1.19166670	    -19.03264705	     13.35951840	     -7.37322863	     -0.04128593	      0.91238011	     -0.45505573	    -10.59142099	    -24.49256417	     -9.05582575	     18.88226251	      0.32955765	    -16.06381379	      7.93427990	     -7.49999987	     88.14417587	     -7.22243785	    -10.26689552	     90.62114776	      1.58163740	    -17.55475935	    -21.08202166	      5.38657719	     59.49665353	    -18.61755337	     19.31271112	    117.29477161	     95.40338921	    -72.36063898	    -34.47851412	    326.62492805	     50.42385710	     67.68301751
      1.19583330	    -19.08488802	     13.11908691	     -7.09847130	     -0.01959209	      0.91508114	     -0.45417881	    -10.23674052	    -23.86501506	     -7.78029858	     21.60449603	      0.37706959	    -16.52981662	      6.87017705	     -7.49999987	     87.41829311	     -7.08600266	    -10.11318083	     88.35771458	      1.54213304	    -17.71721075	    -21.28129299	      5.25289703	     57.02766754	    -19.57381872	     19.08897297	    118.98797385	     94.63718768	    -70.54635578	    -34.77375717	    327.21012619	     51.11053375	     68.09150057
      1.20000000	    -19.24885401	     12.66784647	     -6.81965346	      0.00222363	      0.91833055	     -0.45327357	     -9.55986695	    -22.95839870	     -6.39509516	     24.48954676	      0.42742322	    -18.05897416	      7.12397388	     -7.49999987	     86.66198774	     -6.94525757	     -9.67437152	     86.08979561	      1.50255039	    -17.73313129	    -21.17491702	      5.05128659	     54.40587515	    -20.29493537	     19.07182709	    120.43012678	     96.88242860	    -68.22367171	    -34.94581124	    327.91423446	     51.25624093	     71.01200174
      1.20416670	    -19.10226498	     12.26399996	     -6.46135081	      0.02414338	      0.92080697	     -0.45249548	     -8.85755903	    -22.10299658	     -5.19624457	     28.54573156	      0.49821700	    -19.45395155	      7.32900939	     -7.49999987	     85.33135239	     -6.54294060	     -9.25362070	     83.63407463	      1.45968997	    -18.08545855	    -21.10389271	      4.64592031	     51.54505493	    -20.95533142	     19.42733641	    121.58871288	     95.87476236	    -65.86293931	    -35.06190325	    328.55242227	     51.79462616	     71.28004078
      1.20833330	    -18.91633546	     11.73015563	     -6.16638432	      0.04598273	      0.92260163	     -0.45184558	     -7.84305084	    -21.15759036	     -4.03345550	     33.29288737	      0.58107050	    -21.28723592	      7.89633685	     -7.49999987	     83.80522306	     -6.15425613	     -8.63635189	     81.17159605	      1.41671161	    -18.39897890	    -20.85499543	      4.26989284	     48.66920460	    -21.64834853	     20.18487165	    122.48784464	     95.24795505	    -63.48302943	    -35.09452442	    329.32673608	     52.28416097	     71.48728910
      1.21250000	    -19.02513929	     11.36831951	     -5.75535219	      0.06764839	      0.92357720	     -0.45109849	     -6.21094759	    -20.29749552	     -2.78337323	     38.62778915	      0.67418210	    -23.10016459	      9.24423594	     -7.49999987	     82.72631030	     -5.81150113	     -8.16413163	     79.02911510	      1.37931826	    -18.31622448	    -20.73752871	      4.17676235	     45.25785890	    -22.53628996	     20.59021565	    123.39482013	     96.63036779	    -60.87543520	    -35.81456544	    331.06273425	     52.62286108	     72.72737068
      1.21666670	    -18.97068665	     10.98149263	     -5.34543257	      0.08911372	      0.92557961	     -0.45024466	     -4.62672183	    -19.49314661	     -1.93884265	     43.97915192	      0.76758100	    -24.81504329	     10.90805718	     -7.49999987	     81.18019803	     -5.43198716	     -7.66764622	     76.65126910	      1.33781702	    -18.54057811	    -20.62907752	      3.74500491	     41.95172201	    -23.17519082	     21.32167273	    123.83101825	     97.96518054	    -58.16904211	    -36.16258308	    332.44848960	     52.99985301	     73.79978686
      1.22083330	    -18.46283627	     10.29009700	     -4.80493876	      0.11049834	      0.92864502	     -0.44964762	     -3.72193487	    -18.37425316	     -1.77805060	     49.03519291	      0.85582557	    -26.67182258	     11.81869927	     -7.49999987	     79.13455340	     -4.91077226	     -6.78507420	     74.40356983	      1.29858727	    -19.34178261	    -20.15283104	      2.69521511	     39.06715230	    -23.46231270	     22.49242998	    123.24942754	     98.19546220	    -55.63163288	    -35.76501875	    333.03104110	     53.79685163	     73.95991470
      1.22500000	    -18.73839903	     10.08625228	     -4.85012930	      0.13164184	      0.93156508	     -0.44858790	     -1.49877035	    -17.84468033	     -1.03428839	     53.70275705	      0.93728993	    -28.58107002	     13.22580271	     -7.49999987	     77.42131210	     -4.93922834	     -6.52693908	     71.69120772	      1.25124762	    -19.15798007	    -20.24811511	      3.20397472	     35.01129714	    -24.31594861	     22.95598896	    123.16265229	    100.44656837	    -51.36495762	    -36.78527743	    336.38943413	     53.07544918	     75.46322164
      1.22916670	    -18.61335458	      9.71683663	     -4.59953916	      0.15205235	      0.93118693	     -0.44793153	      0.10662144	    -17.26617325	     -1.15686544	     58.37803431	      1.01888891	    -29.74302662	     13.89052802	     -7.49999987	     75.87871532	     -4.68077558	     -5.85250878	     69.85294643	      1.21916391	    -19.51983369	    -20.06418037	      2.73341830	     31.75822996	    -24.71425032	     23.90170324	    121.99309701	    102.43411444	    -47.93368098	    -36.91434375	    338.37764568	     53.04823174	     76.73906600
      1.23333330	    -18.25482367	      9.53613338	     -4.58305823	      0.17265429	      0.93291382	     -0.44706852	      1.62640892	    -16.88727780	     -1.25001424	     62.80795501	      1.09620561	    -31.19387589	     13.84869973	     -7.49999987	     73.76169656	     -4.50493042	     -5.44061937	     67.76732561	      1.18276296	    -20.01484314	    -20.10038362	      2.15234437	     28.81164366	    -24.91537049	     25.09243729	    120.10262099	    102.13626935	    -44.60322552	    -36.87312495	    340.39259226	     53.02996411	     76.83263358
      1.23750000	    -18.10237354	      9.25690079	     -4.54338600	      0.19312718	      0.93462713	     -0.44625099	      3.43764558	    -16.39281639	     -1.22487569	     67.30816794	      1.17474914	    -32.24047391	     13.27424206	     -7.49999987	     72.01770013	     -4.37782567	     -4.79426769	     66.03735845	      1.15256933	    -20.34351850	    -19.95552231	      2.22408195	     25.11875382	    -25.27050282	     25.26919867	    118.33790697	    103.66241695	    -40.62220997	    -37.42454104	    343.78656504	     53.07756355	     77.38902281
      1.24166670	    -17.68428696	      9.36543124	     -4.58084005	      0.21330509	      0.93524378	     -0.44531234	      4.98126235	    -16.34785695	     -1.27837999	     71.44426918	      1.24693773	    -33.41667144	     12.52323596	     -7.49999987	     69.95750717	     -4.10437534	     -4.50775245	     64.37422067	      1.12354210	    -20.98651755	    -20.21337830	      1.37138726	     22.38267176	    -24.92192907	     26.27155589	    115.57775132	    103.53658664	    -37.59495388	    -37.22792245	    345.74322472	     53.47799653	     77.38770480
      1.24583330	    -17.27697697	      9.26622586	     -4.63185479	      0.23354544	      0.93559804	     -0.44461282	      6.47229744	    -16.05076126	     -1.26349744	     75.39735034	      1.31593201	    -34.32751569	     11.36079104	     -7.49999987	     67.65165728	     -3.93605424	     -4.14887608	     62.55183438	      1.09173546	    -21.64318012	    -20.17907908	      1.01660879	     19.21321502	    -24.69872470	     26.43774602	    112.85043198	    104.14114939	    -33.75166674	    -37.25159568	    348.63419309	     53.48076919	     77.59460702
      1.25000000	    -16.89177984	      9.29442033	     -4.70718650	      0.25388651	      0.93599254	     -0.44393748	      7.93461843	    -15.88027854	     -1.19240235	     79.14370884	      1.38131830	    -34.76264261	     10.65054471	     -7.49999987	     65.49366731	     -3.73441846	     -3.82153066	     60.99367307	      1.06454042	    -22.22676468	    -20.24771672	      0.49678257	     16.18457203	    -24.31387743	     26.61295711	    109.78864868	    104.47970846	    -30.27039217	    -37.03589456	    350.97329654	     53.80783978	     77.66677536
      1.25416670	    -16.66596008	      9.06235838	     -4.87850240	      0.27422722	      0.93607167	     -0.44350005	      9.52278685	    -15.37386151	     -0.99319427	     82.79188328	      1.44499096	    -34.64177968	      9.57983610	     -7.49999987	     63.56169392	     -3.80228640	     -3.34113518	     59.70690135	      1.04208201	    -22.74225584	    -20.00753183	      1.23261744	     11.86641905	    -24.09298392	     24.84012266	    107.14621726	    106.98899410	    -25.17003078	    -37.33993230	    355.62635962	     53.57603498	     78.04120320
      1.25833330	    -16.19074371	      9.37474484	     -4.91599111	      0.29460162	      0.93592001	     -0.44282630	     10.79003010	    -15.56700450	     -0.98173033	     86.17203074	      1.50398566	    -34.58893459	      8.81625677	     -7.49999987	     61.45528079	     -3.41526940	     -3.26057692	     58.56577604	      1.02216562	    -23.46900047	    -20.26144542	      0.18837476	      9.42780197	    -23.24802019	     25.13224259	    102.98371601	    106.69166649	    -22.16131594	    -36.77553508	    357.33004393	     54.02562020	     77.91176232
      1.26250000	    -15.75498811	      9.04581089	     -5.07075668	      0.31488899	      0.93516430	     -0.44277936	     12.13127910	    -15.05378715	     -0.97402874	     89.32266841	      1.55897466	    -34.21393059	      7.59378900	     -7.49999987	     59.06262674	     -3.47674088	     -2.83485214	     57.12380998	      0.99699857	    -24.21746266	    -19.79114274	      0.73343959	      5.68356030	    -22.77289234	     23.35278878	     99.46466203	    108.14039931	    -17.37433409	    -36.56358877	    361.58273348	     54.00125594	     78.19690923
      1.26666670	    -15.27543593	      9.11286629	     -5.06362414	      0.33527336	      0.93445615	     -0.44252516	     13.44728982	    -15.11202394	     -1.00796459	     92.44579293	      1.61348347	    -32.99717189	      7.04707890	     -7.49999987	     56.93164130	     -3.22224994	     -2.65415739	     56.14096055	      0.97984461	    -24.87568488	    -19.61894323	      0.35662294	      2.88923552	    -21.96889184	     22.44439881	     95.12173333	    108.57028662	    -13.70614376	    -36.08661701	    364.49947753	     54.33920803	     78.04015451
      1.27083330	    -14.92755431	      9.08491515	     -4.98222004	      0.35535697	      0.93106185	     -0.44272063	     14.96721787	    -15.09821466	     -1.03561405	     95.82868153	      1.67252601	    -32.09896579	      6.13841580	     -7.49999987	     55.05884047	     -2.97569135	     -2.34626261	     55.40695764	      0.96703384	    -25.37465717	    -19.26405184	     -0.57779746	      0.89392291	    -21.31500303	     22.45242283	     90.24561046	    107.96318939	    -11.12799278	    -35.27619917	    365.92384194	     55.21004969	     77.96372875
      1.27500000	    -14.67537872	      8.83083857	     -4.90309617	      0.37560413	      0.93029741	     -0.44311035	     16.66252914	    -14.86739383	     -1.03638868	     99.12991007	      1.73014332	    -30.61636644	      5.26402460	     -7.49999987	     53.13328727	     -2.89083748	     -1.95319572	     54.50244940	      0.95124719	    -25.80042105	    -18.65244970	     -0.45678132	     -2.01013079	    -20.70294204	     20.77795086	     85.81380496	    108.44782046	     -7.18427740	    -34.68639781	    369.33152007	     55.65997371	     78.51375774
      1.27916670	    -14.31621009	      8.59003925	     -4.58435863	      0.39597533	      0.93004647	     -0.44378605	     18.26638583	    -14.68525298	     -1.27156191	    102.09276574	      1.78185490	    -29.44633945	      4.47461480	     -7.49999987	     50.89951000	     -2.58601262	     -1.49212948	     53.32418106	      0.93068253	    -26.32926979	    -17.95988889	     -1.50034719	     -3.52884902	    -20.12377677	     20.65894513	     80.31592418	    107.90471871	     -4.65534920	    -33.79744165	    370.52960258	     56.70186840	     78.59844308
      1.28333330	    -14.21607225	      8.33886573	     -4.24311131	      0.41543350	      0.92771067	     -0.44423313	     20.30466109	    -14.53849346	     -1.34395895	    105.28548401	      1.83757835	    -27.60686584	      3.55242174	     -7.49999987	     49.13984374	     -2.28005418	     -0.83613395	     52.42571517	      0.91500134	    -26.75047808	    -17.22869295	     -1.99104544	     -5.58856366	    -19.64302121	     19.61288000	     75.47346707	    107.26353981	     -1.41882106	    -33.18899455	    372.83991942	     57.80171796	     79.34439463
      1.28750000	    -14.17741549	      7.89043886	     -3.71827138	      0.43486877	      0.92397180	     -0.44463336	     22.40405494	    -14.12011516	     -1.78488320	    108.51948021	      1.89402223	    -25.48111218	      2.47748028	     -7.49999987	     47.51131401	     -2.14905768	     -0.16161881	     51.67241843	      0.90185383	    -26.86548514	    -16.21760131	     -3.00413209	     -6.98477954	    -19.34210736	     19.35346832	     70.21895304	    106.47279077	      0.80668223	    -32.47906159	    373.62756709	     59.52439010	     79.45590430
      1.29166670	    -14.88160868	      7.59492852	     -2.93652450	      0.45340317	      0.92076458	     -0.44517811	     25.59899313	    -13.97458185	     -2.09168212	    111.88691371	      1.95279503	    -23.26535366	      1.29092598	     -7.49999987	     46.83472719	     -1.42796256	      1.31496903	     51.04037121	      0.89082253	    -26.54433977	    -15.31919611	     -3.94226891	     -8.58637600	    -19.09052189	     18.74992482	     65.19342680	    105.40425614	      3.67479306	    -32.05474031	    375.32012568	     61.17274971	     80.26048549
      1.29583330	    -15.21624378	      6.98285207	     -2.21964833	      0.47247590	      0.91936484	     -0.44541081	     28.30316705	    -13.40367106	     -2.97474736	    114.47362551	      1.99794167	    -21.26413749	     -0.08287032	     -7.49999987	     45.53245455	     -0.98722993	      2.88709092	     50.13342821	      0.87499339	    -26.32800113	    -14.18074476	     -4.93354642	     -9.78237422	    -18.86228304	     18.14650530	     59.84607646	    104.88646272	      6.33407959	    -31.48436038	    376.28182449	     62.94069327	     80.78815929
      1.30000000	    -15.99062143	      6.69617461	     -1.03274124	      0.49103143	      0.91525478	     -0.44620581	     31.75747358	    -13.35284351	     -3.86078621	    116.18592983	      2.02782702	    -17.99276362	     -1.18663817	     -7.49999987	     44.96656070	     -0.11334926	      4.51073458	     49.61490183	      0.86594340	    -25.58230600	    -13.28444916	     -6.13697177	    -11.19032721	    -18.88517564	     18.06125216	     54.88010499	    100.05256964	      9.63999860	    -31.09041874	    378.10337629	     64.28505888	     82.48338181
      1.30416670	    -16.44898821	      5.79442303	      0.36015314	      0.50977402	      0.91245416	     -0.44678993	     34.77137939	    -12.58376691	     -5.16001521	    117.89385119	      2.05763587	    -15.96291147	     -2.86722249	     -7.49999987	     43.45765884	      0.32076899	      6.54957034	     48.16986769	      0.84072279	    -25.21183187	    -11.79452894	     -7.55887553	    -12.36345940	    -18.88443254	     17.31053525	     50.08208734	    100.10098690	     12.81619581	    -30.65336141	    379.22963540	     65.97791770	     83.20216654
      1.30833330	    -17.15726487	      4.44034272	      1.22766559	      0.52789140	      0.90842752	     -0.44777950	     38.20240196	    -11.70747031	     -6.28190981	    119.20559742	      2.08053016	    -13.81638049	     -3.84724431	     -7.49999987	     42.33947287	      0.29493023	      9.14812258	     47.00762159	      0.82043777	    -24.59184602	     -9.87536217	     -7.90095996	    -14.05933146	    -19.42636682	     16.15820815	     46.39427503	     96.55608504	     16.71522994	    -29.75188314	    381.15617223	     67.29993003	     84.00934640
      1.31250000	    -17.33078506	      3.64770773	      1.98865077	      0.54716733	      0.90589345	     -0.44817128	     41.00660191	    -11.10974784	     -7.22076345	    120.65335768	      2.10579835	    -11.53431896	     -5.18837316	     -7.49999987	     40.70588236	      0.27324963	     10.72963531	     45.90436259	      0.80118227	    -24.34880611	     -8.67215723	     -9.18835149	    -15.06365503	    -19.92127101	     15.49360609	     42.45253235	     96.38339434	     19.84184810	    -29.28029231	    381.90683408	     68.84448737	     84.55439688
      1.31666670	    -17.58035314	      2.78218703	      2.85457204	      0.56636162	      0.90270219	     -0.44910908	     43.86930725	    -10.59833352	     -8.03707009	    122.29557550	      2.13446045	     -9.07398556	     -6.54844685	     -7.49999987	     39.25898262	     -0.12746719	     11.55579447	     44.88613934	      0.78341092	    -24.04235356	     -7.29345896	    -10.23943001	    -16.54561480	    -20.59118521	     14.28681975	     39.14906892	     95.38143091	     23.31723201	    -28.49031345	    382.75363314	     69.97339588	     85.09854393
      1.32083330	    -16.82455323	      0.29356980	      4.05829977	      0.58419917	      0.90089230	     -0.45043939	     45.51194256	     -8.83044272	     -9.71485846	    122.67865864	      2.14114652	     -8.02828056	     -2.92725766	     -7.49999987	     36.32139158	     -2.31161270	     12.40958494	     42.57213846	      0.74302399	    -25.21120533	     -4.16311056	     -9.41351585	    -19.51139625	    -21.27961153	     10.81256474	     37.60812980	     91.95517261	     29.05877806	    -26.68884620	    385.82938943	     70.46573149	     85.82718395
      1.32500000	    -15.73744155	     -0.04194751	      4.46754535	      0.60446959	      0.90066657	     -0.45056273	     46.72775667	     -9.14957352	     -9.61987840	    123.01646541	      2.14704236	     -4.31278740	     -1.31053488	     -7.49999987	     33.49389450	     -3.75119559	      9.88685371	     41.27487985	      0.72038255	    -26.31567137	     -3.30902530	    -10.20029274	    -21.20557557	    -22.03269862	      8.98700362	     35.32778948	     90.72103741	     32.94585387	    -25.96615742	    386.79637988	     71.27644925	     85.97798308
      1.32916670	    -14.67055904	      0.16363986	      4.62295291	      0.62467649	      0.89897904	     -0.45120637	     48.19931357	     -9.06368405	     -9.14091920	    124.52676435	      2.17340204	     -2.55950861	     -1.30389054	     -7.49999987	     30.44490361	     -4.67395335	      7.22804749	     39.86137203	      0.69571219	    -27.56785911	     -3.22920756	    -10.50915096	    -23.31811119	    -22.49727458	      5.94808783	     33.35161788	     90.36258454	     37.52631289	    -24.85184159	    388.34764361	     71.68049702	     86.55804779
      1.33333330	    -14.04653453	      0.70467357	      4.14343343	      0.64523500	      0.89805632	     -0.45182505	     50.12671313	     -9.48973175	     -7.66460069	    125.34002460	      2.18759611	     -1.74432828	     -0.82363974	     -7.49999987	     27.99707307	     -5.32129444	      4.41757584	     38.96164581	      0.68000900	    -28.37697313	     -3.45611328	    -10.86279979	    -25.00032384	    -23.15262762	      2.71537926	     31.45107134	     90.56425953	     41.43936054	    -23.92190701	    389.01892456	     72.12573011	     86.97437629
      1.33750000	    -13.60131120	      1.68821599	      3.66934881	      0.66654682	      0.89568930	     -0.45266721	     52.16281333	     -9.96914708	     -6.31308698	    125.61211990	      2.19234507	     -0.89091046	     -0.52772010	     -7.49999987	     25.93680860	     -5.48694992	      1.51575094	     38.57458980	      0.67325360	    -28.83011971	     -4.30175961	    -11.63306050	    -26.48543468	    -23.73929523	     -0.86829509	     29.56453235	     91.21262347	     45.23801751	    -23.21773311	    389.68305989	     72.47012313	     87.28192315
      1.34166670	    -13.59512229	      2.21907795	      3.01456263	      0.68728888	      0.89464869	     -0.45340140	     54.41250337	     -9.92047185	     -4.98312429	    125.19906938	      2.18513598	     -2.12340670	     -0.80663570	     -7.49999987	     23.95039113	     -5.65316383	     -0.23776590	     37.50760047	      0.65463112	    -29.00291264	     -4.62989648	    -11.89544995	    -27.89757608	    -24.16871335	     -6.44810840	     28.13946723	     94.98677852	     49.07728329	    -22.36884422	    390.10285456	     72.70079622	     87.44472722
      1.34583330	    -13.88890821	      2.52035777	      2.18964009	      0.70856136	      0.89394259	     -0.45414713	     57.19194891	     -9.83071941	     -3.91699018	    123.94341495	      2.16322068	     -3.91722327	     -0.54021556	     -7.49999987	     22.25069299	     -5.91755805	     -1.91864081	     36.39011490	      0.63512732	    -28.56407095	     -4.85051201	    -12.62219579	    -28.28024400	    -25.37643951	     -9.02452331	     26.48191073	     94.55123372	     52.25566151	    -22.16795629	    389.95382969	     72.92212050	     87.53058238
      1.35000000	    -13.90165993	      2.62038001	      1.66652612	      0.72965283	      0.89319867	     -0.45428327	     59.30136482	     -9.51462305	     -3.38879870	    123.23020601	      2.15077283	     -5.35122267	     -2.04064431	     -7.49999987	     20.43677468	     -6.29542658	     -3.19755503	     35.41768402	      0.61815520	    -28.64136032	     -4.72067302	    -12.58053410	    -30.01530256	    -25.23454555	    -17.92026760	     27.20271584	     98.69649394	     56.20627378	    -21.32218817	    390.55961086	     72.51548291	     88.14596055
      1.35416670	    -14.50679978	      2.42228566	      1.05101575	      0.75097095	      0.89263775	     -0.45434305	     61.92394832	     -9.05018197	     -3.27150128	    122.16896584	      2.13225070	     -7.25627929	     -3.30786647	     -7.49999987	     19.26858813	     -6.79841441	     -4.06241278	     34.43273114	      0.60096453	    -27.91297701	     -4.35811305	    -12.82410630	    -30.89579295	    -25.61552773	    -24.65462780	     27.58244184	     98.91113297	     59.38096583	    -21.04937474	    390.56754745	     72.47641496	     88.19176224
      1.35833330	    -15.24991580	      1.78963261	      0.67602435	      0.77233157	      0.89194107	     -0.45432357	     64.49092301	     -8.36956530	     -3.80176169	    120.59996390	      2.10486645	     -9.27420714	     -4.40616336	     -7.49999987	     18.13653033	     -7.66765138	     -4.93677755	     33.14981222	      0.57857337	    -27.06379022	     -3.52313597	    -13.02320442	    -32.09302607	    -25.87646585	    -32.24319248	     29.25765488	    102.51219118	     62.43608069	    -20.78902440	    390.48681640	     72.66226113	     88.51819902
      1.36250000	    -15.91545220	      1.13019626	      0.56233517	      0.79361623	      0.89167896	     -0.45392408	     66.70596826	     -7.92846037	     -4.53636904	    118.65932824	      2.07099597	    -10.83592269	     -6.09601497	     -7.49999987	     17.00424828	     -8.55228927	     -5.86204168	     31.84936556	      0.55587629	    -26.31104115	     -2.58173138	    -13.27334008	    -33.28879010	    -25.77033202	    -39.51164586	     31.53748320	    101.38664032	     65.46367927	    -20.56410699	    390.61202797	     72.67293297	     88.32446968
      1.36666670	    -16.73713443	      0.55019508	      0.43486684	      0.81504424	      0.89093054	     -0.45303552	     68.92540510	     -7.50302397	     -5.32455867	    116.62230795	      2.03544325	    -12.07937228	     -7.99547073	     -7.49999987	     16.34008867	     -9.56676575	     -7.25611674	     31.10168320	      0.54282677	    -25.28860326	     -1.75133476	    -13.58060750	    -34.47064655	    -25.51021789	    -46.67329812	     34.72452012	    101.39175662	     68.34977038	    -20.59479035	    390.97732600	     72.91302553	     88.26682345
      1.37083330	    -17.66330324	     -0.42754217	      0.47376059	      0.83658906	      0.89113761	     -0.45222928	     71.07695168	     -6.96115922	     -6.48128390	    114.37650670	      1.99624663	    -13.36243926	     -9.66370915	     -7.49999987	     15.34490561	    -10.90639596	     -9.08181309	     29.47510933	      0.51443771	    -24.22001373	     -0.47630949	    -13.77215379	    -36.33453791	    -25.60591173	    -51.57903394	     38.45961824	    100.64172029	     70.84892981	    -20.43521714	    391.08664755	     73.27625949	     88.18600837
      1.37500000	    -18.53251311	     -1.24514826	      0.57899694	      0.85814622	      0.88971244	     -0.45098722	     73.10438244	     -6.69821109	     -7.44390053	    112.15153669	      1.95741358	    -13.13724807	    -10.79876114	     -7.49999987	     14.79230316	    -12.17584498	    -10.82447207	     28.72174788	      0.50128907	    -23.17661820	      0.69150728	    -14.22825546	    -38.12813866	    -25.68628677	    -55.88847636	     42.42621025	     99.16312052	     72.97687632	    -20.71720209	    391.10287888	     74.35085754	     87.78548892
      1.37916670	    -19.13173612	     -2.24240489	      0.42039336	      0.88012768	      0.89022004	     -0.45013261	     74.73064662	     -6.07973260	     -8.53805052	    109.76886432	      1.91582810	    -14.29059951	    -13.00226339	     -7.49999987	     13.33565000	    -13.64562893	    -13.70198355	     27.04063215	      0.47194806	    -22.40942749	      1.89435215	    -13.92771435	    -40.08785752	    -25.87151297	    -59.89055448	     45.57812511	     98.57715249	     75.19031092	    -20.09260965	    391.00336841	     74.81203397	     88.08842422
      1.38333330	    -19.88695226	     -2.68410227	      0.37028441	      0.90243695	      0.88974959	     -0.44919874	     76.66234316	     -5.94547179	     -8.99307842	    107.72294908	      1.88012014	    -13.43838571	    -13.83490442	     -7.49999987	     12.53323427	    -14.39048798	    -15.43983415	     26.11372672	      0.45577051	    -21.41218085	      2.58691464	    -14.25263859	    -42.24037482	    -26.72856065	    -61.47754915	     48.00677152	     98.03480069	     76.96677840	    -20.23575237	    391.22663515	     75.83570762	     88.07148674
      1.38750000	    -20.58561923	     -2.52342714	     -0.39511435	      0.92511938	      0.88896971	     -0.44790958	     78.58265065	     -5.41749482	     -8.76102256	    105.62736831	      1.84354536	    -12.59707386	    -15.14315401	     -7.49999987	     12.16005025	    -14.89984733	    -17.45459149	     26.62519006	      0.46469723	    -20.55938864	      2.57196150	    -13.58792658	    -44.70536820	    -26.98981201	    -64.12692011	     50.56660099	     96.70714094	     78.44675113	    -19.75815051	    390.81573052	     77.30010055	     87.74519057
      1.39166670	    -21.40466188	     -2.67191030	     -1.20424865	      0.94842032	      0.88916628	     -0.44733897	     80.26780484	     -4.75659653	     -8.87984917	    103.11325623	      1.79966582	    -13.25525851	    -16.37445897	     -7.49999987	     11.47507333	    -15.26408301	    -18.58081345	     26.20216139	      0.45731399	    -19.63225046	      2.91259717	    -12.38268212	    -46.89492233	    -27.43025888	    -66.68311720	     51.27759556	     95.29450537	     79.65101333	    -18.71683730	    390.34179850	     78.39914595	     87.96240021
      1.39583330	    -22.24269230	     -2.38226619	     -1.85279044	      0.97201783	      0.88962891	     -0.44675504	     81.99421061	     -4.37892991	     -8.43975505	    100.50068616	      1.75406787	    -12.85004844	    -16.65304588	     -7.49999987	     11.18617316	    -15.11860180	    -18.86640709	     26.24555129	      0.45807128	    -18.72965512	      2.79175163	    -11.22237304	    -48.96168133	    -27.86941570	    -68.62148971	     50.85600275	     94.27491958	     80.82887124	    -17.57662227	    390.12830643	     79.82416549	     87.87700534
      1.40000000	    -23.11037630	     -2.41531193	     -2.46188831	      0.99553115	      0.88975858	     -0.44686571	     83.39611654	     -4.05521827	     -8.43296823	     97.59707302	      1.70339026	    -12.83404856	    -17.18338821	     -7.49999987	     10.35816993	    -15.06583075	    -19.66745080	     25.31821826	      0.44188627	    -17.87151369	      2.92537759	     -9.55953069	    -50.91021289	    -28.51368705	    -70.06750223	     48.68897096	     93.69964709	     82.10951116	    -15.78635610	    390.09237699	     80.81261467	     87.94906838
      1.40416670	    -23.70377914	     -2.23733937	     -2.94201998	      1.01940666	      0.88958861	     -0.44688307	     84.55426889	     -3.95427248	     -8.11602534	     94.58943215	      1.65089703	    -12.50000289	    -17.34626891	     -7.49999987	      9.85017119	    -14.91025443	    -19.79123790	     25.29746716	      0.44152409	    -17.36773053	      2.90980758	     -7.65436919	    -53.10303679	    -28.91998125	    -71.97072646	     45.72382782	     93.33826865	     83.32465964	    -13.73662277	    390.01948008	     82.03488640	     88.11751349
      1.40833330	    -24.39703072	     -2.05791623	     -3.58476471	      1.04316770	      0.89002218	     -0.44733225	     85.56656281	     -3.67644571	     -7.93374498	     91.44123384	      1.59595060	    -12.49171799	    -17.57283698	     -7.49999987	      9.37570557	    -14.69120201	    -20.05492979	     25.13791617	      0.43873940	    -16.73292229	      2.74950701	     -5.34003113	    -54.85690107	    -29.80404889	    -72.21878826	     40.94669595	     93.32602178	     84.28978516	    -11.23499093	    389.95404216	     83.19771283	     88.38119031
      1.41250000	    -25.00459839	     -1.74756413	     -3.95893012	      1.06738294	      0.89019327	     -0.44775340	     86.53743025	     -3.72813063	     -7.79037562	     88.61426720	      1.54661073	    -12.20446418	    -17.54553041	     -7.49999987	      8.78170759	    -14.26050407	    -20.28978911	     24.79988979	      0.43283973	    -16.10975207	      2.46517203	     -3.31855578	    -56.14145545	    -31.18035552	    -71.31411840	     34.37512542	     94.42281527	     84.91100128	     -8.92473423	    389.94663094	     84.44203509	     89.14412152
      1.41666670	    -25.50398262	     -1.29639636	     -4.20883570	      1.09172425	      0.89073665	     -0.44813879	     87.30620158	     -3.94841239	     -7.46897507	     85.72847764	      1.49624420	    -11.53902435	    -17.31205133	     -7.49999987	      8.24462430	    -13.81006208	    -20.85420060	     24.67808616	      0.43071386	    -15.53817665	      1.87065343	     -1.68563279	    -56.15025704	    -33.29319835	    -69.49186719	     25.56007922	     96.88981246	     85.33895455	     -6.90244773	    390.17691929	     85.75808173	     90.09111857
      1.42083330	    -25.88720537	     -1.03009809	     -4.50243290	      1.11627089	      0.89180004	     -0.44915386	     87.47170414	     -4.25845262	     -7.55909245	     82.46176202	      1.43922925	    -10.72417139	    -16.63762439	     -7.49999987	      7.60252597	    -13.40965503	    -21.12122290	     24.51916213	      0.42794011	    -14.37623087	      0.85336205	     -1.96993414	    -48.31645081	    -42.47672524	   -110.55692746	      1.21411369	    117.68955922	     85.05520850	     -6.29470374	    391.04341926	     86.69980302	     91.14357521
      1.42500000	    -26.12701258	     -0.80327275	     -4.65814037	      1.14050589	      0.89213720	     -0.44961463	     87.20770200	     -4.65909803	     -7.78038457	     78.91504601	      1.37732738	    -10.17580825	    -15.92387183	     -7.49999987	      6.93278896	    -13.05049089	    -21.32687613	     24.45215961	      0.42677069	    -14.12041821	      1.06976784	     -0.17710428	    -50.39014923	    -42.04743684	   -120.78174704	      0.47691015	    117.97600019	     84.74504809	     -5.14453647	    391.18049277	     88.64734850	     91.54923967
      1.42916670	    -26.10863548	     -0.53355304	     -4.84736644	      1.16504512	      0.89244028	     -0.44988742	     86.68018224	     -5.01603560	     -8.07763346	     75.68220600	      1.32090368	     -9.99161707	    -15.64619686	     -7.49999987	      6.11573012	    -12.69665917	    -21.73012154	     24.64476998	      0.43013238	    -14.08985826	      1.23880549	      1.40801985	    -52.09003754	    -41.40507283	   -130.08136975	      0.31471589	    118.07366736	     84.18634556	     -4.54582780	    391.57478409	     90.85275763	     91.31009168
      1.43333330	    -26.08180127	      0.12098143	     -5.01727659	      1.18981698	      0.89311300	     -0.44993262	     86.12656052	     -5.46472499	     -7.99830852	     72.44372155	      1.26438146	     -9.71291336	    -15.18724871	     -7.49999987	      5.72472386	    -11.95842586	    -21.43659282	     25.36737877	      0.44274428	    -13.87917042	      0.93160172	      2.44846120	    -52.84690085	    -40.73043201	   -130.62264394	      0.25281432	    117.90181676	     83.27419634	     -4.63136326	    392.25452984	     93.26851671	     91.22297211
      1.43750000	    -26.18185158	      0.12678029	     -5.20957950	      1.21449455	      0.89345514	     -0.45022533	     85.14976513	     -5.83715814	     -8.69313822	     68.96036571	      1.20358544	     -9.85055476	    -14.21963998	     -7.49999987	      5.13164766	    -11.80185490	    -21.63641598	     25.62851098	      0.44730190	    -13.51193654	      1.45438659	      3.47055221	    -52.90233213	    -40.45022234	   -142.46438086	      0.23530296	    118.17317153	     81.76903940	     -5.06897753	    392.70389598	     95.80840981	     91.60135742
      1.44166670	    -26.00999789	      0.33283223	     -5.20901999	      1.23947793	      0.89425360	     -0.45016587	     83.83115539	     -6.34900573	     -9.20616801	     65.55482929	      1.14414761	    -10.08062975	    -13.47617593	     -7.49999987	      4.55541088	    -11.40608602	    -21.39805323	     26.20788739	      0.45741392	    -13.30210753	      1.70778603	      3.85449660	    -52.10015280	    -40.17732212	   -144.30460191	      0.22091562	    118.21974007	     80.15504127	     -6.17687785	    393.60306386	     98.32080102	     89.83538455
      1.44583330	    -25.76477875	      0.71959268	     -5.49465997	      1.26420813	      0.89466914	     -0.44983711	     82.75185647	     -6.61528441	     -9.45863882	     62.76083017	      1.09538313	    -10.07242420	    -12.65394794	     -7.49999987	      4.04425328	    -10.85187272	    -21.28663774	     27.07997660	      0.47263475	    -13.06325806	      1.69277061	      3.93674132	    -50.11970248	    -40.33320812	   -145.19166675	      0.21108028	    118.35551016	     78.30096120	     -7.90930119	    394.45904043	    100.84571588	     88.30154213
      1.45000000	    -25.60396186	      0.93844347	     -5.40395328	      1.28895395	      0.89514186	     -0.44980782	     81.34153048	     -7.21857546	     -9.91035731	     59.74337236	      1.04271855	     -9.82506432	    -11.21024789	     -7.49999987	      3.76131318	    -10.41974269	    -20.63409096	     28.00536394	      0.48878581	    -12.70630854	      1.96679809	      3.81841402	    -48.78274458	    -40.15315040	   -144.65334880	      0.21044506	    118.39162002	     76.21346224	     -9.60138124	    395.10447657	    103.00488049	     92.19534549
      1.45416670	    -25.31498135	      1.21140152	     -5.42750656	      1.31379058	      0.89597717	     -0.44943493	     79.87892199	     -7.67707176	    -10.23950669	     57.21116006	      0.99852311	     -9.51685426	     -9.81732002	     -7.49999987	      3.51569064	     -9.88131264	    -19.87558522	     29.16238906	      0.50897971	    -12.44473462	      2.16413824	      3.44994783	    -46.55788891	    -40.01940560	   -141.90373730	      0.21448644	    118.50362001	     73.78309311	    -11.76894781	    395.95693764	    104.98898924	     92.04931499
      1.45833330	    -24.89879439	      1.79838270	     -5.59671702	      1.33850149	      0.89573150	     -0.44862279	     78.45994502	     -8.02713456	    -10.03949742	     54.92765248	      0.95866839	     -9.60344412	     -9.24621383	     -7.49999987	      3.18684735	     -9.02680967	    -19.30226594	     30.39529433	      0.53049796	    -12.44846754	      1.95644808	      4.01246098	    -46.67443700	    -38.82541337	   -141.85621524	      0.23468016	    118.45024571	     71.71701082	    -13.09368696	    396.95930936	    106.30621078	     92.14476044
      1.46250000	    -24.72143506	      1.52404173	     -5.19303398	      1.36309155	      0.89667748	     -0.44833352	     76.53319381	     -8.64381297	    -10.79006463	     52.25038508	      0.91194126	     -9.52730673	     -7.65123307	     -7.49999987	      3.29602811	     -9.07840733	    -18.07332629	     31.82454640	      0.55544312	    -12.21859762	      2.88457074	      3.14284827	    -44.29507532	    -38.43072963	   -140.34717082	      0.25946310	    118.48189553	     68.62358756	    -15.67615971	    397.32652335	    108.22637051	     92.44375812
      1.46666670	    -24.45623715	      1.70863718	     -4.82473488	      1.38786236	      0.89740833	     -0.44763717	     74.64711781	     -9.29791759	    -11.07935836	     49.93328405	      0.87150021	     -9.99334028	     -6.42992154	     -7.49999987	      3.80532535	     -8.60406851	    -16.54815357	     33.87291221	      0.59119385	    -11.77156036	      3.28720565	      1.56087758	    -40.75641718	    -37.92379978	   -119.09178136	      0.32299525	    118.53780249	     64.99526710	    -19.00848532	    397.46761711	    109.68506408	     94.09632948
      1.47083330	    -24.24749960	      2.00672406	     -4.40830161	      1.41239166	      0.89804956	     -0.44686635	     72.86148514	     -9.94596504	    -11.05814528	     47.83826442	      0.83493522	    -10.41652569	     -5.77140388	     -7.49999987	      4.71188311	     -8.02206334	    -14.82845978	     36.34498736	      0.63433970	    -11.07195034	      3.74262162	     -1.02651610	    -35.34957762	    -37.68245254	    -95.08728166	      0.55445299	    118.50776500	     60.14491521	    -23.40437869	    396.73825737	    111.32439887	     93.98797907
      1.47500000	    -23.84537438	      2.23141580	     -4.04462682	      1.43674213	      0.89890518	     -0.44613541	     70.95768212	    -10.56231051	    -10.95941011	     46.20272982	      0.80638976	    -10.97824804	     -5.09162988	     -7.49999987	      5.44201516	     -7.43660963	    -13.20016057	     38.80422877	      0.67726156	    -10.96122786	      4.42346437	     -3.02818806	    -32.02551983	    -37.05444002	    -87.03462155	      1.05772109	    118.46198915	     55.22896568	    -27.37532434	    395.60907342	    112.81376492	     93.23246325
      1.47916670	    -21.62250620	      2.32266870	     -4.18054889	      1.45904038	      0.89772860	     -0.44660681	     67.81399073	    -10.98381729	    -10.50533311	     45.57946493	      0.79551173	    -11.10115408	     -4.32420267	     -7.49999987	      4.63739901	     -6.94199390	    -12.09675411	     42.11354847	      0.73502008	    -14.32595454	      6.47902295	     -1.12412022	    -48.59918818	    -36.57237289	     -8.09653191	     35.85623879	     69.18843326	     52.24936111	    -28.94129034	    394.79156416	    113.80997351	     93.69348834
      1.48333330	    -20.99351188	      2.64530681	     -3.99570633	      1.48323409	      0.89749763	     -0.44553419	     65.91530736	    -11.48504621	    -10.05055680	     44.82110250	      0.78227581	    -11.02994250	     -4.04705551	     -7.49999987	      5.58856962	     -6.17575032	    -10.45669575	     45.18321354	      0.78859584	    -14.62958007	      7.05381551	     -2.70566515	    -45.20085039	    -35.33443743	    -10.30152362	     36.24188468	     69.35989664	     46.77342142	    -32.12053087	    393.24421851	    114.42829065	     93.20903850
      1.48750000	    -20.34617339	      2.92853372	     -3.72536903	      1.50729495	      0.89755512	     -0.44402303	     64.00645727	    -11.98708327	     -9.51852898	     44.52601195	      0.77712551	    -10.30305916	     -4.01260090	     -7.49999987	      6.21471938	     -5.39655169	     -9.03443960	     47.60633342	      0.83088726	    -14.99744863	      7.51090539	     -4.19526307	    -42.19070688	    -34.03886679	    -12.53981594	     36.82635082	     74.58250868	     41.13362505	    -34.84767754	    391.46930039	    114.52238327	     95.92224054
      1.49166670	    -19.40663935	      3.24635737	     -3.42838724	      1.53185220	      0.89679741	     -0.44225540	     61.65155836	    -12.56460946	     -9.03378619	     44.03687407	      0.76858844	    -10.03932592	     -3.64442895	     -7.49999987	      6.77509990	     -4.66013336	     -7.69444033	     50.39122770	      0.87949284	    -15.74071137	      7.80601160	     -5.27254578	    -40.05720999	    -32.52168163	    -15.06570180	     37.97162223	     78.16853727	     35.76033255	    -36.89475174	    389.92715763	    114.20657525	     96.13945483
      1.49583330	    -18.45364895	      3.16928650	     -3.05328490	      1.55580676	      0.89598772	     -0.44062425	     58.81363146	    -12.89913386	     -8.91771641	     43.53476787	      0.75982504	     -9.28505774	     -3.64669425	     -7.49999987	      7.12157513	     -4.11718793	     -6.14722290	     52.71847801	      0.92011102	    -16.53849373	      8.48505598	     -6.26619946	    -37.14776974	    -31.66281227	    -14.74121075	     39.27695864	     78.47467697	     30.20598021	    -38.30401846	    388.18109331	    113.31150389	     95.60304289
      1.50000000	    -17.48546471	      3.35463067	     -2.73239021	      1.58008820	      0.89477024	     -0.43875912	     56.06427913	    -13.34603235	     -8.75755731	     43.20401337	      0.75405228	     -8.67778493	     -3.36977123	     -7.49999987	      7.46467827	     -3.44832600	     -5.04732851	     54.99185832	      0.95978899	    -17.23608354	      8.71353702	     -7.44503980	    -33.91702637	    -31.25673099	    -12.90773543	     40.31151567	     79.55940808	     24.31734054	    -39.35939416	    386.05717188	    111.98184789	     96.23063307
      1.50416670	    -16.40653218	      3.35369803	     -2.52741459	      1.60383156	      0.89304104	     -0.43699671	     53.23742670	    -13.49907447	     -8.51550276	     43.11193613	      0.75244523	     -7.57413126	     -3.46191329	     -7.49999987	      7.80819537	     -2.97060599	     -4.04224176	     57.35565206	      1.00104497	    -18.20208586	      9.06723360	     -8.04873132	    -30.99144284	    -30.85503041	    -11.05293364	     41.71035591	     80.64133122	     18.99612965	    -39.80825720	    384.17380337	    110.15202154	     97.27714499
      1.50833330	    -15.38531691	      3.29824114	     -2.42828249	      1.62718961	      0.89103551	     -0.43518146	     50.49910556	    -13.57355800	     -8.30528274	     43.33228750	      0.75629109	     -5.76216148	     -3.30590180	     -7.49999987	      8.06252536	     -2.60395732	     -3.33197368	     59.40158907	      1.03675331	    -19.19789351	      9.28914951	     -8.36668601	    -27.93886679	    -30.50901671	     -8.73369225	     42.87411931	     81.26722230	     14.13167312	    -39.75981991	    382.51268642	    107.74970188	     97.35136951
      1.51250000	    -14.20274927	      3.26708901	     -2.31037202	      1.65006678	      0.88915702	     -0.43354747	     47.64762997	    -13.70754050	     -8.25586941	     43.66514764	      0.76210059	     -3.51448990	     -2.91426394	     -7.49999987	      8.31940302	     -2.33418799	     -2.80735759	     61.54893469	      1.07423156	    -20.51983378	      9.37477096	     -8.24746827	    -25.22320695	    -30.01009535	     -6.66541860	     44.17983326	     81.69158115	     10.29130675	    -39.44883984	    381.50710906	    104.87324198	     97.08159951
      1.51666670	    -13.30789153	      3.17423108	     -2.27939448	      1.67254411	      0.88579344	     -0.43202180	     45.23970909	    -13.75768825	     -8.12279707	     44.27391386	      0.77272557	     -0.94899123	     -2.79877444	     -7.49999987	      9.04323172	     -2.21985574	     -2.43044302	     63.88693351	      1.11503734	    -21.59931824	      9.40536463	     -8.00269809	    -22.45327842	    -29.65613293	     -4.35388548	     45.39241584	     82.44608320	      6.63704859	    -39.03579776	    380.41933720	    101.73932621	     97.15614224
      1.52083330	    -12.42611319	      3.09654562	     -2.39766494	      1.69472748	      0.88286125	     -0.43057651	     42.90302386	    -13.76234682	     -8.07096074	     44.94285633	      0.78440082	      1.35957907	     -3.04961618	     -7.49999987	     10.01755213	     -2.20664353	     -2.29666638	     66.38996164	      1.15872342	    -22.74171048	      9.28111144	     -7.03203707	    -20.20713715	    -29.12708590	     -2.65781585	     46.84290539	     82.38824578	      4.37432364	    -38.50905371	    380.61946325	     97.88239542	     96.00866554
      1.52500000	    -11.63683109	      3.19528473	     -2.65830952	      1.71673431	      0.87974448	     -0.42923586	     40.83947104	    -13.92955768	     -8.00680559	     45.71013229	      0.79779231	      3.76854770	     -2.58085067	     -7.49999987	     11.36722633	     -2.09518190	     -2.31795311	     69.08903362	      1.20583111	    -23.87465606	      8.89869913	     -6.57164526	    -17.15239598	    -28.95569575	      0.06056676	     47.89062540	     84.14676778	      1.24468058	    -37.95922899	    379.22824735	     94.28865007	     96.43108108
      1.52916670	    -10.90822520	      3.25693012	     -3.06342966	      1.73834839	      0.87778862	     -0.42777043	     38.87034146	    -13.94609199	     -7.86943866	     46.51879284	      0.81190610	      5.94204474	     -3.28191748	     -7.49999987	     12.88438063	     -2.01913380	     -2.37837908	     71.68113285	      1.25107178	    -25.05941162	      8.45029043	     -5.09463811	    -14.91487541	    -28.39556970	      1.31364720	     49.37937625	     83.76803824	     -0.11868267	    -37.37131969	    379.56336111	     89.93901800	     94.95242675
      1.53333330	    -10.01854309	      3.25239826	     -3.37882967	      1.76016636	      0.87782976	     -0.42617966	     36.59359554	    -14.04332354	     -8.11416381	     47.10945976	      0.82221518	      8.25076841	     -3.46723170	     -7.49999987	     14.34159981	     -2.11679511	     -2.41390149	     74.04994870	      1.29241542	    -26.49425860	      8.07642320	     -3.82650365	    -12.14420793	    -28.01484881	      3.28606860	     50.53012999	     83.99477365	     -1.15224327	    -36.94046001	    380.11886180	     85.05561337	     93.78106430
      1.53750000	     -9.31102598	      3.32754081	     -3.73102533	      1.78141076	      0.87441435	     -0.42438661	     34.71992396	    -14.20485210	     -8.23894130	     48.05976646	      0.83880116	     10.88324363	     -3.16812895	     -7.49999987	     16.10986304	     -2.08195451	     -2.26514293	     76.69573893	      1.33859317	    -27.72171231	      7.52791907	     -2.74136629	     -9.17337629	    -27.66210876	      5.31800258	     51.70255374	     85.75767841	     -2.52559180	    -36.69454700	    380.03453493	     80.60718914	     92.33883301
      1.54166670	     -8.68329103	      3.45995540	     -4.23712925	      1.80303007	      0.87253907	     -0.42230943	     32.96016752	    -14.32893874	     -8.25258985	     48.84590924	      0.85252194	     12.34279706	     -3.93319396	     -7.49999987	     17.97541845	     -2.10312684	     -2.32910488	     79.12638403	      1.38101593	    -28.82252963	      6.85037773	     -1.28214245	     -6.65813413	    -27.17218374	      6.48853400	     53.28403995	     85.67773363	     -3.43178389	    -36.49486710	    380.37221970	     75.96785096	     91.08858058
      1.54583330	     -8.22454753	      3.37770323	     -4.71960138	      1.82471945	      0.87032821	     -0.41994334	     31.33301730	    -14.24060624	     -8.41985667	     49.70275571	      0.86747673	     14.01865207	     -4.43109459	     -7.49999987	     20.00232331	     -2.38378024	     -2.20382289	     81.40910340	      1.42085690	    -29.66223439	      6.35321456	      0.13386554	     -3.84497757	    -26.82160855	      8.20092045	     54.68055013	     86.12157671	     -4.27280092	    -36.52444214	    381.02022441	     71.19056229	     89.71677841
      1.55000000	     -7.83301584	      3.42193253	     -5.11450899	      1.84645536	      0.86850976	     -0.41752316	     29.72097934	    -14.31471173	     -8.55011369	     50.42324260	      0.88005160	     15.28530160	     -4.74878732	     -7.49999987	     22.14278071	     -2.56621604	     -2.03945260	     83.56952614	      1.45856339	    -30.37368000	      5.74427243	      1.38224127	     -0.98555021	    -26.29708934	      9.58897760	     56.10770874	     86.64707334	     -5.13406745	    -36.69230576	    381.50917758	     66.48046758	     88.20612240
      1.55416670	     -7.78853297	      3.52245789	     -5.39270148	      1.86816512	      0.86512625	     -0.41506790	     28.59359837	    -14.52656497	     -8.62883927	     51.44742433	      0.89792695	     16.90495439	     -4.33295788	     -7.49999987	     24.69999012	     -2.74812470	     -1.75624478	     85.77744493	      1.49709884	    -30.59113639	      5.14506519	      2.13753617	      2.24794655	    -25.55636365	     10.85585253	     57.24733452	     92.18924348	     -6.75685107	    -37.24775236	    382.06683589	     62.51316286	     82.35831289
      1.55833330	     -7.62998104	      3.51645905	     -5.71882208	      1.89030095	      0.86406104	     -0.41256743	     27.16712168	    -14.58377728	     -8.67004939	     52.10547796	      0.90941215	     17.71498749	     -4.57225201	     -7.49999987	     27.01724887	     -3.09947468	     -1.52545893	     87.59276116	      1.52878208	    -30.92854592	      4.59427720	      3.39394509	      4.95231252	    -24.87756247	     11.58470621	     58.95439064	     93.97200803	     -7.63390865	    -37.86259736	    383.34448003	     58.32749689	     78.73681402
      1.56250000	     -7.55339447	      3.62018056	     -5.99010447	      1.91246424	      0.86100177	     -0.41016644	     25.87865560	    -14.82426709	     -8.64280465	     52.85240272	      0.92244845	     18.55785322	     -4.70722138	     -7.49999987	     29.49159570	     -3.31441969	     -1.24818061	     89.53238102	      1.56263484	    -31.09064866	      3.94569806	      4.39426567	      7.73073790	    -24.21964285	     12.64859614	     60.83052940	     93.66574564	     -9.12842536	    -38.62190312	    383.70700854	     54.75467411	     77.73587113
      1.56666670	     -7.53280640	      3.86727464	     -6.25543503	      1.93491524	      0.86012359	     -0.40788173	     24.63826766	    -15.24869812	     -8.55885008	     53.51023839	      0.93392984	     19.17753741	     -4.00864137	     -7.49999987	     32.01285597	     -3.40596127	     -1.05911446	     91.18916040	      1.59155109	    -31.15216198	      3.15838995	      4.84472957	     11.11401475	    -23.23202646	     13.91511879	     62.05586210	     95.82857940	    -11.43286455	    -39.49699635	    383.52781196	     51.97448053	     74.00517608
      1.57083330	     -7.36225812	      3.88064257	     -6.63381432	      1.95763522	      0.85831869	     -0.40561895	     23.03731780	    -15.47857878	     -8.59025021	     53.84051902	      0.93969433	     19.31069431	     -3.70130931	     -7.49999987	     34.41260233	     -3.77676435	     -0.84369146	     92.95832649	      1.62242886	    -31.37114790	      2.55277545	      5.94163244	     13.85148062	    -22.50273161	     14.53905982	     64.08173102	     95.34540017	    -13.21636678	    -40.38501439	    383.70677502	     49.23148433	     73.12497026
      1.57500000	     -7.44608757	      4.13560230	     -6.99865692	      1.98016992	      0.85653293	     -0.40364264	     21.79378699	    -15.90368870	     -8.43260127	     54.24215418	      0.94670418	     19.84456816	     -2.96970517	     -7.49999987	     37.13021507	     -3.84777144	     -0.68887913	     94.66507298	      1.65221721	    -31.36038763	      1.71213108	      6.64916218	     16.87806502	    -21.49820600	     14.96699105	     65.81175961	     97.95969795	    -15.70042943	    -41.37126411	    383.41238794	     47.42365367	     68.60516020
      1.57916670	     -7.49442767	      4.33599090	     -7.26176137	      2.00308819	      0.85555127	     -0.40187726	     20.33567305	    -16.46543769	     -8.50277624	     54.16698096	      0.94539216	     19.78245150	     -1.79310650	     -7.49999987	     39.89214890	     -4.11132689	     -0.58838264	     96.36109411	      1.68181836	    -31.33648873	      0.94597189	      7.47096519	     19.63549762	    -20.65161249	     15.36279714	     67.79661773	     97.57283513	    -18.01048078	    -42.34374069	    382.82254628	     45.76135395	     67.84119963
      1.58333330	     -7.42502875	      4.62806418	     -7.82417742	      2.02607084	      0.85587924	     -0.39971641	     18.80258972	    -17.00047189	     -8.26037787	     53.92284967	      0.94113127	     19.11725467	     -1.48419735	     -7.49999987	     42.32687099	     -4.43360878	     -0.80303621	     97.72072103	      1.70554833	    -31.41205905	     -0.13347120	      8.79845827	     22.16317920	    -19.80480598	     15.08179409	     69.61408158	     96.35348358	    -19.84210399	    -43.59278637	    382.72326784	     44.67780281	     67.54382326
      1.58750000	     -7.59348924	      4.96125395	     -7.96678557	      2.04892839	      0.85517383	     -0.39839967	     17.37147749	    -17.84347202	     -8.58979253	     53.45695281	      0.93299983	     18.65202395	      0.85752439	     -7.49999987	     45.32087960	     -4.41343664	     -0.63962482	     99.36864905	      1.73431010	    -31.28265086	     -0.94019753	      9.20808288	     25.06881966	    -19.03727408	     15.72985406	     71.89288235	     96.79430371	    -22.58092992	    -44.25287699	    380.63632931	     43.51737098	     66.43058906
      1.59166670	     -7.55623879	      5.55404362	     -8.42581945	      2.07170933	      0.85494915	     -0.39612694	     15.53886758	    -18.65985724	     -8.60946114	     51.99502858	      0.90748444	     18.12404828	      2.01166083	     -7.49999987	     47.80327452	     -4.53118402	     -1.05795659	    100.63034496	      1.75633085	    -31.31370426	     -2.37458427	      9.19958877	     28.48095001	    -17.49687089	     16.23488755	     73.01748716	     98.81833424	    -26.42840607	    -44.71019166	    376.14232912	     43.70102841	     64.89742365
      1.59583330	     -7.91242849	      6.15558992	     -8.62039166	      2.09476282	      0.85477881	     -0.39450216	     13.83238685	    -19.54980224	     -9.05165101	     49.82649609	      0.86963641	     16.01658368	      3.28429833	     -7.49999987	     50.76535920	     -4.64600252	     -1.39921228	    101.87308628	      1.77802077	    -30.80226726	     -3.61031488	     10.03613473	     30.84660320	    -16.78951479	     15.89038966	     74.99529212	     97.88507178	    -27.89782879	    -45.61918418	    374.47570499	     42.86940183	     64.51762311
      1.60000000	     -8.04513665	      6.54602980	     -8.90471671	      2.11777775	      0.85476499	     -0.39286280	     12.36966001	    -20.46926460	     -9.15244944	     49.37995059	      0.86184272	     15.43748307	      5.23307634	     -7.49999987	     53.47168282	     -5.08319451	     -1.78763284	    103.10841069	      1.79958125	    -30.50255496	     -4.70178269	     10.07072580	     34.04722550	    -15.53652485	     16.39720490	     76.12533169	     98.44537947	    -31.33264532	    -45.65438306	    368.49474177	     43.23396171	     64.11281475
      1.60416670	     -8.51090453	      6.91203669	     -9.28695603	      2.14086037	      0.85349597	     -0.39140481	     11.15199526	    -21.17694083	     -9.29915094	     48.35086004	      0.84388170	     14.08487083	      6.70278977	     -7.49999987	     56.63001455	     -5.65422676	     -2.16398343	    104.47299650	      1.82339777	    -29.87950193	     -5.70840245	     10.71159580	     36.72587684	    -14.72434074	     16.32615503	     78.03476185	     98.02531797	    -33.61129252	    -45.65849791	    362.62161208	     43.18785754	     64.31548744
      1.60833330	     -8.74017529	      7.16320540	     -9.54973980	      2.16431628	      0.85495212	     -0.39037826	      9.48237069	    -21.87217115	     -9.74979434	     47.11472470	      0.82230707	     12.12971388	      8.55592546	     -7.49999987	     59.46826168	     -6.21065252	     -2.53280152	    105.54248906	      1.84206393	    -29.56118777	     -6.53461212	     10.83197686	     39.89158593	    -13.81922044	     16.87987970	     79.41500110	     97.98482178	    -36.51598290	    -44.84153715	    352.88466782	     43.67323879	     69.69781398
      1.61250000	     -9.13219268	      7.52045736	     -9.83789327	      2.18799034	      0.85507448	     -0.38917822	      7.54991128	    -22.48136012	    -10.42697252	     44.77687725	      0.78150394	     10.26443056	     10.20745984	     -7.49999987	     62.44838211	     -6.75644635	     -2.95906231	    106.58114456	      1.86019189	    -28.95475228	     -7.41875437	     11.19170236	     42.66081618	    -13.04026691	     17.03752606	     81.04736551	     97.66843324	    -39.09813276	    -44.52010500	    344.52644671	     45.41935656	     69.64232115
      1.61666670	     -9.59134747	      8.00993140	    -10.11961886	      2.21224912	      0.85581354	     -0.38775859	      5.64453213	    -23.07498149	    -10.81394631	     42.32007289	      0.73862461	      8.32992365	     11.55897825	     -7.49999987	     65.22704210	     -7.25953793	     -3.56506892	    107.27216488	      1.87225247	    -28.20143958	     -8.47132752	     11.63869616	     45.10521135	    -12.33193312	     16.87539425	     82.96113478	     97.50613475	    -40.47870184	    -43.40920387	    333.40472967	     47.09882073	     70.07132782
      1.62083330	    -10.00578002	      8.50098545	    -10.43324220	      2.23659512	      0.85572287	     -0.38633401	      3.71359291	    -23.65140534	    -10.87235891	     40.00467034	      0.69821321	      6.38200588	     12.85221950	     -7.49999987	     67.82378945	     -7.77815304	     -4.20310239	    107.84586150	      1.88226537	    -27.42480340	     -9.54300918	     12.11230447	     47.44969762	    -11.71310506	     16.63263037	     84.92348069	     97.92143655	    -40.85153210	    -41.79871209	    320.80768968	     49.70016560	     75.83469823
      1.62500000	    -10.41022200	      9.01760257	    -10.78695021	      2.26120256	      0.85675000	     -0.38479727	      1.66809370	    -24.16816355	    -10.90978971	     37.22436204	      0.64968768	      3.77393965	     14.03201917	     -7.49999987	     70.16962622	     -8.34986219	     -4.93237871	    108.05679543	      1.88594686	    -26.64902311	    -10.71747018	     12.71860183	     49.58843643	    -11.30896862	     16.37929492	     86.92298081	     97.67741357	    -41.62064635	    -40.90502482	    310.67068671	     53.99170036	     75.68072291
      1.62916670	    -10.86570992	      9.45018831	    -11.12751766	      2.28575114	      0.85557633	     -0.38326657	     -0.31935862	    -24.54957331	    -10.77900351	     34.47991713	      0.60178808	      1.05090701	     15.08459333	     -7.49999987	     72.49428811	     -8.92182282	     -5.53202379	    108.23307833	      1.88902358	    -25.74706362	    -11.82456730	     13.35287452	     51.64519578	    -11.04412596	     16.19930358	     89.12027257	     97.36449701	    -43.33073876	    -40.86552617	    303.66837901	     58.92981164	     74.87105905
      1.63333330	    -11.24022195	      9.96951698	    -11.48203145	      2.31065563	      0.85732581	     -0.38147252	     -2.36917813	    -24.90267833	    -10.57428039	     31.37711590	      0.54763398	     -2.40975105	     16.01999246	     -7.49999987	     74.30132292	     -9.45213412	     -6.30889506	    107.77656013	      1.88105583	    -24.87804563	    -13.04956431	     14.07391917	     53.40797517	    -10.91390329	     15.88421970	     91.34558708	     97.16416155	    -44.45985005	    -41.07012685	    297.74998021	     63.63669864	     74.16983137
      1.63750000	    -11.73759128	     10.36852686	    -11.75191816	      2.33530923	      0.85628973	     -0.37977838	     -4.28179328	    -25.10980175	    -10.28718661	     28.42675923	      0.49614054	     -6.09112971	     16.70905234	     -7.49999987	     76.07402692	     -9.96917340	     -6.93203973	    107.22523972	      1.87143347	    -23.83652024	    -14.04334215	     14.75405708	     55.02324450	    -10.83469429	     15.70483638	     93.54678298	     97.20585327	    -45.58322379	    -41.51564313	    293.20503455	     67.57176707	     73.51465677
      1.64166670	    -12.20226458	     10.73916012	    -11.86501878	      2.36000531	      0.85660465	     -0.37826058	     -6.10569143	    -25.22382246	     -9.69561175	     25.91337580	      0.45227373	     -9.50532223	     17.01725750	     -7.49999987	     77.67738152	    -10.35266137	     -7.53882675	    106.32342583	      1.85569385	    -22.90111014	    -14.95757791	     15.18824453	     56.45511128	    -10.80030151	     15.64478270	     95.73036893	     96.94365217	    -46.82710017	    -42.08736816	    289.94237147	     70.85237270	     72.67314884
      1.64583330	    -12.54502488	     11.19682979	    -12.04241518	      2.38458237	      0.85639512	     -0.37645718	     -7.90896795	    -25.46076033	     -9.26582212	     23.43831125	      0.40907570	    -12.94127273	     17.33256592	     -7.49999987	     79.23722130	    -10.73864521	     -8.11973182	    105.43226527	      1.84014017	    -22.12089830	    -16.04498045	     15.43975184	     57.80605616	    -10.73578037	     15.69116123	     97.82793820	     96.73418163	    -49.46067537	    -42.96939996	    287.74920917	     73.50002625	     71.62166273
      1.65000000	    -12.83285235	     11.74577040	    -12.31442046	      2.40915654	      0.85574949	     -0.37444157	     -9.48503491	    -25.76046372	     -8.70722362	     21.27254272	      0.37127591	    -16.72450548	     17.26843071	     -7.49999987	     80.42506990	    -11.13394390	     -8.83260697	    104.18504031	      1.81837198	    -21.26543880	    -17.24761886	     15.77483213	     58.95656375	    -10.79439665	     15.75942858	    100.12262128	     96.42647173	    -51.62538123	    -43.71400988	    285.61774969	     75.71673110	     70.98804144
      1.65416670	    -13.13787652	     12.30609590	    -12.51779593	      2.43347851	      0.85444485	     -0.37259383	    -10.84768720	    -26.07154104	     -7.90869127	     19.52399246	      0.34075795	    -20.46630050	     17.25996021	     -7.49999987	     81.73155332	    -11.52472766	     -9.46192636	    102.93413521	      1.79653957	    -20.48512154	    -18.40314555	     15.94963842	     59.92775141	    -10.85806316	     15.85534165	    102.50506043	     96.20515951	    -53.04142706	    -44.15257258	    284.33529889	     77.18809557	     70.55454483
      1.65833330	    -13.54959869	     12.72192663	    -12.75059501	      2.45797949	      0.85379853	     -0.37098019	    -11.93452920	    -26.18758250	     -6.88719571	     18.01734003	      0.31446191	    -24.00231961	     16.61011471	     -7.49999987	     82.49171727	    -11.92309799	    -10.10025825	    101.04965964	      1.76364927	    -19.54477483	    -19.27932525	     16.24788459	     60.63054998	    -11.02540307	     16.12556170	    104.81343174	     96.01302379	    -54.03268612	    -44.33120079	    282.95882161	     78.28471580	     70.17061593
      1.66250000	    -14.02681683	     12.91432637	    -12.80991004	      2.48260057	      0.85380468	     -0.36989700	    -12.81758891	    -26.02744972	     -5.69029013	     17.05812381	      0.29772042	    -27.50252042	     15.61414746	     -7.49999987	     82.88850239	    -12.23639666	    -10.67109638	     98.68384774	      1.72235806	    -18.62447907	    -19.80223539	     16.38647927	     61.06088280	    -11.28297460	     16.47928736	    107.00049961	     96.06187361	    -54.58013311	    -44.19958001	    282.20418190	     78.94578819	     69.88543684
      1.66666670	    -14.35924214	     13.20130637	    -12.83502124	      2.50717767	      0.85418231	     -0.36879773	    -13.65706523	    -25.98628477	     -4.58073472	     16.53220321	      0.28854138	    -30.28745066	     15.21017464	     -7.49999987	     83.22626064	    -12.48342836	    -11.18445831	     96.35907209	      1.68178307	    -18.01063656	    -20.50799459	     16.29726722	     61.18091713	    -11.54602052	     16.90942179	    109.24676904	     96.24416311	    -54.83220483	    -43.76447861	    281.70359097	     79.46921074	     69.76627475
      1.67083330	    -14.67198449	     13.41792849	    -12.90128952	      2.53197582	      0.85497468	     -0.36768157	    -14.32431322	    -25.82230118	     -3.35016469	     16.26463968	      0.28387151	    -32.81989751	     14.20290485	     -7.49999987	     83.44505517	    -12.69704397	    -11.58226143	     93.96675710	      1.64002930	    -17.41459078	    -21.16289877	     16.34660721	     60.78360234	    -12.00725406	     17.31004164	    111.58295599	     96.00519551	    -52.74434870	    -42.72717564	    281.88725766	     79.69029807	     69.63403669
      1.67500000	    -14.95341244	     13.33574333	    -12.93227598	      2.55694157	      0.85509527	     -0.36699712	    -14.74228412	    -25.42294017	     -2.19492572	     16.85580832	      0.29418935	    -34.77275723	     14.01800517	     -7.49999987	     83.14373940	    -12.74778287	    -11.70055700	     91.17381480	      1.59128326	    -16.90780978	    -21.35054671	     16.40589499	     60.29364971	    -12.44031803	     17.91267663	    113.73878749	     95.86375627	    -51.12459830	    -41.31550697	    279.71595050	     80.24166965	     69.47022935
      1.67916670	    -15.16192462	     13.19342170	    -12.97016595	      2.58215631	      0.85604460	     -0.36621856	    -14.97231422	    -24.87592139	     -0.86702242	     17.88867736	      0.31221632	    -36.79457959	     13.00486062	     -7.49999987	     82.76222923	    -12.89376569	    -11.76193130	     88.45666478	      1.54386005	    -16.51463738	    -21.55849082	     16.25313680	     59.34222194	    -12.87908835	     18.61151580	    115.48765691	     95.26993136	    -51.12133426	    -39.94784181	    279.64619239	     80.14513894	     69.65279722
      1.68333330	    -15.30041442	     13.10431953	    -12.98749970	      2.60751028	      0.85807420	     -0.36531971	    -14.98232722	    -24.42065602	      0.11284237	     19.48824345	      0.34013401	    -37.78240748	     12.86747802	     -7.49999987	     82.37902579	    -12.86144988	    -11.61588356	     85.83932484	      1.49817885	    -16.29083473	    -21.88511894	     16.11657951	     57.88588270	    -13.41091367	     19.48572701	    117.11679743	     95.05669108	    -50.63966012	    -38.53936186	    281.81980820	     79.24880048	     70.04044528
      1.68750000	    -15.24758861	     13.07505460	    -13.08185248	      2.63274614	      0.85919403	     -0.36408065	    -14.84474925	    -24.09033853	      0.73063997	     21.68995639	      0.37856115	    -38.31328927	     13.15385398	     -7.49999987	     82.10164973	    -12.73681642	    -11.21135662	     83.67353951	      1.46037876	    -16.25603448	    -22.40534560	     15.80634711	     56.15577391	    -13.80037292	     20.55795949	    118.48702675	     94.63100242	    -50.31373189	    -36.97426916	    284.97399340	     77.82448396	     70.48179462
      1.69166670	    -15.37572005	     12.80281568	    -13.30109373	      2.65839635	      0.86053647	     -0.36285393	    -14.11817054	    -23.48917792	      1.48089674	     24.49872925	      0.42758349	    -38.86130831	     13.26596367	     -7.49999987	     81.33531075	    -12.67168979	    -10.61160010	     80.89000008	      1.41179683	    -15.88134819	    -22.53674635	     15.72312416	     53.94542344	    -14.10717665	     22.01160012	    119.39354932	     95.53451169	    -51.31289952	    -35.92894150	    290.30671526	     75.50397684	     70.98500540
      1.69583330	    -15.55011596	     12.58977798	    -13.35592047	      2.68396668	      0.86218542	     -0.36160180	    -13.13870415	    -22.89906791	      1.91591327	     27.58475199	      0.48144475	    -39.00085854	     13.88143547	     -7.49999987	     80.41810249	    -12.46050543	    -10.04602418	     77.95442170	      1.36056133	    -15.41176137	    -22.75996090	     15.46172979	     51.43158701	    -14.44454527	     23.99688783	    119.89111086	     95.69869019	    -51.65100819	    -35.01868393	    296.34837898	     72.95936936	     71.11146796
      1.70000000	    -15.84736699	     12.37551852	    -13.37221238	      2.70968156	      0.86308162	     -0.36030099	    -11.83458021	    -22.30046090	      2.18563952	     31.14779819	      0.54363163	    -38.68334418	     14.43494871	     -7.49999987	     79.43372080	    -12.18291408	     -9.36708940	     74.81460963	      1.30576127	    -14.71069398	    -23.01548529	     15.14990859	     48.52501061	    -14.64020804	     26.43893686	    120.01848408	     93.15407417	    -51.18844130	    -34.15271922	    302.43746467	     70.05934610	     70.91958593
      1.70416670	    -16.49693149	     12.15925980	    -13.23613678	      2.73554219	      0.86302747	     -0.35900495	     -9.97003714	    -21.61247898	      2.31360412	     35.05473556	      0.61182055	    -38.15506651	     14.80080708	     -7.49999987	     78.66107422	    -11.90114145	     -8.61739332	     71.49415283	      1.24780836	    -13.50757120	    -23.25061670	     14.68496014	     45.29789877	    -14.59953591	     29.03797172	    119.42009989	     95.17075486	    -50.87064061	    -33.47592551	    308.20151681	     67.48149952	     70.72507714
      1.70833330	    -17.29467225	     11.96674507	    -12.99200544	      2.76176196	      0.86281318	     -0.35784010	     -7.85425671	    -20.92394561	      2.27675465	     39.21393112	      0.68441221	    -37.40936962	     15.29196389	     -7.49999987	     77.78453034	    -11.53298678	     -7.86626564	     67.82269750	      1.18372938	    -12.03008661	    -23.56159946	     14.08666350	     41.94195817	    -14.45209227	     32.22299899	    118.17853930	     94.74090387	    -50.22517181	    -33.06224657	    313.77939698	     65.09247924	     70.50661924
      1.71250000	    -18.33307893	     11.78944322	    -12.55249372	      2.78848642	      0.86243003	     -0.35685224	     -5.50398947	    -20.25796627	      1.93412006	     43.40418005	      0.75754585	    -36.70888912	     15.74679931	     -7.49999987	     77.05750717	    -11.13996529	     -7.15321717	     63.98566488	      1.11676053	    -10.26552243	    -23.93146117	     13.34156370	     38.36636727	    -14.13808550	     35.78592589	    116.36293217	     91.94654710	    -49.60695624	    -33.23339261	    319.74232292	     63.17889984	     70.31553654
      1.71666670	    -19.80864585	     11.61518087	    -12.08960365	      2.81552269	      0.86115538	     -0.35583708	     -2.54222003	    -19.51639024	      1.69696234	     47.55035393	      0.82991024	    -36.23574478	     16.09649683	     -7.49999987	     76.60624363	    -10.88552142	     -6.45304276	     59.84822029	      1.04454850	     -7.92000060	    -24.40073495	     12.94083617	     34.18270644	    -13.70070475	     38.82792523	    114.32514638	     94.17702709	    -48.07931531	    -33.69537747	    325.24124783	     61.50017871	     70.02525107
