PathFileType  4	(X/Y/Z) /workspace/Data/0bb06e95-9abd-4511-9c1c-ff42f7dfbbb3/MarkerData/PostAugmentation
DataRate	CameraRate	NumFrames	NumMarkers	Units	OrigDataRate	OrigDataStartFrame	OrigNumFrames
240.0	240.0	413	36	m	240.0	1	413
Frame#	Time	r.ASIS_study			L.ASIS_study			r.PSIS_study			L.PSIS_study			r_knee_study			r_mknee_study			r_ankle_study			r_mankle_study			r_toe_study			r_5meta_study			r_calc_study			L_knee_study			L_mknee_study			r_shoulder_study			L_shoulder_study			C7_study			r_thigh1_study			r_thigh2_study			r_thigh3_study			L_thigh1_study			L_thigh2_study			L_thigh3_study			r_sh1_study			r_sh2_study			r_sh3_study			RHJC_study			LHJC_study			r_lelbow_study			r_melbow_study			r_lwrist_study			r_mwrist_study			L_lelbow_study			L_melbow_study			L_lwrist_study			L_mwrist_study			blade_keel			
		X1	Y1	Z1	X2	Y2	Z2	X3	Y3	Z3	X4	Y4	Z4	X5	Y5	Z5	X6	Y6	Z6	X7	Y7	Z7	X8	Y8	Z8	X9	Y9	Z9	X10	Y10	Z10	X11	Y11	Z11	X12	Y12	Z12	X13	Y13	Z13	X14	Y14	Z14	X15	Y15	Z15	X16	Y16	Z16	X17	Y17	Z17	X18	Y18	Z18	X19	Y19	Z19	X20	Y20	Z20	X21	Y21	Z21	X22	Y22	Z22	X23	Y23	Z23	X24	Y24	Z24	X25	Y25	Z25	X26	Y26	Z26	X27	Y27	Z27	X28	Y28	Z28	X29	Y29	Z29	X30	Y30	Z30	X31	Y31	Z31	X32	Y32	Z32	X33	Y33	Z33	X34	Y34	Z34	X35	Y35	Z35	X36	Y36	Z36	

1	0.0000000	-4.2703208	0.8760757	-0.6057499	-4.2420595	0.9060936	-0.8499280	-4.3337487	1.0481653	-0.6689488	-4.3229651	1.0592272	-0.7628331	-4.4187318	0.4822719	-0.5408291	-4.4069287	0.4785554	-0.6608969	-4.8303239	0.2918283	-0.5860821	-4.8115874	0.2888975	-0.6811279	-4.8181462	0.1907442	-0.6300555	-4.8441862	0.2099206	-0.5661761	-4.8749006	0.3217628	-0.6485121	-4.2286314	0.5503756	-0.9590136	-4.2307316	0.5165816	-0.8541131	-3.8265301	1.0653509	-0.5416898	-3.7858361	1.1102185	-0.8086600	-3.8043000	1.1572994	-0.6527014	-4.3160658	0.7281919	-0.5579141	-4.3608034	0.6326853	-0.5265536	-4.4190123	0.7676354	-0.5338824	-4.2442609	0.8119552	-0.9146201	-4.2406820	0.7159204	-0.9510174	-4.3286303	0.8206975	-0.9404055	-4.5416006	0.4062533	-0.5448986	-4.6540326	0.3371580	-0.5517807	-4.6706567	0.3863224	-0.5350684	-4.3775853	0.9061419	-0.6671113	-4.3603112	0.9238059	-0.8140836	-4.0280433	0.7081486	-0.3987935	-4.0964954	0.7329453	-0.4380183	-3.9400995	0.6063389	-0.5821298	-3.9755016	0.5593106	-0.5405446	-4.1392268	1.2440720	-0.9709306	-4.1554389	1.2311422	-0.9369589	-4.3749885	1.2639820	-1.0540918	-4.3841115	1.3120309	-1.0373770	-4.7723582	0.2913158	-0.9700994	
2	0.0041667	-4.2615895	0.8701702	-0.5993823	-4.2316665	0.9111018	-0.8570707	-4.3393756	1.0469013	-0.6616125	-4.3275998	1.0618812	-0.7616672	-4.3906205	0.4886456	-0.5565384	-4.3702722	0.4846734	-0.6684345	-4.7793198	0.2938154	-0.6043198	-4.7571113	0.2860031	-0.6945955	-4.7706555	0.1850725	-0.6475616	-4.7887288	0.2015925	-0.5907707	-4.8148654	0.3232654	-0.6641033	-4.1765953	0.5769506	-0.9563969	-4.1794451	0.5440562	-0.8587310	-3.8377888	1.0510065	-0.5109988	-3.8171188	1.1147589	-0.8079429	-3.8347392	1.1650254	-0.6366906	-4.3176787	0.7417154	-0.5667915	-4.3514411	0.6433012	-0.5412971	-4.4084686	0.7645468	-0.5450473	-4.2168185	0.8467241	-0.9073191	-4.2020140	0.7462383	-0.9445153	-4.3063481	0.8251085	-0.9394785	-4.5001535	0.4055649	-0.5588780	-4.6056811	0.3290723	-0.5640971	-4.6268343	0.3950098	-0.5543103	-4.3715297	0.9025410	-0.6632447	-4.3533846	0.9271287	-0.8183120	-4.0084333	0.7385429	-0.3831612	-4.0868808	0.7541671	-0.4369068	-3.9340655	0.6255048	-0.5885123	-3.9765031	0.5673524	-0.5395035	-4.1152428	1.2384266	-0.9463585	-4.1186440	1.2299880	-0.9287692	-4.3492669	1.2851780	-1.0447467	-4.3587097	1.3323385	-1.0230775	-4.7426067	0.2918734	-0.9642824	
3	0.0083333	-4.2509482	0.8740700	-0.5979197	-4.2245644	0.9185519	-0.8649449	-4.3399078	1.0449953	-0.6595691	-4.3297492	1.0621654	-0.7638635	-4.3718441	0.5033706	-0.5619955	-4.3545619	0.4960919	-0.6723720	-4.7596744	0.3002073	-0.6053916	-4.7393090	0.2884199	-0.6932695	-4.7579004	0.1925254	-0.6432162	-4.7727859	0.2110880	-0.5903940	-4.7929625	0.3265420	-0.6652298	-4.1414105	0.5804285	-0.9468743	-4.1416166	0.5509000	-0.8475962	-3.8334239	1.0543269	-0.5123518	-3.8296162	1.1264041	-0.8112283	-3.8457068	1.1753770	-0.6375014	-4.3046366	0.7532492	-0.5698396	-4.3356379	0.6569668	-0.5464723	-4.3947705	0.7694569	-0.5463682	-4.1990151	0.8556895	-0.9042783	-4.1781351	0.7518613	-0.9398719	-4.2933756	0.8201735	-0.9389777	-4.4814241	0.4186929	-0.5624484	-4.5872918	0.3385370	-0.5661089	-4.6057609	0.4071183	-0.5592475	-4.3634430	0.8997046	-0.6593455	-4.3473970	0.9265672	-0.8202444	-3.9903410	0.7538481	-0.3737420	-4.0724523	0.7689866	-0.4414042	-3.9181292	0.6446492	-0.5999772	-3.9526602	0.5767792	-0.5487528	-4.1024877	1.2410322	-0.9555468	-4.1057619	1.2386152	-0.9406007	-4.3337431	1.3027424	-1.0456885	-4.3453127	1.3469145	-1.0250028	-4.7132240	0.2923449	-0.9585582	
4	0.0125000	-4.2444442	0.8734327	-0.5954337	-4.2129658	0.9189035	-0.8700421	-4.3383400	1.0441608	-0.6563793	-4.3263669	1.0618767	-0.7636919	-4.3739840	0.5086688	-0.5623886	-4.3543063	0.4996934	-0.6741514	-4.7603163	0.3058086	-0.6079766	-4.7370481	0.2923106	-0.6957377	-4.7570820	0.1968786	-0.6453807	-4.7733167	0.2151561	-0.5926079	-4.7926636	0.3318169	-0.6681464	-4.1137377	0.5845551	-0.9444618	-4.1116626	0.5567590	-0.8431969	-3.8303612	1.0416835	-0.5195554	-3.8342936	1.1248292	-0.8097231	-3.8486774	1.1681021	-0.6383568	-4.3007464	0.7539064	-0.5669276	-4.3345873	0.6600989	-0.5449012	-4.3943327	0.7721334	-0.5442178	-4.1819011	0.8593683	-0.9039976	-4.1576319	0.7553096	-0.9393561	-4.2804721	0.8189413	-0.9415688	-4.4843262	0.4253821	-0.5636256	-4.5899083	0.3452354	-0.5675523	-4.6086010	0.4131377	-0.5616421	-4.3577228	0.8983567	-0.6568370	-4.3385886	0.9257542	-0.8222730	-3.9710617	0.7638882	-0.3678451	-4.0579874	0.7766616	-0.4397928	-3.8986288	0.6570239	-0.6025700	-3.9281919	0.5840537	-0.5525753	-4.0961659	1.2463903	-0.9620611	-4.0969690	1.2495214	-0.9528248	-4.3192086	1.3212569	-1.0506133	-4.3298700	1.3619489	-1.0318654	-4.6844744	0.2926545	-0.9530088	
5	0.0166667	-4.2362657	0.8779902	-0.5933580	-4.2033060	0.9237748	-0.8708049	-4.3338444	1.0441928	-0.6562202	-4.3213164	1.0619383	-0.7646056	-4.3766788	0.5141312	-0.5638301	-4.3568304	0.5036791	-0.6755964	-4.7615008	0.3065068	-0.6078702	-4.7376720	0.2911382	-0.6947946	-4.7543076	0.1995596	-0.6440208	-4.7721335	0.2179494	-0.5924717	-4.7957829	0.3300059	-0.6677849	-4.0936466	0.5898971	-0.9386190	-4.0921606	0.5636291	-0.8361945	-3.8233745	1.0470110	-0.5269056	-3.8401403	1.1362433	-0.8090624	-3.8507906	1.1755313	-0.6409485	-4.2967581	0.7583805	-0.5676568	-4.3332101	0.6652017	-0.5459333	-4.3909978	0.7759571	-0.5443409	-4.1701309	0.8649845	-0.9002046	-4.1425699	0.7605471	-0.9351627	-4.2680133	0.8198505	-0.9423321	-4.4869490	0.4307563	-0.5647450	-4.5919104	0.3489338	-0.5679202	-4.6115589	0.4165290	-0.5632671	-4.3506776	0.8997641	-0.6565070	-4.3307283	0.9272973	-0.8236183	-3.9512955	0.7748520	-0.3652116	-4.0390042	0.7830421	-0.4350016	-3.8765170	0.6720817	-0.6013930	-3.9019644	0.5980235	-0.5537182	-4.0919351	1.2550660	-0.9653641	-4.0893716	1.2600589	-0.9598024	-4.3057885	1.3428718	-1.0533500	-4.3151744	1.3790331	-1.0368577	-4.6565879	0.2927421	-0.9477084	
6	0.0208333	-4.2281699	0.8778383	-0.5928365	-4.1941169	0.9262106	-0.8708053	-4.3295578	1.0415775	-0.6559562	-4.3167680	1.0604245	-0.7644313	-4.3779336	0.5094966	-0.5632302	-4.3576458	0.4992571	-0.6750545	-4.7621686	0.3017102	-0.6078770	-4.7377012	0.2862344	-0.6945655	-4.7532288	0.1966978	-0.6448012	-4.7722470	0.2144489	-0.5926900	-4.7975244	0.3239731	-0.6669824	-4.0783167	0.5950239	-0.9353963	-4.0774439	0.5683964	-0.8304868	-3.8187242	1.0502240	-0.5331695	-3.8426251	1.1445718	-0.8062581	-3.8504109	1.1793210	-0.6422677	-4.2907505	0.7532350	-0.5680504	-4.3302493	0.6603600	-0.5457862	-4.3876562	0.7734693	-0.5438585	-4.1596283	0.8673575	-0.8982147	-4.1303411	0.7641391	-0.9332564	-4.2571179	0.8215713	-0.9440053	-4.4890807	0.4268711	-0.5645532	-4.5938213	0.3447257	-0.5678864	-4.6135330	0.4121584	-0.5634887	-4.3433961	0.8977537	-0.6568105	-4.3227856	0.9268360	-0.8241748	-3.9311774	0.7804253	-0.3653824	-4.0179169	0.7833951	-0.4315596	-3.8531113	0.6826862	-0.6000864	-3.8751717	0.6095017	-0.5544616	-4.0885996	1.2637518	-0.9671111	-4.0828793	1.2676262	-0.9637927	-4.2924765	1.3618836	-1.0563295	-4.3004469	1.3937179	-1.0415963	-4.6297394	0.2925651	-0.9427193	
7	0.0250000	-4.2201560	0.8759299	-0.5918180	-4.1842626	0.9265367	-0.8703517	-4.3240178	1.0386213	-0.6563075	-4.3106178	1.0583398	-0.7648550	-4.3791441	0.5058022	-0.5625922	-4.3582167	0.4956413	-0.6750829	-4.7633672	0.3011686	-0.6071490	-4.7383465	0.2854294	-0.6942524	-4.7518305	0.1970971	-0.6444216	-4.7721610	0.2152652	-0.5918582	-4.8001325	0.3228243	-0.6661423	-4.0684560	0.5973389	-0.9335614	-4.0686266	0.5706466	-0.8267660	-3.8110220	1.0532688	-0.5372173	-3.8425944	1.1506850	-0.8053658	-3.8474211	1.1829237	-0.6431818	-4.2853061	0.7485376	-0.5683114	-4.3276258	0.6561245	-0.5454414	-4.3844624	0.7707316	-0.5431293	-4.1505453	0.8672877	-0.8971536	-4.1209441	0.7650831	-0.9323121	-4.2477384	0.8216860	-0.9458351	-4.4907222	0.4245418	-0.5640342	-4.5953057	0.3431942	-0.5673930	-4.6156266	0.4106213	-0.5630133	-4.3364187	0.8950413	-0.6573968	-4.3147325	0.9254677	-0.8250290	-3.9103479	0.7851107	-0.3662481	-3.9952129	0.7827182	-0.4288466	-3.8283486	0.6929266	-0.5991415	-3.8469442	0.6208301	-0.5547881	-4.0847824	1.2742396	-0.9677979	-4.0770274	1.2752025	-0.9660178	-4.2788709	1.3802779	-1.0593808	-4.2861167	1.4082178	-1.0458236	-4.6040328	0.2920986	-0.9380888	
8	0.0291667	-4.2120766	0.8753671	-0.5914150	-4.1755778	0.9274988	-0.8689981	-4.3186076	1.0360639	-0.6576680	-4.3049926	1.0563638	-0.7657408	-4.3779695	0.5031854	-0.5614896	-4.3565906	0.4931941	-0.6737905	-4.7620527	0.2993922	-0.6069120	-4.7366157	0.2834819	-0.6938318	-4.7480978	0.1969992	-0.6442372	-4.7694376	0.2149350	-0.5918460	-4.8000733	0.3196552	-0.6658028	-4.0574823	0.6009020	-0.9299712	-4.0589348	0.5742460	-0.8214142	-3.8032864	1.0602705	-0.5400217	-3.8418449	1.1579709	-0.8045479	-3.8442755	1.1894637	-0.6440420	-4.2796516	0.7454532	-0.5687307	-4.3238397	0.6531982	-0.5452201	-4.3797293	0.7687134	-0.5434048	-4.1417074	0.8682604	-0.8951976	-4.1110918	0.7670905	-0.9301049	-4.2378952	0.8222819	-0.9466179	-4.4896327	0.4224241	-0.5631259	-4.5939186	0.3411913	-0.5666240	-4.6149907	0.4087355	-0.5628492	-4.3290235	0.8932090	-0.6584768	-4.3070019	0.9245646	-0.8254956	-3.8893386	0.7903574	-0.3680234	-3.9719097	0.7828814	-0.4278446	-3.8028741	0.7041638	-0.5991053	-3.8175349	0.6329292	-0.5556762	-4.0800918	1.2861629	-0.9683405	-4.0715283	1.2836965	-0.9676818	-4.2650308	1.3971479	-1.0626083	-4.2721805	1.4220495	-1.0499804	-4.5794933	0.2913326	-0.9338480	
9	0.0333333	-4.2041469	0.8737953	-0.5912714	-4.1668771	0.9277790	-0.8681585	-4.3135719	1.0335507	-0.6583144	-4.2997339	1.0546300	-0.7659827	-4.3752672	0.5009764	-0.5606208	-4.3534736	0.4915786	-0.6729688	-4.7600418	0.2996494	-0.6070947	-4.7341896	0.2840073	-0.6943492	-4.7440107	0.1967815	-0.6450244	-4.7662227	0.2149538	-0.5921073	-4.7989678	0.3198162	-0.6659455	-4.0460087	0.6078549	-0.9275768	-4.0484335	0.5808393	-0.8169317	-3.7952609	1.0651948	-0.5419370	-3.8383559	1.1633404	-0.8037049	-3.8390912	1.1941540	-0.6441647	-4.2732066	0.7415524	-0.5688363	-4.3189985	0.6499066	-0.5448470	-4.3747380	0.7663305	-0.5434118	-4.1324593	0.8702219	-0.8942774	-4.1008774	0.7710607	-0.9290513	-4.2282975	0.8242322	-0.9477361	-4.4873751	0.4209649	-0.5625358	-4.5916175	0.3403016	-0.5663104	-4.6131246	0.4081332	-0.5627473	-4.3219292	0.8908801	-0.6592463	-4.2994331	0.9233967	-0.8258041	-3.8684515	0.7966056	-0.3698809	-3.9486692	0.7841372	-0.4277261	-3.7770196	0.7168910	-0.5996769	-3.7873756	0.6461534	-0.5570390	-4.0745013	1.2978019	-0.9683829	-4.0657686	1.2919692	-0.9691388	-4.2507032	1.4129090	-1.0656961	-4.2581453	1.4351743	-1.0536861	-4.5560680	0.2902686	-0.9300099	
10	0.0375000	-4.1967588	0.8739391	-0.5909805	-4.1585669	0.9295298	-0.8671403	-4.3078830	1.0329652	-0.6593902	-4.2937325	1.0546963	-0.7667088	-4.3733955	0.5007282	-0.5601157	-4.3513374	0.4916820	-0.6723581	-4.7585347	0.3008739	-0.6070586	-4.7324004	0.2851960	-0.6942948	-4.7409226	0.1990142	-0.6449017	-4.7638397	0.2170927	-0.5920444	-4.7981848	0.3201888	-0.6659606	-4.0355560	0.6137477	-0.9247966	-4.0390638	0.5869324	-0.8130091	-3.7860869	1.0714068	-0.5428117	-3.8346532	1.1694746	-0.8041074	-3.8336994	1.2006215	-0.6443029	-4.2678752	0.7403479	-0.5689315	-4.3150570	0.6490345	-0.5447363	-4.3698570	0.7657834	-0.5438210	-4.1239518	0.8729700	-0.8930009	-4.0914269	0.7750137	-0.9274195	-4.2189929	0.8263566	-0.9480713	-4.4855888	0.4212533	-0.5622044	-4.5898578	0.3409137	-0.5661183	-4.6117338	0.4088399	-0.5627266	-4.3150474	0.8903615	-0.6599814	-4.2920244	0.9238631	-0.8260617	-3.8479636	0.8052615	-0.3716936	-3.9257978	0.7878708	-0.4281948	-3.7509219	0.7329784	-0.6002753	-3.7563607	0.6626341	-0.5587283	-4.0676719	1.3106615	-0.9681654	-4.0593129	1.3018639	-0.9704119	-4.2361426	1.4282101	-1.0684344	-4.2440573	1.4485853	-1.0568241	-4.5336351	0.2889130	-0.9265711	
11	0.0416667	-4.1896171	0.8716003	-0.5908811	-4.1510446	0.9289146	-0.8661640	-4.3027969	1.0296706	-0.6603831	-4.2885124	1.0521201	-0.7673396	-4.3702431	0.4978687	-0.5599126	-4.3481712	0.4893824	-0.6718229	-4.7562287	0.2988903	-0.6071167	-4.7300540	0.2834270	-0.6941330	-4.7374400	0.1986090	-0.6450732	-4.7607111	0.2160727	-0.5922642	-4.7965619	0.3173318	-0.6658158	-4.0233561	0.6185857	-0.9221569	-4.0275488	0.5918239	-0.8092757	-3.7774959	1.0763332	-0.5439576	-3.8301113	1.1739656	-0.8045142	-3.8280554	1.2056008	-0.6448941	-4.2621888	0.7365186	-0.5693047	-4.3103698	0.6454823	-0.5449727	-4.3643989	0.7622896	-0.5445267	-4.1156871	0.8741682	-0.8920162	-4.0814767	0.7776102	-0.9260028	-4.2095935	0.8262375	-0.9482126	-4.4827304	0.4186819	-0.5621032	-4.5871751	0.3384535	-0.5660574	-4.6090665	0.4065404	-0.5629549	-4.3082892	0.8869809	-0.6607073	-4.2850496	0.9215550	-0.8262456	-3.8278268	0.8137338	-0.3735615	-3.9032212	0.7913644	-0.4289841	-3.7249733	0.7489072	-0.6008022	-3.7251971	0.6792599	-0.5604130	-4.0601342	1.3203912	-0.9676211	-4.0520794	1.3091141	-0.9717457	-4.2217172	1.4400068	-1.0707621	-4.2300444	1.4588351	-1.0593578	-4.5120193	0.2872722	-0.9235126	
12	0.0458333	-4.1831782	0.8703894	-0.5903973	-4.1435527	0.9296028	-0.8653498	-4.2979371	1.0281250	-0.6606886	-4.2832844	1.0513559	-0.7674843	-4.3672981	0.4962605	-0.5597448	-4.3451531	0.4882998	-0.6714827	-4.7542370	0.2995550	-0.6068993	-4.7280190	0.2842273	-0.6938417	-4.7349338	0.1997484	-0.6451730	-4.7583872	0.2170723	-0.5921792	-4.7948851	0.3178703	-0.6653307	-4.0107324	0.6255645	-0.9196514	-4.0154744	0.5988746	-0.8057067	-3.7688143	1.0810166	-0.5446029	-3.8246475	1.1785484	-0.8050339	-3.8218531	1.2107633	-0.6450867	-4.2569179	0.7338763	-0.5692893	-4.3060204	0.6431605	-0.5449443	-4.3595286	0.7601981	-0.5448504	-4.1074539	0.8774851	-0.8912336	-4.0714135	0.7823325	-0.9247406	-4.2002895	0.8277591	-0.9483088	-4.4801997	0.4177562	-0.5620980	-4.5849963	0.3379957	-0.5660597	-4.6066022	0.4063425	-0.5629079	-4.3021922	0.8849833	-0.6610220	-4.2783227	0.9207333	-0.8263381	-3.8080939	0.8236244	-0.3756365	-3.8807718	0.7963113	-0.4303643	-3.6991515	0.7678170	-0.6011467	-3.6937852	0.6991968	-0.5623423	-4.0516857	1.3316166	-0.9665232	-4.0436979	1.3181415	-0.9730186	-4.2070490	1.4531488	-1.0724930	-4.2157214	1.4707428	-1.0610780	-4.4910109	0.2853469	-0.9208025	
13	0.0500000	-4.1772248	0.8712765	-0.5895140	-4.1364134	0.9318284	-0.8642513	-4.2931896	1.0286737	-0.6609497	-4.2780893	1.0524595	-0.7676535	-4.3648325	0.4970652	-0.5596387	-4.3425904	0.4895147	-0.6711729	-4.7522913	0.3002523	-0.6062267	-4.7260303	0.2850112	-0.6929761	-4.7323634	0.2002299	-0.6445484	-4.7558872	0.2174180	-0.5915592	-4.7932567	0.3184654	-0.6645403	-3.9978233	0.6321131	-0.9170973	-4.0029920	0.6057058	-0.8024164	-3.7602122	1.0878304	-0.5451355	-3.8187270	1.1849688	-0.8059028	-3.8155623	1.2179933	-0.6455705	-4.2523236	0.7337670	-0.5690973	-4.3022609	0.6433261	-0.5448623	-4.3550567	0.7602529	-0.5450941	-4.0995997	0.8818826	-0.8902577	-4.0614632	0.7874908	-0.9232778	-4.1911688	0.8299696	-0.9480265	-4.4778614	0.4185827	-0.5619015	-4.5828085	0.3386325	-0.5656120	-4.6043627	0.4071556	-0.5626967	-4.2965343	0.8849811	-0.6610744	-4.2719581	0.9215608	-0.8262492	-3.7883139	0.8346930	-0.3783759	-3.8583329	0.8029486	-0.4324725	-3.6734576	0.7860897	-0.6011255	-3.6630340	0.7190983	-0.5636122	-4.0424183	1.3431489	-0.9651131	-4.0342250	1.3278207	-0.9742975	-4.1926249	1.4657520	-1.0739563	-4.2015171	1.4824785	-1.0625112	-4.4703878	0.2831276	-0.9183992	
14	0.0541667	-4.1715861	0.8733055	-0.5884577	-4.1298807	0.9354934	-0.8629578	-4.2887288	1.0302504	-0.6605593	-4.2733075	1.0546991	-0.7671616	-4.3616163	0.4978881	-0.5599264	-4.3394260	0.4909283	-0.6713396	-4.7492959	0.3000951	-0.6058135	-4.7231699	0.2851544	-0.6924534	-4.7290593	0.2001480	-0.6444337	-4.7523964	0.2170002	-0.5912706	-4.7906079	0.3182113	-0.6639140	-3.9837998	0.6399777	-0.9143703	-3.9892329	0.6137895	-0.7990145	-3.7515921	1.0943983	-0.5457169	-3.8120789	1.1910368	-0.8065518	-3.8085335	1.2249727	-0.6459395	-4.2473757	0.7342533	-0.5688651	-4.2979689	0.6438362	-0.5448936	-4.3503599	0.7609302	-0.5451832	-4.0917662	0.8879593	-0.8889859	-4.0511224	0.7941900	-0.9215448	-4.1819580	0.8334709	-0.9474079	-4.4746808	0.4191410	-0.5621282	-4.5797041	0.3387425	-0.5655860	-4.6011388	0.4074128	-0.5627393	-4.2910193	0.8861090	-0.6608071	-4.2659094	0.9236970	-0.8258215	-3.7684953	0.8463675	-0.3814853	-3.8355942	0.8104059	-0.4350315	-3.6480161	0.8048589	-0.6010125	-3.6328093	0.7398929	-0.5646147	-4.0320788	1.3542456	-0.9633225	-4.0233039	1.3373161	-0.9753699	-4.1778684	1.4780564	-1.0749782	-4.1868320	1.4941304	-1.0634328	-4.4499353	0.2805924	-0.9162543	
15	0.0583333	-4.1662400	0.8685286	-0.5875463	-4.1231683	0.9327421	-0.8619870	-4.2843246	1.0252533	-0.6601412	-4.2684063	1.0505476	-0.7667106	-4.3580624	0.4936428	-0.5598526	-4.3361317	0.4872195	-0.6712072	-4.7470045	0.2981683	-0.6050297	-4.7213645	0.2835253	-0.6916396	-4.7272116	0.1994993	-0.6440896	-4.7501952	0.2156182	-0.5906755	-4.7885424	0.3161901	-0.6626744	-3.9685096	0.6446629	-0.9120002	-3.9741606	0.6185138	-0.7962190	-3.7439192	1.0955833	-0.5465978	-3.8054329	1.1922968	-0.8072430	-3.8019227	1.2266490	-0.6465843	-4.2422965	0.7285160	-0.5687494	-4.2934535	0.6385946	-0.5448179	-4.3454704	0.7554231	-0.5450386	-4.0838828	0.8887987	-0.8879987	-4.0402787	0.7964922	-0.9200751	-4.1721472	0.8316915	-0.9467477	-4.4715988	0.4155443	-0.5621164	-4.5772150	0.3356337	-0.5654749	-4.5978480	0.4045641	-0.5623032	-4.2856335	0.8803960	-0.6605594	-4.2597025	0.9192348	-0.8255212	-3.7486783	0.8553975	-0.3846738	-3.8124808	0.8150122	-0.4374993	-3.6230893	0.8206451	-0.6011889	-3.6032934	0.7582439	-0.5655736	-4.0212153	1.3598501	-0.9614310	-4.0112723	1.3415972	-0.9765760	-4.1628758	1.4858557	-1.0757708	-4.1718957	1.5011775	-1.0640589	-4.4294633	0.2777066	-0.9143160	
16	0.0625000	-4.1604308	0.8665174	-0.5862918	-4.1163331	0.9324068	-0.8606745	-4.2794270	1.0232563	-0.6594281	-4.2631156	1.0492186	-0.7659587	-4.3541670	0.4927486	-0.5600829	-4.3323822	0.4866934	-0.6713255	-4.7440507	0.2984113	-0.6042609	-4.7188288	0.2839542	-0.6907691	-4.7243373	0.2005197	-0.6434426	-4.7469761	0.2160370	-0.5900016	-4.7859084	0.3163404	-0.6616437	-3.9525374	0.6521179	-0.9093185	-3.9583065	0.6262710	-0.7934253	-3.7350034	1.0990386	-0.5473437	-3.7982113	1.1952030	-0.8081817	-3.7944977	1.2305066	-0.6471873	-4.2372315	0.7262854	-0.5685284	-4.2888084	0.6367996	-0.5447960	-4.3403307	0.7531374	-0.5448624	-4.0761409	0.8927311	-0.8865420	-4.0292308	0.8017040	-0.9181415	-4.1620713	0.8324401	-0.9456080	-4.4679231	0.4149745	-0.5622866	-4.5739323	0.3352587	-0.5653732	-4.5941054	0.4043498	-0.5620487	-4.2800301	0.8777393	-0.6600538	-4.2534841	0.9176116	-0.8249695	-3.7291574	0.8678053	-0.3880578	-3.7892022	0.8233528	-0.4404979	-3.5990701	0.8408314	-0.6011250	-3.5745327	0.7815407	-0.5664707	-4.0095066	1.3675762	-0.9596405	-3.9980872	1.3481240	-0.9777849	-4.1478697	1.4948138	-1.0762507	-4.1569187	1.5099152	-1.0645019	-4.4088185	0.2744240	-0.9125321	
17	0.0666667	-4.1538337	0.8692023	-0.5846896	-4.1094514	0.9374988	-0.8594109	-4.2740374	1.0254915	-0.6578060	-4.2576044	1.0524093	-0.7644736	-4.3495194	0.4952708	-0.5607251	-4.3280330	0.4898470	-0.6720921	-4.7403176	0.3010046	-0.6032432	-4.7155171	0.2868144	-0.6898416	-4.7207510	0.2024458	-0.6428920	-4.7429435	0.2179358	-0.5891185	-4.7824175	0.3194700	-0.6603663	-3.9372583	0.6604124	-0.9067724	-3.9432291	0.6350096	-0.7904547	-3.7267971	1.1078044	-0.5482987	-3.7917305	1.2042993	-0.8095070	-3.7881175	1.2399460	-0.6479306	-4.2311993	0.7278615	-0.5682663	-4.2832457	0.6385934	-0.5448539	-4.3343812	0.7545541	-0.5442282	-4.0678361	0.8997142	-0.8853136	-4.0180926	0.8090789	-0.9164659	-4.1521357	0.8363982	-0.9445167	-4.4635384	0.4175790	-0.5626025	-4.5698485	0.3376541	-0.5651708	-4.5896611	0.4069835	-0.5617141	-4.2737289	0.8792273	-0.6589965	-4.2470116	0.9205755	-0.8241171	-3.7100692	0.8830429	-0.3918369	-3.7664682	0.8353933	-0.4440998	-3.5758796	0.8627997	-0.6009487	-3.5475009	0.8066613	-0.5669636	-3.9968754	1.3776751	-0.9576873	-3.9836528	1.3572846	-0.9786907	-4.1329668	1.5053726	-1.0762435	-4.1420224	1.5204165	-1.0643506	-4.3878920	0.2706909	-0.9108525	
18	0.0708333	-4.1465102	0.8695079	-0.5834228	-4.1021073	0.9410993	-0.8584123	-4.2681974	1.0255039	-0.6555713	-4.2517865	1.0537428	-0.7623272	-4.3449053	0.4954546	-0.5614064	-4.3235792	0.4908807	-0.6731021	-4.7366357	0.3004052	-0.6021299	-4.7121224	0.2866975	-0.6891286	-4.7169838	0.1999434	-0.6424744	-4.7388512	0.2156596	-0.5880129	-4.7790995	0.3200929	-0.6590294	-3.9216581	0.6677920	-0.9047737	-3.9274865	0.6425859	-0.7879677	-3.7184155	1.1136713	-0.5494450	-3.7842427	1.2108100	-0.8106008	-3.7807779	1.2463792	-0.6484799	-4.2243745	0.7265517	-0.5678885	-4.2772553	0.6377164	-0.5448257	-4.3280394	0.7537200	-0.5434418	-4.0592165	0.9051288	-0.8844676	-4.0067159	0.8151802	-0.9152453	-4.1418096	0.8392305	-0.9435200	-4.4592017	0.4176069	-0.5628749	-4.5657652	0.3372106	-0.5649157	-4.5853899	0.4067563	-0.5612653	-4.2665100	0.8785466	-0.6578937	-4.2397729	0.9219113	-0.8231641	-3.6917192	0.8957145	-0.3959004	-3.7443774	0.8452850	-0.4481605	-3.5535823	0.8825661	-0.6009798	-3.5220308	0.8293135	-0.5674904	-3.9835390	1.3848530	-0.9559213	-3.9683809	1.3638344	-0.9794027	-4.1180446	1.5131732	-1.0760833	-4.1271911	1.5280207	-1.0638730	-4.3666210	0.2664510	-0.9092309	
19	0.0750000	-4.1380872	0.8669422	-0.5825721	-4.0938865	0.9405951	-0.8576789	-4.2609299	1.0223929	-0.6539471	-4.2446177	1.0514479	-0.7607190	-4.3402645	0.4940745	-0.5622994	-4.3192724	0.4900188	-0.6742152	-4.7330726	0.2988010	-0.6011185	-4.7089874	0.2853425	-0.6884153	-4.7137107	0.1971374	-0.6417586	-4.7350853	0.2129812	-0.5868959	-4.7758334	0.3192867	-0.6578776	-3.9059296	0.6724959	-0.9026655	-3.9114867	0.6477034	-0.7857678	-3.7091084	1.1163733	-0.5508272	-3.7762641	1.2135909	-0.8118524	-3.7726562	1.2492350	-0.6491915	-4.2170298	0.7228536	-0.5677450	-4.2708960	0.6348336	-0.5450327	-4.3207370	0.7507219	-0.5429454	-4.0502821	0.9069465	-0.8836187	-3.9951157	0.8180141	-0.9138953	-4.1308184	0.8386732	-0.9422500	-4.4548587	0.4162754	-0.5633541	-4.5617364	0.3356095	-0.5648654	-4.5811225	0.4053584	-0.5610153	-4.2581532	0.8749961	-0.6570224	-4.2315389	0.9196275	-0.8223490	-3.6743559	0.9060098	-0.4000741	-3.7232549	0.8531164	-0.4523573	-3.5326179	0.8997856	-0.6011945	-3.4984334	0.8492381	-0.5679102	-3.9702107	1.3880278	-0.9546463	-3.9530181	1.3667252	-0.9801592	-4.1037405	1.5171562	-1.0759718	-4.1129878	1.5316827	-1.0634444	-4.3449861	0.2616515	-0.9076265	
20	0.0791667	-4.1281931	0.8671683	-0.5819502	-4.0851041	0.9424224	-0.8569766	-4.2524181	1.0217316	-0.6523368	-4.2365397	1.0514281	-0.7590558	-4.3355474	0.4948551	-0.5634970	-4.3149737	0.4912052	-0.6755943	-4.7291577	0.2986645	-0.6001757	-4.7055130	0.2853933	-0.6876883	-4.7098678	0.1965456	-0.6410487	-4.7308084	0.2123615	-0.5858790	-4.7722649	0.3193905	-0.6567539	-3.8904118	0.6788300	-0.9006173	-3.8956631	0.6548101	-0.7837439	-3.6996803	1.1222472	-0.5523072	-3.7686197	1.2195797	-0.8133572	-3.7648325	1.2551171	-0.6501538	-4.2089158	0.7214048	-0.5676516	-4.2640172	0.6341873	-0.5453952	-4.3123501	0.7503308	-0.5425672	-4.0409532	0.9104631	-0.8828627	-3.9833528	0.8224575	-0.9125960	-4.1193286	0.8399819	-0.9407302	-4.4503557	0.4170298	-0.5640638	-4.5573737	0.3359436	-0.5649222	-4.5766766	0.4057178	-0.5609908	-4.2483697	0.8740635	-0.6561037	-4.2224265	0.9196842	-0.8213771	-3.6580330	0.9193638	-0.4038724	-3.7033526	0.8643688	-0.4561523	-3.5131064	0.9191137	-0.6013177	-3.4769016	0.8710627	-0.5678457	-3.9568997	1.3937299	-0.9535828	-3.9377393	1.3724197	-0.9806696	-4.0901225	1.5235318	-1.0756043	-4.0994973	1.5376948	-1.0627358	-4.3230053	0.2562495	-0.9060047	
21	0.0833333	-4.1170763	0.8663787	-0.5816368	-4.0754414	0.9426801	-0.8568041	-4.2424000	1.0196664	-0.6510829	-4.2270820	1.0498037	-0.7578568	-4.3303369	0.4950104	-0.5650466	-4.3106376	0.4917979	-0.6774574	-4.7256128	0.2993740	-0.5990989	-4.7027128	0.2862791	-0.6868949	-4.7074222	0.1967967	-0.6402892	-4.7275599	0.2127655	-0.5847563	-4.7689720	0.3207219	-0.6554428	-3.8765221	0.6815345	-0.8988643	-3.8813985	0.6583756	-0.7820728	-3.6905786	1.1278328	-0.5540400	-3.7610618	1.2255443	-0.8149184	-3.7573230	1.2606379	-0.6513541	-4.1995043	0.7185974	-0.5680227	-4.2560911	0.6324673	-0.5461404	-4.3025539	0.7488454	-0.5421535	-4.0311494	0.9109204	-0.8826777	-3.9719714	0.8236247	-0.9117471	-4.1077761	0.8389922	-0.9393101	-4.4457124	0.4176419	-0.5649526	-4.5531425	0.3365498	-0.5650885	-4.5721130	0.4063562	-0.5609618	-4.2372135	0.8717451	-0.6552382	-4.2121512	0.9180212	-0.8206047	-3.6432077	0.9308639	-0.4074377	-3.6851375	0.8743256	-0.4598997	-3.4958605	0.9371791	-0.6013510	-3.4578576	0.8913515	-0.5680463	-3.9439506	1.3983170	-0.9529069	-3.9232064	1.3771470	-0.9808258	-4.0780914	1.5264709	-1.0754525	-4.0877140	1.5406151	-1.0621781	-4.3007256	0.2502179	-0.9043377	
22	0.0875000	-4.1047551	0.8701294	-0.5814294	-4.0649538	0.9469643	-0.8565805	-4.2312873	1.0220021	-0.6495439	-4.2166817	1.0523613	-0.7563025	-4.3258450	0.4984869	-0.5669414	-4.3067086	0.4956204	-0.6795113	-4.7216374	0.3010270	-0.5980674	-4.6991578	0.2881127	-0.6859994	-4.7039143	0.1975934	-0.6394795	-4.7234938	0.2138203	-0.5836925	-4.7652909	0.3226911	-0.6541873	-3.8633605	0.6853088	-0.8972687	-3.8676144	0.6632394	-0.7806362	-3.6806239	1.1360979	-0.5554704	-3.7524966	1.2336047	-0.8168157	-3.7488541	1.2685981	-0.6525233	-4.1899604	0.7196212	-0.5682541	-4.2484165	0.6344158	-0.5469823	-4.2923803	0.7518113	-0.5420134	-4.0206010	0.9141496	-0.8825108	-3.9604729	0.8268467	-0.9109460	-4.0960569	0.8411808	-0.9377435	-4.4413712	0.4210459	-0.5660334	-4.5487616	0.3393994	-0.5652715	-4.5678752	0.4088518	-0.5612141	-4.2248084	0.8742055	-0.6543060	-4.2008522	0.9208170	-0.8196683	-3.6294197	0.9437519	-0.4108419	-3.6690029	0.8865392	-0.4633807	-3.4803730	0.9539884	-0.6016553	-3.4415719	0.9098506	-0.5679355	-3.9313785	1.4051716	-0.9524327	-3.9092225	1.3842632	-0.9807639	-4.0673570	1.5308003	-1.0754624	-4.0770831	1.5449287	-1.0618050	-4.2782146	0.2435502	-0.9026046	
23	0.0916667	-4.0916164	0.8721455	-0.5816894	-4.0537745	0.9492099	-0.8566492	-4.2192193	1.0222538	-0.6485123	-4.2053822	1.0527430	-0.7552002	-4.3220278	0.5006477	-0.5693162	-4.3036188	0.4981386	-0.6819235	-4.7178889	0.3006708	-0.5973719	-4.6959365	0.2880267	-0.6852914	-4.7011435	0.1976602	-0.6387575	-4.7200822	0.2136615	-0.5829301	-4.7617257	0.3220809	-0.6531622	-3.8508086	0.6866976	-0.8957817	-3.8543793	0.6656625	-0.7795009	-3.6712824	1.1431745	-0.5571051	-3.7440114	1.2407119	-0.8184090	-3.7408023	1.2751184	-0.6538746	-4.1800554	0.7185112	-0.5690000	-4.2407601	0.6345764	-0.5483604	-4.2815218	0.7531339	-0.5422840	-4.0096043	0.9145934	-0.8825237	-3.9489680	0.8274672	-0.9102546	-4.0839116	0.8413327	-0.9361126	-4.4376089	0.4231057	-0.5675775	-4.5448105	0.3407963	-0.5659072	-4.5640452	0.4095654	-0.5619328	-4.2112544	0.8747260	-0.6536179	-4.1884841	0.9214890	-0.8188717	-3.6169318	0.9545579	-0.4134690	-3.6548205	0.8968398	-0.4660918	-3.4674677	0.9679350	-0.6024488	-3.4281771	0.9249879	-0.5682912	-3.9197788	1.4083982	-0.9524504	-3.8962418	1.3878797	-0.9808821	-4.0574084	1.5322644	-1.0756581	-4.0673976	1.5459224	-1.0617706	-4.2555518	0.2362636	-0.9007914	
24	0.0958333	-4.0778387	0.8756519	-0.5819549	-4.0416748	0.9520124	-0.8567790	-4.2061556	1.0239650	-0.6477384	-4.1929726	1.0542091	-0.7543892	-4.3186647	0.5043973	-0.5719962	-4.3008807	0.5019681	-0.6845477	-4.7135989	0.3001266	-0.5966701	-4.6920648	0.2875745	-0.6844148	-4.6979240	0.1966168	-0.6379432	-4.7161621	0.2128170	-0.5822227	-4.7575020	0.3214085	-0.6521106	-3.8398085	0.6864599	-0.8943088	-3.8427194	0.6666074	-0.7784689	-3.6617231	1.1507402	-0.5586191	-3.7351961	1.2475068	-0.8204058	-3.7325938	1.2817712	-0.6555192	-4.1701960	0.7190290	-0.5698079	-4.2333310	0.6363990	-0.5499095	-4.2704056	0.7562952	-0.5427774	-3.9981635	0.9146168	-0.8827005	-3.9378071	0.8271770	-0.9096452	-4.0718070	0.8415901	-0.9344549	-4.4339280	0.4263923	-0.5693037	-4.5405492	0.3430100	-0.5665698	-4.5602570	0.4108474	-0.5628459	-4.1970310	0.8768638	-0.6529758	-4.1752730	0.9232052	-0.8181628	-3.6058472	0.9662070	-0.4151805	-3.6417261	0.9077799	-0.4683929	-3.4581276	0.9868928	-0.6031107	-3.4173680	0.9453466	-0.5695087	-3.9090183	1.4127010	-0.9527123	-3.8841850	1.3924750	-0.9809567	-4.0480750	1.5352014	-1.0754742	-4.0583784	1.5483514	-1.0615413	-4.2328224	0.2284010	-0.8988906	
25	0.1000000	-4.0637232	0.8780353	-0.5824867	-4.0291588	0.9536406	-0.8569593	-4.1926758	1.0243430	-0.6473157	-4.1801253	1.0543477	-0.7538538	-4.3158046	0.5069828	-0.5750323	-4.2987280	0.5047468	-0.6875135	-4.7090699	0.2974408	-0.5961207	-4.6880153	0.2851476	-0.6836638	-4.6944496	0.1937254	-0.6376066	-4.7120156	0.2097365	-0.5818995	-4.7531048	0.3185111	-0.6509768	-3.8291883	0.6846345	-0.8930256	-3.8314068	0.6658078	-0.7776977	-3.6529771	1.1574932	-0.5600770	-3.7266915	1.2533975	-0.8220865	-3.7249387	1.2873275	-0.6572457	-4.1601910	0.7179808	-0.5709731	-4.2259990	0.6368163	-0.5518283	-4.2589857	0.7582963	-0.5435422	-3.9863637	0.9129978	-0.8829845	-3.9265893	0.8253050	-0.9091619	-4.0594591	0.8407199	-0.9328444	-4.4305065	0.4283295	-0.5713543	-4.5362590	0.3436454	-0.5675252	-4.5565873	0.4103154	-0.5640053	-4.1822072	0.8778407	-0.6525408	-4.1614138	0.9237295	-0.8175317	-3.5958843	0.9766367	-0.4163400	-3.6300234	0.9175816	-0.4701322	-3.4522221	1.0058906	-0.6039223	-3.4096729	0.9661252	-0.5711248	-3.8996588	1.4144256	-0.9534051	-3.8732109	1.3945759	-0.9816658	-4.0397052	1.5368150	-1.0753607	-4.0501284	1.5491601	-1.0616021	-4.2101117	0.2200297	-0.8969013	
26	0.1041667	-4.0495927	0.8806225	-0.5830270	-4.0159622	0.9550752	-0.8571381	-4.1787890	1.0248731	-0.6471238	-4.1666076	1.0544677	-0.7535384	-4.3134491	0.5104930	-0.5782178	-4.2970742	0.5083732	-0.6904857	-4.7044043	0.2956955	-0.5955714	-4.6838446	0.2836392	-0.6827640	-4.6908717	0.1921513	-0.6372317	-4.7077820	0.2078620	-0.5816847	-4.7485560	0.3163905	-0.6497213	-3.8189141	0.6826437	-0.8918502	-3.8204964	0.6646712	-0.7771996	-3.6445408	1.1639410	-0.5615247	-3.7179764	1.2586179	-0.8238144	-3.7173329	1.2923436	-0.6591315	-4.1505868	0.7173390	-0.5722852	-4.2191056	0.6378582	-0.5539107	-4.2475592	0.7609170	-0.5444776	-3.9741365	0.9112594	-0.8831266	-3.9152361	0.8233364	-0.9086041	-4.0468371	0.8400154	-0.9311939	-4.4273725	0.4312779	-0.5735473	-4.5320527	0.3453608	-0.5685987	-4.5530961	0.4106930	-0.5652864	-4.1672081	0.8791376	-0.6521459	-4.1469779	0.9243293	-0.8169339	-3.5869230	0.9861015	-0.4167935	-3.6196290	0.9265449	-0.4712134	-3.4495149	1.0251825	-0.6046735	-3.4048768	0.9874397	-0.5732866	-3.8913825	1.4163353	-0.9543699	-3.8634454	1.3968138	-0.9826002	-4.0324316	1.5382062	-1.0753608	-4.0429903	1.5497067	-1.0617531	-4.1875032	0.2112391	-0.8948290	
27	0.1083333	-4.0354613	0.8846693	-0.5835716	-4.0025322	0.9574445	-0.8570911	-4.1645420	1.0265931	-0.6473435	-4.1526316	1.0555738	-0.7535598	-4.3112455	0.5154483	-0.5815485	-4.2956729	0.5134239	-0.6934900	-4.6994438	0.2951139	-0.5952338	-4.6794472	0.2833246	-0.6818930	-4.6870227	0.1922888	-0.6370823	-4.7032415	0.2073789	-0.5818368	-4.7437718	0.3151652	-0.6485558	-3.8090442	0.6804313	-0.8905718	-3.8100133	0.6632818	-0.7766362	-3.6365063	1.1713253	-0.5628209	-3.7097333	1.2645089	-0.8252987	-3.7101642	1.2980909	-0.6610185	-4.1411763	0.7181211	-0.5737500	-4.2123691	0.6403369	-0.5561685	-4.2359559	0.7649970	-0.5455733	-3.9616430	0.9099557	-0.8829697	-3.9038820	0.8215575	-0.9078220	-4.0341877	0.8400339	-0.9294671	-4.4242037	0.4356397	-0.5759168	-4.5276505	0.3484778	-0.5698858	-4.5495077	0.4122900	-0.5667696	-4.1520695	0.8818809	-0.6517885	-4.1322623	0.9260497	-0.8162411	-3.5787716	0.9961061	-0.4164519	-3.6107514	0.9363443	-0.4711005	-3.4498002	1.0438648	-0.6051887	-3.4031748	1.0082187	-0.5756559	-3.8846142	1.4184274	-0.9556929	-3.8553039	1.3992225	-0.9835330	-4.0270554	1.5374577	-1.0759961	-4.0378883	1.5484123	-1.0626638	-4.1650779	0.2021370	-0.8926849	
28	0.1125000	-4.0217178	0.8879561	-0.5842260	-3.9889587	0.9594024	-0.8569396	-4.1505269	1.0274739	-0.6478151	-4.1386687	1.0559771	-0.7537507	-4.3094216	0.5197511	-0.5849097	-4.2946508	0.5179990	-0.6962594	-4.6944476	0.2945023	-0.5953028	-4.6750502	0.2831810	-0.6811881	-4.6826793	0.1945276	-0.6373899	-4.6984168	0.2081695	-0.5826133	-4.7391331	0.3130529	-0.6475529	-3.7983862	0.6785291	-0.8895731	-3.7988704	0.6619466	-0.7764586	-3.6294031	1.1782737	-0.5643340	-3.7017279	1.2699755	-0.8266466	-3.7035511	1.3032840	-0.6631993	-4.1322835	0.7180074	-0.5754642	-4.2060901	0.6419835	-0.5586404	-4.2244549	0.7682622	-0.5469467	-3.9487625	0.9085914	-0.8824683	-3.8919476	0.8199137	-0.9069275	-4.0209803	0.8399799	-0.9277909	-4.4213159	0.4395797	-0.5784938	-4.5234360	0.3514219	-0.5715488	-4.5460267	0.4134654	-0.5685687	-4.1369990	0.8838868	-0.6515334	-4.1172947	0.9272433	-0.8155227	-3.5713722	1.0038421	-0.4157600	-3.6040905	0.9441157	-0.4700269	-3.4524419	1.0565739	-0.6066006	-3.4047957	1.0223674	-0.5784783	-3.8794869	1.4185841	-0.9571495	-3.8487138	1.3995956	-0.9848687	-4.0222686	1.5360831	-1.0772684	-4.0336835	1.5457323	-1.0643529	-4.1429149	0.1928431	-0.8904862	
29	0.1166667	-4.0082490	0.8903304	-0.5846832	-3.9751900	0.9602138	-0.8566261	-4.1366872	1.0273287	-0.6485501	-4.1246986	1.0552476	-0.7542194	-4.3068751	0.5232039	-0.5882716	-4.2928131	0.5215543	-0.6991043	-4.6884863	0.2925380	-0.5957428	-4.6696032	0.2815210	-0.6809002	-4.6771278	0.1941213	-0.6380409	-4.6924303	0.2068545	-0.5836912	-4.7335637	0.3100583	-0.6470995	-3.7875806	0.6763459	-0.8884897	-3.7877042	0.6602402	-0.7759231	-3.6225513	1.1842052	-0.5659929	-3.6940554	1.2728563	-0.8281453	-3.6972815	1.3066725	-0.6657378	-4.1233204	0.7173854	-0.5770618	-4.1994899	0.6430014	-0.5610143	-4.2129722	0.7706944	-0.5483351	-3.9357467	0.9067059	-0.8817998	-3.8798398	0.8178571	-0.9059625	-4.0075997	0.8391549	-0.9264604	-4.4175638	0.4425329	-0.5811753	-4.5182333	0.3532697	-0.5733568	-4.5417753	0.4135043	-0.5705478	-4.1222127	0.8849804	-0.6513573	-4.1023201	0.9273777	-0.8149066	-3.5647607	1.0097253	-0.4144385	-3.5990359	0.9500559	-0.4679998	-3.4572230	1.0653919	-0.6080906	-3.4089469	1.0322543	-0.5817032	-3.8756754	1.4173609	-0.9589773	-3.8437456	1.3983722	-0.9864540	-4.0181687	1.5333253	-1.0790951	-4.0305619	1.5413676	-1.0666297	-4.1210932	0.1834840	-0.8882550	
30	0.1208333	-3.9949927	0.8932550	-0.5849212	-3.9614513	0.9617530	-0.8562676	-4.1230578	1.0278815	-0.6493644	-4.1108569	1.0553007	-0.7548561	-4.3035151	0.5268033	-0.5914674	-4.2903028	0.5254854	-0.7018832	-4.6816165	0.2907697	-0.5961222	-4.6633380	0.2802393	-0.6806222	-4.6705201	0.1933279	-0.6390170	-4.6853723	0.2050763	-0.5849257	-4.7271669	0.3077128	-0.6464545	-3.7774289	0.6729869	-0.8874703	-3.7773285	0.6572352	-0.7753849	-3.6167349	1.1912230	-0.5673093	-3.6875293	1.2776386	-0.8293281	-3.6922027	1.3114582	-0.6679640	-4.1140316	0.7172354	-0.5787480	-4.1923577	0.6443197	-0.5633525	-4.2013100	0.7732816	-0.5494875	-3.9226648	0.9046064	-0.8811291	-3.8679309	0.8152399	-0.9050475	-3.9945270	0.8384476	-0.9252486	-4.4129587	0.4455631	-0.5837010	-4.5120886	0.3551612	-0.5750955	-4.5366556	0.4136859	-0.5723140	-4.1077005	0.8865530	-0.6511068	-4.0875084	0.9280982	-0.8143302	-3.5589897	1.0154332	-0.4127161	-3.5951970	0.9558989	-0.4654393	-3.4636913	1.0733484	-0.6091274	-3.4149856	1.0411134	-0.5850851	-3.8732805	1.4167214	-0.9609232	-3.8403017	1.3974103	-0.9880650	-4.0151699	1.5300657	-1.0814648	-4.0288774	1.5365296	-1.0694262	-4.0996939	0.1741863	-0.8860179	
31	0.1250000	-3.9819815	0.8964005	-0.5849674	-3.9477445	0.9635197	-0.8558094	-4.1098165	1.0287432	-0.6501506	-4.0973174	1.0556440	-0.7554910	-4.2992387	0.5303227	-0.5944505	-4.2869254	0.5294670	-0.7045594	-4.6737966	0.2890275	-0.5967307	-4.6561257	0.2790933	-0.6807044	-4.6622269	0.1921428	-0.6404195	-4.6767427	0.2029520	-0.5864083	-4.7201827	0.3056798	-0.6461274	-3.7675064	0.6688314	-0.8866995	-3.7672778	0.6532391	-0.7749246	-3.6112442	1.1982269	-0.5686566	-3.6810184	1.2822229	-0.8303013	-3.6871570	1.3162025	-0.6701486	-4.1043684	0.7173413	-0.5804056	-4.1846321	0.6457332	-0.5655592	-4.1895691	0.7758519	-0.5504081	-3.9094197	0.9024568	-0.8803830	-3.8559985	0.8123156	-0.9042241	-3.9816569	0.8377877	-0.9243148	-4.4073871	0.4484149	-0.5861033	-4.5049052	0.3568803	-0.5768756	-4.5306675	0.4138231	-0.5740301	-4.0935171	0.8883752	-0.6508111	-4.0728971	0.9290688	-0.8137587	-3.5539004	1.0210293	-0.4110573	-3.5917008	0.9616961	-0.4627791	-3.4710990	1.0820288	-0.6091496	-3.4219636	1.0509370	-0.5879423	-3.8720880	1.4151957	-0.9629427	-3.8380857	1.3952713	-0.9897160	-4.0130229	1.5248251	-1.0844849	-4.0282704	1.5298504	-1.0729107	-4.0788014	0.1650708	-0.8838054	
32	0.1291667	-3.9692383	0.8991616	-0.5849513	-3.9341834	0.9644417	-0.8553736	-4.0969432	1.0289898	-0.6511588	-4.0840919	1.0551653	-0.7563681	-4.2943061	0.5336897	-0.5970421	-4.2829579	0.5332763	-0.7067551	-4.6655531	0.2879842	-0.5975854	-4.6485257	0.2786293	-0.6809948	-4.6528739	0.1924829	-0.6419298	-4.6672110	0.2021095	-0.5880887	-4.7130741	0.3039412	-0.6461475	-3.7572442	0.6639945	-0.8859796	-3.7570251	0.6484566	-0.7744497	-3.6058711	1.2040433	-0.5702226	-3.6744751	1.2854617	-0.8313427	-3.6820438	1.3197874	-0.6725302	-4.0946753	0.7173822	-0.5819973	-4.1766144	0.6470395	-0.5675849	-4.1777595	0.7780399	-0.5512407	-3.8960340	0.8996878	-0.8794591	-3.8438251	0.8087623	-0.9033315	-3.9687467	0.8365049	-0.9235340	-4.4012138	0.4512558	-0.5882805	-4.4972240	0.3588172	-0.5786735	-4.5241385	0.4143071	-0.5756995	-4.0796457	0.8897826	-0.6505139	-4.0585266	0.9293418	-0.8132302	-3.5495484	1.0258514	-0.4097407	-3.5881097	0.9665617	-0.4603538	-3.4782891	1.0914214	-0.6081308	-3.4288125	1.0618528	-0.5898069	-3.8716047	1.4125856	-0.9647435	-3.8367097	1.3917833	-0.9912440	-4.0113172	1.5188320	-1.0876433	-4.0280714	1.5223222	-1.0764391	-4.0585039	0.1562473	-0.8816502	
33	0.1333333	-3.9566119	0.9006403	-0.5848046	-3.9208043	0.9641106	-0.8550183	-4.0844711	1.0281411	-0.6521830	-4.0712808	1.0535862	-0.7573418	-4.2880525	0.5360262	-0.5992365	-4.2776519	0.5360673	-0.7086552	-4.6564700	0.2870999	-0.5987803	-4.6400512	0.2782917	-0.6817543	-4.6421418	0.1929221	-0.6438496	-4.6564531	0.2014671	-0.5900835	-4.7053115	0.3025472	-0.6466565	-3.7465886	0.6589948	-0.8853341	-3.7465211	0.6433971	-0.7737865	-3.6004677	1.2084772	-0.5719182	-3.6680559	1.2872521	-0.8323828	-3.6769398	1.3220408	-0.6749781	-4.0844937	0.7166442	-0.5834312	-4.1677875	0.6474428	-0.5693257	-4.1657445	0.7789921	-0.5518150	-3.8826312	0.8963057	-0.8785778	-3.8314565	0.8047909	-0.9025539	-3.9558086	0.8344412	-0.9230784	-4.3938968	0.4532714	-0.5902506	-4.4885538	0.3601988	-0.5804959	-4.5165591	0.4144897	-0.5773082	-4.0660616	0.8899888	-0.6501925	-4.0444792	0.9284325	-0.8128069	-3.5457962	1.0310175	-0.4083758	-3.5849695	0.9718102	-0.4573074	-3.4839293	1.0986176	-0.6065739	-3.4346078	1.0705100	-0.5904655	-3.8718743	1.4088545	-0.9665669	-3.8364799	1.3870944	-0.9927515	-4.0108567	1.5102184	-1.0913807	-4.0290481	1.5124366	-1.0804117	-4.0388926	0.1478108	-0.8795860	
34	0.1375000	-3.9440441	0.9031268	-0.5844503	-3.9077234	0.9648489	-0.8545454	-4.0724486	1.0283733	-0.6530300	-4.0590118	1.0531005	-0.7581689	-4.2802829	0.5389859	-0.6008841	-4.2707678	0.5395483	-0.7100723	-4.6460305	0.2872462	-0.6001326	-4.6301506	0.2790266	-0.6827613	-4.6291676	0.1946415	-0.6460005	-4.6437103	0.2020135	-0.5922125	-4.6964996	0.3021201	-0.6474104	-3.7358470	0.6561587	-0.8846043	-3.7360681	0.6404658	-0.7728886	-3.5949539	1.2137553	-0.5733657	-3.6615301	1.2894167	-0.8332429	-3.6716544	1.3250688	-0.6772264	-4.0737491	0.7171699	-0.5845966	-4.1580345	0.6488352	-0.5706811	-4.1534776	0.7807793	-0.5520914	-3.8694702	0.8945887	-0.8775962	-3.8191673	0.8026818	-0.9017143	-3.9429943	0.8339006	-0.9227036	-4.3850901	0.4558690	-0.5918630	-4.4784383	0.3622224	-0.5821907	-4.5075756	0.4155276	-0.5787171	-4.0527433	0.8913445	-0.6497719	-4.0308446	0.9287118	-0.8123345	-3.5428853	1.0370856	-0.4072634	-3.5817600	0.9779275	-0.4549347	-3.4880922	1.1086057	-0.6040012	-3.4386996	1.0821649	-0.5902312	-3.8727006	1.4056107	-0.9682476	-3.8370914	1.3824796	-0.9939930	-4.0110067	1.5006524	-1.0955337	-4.0306434	1.5018942	-1.0846118	-4.0200597	0.1398389	-0.8776459	
35	0.1416667	-3.9313683	0.9049379	-0.5838959	-3.8949643	0.9643441	-0.8542896	-4.0605395	1.0280668	-0.6539644	-4.0470047	1.0518506	-0.7592649	-4.2709010	0.5409386	-0.6022737	-4.2624158	0.5421130	-0.7113070	-4.6342621	0.2870117	-0.6017560	-4.6189619	0.2794402	-0.6840582	-4.6144318	0.1965007	-0.6484063	-4.6292865	0.2025174	-0.5946348	-4.6865593	0.3011764	-0.6485111	-3.7262815	0.6507856	-0.8840192	-3.7268423	0.6350669	-0.7720820	-3.5895240	1.2187349	-0.5745097	-3.6551771	1.2919290	-0.8339274	-3.6665984	1.3282254	-0.6791962	-4.0622923	0.7172138	-0.5857784	-4.1472017	0.6495112	-0.5719346	-4.1407437	0.7815399	-0.5521105	-3.8567410	0.8910304	-0.8768937	-3.8076067	0.7984465	-0.9011188	-3.9309371	0.8317261	-0.9225103	-4.3747678	0.4574983	-0.5933376	-4.4668626	0.3634009	-0.5839569	-4.4971250	0.4159326	-0.5800874	-4.0396492	0.8919161	-0.6492569	-4.0176955	0.9278631	-0.8120263	-3.5407654	1.0421954	-0.4062642	-3.5796950	0.9833310	-0.4524767	-3.4899990	1.1152083	-0.6016096	-3.4411107	1.0897364	-0.5893226	-3.8738289	1.4017174	-0.9697764	-3.8382083	1.3769974	-0.9952106	-4.0120256	1.4889464	-1.1001574	-4.0330241	1.4894107	-1.0890144	-4.0020951	0.1323905	-0.8758607	
36	0.1458333	-3.9188210	0.9059220	-0.5832959	-3.8824837	0.9630676	-0.8541033	-4.0493419	1.0270965	-0.6546857	-4.0357663	1.0499307	-0.7601675	-4.2595457	0.5414481	-0.6029697	-4.2517403	0.5431442	-0.7119533	-4.6209490	0.2865759	-0.6036507	-4.6059194	0.2795081	-0.6858110	-4.5971493	0.1984598	-0.6513651	-4.6127530	0.2032336	-0.5973251	-4.6751917	0.2999534	-0.6500290	-3.7158586	0.6485015	-0.8834856	-3.7168811	0.6326252	-0.7708997	-3.5840480	1.2232921	-0.5757975	-3.6482811	1.2935270	-0.8344800	-3.6611301	1.3308227	-0.6812784	-4.0499958	0.7165626	-0.5863199	-4.1351473	0.6491874	-0.5724895	-4.1278939	0.7813001	-0.5518389	-3.8442145	0.8885500	-0.8763319	-3.7957901	0.7960991	-0.9007086	-3.9186651	0.8301457	-0.9226674	-4.3627384	0.4578713	-0.5944248	-4.4537743	0.3635525	-0.5855643	-4.4850449	0.4157176	-0.5813189	-4.0268388	0.8917132	-0.6487064	-4.0049179	0.9262807	-0.8117451	-3.5394481	1.0454571	-0.4053776	-3.5789087	0.9871981	-0.4503926	-3.4899161	1.1182970	-0.5997459	-3.4417897	1.0929218	-0.5883489	-3.8749713	1.3961336	-0.9716042	-3.8395098	1.3695386	-0.9967569	-4.0131736	1.4744734	-1.1054416	-4.0356382	1.4742870	-1.0939519	-3.9850823	0.1255056	-0.8742571	
37	0.1500000	-3.9060689	0.9074003	-0.5823062	-3.8700747	0.9614958	-0.8540669	-4.0378795	1.0268688	-0.6552974	-4.0243659	1.0484429	-0.7611871	-4.2470505	0.5425132	-0.6036428	-4.2399070	0.5446783	-0.7126216	-4.6066363	0.2861809	-0.6054709	-4.5917703	0.2795405	-0.6874085	-4.5787078	0.1991735	-0.6538689	-4.5950577	0.2031707	-0.5997381	-4.6628463	0.2991788	-0.6517046	-3.7078356	0.6423744	-0.8832243	-3.7092040	0.6265004	-0.7699279	-3.5782610	1.2280064	-0.5764766	-3.6410132	1.2952853	-0.8352543	-3.6555190	1.3337374	-0.6829991	-4.0373617	0.7169626	-0.5868518	-4.1224489	0.6497251	-0.5730406	-4.1149251	0.7815422	-0.5514211	-3.8320935	0.8842063	-0.8764265	-3.7852212	0.7910829	-0.9008170	-3.9078295	0.8272696	-0.9230461	-4.3495362	0.4585524	-0.5953463	-4.4395257	0.3638575	-0.5869369	-4.4719531	0.4157853	-0.5825189	-4.0143690	0.8920701	-0.6480187	-3.9926520	0.9247725	-0.8116556	-3.5388562	1.0484063	-0.4043231	-3.5796881	0.9910155	-0.4481396	-3.4878946	1.1179253	-0.5987242	-3.4409174	1.0915255	-0.5875081	-3.8750479	1.3910478	-0.9737392	-3.8401449	1.3625696	-0.9981708	-4.0140183	1.4586960	-1.1107500	-4.0380766	1.4582566	-1.0987851	-3.9690939	0.1192069	-0.8728562	
38	0.1541667	-3.8934950	0.9080828	-0.5811806	-3.8580177	0.9605244	-0.8541650	-4.0275327	1.0266242	-0.6551731	-4.0141671	1.0474755	-0.7615255	-4.2333065	0.5427308	-0.6035697	-4.2264240	0.5455586	-0.7130770	-4.5907229	0.2841258	-0.6070668	-4.5756746	0.2780871	-0.6895401	-4.5570166	0.1952427	-0.6572050	-4.5746687	0.1990992	-0.6020509	-4.6492504	0.2982280	-0.6533342	-3.6989145	0.6395212	-0.8836490	-3.7007375	0.6232369	-0.7695824	-3.5720283	1.2315762	-0.5771646	-3.6323048	1.2963064	-0.8360674	-3.6485868	1.3358235	-0.6846137	-4.0238612	0.7166142	-0.5866728	-4.1088315	0.6494529	-0.5727424	-4.1022906	0.7812131	-0.5502813	-3.8203059	0.8820812	-0.8765840	-3.7744610	0.7887561	-0.9012578	-3.8968710	0.8261047	-0.9237617	-4.3350143	0.4579694	-0.5955676	-4.4237019	0.3625279	-0.5877378	-4.4576617	0.4145839	-0.5830853	-4.0023135	0.8921249	-0.6472470	-3.9808977	0.9238225	-0.8116300	-3.5387038	1.0512083	-0.4029502	-3.5819908	0.9949170	-0.4454787	-3.4843752	1.1130793	-0.5988447	-3.4389922	1.0845853	-0.5868538	-3.8731746	1.3869273	-0.9764709	-3.8395144	1.3567067	-0.9994468	-4.0138094	1.4426859	-1.1158340	-4.0395473	1.4425482	-1.1034773	-3.9541874	0.1135011	-0.8716723	
39	0.1583333	-3.8814570	0.9093599	-0.5799321	-3.8459412	0.9600933	-0.8543035	-4.0172604	1.0273175	-0.6551025	-4.0038315	1.0474232	-0.7619738	-4.2189110	0.5432072	-0.6034889	-4.2122795	0.5466371	-0.7136563	-4.5745422	0.2839540	-0.6086783	-4.5592759	0.2783967	-0.6917137	-4.5347058	0.1940590	-0.6601388	-4.5538793	0.1976542	-0.6041047	-4.6354375	0.2986894	-0.6551929	-3.6904934	0.6354567	-0.8839845	-3.6930302	0.6188085	-0.7695362	-3.5651211	1.2354581	-0.5774008	-3.6228797	1.2982577	-0.8370443	-3.6410439	1.3386807	-0.6857587	-4.0104550	0.7170132	-0.5863655	-4.0949962	0.6497579	-0.5723633	-4.0899006	0.7813413	-0.5491052	-3.8085577	0.8798043	-0.8763410	-3.7638922	0.7858630	-0.9013474	-3.8861930	0.8248813	-0.9243432	-4.3199417	0.4580202	-0.5958459	-4.4075469	0.3622558	-0.5886305	-4.4428987	0.4146140	-0.5836658	-3.9909189	0.8927828	-0.6465166	-3.9694832	0.9234331	-0.8117323	-3.5397222	1.0532721	-0.4023964	-3.5841969	0.9979013	-0.4452437	-3.4813990	1.1134405	-0.5983920	-3.4363251	1.0835301	-0.5868292	-3.8704441	1.3805221	-0.9799062	-3.8372371	1.3485912	-1.0014804	-4.0121209	1.4249373	-1.1208001	-4.0393807	1.4251338	-1.1081117	-3.9404019	0.1083816	-0.8707123	
40	0.1625000	-3.8699956	0.9080452	-0.5789110	-3.8342625	0.9581551	-0.8545145	-4.0078014	1.0262231	-0.6550707	-3.9942304	1.0460111	-0.7623972	-4.2038638	0.5413067	-0.6027715	-4.1971127	0.5452294	-0.7136229	-4.5581176	0.2824489	-0.6101458	-4.5423928	0.2772727	-0.6938311	-4.5115706	0.1909097	-0.6629891	-4.5325716	0.1943796	-0.6059172	-4.6212773	0.2982077	-0.6569626	-3.6812606	0.6330871	-0.8843653	-3.6846934	0.6159152	-0.7695667	-3.5579902	1.2377869	-0.5777149	-3.6128317	1.2991018	-0.8378302	-3.6328327	1.3402914	-0.6868635	-3.9971167	0.7153460	-0.5856534	-4.0810352	0.6478744	-0.5714799	-4.0780199	0.7791991	-0.5479625	-3.7973422	0.8775925	-0.8760362	-3.7532668	0.7836860	-0.9014205	-3.8753087	0.8231764	-0.9250345	-4.3044868	0.4558590	-0.5956010	-4.3912282	0.3599808	-0.5890788	-4.4276820	0.4129701	-0.5839537	-3.9801444	0.8911475	-0.6460682	-3.9585743	0.9214172	-0.8120313	-3.5412584	1.0528750	-0.4021272	-3.5888855	0.9993856	-0.4444810	-3.4775569	1.1044234	-0.5997120	-3.4342966	1.0718226	-0.5869989	-3.8646707	1.3755686	-0.9840459	-3.8328426	1.3424963	-1.0035343	-4.0095928	1.4053503	-1.1252340	-4.0380363	1.4066941	-1.1120291	-3.9277554	0.1038306	-0.8699751	
41	0.1666667	-3.8592512	0.9094755	-0.5778730	-3.8228340	0.9581278	-0.8544598	-3.9982259	1.0278061	-0.6555588	-3.9843401	1.0469510	-0.7632671	-4.1887514	0.5415713	-0.6022893	-4.1818615	0.5458545	-0.7135357	-4.5416815	0.2833184	-0.6121273	-4.5254570	0.2784104	-0.6959979	-4.4885484	0.1917620	-0.6654730	-4.5113686	0.1947657	-0.6079284	-4.6070490	0.2991019	-0.6593667	-3.6735048	0.6302763	-0.8842602	-3.6779127	0.6128509	-0.7694342	-3.5502326	1.2423315	-0.5777892	-3.6018403	1.3013137	-0.8387231	-3.6237552	1.3439762	-0.6879789	-3.9845255	0.7166742	-0.5850772	-4.0674893	0.6486897	-0.5708728	-4.0665188	0.7794975	-0.5473268	-3.7865333	0.8762231	-0.8753156	-3.7434719	0.7818051	-0.9009797	-3.8652134	0.8225502	-0.9253967	-4.2889394	0.4558936	-0.5957069	-4.3749688	0.3600287	-0.5899182	-4.4123557	0.4135617	-0.5848322	-3.9700457	0.8921475	-0.6457907	-3.9480705	0.9215204	-0.8123485	-3.5434360	1.0572535	-0.4012584	-3.5931027	1.0053898	-0.4439086	-3.4744661	1.1023299	-0.6003228	-3.4317566	1.0676003	-0.5872737	-3.8574821	1.3727161	-0.9895972	-3.8273075	1.3392958	-1.0051806	-4.0053865	1.3840092	-1.1290964	-4.0353105	1.3874219	-1.1161097	-3.9162442	0.0998215	-0.8694523	
42	0.1708333	-3.8492480	0.9085610	-0.5770398	-3.8119001	0.9555030	-0.8547017	-3.9889852	1.0274884	-0.6566599	-3.9746798	1.0459137	-0.7648256	-4.1737255	0.5400847	-0.6015790	-4.1665992	0.5446362	-0.7130552	-4.5260136	0.2830378	-0.6143493	-4.5092696	0.2783427	-0.6981879	-4.4665414	0.1922538	-0.6681280	-4.4911782	0.1945556	-0.6102416	-4.5934711	0.2986270	-0.6618900	-3.6667402	0.6250619	-0.8842880	-3.6721035	0.6074123	-0.7694454	-3.5424657	1.2454291	-0.5779234	-3.5904834	1.3018974	-0.8398011	-3.6143598	1.3462487	-0.6894817	-3.9724266	0.7162761	-0.5845187	-4.0543285	0.6477740	-0.5702329	-4.0555154	0.7776483	-0.5469741	-3.7764538	0.8722539	-0.8750594	-3.7345248	0.7773972	-0.9008689	-3.8557527	0.8194330	-0.9259531	-4.2737949	0.4543343	-0.5957262	-4.3594481	0.3586487	-0.5908081	-4.3973719	0.4127897	-0.5858322	-3.9605400	0.8907939	-0.6457909	-3.9380074	0.9191206	-0.8130162	-3.5460581	1.0603808	-0.4010513	-3.5979462	1.0100975	-0.4442147	-3.4721262	1.0980647	-0.6016674	-3.4303838	1.0612130	-0.5874301	-3.8495605	1.3634270	-0.9954310	-3.8204319	1.3302423	-1.0078458	-3.9999977	1.3594447	-1.1319783	-4.0306491	1.3641549	-1.1197554	-3.9058440	0.0963202	-0.8691288	
43	0.1750000	-3.8398557	0.9094301	-0.5762032	-3.8013083	0.9549003	-0.8547684	-3.9801001	1.0293363	-0.6576439	-3.9652899	1.0471366	-0.7661846	-4.1587941	0.5397426	-0.6007987	-4.1512234	0.5444692	-0.7125452	-4.5106264	0.2838718	-0.6164136	-4.4933160	0.2793574	-0.7002851	-4.4448796	0.1933547	-0.6706794	-4.4714053	0.1951571	-0.6123358	-4.5801169	0.2994417	-0.6642360	-3.6602327	0.6213006	-0.8842742	-3.6665689	0.6035408	-0.7696511	-3.5340514	1.2496118	-0.5779398	-3.5784278	1.3032015	-0.8410624	-3.6041154	1.3496253	-0.6909402	-3.9608102	0.7176996	-0.5838507	-4.0415439	0.6484485	-0.5694922	-4.0450965	0.7775587	-0.5466562	-3.7667644	0.8702385	-0.8746484	-3.7259249	0.7747255	-0.9005990	-3.8466314	0.8181341	-0.9263450	-4.2587883	0.4539181	-0.5956850	-4.3442192	0.3584567	-0.5916042	-4.3825373	0.4131037	-0.5867103	-3.9516158	0.8914362	-0.6459081	-3.9283627	0.9188600	-0.8136870	-3.5490582	1.0644409	-0.4010321	-3.6032305	1.0160853	-0.4454092	-3.4698930	1.0944971	-0.6029833	-3.4294879	1.0553993	-0.5873811	-3.8405380	1.3554450	-1.0013763	-3.8126451	1.3225691	-1.0107918	-3.9932158	1.3366771	-1.1337661	-4.0243933	1.3423476	-1.1221940	-3.8965117	0.0932872	-0.8689844	
44	0.1791667	-3.8310622	0.9092749	-0.5753977	-3.7909712	0.9534186	-0.8549333	-3.9716213	1.0303802	-0.6588053	-3.9561784	1.0476141	-0.7677509	-4.1435432	0.5378145	-0.5999337	-4.1353206	0.5424995	-0.7120093	-4.4954371	0.2830784	-0.6184585	-4.4774695	0.2785442	-0.7023948	-4.4243510	0.1921632	-0.6732202	-4.4525867	0.1937934	-0.6143877	-4.5664763	0.2988660	-0.6666232	-3.6539291	0.6168971	-0.8841462	-3.6613053	0.5990693	-0.7697674	-3.5254725	1.2530434	-0.5778544	-3.5663326	1.3033318	-0.8424862	-3.5937979	1.3520689	-0.6924558	-3.9494153	0.7182231	-0.5830555	-4.0288020	0.6479850	-0.5686301	-4.0351011	0.7763498	-0.5464491	-3.7574517	0.8674525	-0.8742832	-3.7176136	0.7713304	-0.9003039	-3.8377245	0.8159474	-0.9268659	-4.2436694	0.4519039	-0.5956032	-4.3291507	0.3566441	-0.5922941	-4.3676175	0.4118690	-0.5875816	-3.9432352	0.8910392	-0.6462236	-3.9190538	0.9176492	-0.8145957	-3.5525013	1.0674896	-0.4014729	-3.6093847	1.0215739	-0.4474954	-3.4677758	1.0874728	-0.6048361	-3.4293554	1.0456813	-0.5873142	-3.8313302	1.3447392	-1.0074822	-3.8049667	1.3126628	-1.0136972	-3.9855351	1.3104564	-1.1342218	-4.0171920	1.3168206	-1.1236241	-3.8881898	0.0906776	-0.8689949	
45	0.1833333	-3.8229351	0.9098236	-0.5746697	-3.7808391	0.9523991	-0.8549495	-3.9633442	1.0319307	-0.6602649	-3.9471041	1.0485057	-0.7695303	-4.1281428	0.5359212	-0.5989193	-4.1190558	0.5403746	-0.7111812	-4.4807525	0.2822975	-0.6206032	-4.4620494	0.2775893	-0.7044371	-4.4058723	0.1909866	-0.6756148	-4.4354532	0.1925991	-0.6164869	-4.5526886	0.2982122	-0.6691344	-3.6481113	0.6120882	-0.8836926	-3.6565354	0.5943317	-0.7697048	-3.5166244	1.2563419	-0.5778116	-3.5538725	1.3026927	-0.8440784	-3.5830116	1.3541514	-0.6941766	-3.9385067	0.7195146	-0.5821188	-4.0163350	0.6480355	-0.5676639	-4.0255013	0.7756594	-0.5464745	-3.7484347	0.8646527	-0.8737788	-3.7096740	0.7677483	-0.8997598	-3.8291095	0.8138892	-0.9271838	-4.2286274	0.4498822	-0.5954500	-4.3145348	0.3548287	-0.5929252	-4.3528144	0.4106908	-0.5885689	-3.9353326	0.8913022	-0.6466962	-3.9099479	0.9169514	-0.8155218	-3.5563443	1.0699628	-0.4022138	-3.6160670	1.0270173	-0.4503704	-3.4657586	1.0779034	-0.6065860	-3.4300917	1.0331109	-0.5866625	-3.8217137	1.3342206	-1.0136189	-3.7976433	1.3033275	-1.0157595	-3.9768279	1.2827440	-1.1329891	-4.0091002	1.2899443	-1.1236988	-3.8808105	0.0884424	-0.8691349	
46	0.1875000	-3.8152552	0.9117883	-0.5739199	-3.7710237	0.9533070	-0.8547994	-3.9553025	1.0350401	-0.6616725	-3.9382238	1.0511742	-0.7712141	-4.1125586	0.5345477	-0.5977722	-4.1024213	0.5386568	-0.7102396	-4.4665190	0.2818137	-0.6229178	-4.4470488	0.2768370	-0.7066461	-4.3894289	0.1898531	-0.6781584	-4.4199878	0.1915939	-0.6187587	-4.5387392	0.2980223	-0.6718292	-3.6427510	0.6086388	-0.8830229	-3.6522158	0.5910586	-0.7695216	-3.5076474	1.2616294	-0.5776101	-3.5415588	1.3037769	-0.8456434	-3.5722652	1.3580764	-0.6958371	-3.9277178	0.7220943	-0.5810231	-4.0039046	0.6490939	-0.5665540	-4.0161689	0.7761351	-0.5464980	-3.7398299	0.8633359	-0.8732425	-3.7021667	0.7655941	-0.8990852	-3.8207745	0.8133944	-0.9273071	-4.2136381	0.4483160	-0.5952729	-4.3003014	0.3534067	-0.5935736	-4.3380706	0.4099147	-0.5896275	-3.9277098	0.8929944	-0.6471966	-3.9010469	0.9179938	-0.8163890	-3.5603946	1.0732906	-0.4033899	-3.6227245	1.0334607	-0.4544891	-3.4639428	1.0682652	-0.6081502	-3.4318101	1.0205073	-0.5851897	-3.8123596	1.3223917	-1.0188046	-3.7903821	1.2928898	-1.0178145	-3.9671090	1.2571544	-1.1303928	-3.9999125	1.2643552	-1.1226725	-3.8743014	0.0865284	-0.8693785	
47	0.1916667	-3.8079802	0.9161925	-0.5730564	-3.7613979	0.9570628	-0.8544472	-3.9474840	1.0403854	-0.6628181	-3.9294910	1.0562310	-0.7725941	-4.0964699	0.5344977	-0.5962899	-4.0851517	0.5381281	-0.7089140	-4.4526566	0.2831855	-0.6250494	-4.4324225	0.2778202	-0.7086645	-4.3752015	0.1904996	-0.6804370	-4.4062737	0.1926827	-0.6208400	-4.5244792	0.2997150	-0.6743696	-3.6376513	0.6063741	-0.8821143	-3.6481461	0.5890571	-0.7691738	-3.4981655	1.2678645	-0.5773960	-3.5287648	1.3058577	-0.8473769	-3.5609330	1.3631022	-0.6974756	-3.9170131	0.7269675	-0.5796330	-3.9913597	0.6520874	-0.5651415	-4.0069304	0.7787452	-0.5464056	-3.7312315	0.8640413	-0.8724720	-3.6947800	0.7651223	-0.8981528	-3.8126654	0.8150688	-0.9272109	-4.1984539	0.4481844	-0.5947963	-4.2863129	0.3535955	-0.5939756	-4.3231880	0.4108025	-0.5904501	-3.9203480	0.8971694	-0.6476154	-3.8922799	0.9217646	-0.8171167	-3.5649088	1.0770128	-0.4049571	-3.6292343	1.0409219	-0.4598629	-3.4626471	1.0585584	-0.6089837	-3.4345986	1.0080113	-0.5828962	-3.8030420	1.3109339	-1.0236362	-3.7835803	1.2829655	-1.0191239	-3.9561967	1.2306273	-1.1259558	-3.9896433	1.2377412	-1.1198417	-3.8685899	0.0848786	-0.8697020	
48	0.1958333	-3.8010768	0.9195522	-0.5723368	-3.7520824	0.9603521	-0.8541046	-3.9400265	1.0445134	-0.6639155	-3.9210996	1.0602983	-0.7738696	-4.0798091	0.5329649	-0.5945362	-4.0671769	0.5360248	-0.7073610	-4.4391357	0.2840572	-0.6272252	-4.4181402	0.2782146	-0.7108457	-4.3629683	0.1901289	-0.6827937	-4.3941595	0.1930718	-0.6229587	-4.5099295	0.3013254	-0.6770106	-3.6320867	0.6039915	-0.8810755	-3.6435442	0.5869489	-0.7688165	-3.4886835	1.2724751	-0.5774313	-3.5159081	1.3064446	-0.8493113	-3.5495162	1.3664858	-0.6993582	-3.9061459	0.7307419	-0.5780162	-3.9785244	0.6538466	-0.5634690	-3.9976775	0.7802256	-0.5462315	-3.7228355	0.8643657	-0.8715404	-3.6873401	0.7643712	-0.8970468	-3.8044279	0.8162459	-0.9269631	-4.1830394	0.4467973	-0.5941406	-4.2725071	0.3527898	-0.5942838	-4.3081178	0.4108232	-0.5911458	-3.9130932	0.9003145	-0.6480780	-3.8835815	0.9248587	-0.8178054	-3.5700556	1.0787381	-0.4070505	-3.6357063	1.0465997	-0.4659158	-3.4622491	1.0471635	-0.6095234	-3.4388446	0.9941963	-0.5802506	-3.7937798	1.2972066	-1.0280274	-3.7773535	1.2710937	-1.0196352	-3.9442324	1.2014513	-1.1196823	-3.9785547	1.2084054	-1.1153984	-3.8636077	0.0834331	-0.8700843	
49	0.2000000	-3.7943819	0.9208546	-0.5718167	-3.7428537	0.9612402	-0.8538259	-3.9325780	1.0462856	-0.6653075	-3.9126700	1.0618765	-0.7753887	-4.0625378	0.5296416	-0.5926049	-4.0485019	0.5318875	-0.7054249	-4.4255057	0.2837854	-0.6294402	-4.4037612	0.2772457	-0.7129182	-4.3522876	0.1887327	-0.6847740	-4.3832090	0.1926302	-0.6250021	-4.4945876	0.3016935	-0.6797615	-3.6262980	0.6000808	-0.8797163	-3.6387256	0.5834538	-0.7682985	-3.4790611	1.2745735	-0.5776692	-3.5029800	1.3047349	-0.8514248	-3.5380780	1.3674425	-0.7015017	-3.8953434	0.7328347	-0.5763577	-3.9654993	0.6539124	-0.5617359	-3.9882441	0.7798276	-0.5462465	-3.7145688	0.8625884	-0.8704832	-3.6798839	0.7617179	-0.8957075	-3.7960308	0.8152653	-0.9265075	-4.1672020	0.4437780	-0.5933830	-4.2585888	0.3505218	-0.5945375	-4.2925748	0.4095011	-0.5918437	-3.9058767	0.9013385	-0.6486457	-3.8748483	0.9256246	-0.8185199	-3.5757917	1.0781244	-0.4092263	-3.6420776	1.0499558	-0.4722142	-3.4630889	1.0340355	-0.6097690	-3.4446062	0.9791969	-0.5774059	-3.7848351	1.2809779	-1.0319237	-3.7718271	1.2569389	-1.0194031	-3.9312517	1.1700682	-1.1119966	-3.9666168	1.1767668	-1.1097317	-3.8592938	0.0821299	-0.8705085	
50	0.2041667	-3.7876033	0.9229617	-0.5713128	-3.7337359	0.9628058	-0.8534868	-3.9253135	1.0485187	-0.6665407	-3.9045049	1.0638681	-0.7767056	-4.0447647	0.5266288	-0.5904547	-4.0290454	0.5278746	-0.7033203	-4.4109615	0.2830094	-0.6315007	-4.3882616	0.2756442	-0.7149619	-4.3415225	0.1857201	-0.6866053	-4.3720470	0.1910542	-0.6268256	-4.4777739	0.3018631	-0.6825043	-3.6197570	0.5980810	-0.8781748	-3.6330940	0.5819690	-0.7677134	-3.4695513	1.2768892	-0.5779545	-3.4899842	1.3031385	-0.8536922	-3.5267069	1.3684430	-0.7038472	-3.8843660	0.7355438	-0.5742832	-3.9522160	0.6545111	-0.5596433	-3.9787170	0.7802045	-0.5461104	-3.7063551	0.8621764	-0.8691424	-3.6721547	0.7606166	-0.8941033	-3.7872915	0.8152769	-0.9258053	-4.1507649	0.4408680	-0.5923857	-4.2439389	0.3481571	-0.5944495	-4.2763607	0.4080358	-0.5923833	-3.8984835	0.9031319	-0.6490949	-3.8660495	0.9270899	-0.8190678	-3.5817874	1.0789034	-0.4112275	-3.6481157	1.0546701	-0.4783323	-3.4654080	1.0219388	-0.6095368	-3.4522907	0.9659678	-0.5739931	-3.7759082	1.2647395	-1.0352230	-3.7665762	1.2429345	-1.0185943	-3.9174114	1.1404135	-1.1030429	-3.9538883	1.1468035	-1.1029660	-3.8555962	0.0809061	-0.8709617	
51	0.2083333	-3.7806918	0.9264437	-0.5708950	-3.7246483	0.9653201	-0.8531678	-3.9177254	1.0516346	-0.6677487	-3.8960849	1.0665851	-0.7779742	-4.0262608	0.5248075	-0.5879945	-4.0089579	0.5249634	-0.7008868	-4.3959269	0.2844710	-0.6335628	-4.3723406	0.2761950	-0.7170120	-4.3317716	0.1857250	-0.6883326	-4.3615694	0.1925176	-0.6286815	-4.4598980	0.3040172	-0.6852563	-3.6129878	0.5975912	-0.8762448	-3.6271736	0.5820980	-0.7668332	-3.4600787	1.2798189	-0.5781897	-3.4771663	1.3026270	-0.8558940	-3.5154531	1.3701225	-0.7061043	-3.8729909	0.7394788	-0.5719208	-3.9383824	0.6563437	-0.5572606	-3.9685846	0.7818272	-0.5457784	-3.6980552	0.8627917	-0.8674390	-3.6642912	0.7607177	-0.8921081	-3.7783200	0.8163598	-0.9247667	-4.1337123	0.4394503	-0.5912032	-4.2288195	0.3476020	-0.5943114	-4.2594706	0.4083883	-0.5927644	-3.8907256	0.9061074	-0.6493570	-3.8569881	0.9294829	-0.8193886	-3.5880628	1.0801381	-0.4131696	-3.6541046	1.0602445	-0.4845064	-3.4694926	1.0097717	-0.6090743	-3.4622523	0.9531146	-0.5705424	-3.7668814	1.2497387	-1.0380450	-3.7615686	1.2302154	-1.0165671	-3.9021737	1.1115760	-1.0927886	-3.9399964	1.1179446	-1.0949802	-3.8524719	0.0796998	-0.8714352	
52	0.2125000	-3.7734026	0.9288011	-0.5706083	-3.7154989	0.9664460	-0.8529265	-3.9096087	1.0534566	-0.6690175	-3.8872434	1.0679179	-0.7793072	-4.0074250	0.5224686	-0.5852875	-3.9886100	0.5214701	-0.6980409	-4.3803415	0.2858036	-0.6355586	-4.3559538	0.2765997	-0.7187964	-4.3226349	0.1868257	-0.6898445	-4.3514140	0.1948591	-0.6306227	-4.4410355	0.3055892	-0.6878130	-3.6063206	0.5960063	-0.8742657	-3.6212749	0.5812359	-0.7659875	-3.4506926	1.2818217	-0.5783103	-3.4646509	1.3013405	-0.8582125	-3.5045436	1.3708164	-0.7084596	-3.8614309	0.7425875	-0.5695155	-3.9242988	0.6574763	-0.5547939	-3.9578468	0.7825537	-0.5454399	-3.6897725	0.8619849	-0.8657471	-3.6564863	0.7595099	-0.8900820	-3.7691770	0.8161519	-0.9235357	-4.1162889	0.4376958	-0.5898349	-4.2133176	0.3468884	-0.5940688	-4.2420196	0.4084139	-0.5930357	-3.8824259	0.9079403	-0.6495297	-3.8475777	0.9305738	-0.8195994	-3.5945415	1.0805263	-0.4150971	-3.6598544	1.0648947	-0.4905124	-3.4752993	0.9973627	-0.6085599	-3.4740338	0.9405557	-0.5674177	-3.7580053	1.2326821	-1.0402781	-3.7565099	1.2156924	-1.0139867	-3.8859264	1.0821447	-1.0816781	-3.9252698	1.0883895	-1.0861578	-3.8498856	0.0784516	-0.8719238	
53	0.2166667	-3.7653710	0.9313389	-0.5704010	-3.7062320	0.9670828	-0.8528197	-3.9009721	1.0550254	-0.6701382	-3.8781114	1.0687163	-0.7805118	-3.9880407	0.5210915	-0.5825687	-3.9676904	0.5188548	-0.6950082	-4.3633510	0.2871777	-0.6374911	-4.3380603	0.2769658	-0.7203762	-4.3129444	0.1879453	-0.6913002	-4.3404574	0.1975132	-0.6326867	-4.4202677	0.3070203	-0.6902699	-3.5995756	0.5946596	-0.8723738	-3.6150371	0.5806516	-0.7648915	-3.4413458	1.2833431	-0.5785374	-3.4525371	1.2993763	-0.8607637	-3.4940268	1.3707502	-0.7110131	-3.8494830	0.7461806	-0.5669975	-3.9097505	0.6592752	-0.5522745	-3.9464296	0.7837090	-0.5451140	-3.6811991	0.8610513	-0.8643399	-3.6485043	0.7583098	-0.8883214	-3.7600199	0.8157627	-0.9224326	-4.0980826	0.4367637	-0.5884191	-4.1967236	0.3467953	-0.5936893	-4.2236201	0.4088546	-0.5933342	-3.8734417	0.9098429	-0.6495118	-3.8378549	0.9313318	-0.8196573	-3.6009474	1.0811690	-0.4167357	-3.6652017	1.0696849	-0.4959624	-3.4828446	0.9852855	-0.6075863	-3.4876336	0.9289460	-0.5641578	-3.7489852	1.2156467	-1.0420557	-3.7512770	1.2011214	-1.0106654	-3.8684733	1.0538577	-1.0701858	-3.9094724	1.0600458	-1.0769402	-3.8478074	0.0771070	-0.8724247	
54	0.2208333	-3.7564302	0.9336822	-0.5703555	-3.6970794	0.9681980	-0.8528690	-3.8916759	1.0562976	-0.6707485	-3.8687233	1.0695089	-0.7812171	-3.9679437	0.5197070	-0.5797835	-3.9462878	0.5165258	-0.6920218	-4.3450704	0.2879407	-0.6391572	-4.3190308	0.2769775	-0.7218205	-4.3026777	0.1885977	-0.6929522	-4.3287077	0.1995497	-0.6347973	-4.3980532	0.3080442	-0.6922248	-3.5935242	0.5931903	-0.8706879	-3.6093300	0.5799105	-0.7639822	-3.4323180	1.2850512	-0.5786000	-3.4414363	1.2985859	-0.8632645	-3.4842873	1.3710778	-0.7132417	-3.8365085	0.7493878	-0.5645542	-3.8942636	0.6607960	-0.5497560	-3.9339950	0.7845390	-0.5444749	-3.6727473	0.8598597	-0.8631851	-3.6409048	0.7569284	-0.8867938	-3.7510364	0.8155787	-0.9212017	-4.0789692	0.4356986	-0.5868724	-4.1789676	0.3464029	-0.5932146	-4.2041840	0.4088460	-0.5933270	-3.8635309	0.9115360	-0.6492720	-3.8278274	0.9322892	-0.8194928	-3.6072919	1.0822792	-0.4182274	-3.6702029	1.0748999	-0.5009860	-3.4922015	0.9737190	-0.6062494	-3.5030192	0.9184393	-0.5608915	-3.7396562	1.1989115	-1.0434180	-3.7456124	1.1868015	-1.0066527	-3.8496243	1.0261827	-1.0581233	-3.8924698	1.0324003	-1.0670933	-3.8462093	0.0756179	-0.8729364	
55	0.2250000	-3.7464589	0.9360033	-0.5702936	-3.6878540	0.9698331	-0.8530549	-3.8817687	1.0574368	-0.6706326	-3.8590946	1.0703788	-0.7812533	-3.9467400	0.5181913	-0.5770517	-3.9240490	0.5143261	-0.6892859	-4.3249891	0.2881615	-0.6402198	-4.2983821	0.2766621	-0.7229170	-4.2910231	0.1876373	-0.6948396	-4.3152993	0.2002478	-0.6367858	-4.3740222	0.3092868	-0.6933068	-3.5883468	0.5917815	-0.8693482	-3.6042911	0.5791492	-0.7633660	-3.4231304	1.2867127	-0.5784962	-3.4308717	1.2981776	-0.8656984	-3.4748441	1.3714154	-0.7150569	-3.8222607	0.7523512	-0.5622026	-3.8775233	0.6620681	-0.5472624	-3.9204324	0.7851442	-0.5434535	-3.6644379	0.8587492	-0.8622738	-3.6337675	0.7556430	-0.8855573	-3.7423244	0.8157333	-0.9199812	-4.0584903	0.4343943	-0.5851919	-4.1594988	0.3456572	-0.5925004	-4.1832841	0.4083994	-0.5928281	-3.8527334	0.9132126	-0.6487816	-3.8174910	0.9335614	-0.8191700	-3.6132041	1.0834167	-0.4197660	-3.6745774	1.0800426	-0.5058701	-3.5032669	0.9613335	-0.6044357	-3.5202734	0.9078400	-0.5572777	-3.7297965	1.1828231	-1.0442409	-3.7392928	1.1729014	-1.0020481	-3.8295493	0.9998500	-1.0457558	-3.8742824	1.0061833	-1.0568435	-3.8450619	0.0739440	-0.8734574	
56	0.2291667	-3.7355244	0.9384020	-0.5703320	-3.6786311	0.9715356	-0.8533692	-3.8712061	1.0581167	-0.6701562	-3.8491918	1.0707795	-0.7809347	-3.9246285	0.5169204	-0.5744060	-3.9012195	0.5125995	-0.6866346	-4.3034725	0.2883910	-0.6409793	-4.2765048	0.2765271	-0.7237609	-4.2783464	0.1864925	-0.6969034	-4.3006150	0.2007284	-0.6388348	-4.3485772	0.3108120	-0.6938494	-3.5842031	0.5899151	-0.8681757	-3.6000850	0.5779236	-0.7629162	-3.4139308	1.2881740	-0.5784929	-3.4208757	1.2974873	-0.8682058	-3.4657590	1.3714454	-0.7168093	-3.8069925	0.7552206	-0.5600544	-3.8597411	0.6633353	-0.5449210	-3.9057356	0.7856179	-0.5422702	-3.6563091	0.8570832	-0.8615664	-3.6271871	0.7538509	-0.8845029	-3.7339440	0.8157711	-0.9186640	-4.0368890	0.4332596	-0.5835081	-4.1386887	0.3449892	-0.5917781	-4.1611705	0.4080226	-0.5920847	-3.8410523	0.9148228	-0.6481025	-3.8068578	0.9347596	-0.8186710	-3.6188419	1.0853960	-0.4211025	-3.6783771	1.0855336	-0.5101021	-3.5159191	0.9504128	-0.6018393	-3.5386882	0.8994119	-0.5532286	-3.7195147	1.1667614	-1.0443085	-3.7322118	1.1588791	-0.9973226	-3.8086154	0.9759138	-1.0333795	-3.8551199	0.9819767	-1.0464555	-3.8443311	0.0720542	-0.8739852	
57	0.2333333	-3.7237438	0.9403684	-0.5705106	-3.6693971	0.9731677	-0.8537904	-3.8603503	1.0583780	-0.6691590	-3.8393147	1.0708984	-0.7800559	-3.9025550	0.5157856	-0.5719756	-3.8785696	0.5111955	-0.6842835	-4.2810704	0.2880060	-0.6413612	-4.2538137	0.2760054	-0.7244097	-4.2640756	0.1848266	-0.6989621	-4.2844587	0.2004117	-0.6406520	-4.3225454	0.3116924	-0.6939051	-3.5798121	0.5892643	-0.8672627	-3.5954048	0.5777239	-0.7628118	-3.4046556	1.2891658	-0.5786160	-3.4108750	1.2967530	-0.8704335	-3.4565840	1.3710155	-0.7184099	-3.7912013	0.7574680	-0.5579775	-3.8416280	0.6642528	-0.5426707	-3.8904561	0.7859338	-0.5409371	-3.6482744	0.8560316	-0.8608005	-3.6205930	0.7529356	-0.8834965	-3.7254420	0.8163315	-0.9172103	-4.0150152	0.4321038	-0.5818773	-4.1171531	0.3441264	-0.5909470	-4.1386482	0.4072674	-0.5911538	-3.8286386	0.9161718	-0.6472640	-3.7959891	0.9359237	-0.8179884	-3.6239439	1.0878511	-0.4223900	-3.6813455	1.0911125	-0.5139818	-3.5299552	0.9399358	-0.5983409	-3.5581299	0.8921471	-0.5485187	-3.7085655	1.1506903	-1.0437253	-3.7241632	1.1444908	-0.9922067	-3.7865546	0.9527402	-1.0210687	-3.8347573	0.9583734	-1.0359316	-3.8439754	0.0699265	-0.8745150	
58	0.2375000	-3.7112392	0.9454290	-0.5705387	-3.6600971	0.9774285	-0.8541383	-3.8489007	1.0612188	-0.6678933	-3.8291001	1.0733952	-0.7789333	-3.8802501	0.5170831	-0.5701062	-3.8559194	0.5123122	-0.6824513	-4.2575485	0.2894662	-0.6419283	-4.2300715	0.2773692	-0.7252007	-4.2485736	0.1845798	-0.7013927	-4.2669915	0.2016832	-0.6428883	-4.2954682	0.3144995	-0.6940483	-3.5764465	0.5893817	-0.8664744	-3.5916866	0.5784730	-0.7627152	-3.3948245	1.2919510	-0.5786126	-3.4013308	1.2975387	-0.8728001	-3.4475172	1.3723841	-0.7197584	-3.7749969	0.7624695	-0.5561305	-3.8231094	0.6677735	-0.5407898	-3.8745563	0.7889414	-0.5396380	-3.6401251	0.8566284	-0.8600156	-3.6143520	0.7532946	-0.8825497	-3.7173485	0.8188298	-0.9157949	-3.9925522	0.4332628	-0.5807054	-4.0946693	0.3454589	-0.5905283	-4.1154841	0.4085434	-0.5905093	-3.8157033	0.9204844	-0.6461891	-3.7850013	0.9397607	-0.8171123	-3.6281522	1.0922394	-0.4238191	-3.6831211	1.0981572	-0.5176291	-3.5450084	0.9314206	-0.5938003	-3.5782529	0.8875578	-0.5430192	-3.6965299	1.1365062	-1.0423913	-3.7148351	1.1316524	-0.9867279	-3.7635089	0.9325187	-1.0085295	-3.8132419	0.9376593	-1.0250486	-3.8439445	0.0675481	-0.8750392	
59	0.2416667	-3.6984935	0.9486727	-0.5707563	-3.6510684	0.9801906	-0.8546662	-3.8374572	1.0621596	-0.6664361	-3.8191001	1.0741535	-0.7776247	-3.8577729	0.5170478	-0.5682519	-3.8334855	0.5124297	-0.6807740	-4.2335984	0.2890609	-0.6419139	-4.2061554	0.2771894	-0.7256133	-4.2317810	0.1821966	-0.7037379	-4.2483227	0.2005383	-0.6447056	-4.2685627	0.3157969	-0.6934228	-3.5737620	0.5879738	-0.8659514	-3.5884943	0.5774612	-0.7628573	-3.3854409	1.2928226	-0.5787363	-3.3922484	1.2968632	-0.8747693	-3.4387438	1.3719352	-0.7210007	-3.7581665	0.7655424	-0.5545382	-3.8040961	0.6695508	-0.5390417	-3.8581693	0.7901158	-0.5381271	-3.6323166	0.8555442	-0.8594075	-3.6086282	0.7520721	-0.8818253	-3.7096146	0.8199588	-0.9143837	-3.9697840	0.4329125	-0.5793446	-4.0716289	0.3451024	-0.5898477	-4.0920118	0.4081144	-0.5893921	-3.8024757	0.9229949	-0.6450476	-3.7740216	0.9419958	-0.8161717	-3.6316296	1.0956255	-0.4249974	-3.6842626	1.1036772	-0.5203401	-3.5608863	0.9231019	-0.5883810	-3.5985996	0.8837207	-0.5370266	-3.6838629	1.1209204	-1.0403379	-3.7047031	1.1169923	-0.9811688	-3.7397830	0.9119811	-0.9961590	-3.7908743	0.9163021	-1.0141980	-3.8441789	0.0649150	-0.8755471	
60	0.2458333	-3.6856548	0.9497511	-0.5710784	-3.6420645	0.9805381	-0.8552466	-3.8260081	1.0609818	-0.6649571	-3.8091427	1.0726821	-0.7762529	-3.8358718	0.5155320	-0.5670075	-3.8117625	0.5111544	-0.6796583	-4.2093360	0.2867858	-0.6419871	-4.1819953	0.2752291	-0.7261265	-4.2135768	0.1777489	-0.7063587	-4.2284623	0.1971503	-0.6467236	-4.2417902	0.3152570	-0.6927569	-3.5715102	0.5849248	-0.8657434	-3.5856796	0.5747839	-0.7633287	-3.3759291	1.2913344	-0.5791187	-3.3833722	1.2940574	-0.8766088	-3.4299941	1.3692380	-0.7222076	-3.7415803	0.7665980	-0.5533677	-3.7854169	0.6695040	-0.5377842	-3.8419049	0.7893646	-0.5368395	-3.6247546	0.8524813	-0.8589216	-3.6032329	0.7490061	-0.8812969	-3.7021604	0.8190701	-0.9130873	-3.9472456	0.4309904	-0.5784906	-4.0484417	0.3430662	-0.5895691	-4.0686906	0.4059337	-0.5885451	-3.7893139	0.9234119	-0.6439554	-3.7631784	0.9419849	-0.8152422	-3.6341872	1.0984208	-0.4259804	-3.6846307	1.1080298	-0.5222005	-3.5771790	0.9154895	-0.5820502	-3.6187367	0.8812288	-0.5304416	-3.6706699	1.1046427	-1.0376906	-3.6938958	1.1012200	-0.9758427	-3.7157256	0.8925650	-0.9842461	-3.7678110	0.8956086	-1.0037201	-3.8446110	0.0620303	-0.8760252	
61	0.2500000	-3.6728547	0.9518117	-0.5714124	-3.6333878	0.9817539	-0.8556964	-3.8146120	1.0606441	-0.6634830	-3.7993490	1.0720192	-0.7748321	-3.8141469	0.5147680	-0.5659701	-3.7906181	0.5108066	-0.6786985	-4.1851991	0.2861061	-0.6420052	-4.1582510	0.2750188	-0.7265285	-4.1947022	0.1768411	-0.7089786	-4.2080740	0.1965569	-0.6487660	-4.2156796	0.3155572	-0.6918568	-3.5696805	0.5827923	-0.8655448	-3.5833325	0.5730025	-0.7638010	-3.3666249	1.2910769	-0.5794459	-3.3752406	1.2926869	-0.8780581	-3.4216753	1.3678877	-0.7231840	-3.7250275	0.7684113	-0.5525227	-3.7667498	0.6701815	-0.5368196	-3.8254359	0.7893499	-0.5355783	-3.6174645	0.8501941	-0.8582901	-3.5981667	0.7467789	-0.8806852	-3.6950079	0.8190833	-0.9117091	-3.9248346	0.4300412	-0.5778319	-4.0253292	0.3422377	-0.5895262	-4.0454325	0.4049321	-0.5877023	-3.7762389	0.9247476	-0.6428084	-3.7525987	0.9428248	-0.8141727	-3.6355300	1.1025063	-0.4269771	-3.6835999	1.1131213	-0.5236796	-3.5932879	0.9102165	-0.5746179	-3.6381367	0.8815443	-0.5230145	-3.6563311	1.0895637	-1.0344578	-3.6818006	1.0863548	-0.9703282	-3.6909028	0.8755267	-0.9724998	-3.7437410	0.8770548	-0.9933556	-3.8451670	0.0589037	-0.8764574	
62	0.2541667	-3.6601403	0.9553419	-0.5715766	-3.6248819	0.9837541	-0.8560389	-3.8032787	1.0615868	-0.6621481	-3.7896441	1.0723492	-0.7735774	-3.7931635	0.5150567	-0.5655879	-3.7703568	0.5116709	-0.6781405	-4.1609934	0.2856611	-0.6422287	-4.1344772	0.2751898	-0.7268446	-4.1746301	0.1769904	-0.7116726	-4.1867005	0.1966183	-0.6511064	-4.1899863	0.3155622	-0.6909968	-3.5689469	0.5801175	-0.8657086	-3.5819866	0.5708095	-0.7644010	-3.3571456	1.2917784	-0.5798744	-3.3671581	1.2918022	-0.8796417	-3.4133981	1.3675311	-0.7243624	-3.7090533	0.7713818	-0.5521335	-3.7486910	0.6719372	-0.5364397	-3.8092509	0.7904930	-0.5346396	-3.6104151	0.8480771	-0.8580229	-3.5937125	0.7444173	-0.8804790	-3.6885843	0.8194722	-0.9105709	-3.9028634	0.4300029	-0.5777194	-4.0023516	0.3421474	-0.5899302	-4.0225315	0.4044084	-0.5873269	-3.7634191	0.9274757	-0.6415722	-3.7423276	0.9446334	-0.8130528	-3.6354631	1.1071620	-0.4280434	-3.6812026	1.1183329	-0.5248235	-3.6087262	0.9066192	-0.5662852	-3.6563851	0.8838627	-0.5149409	-3.6406836	1.0757520	-1.0307475	-3.6684483	1.0725886	-0.9646510	-3.6652888	0.8608567	-0.9607063	-3.7186609	0.8606910	-0.9829548	-3.8457704	0.0555493	-0.8768262	
63	0.2583333	-3.6475610	0.9584511	-0.5716673	-3.6167421	0.9860861	-0.8563370	-3.7923928	1.0623677	-0.6604178	-3.7804900	1.0728392	-0.7719386	-3.7723999	0.5142698	-0.5658088	-3.7504857	0.5118424	-0.6784094	-4.1364062	0.2826268	-0.6422414	-4.1104504	0.2731474	-0.7272098	-4.1524561	0.1736954	-0.7145220	-4.1635934	0.1930020	-0.6532124	-4.1647970	0.3134855	-0.6898111	-3.5687493	0.5770024	-0.8662119	-3.5812066	0.5679708	-0.7652524	-3.3477787	1.2923875	-0.5803075	-3.3593533	1.2910315	-0.8808879	-3.4051957	1.3672541	-0.7253377	-3.6928140	0.7734435	-0.5521399	-3.7305512	0.6726640	-0.5364835	-3.7932900	0.7908216	-0.5336201	-3.6036865	0.8459472	-0.8579129	-3.5896888	0.7419092	-0.8805250	-3.6826015	0.8199575	-0.9095730	-3.8808424	0.4284377	-0.5779668	-3.9789365	0.3400708	-0.5905206	-3.9996257	0.4018289	-0.5869337	-3.7508500	0.9298821	-0.6402894	-3.7324379	0.9465764	-0.8119061	-3.6340620	1.1115137	-0.4291360	-3.6775506	1.1228427	-0.5255824	-3.6232818	0.9042056	-0.5571848	-3.6732636	0.8875780	-0.5063988	-3.6237389	1.0622585	-1.0266146	-3.6538092	1.0589623	-0.9587921	-3.6388316	0.8473909	-0.9490413	-3.6925477	0.8452960	-0.9726708	-3.8463458	0.0519851	-0.8771135	
64	0.2625000	-3.6355923	0.9593939	-0.5717403	-3.6083278	0.9859923	-0.8566401	-3.7818298	1.0611478	-0.6587658	-3.7713260	1.0712246	-0.7703592	-3.7517986	0.5116077	-0.5660989	-3.7308656	0.5101561	-0.6788836	-4.1123900	0.2794381	-0.6419542	-4.0870667	0.2709526	-0.7274309	-4.1297654	0.1711025	-0.7171536	-4.1402604	0.1898367	-0.6549132	-4.1406456	0.3109000	-0.6883408	-3.5680443	0.5727348	-0.8669014	-3.5798783	0.5637944	-0.7660889	-3.3382868	1.2905477	-0.5808768	-3.3509436	1.2880041	-0.8817022	-3.3964333	1.3645171	-0.7261577	-3.6768601	0.7734148	-0.5520918	-3.7126252	0.6713887	-0.5364841	-3.7777639	0.7890925	-0.5325820	-3.5967245	0.8423042	-0.8578081	-3.5853360	0.7380532	-0.8806865	-3.6765571	0.8186288	-0.9088859	-3.8590732	0.4254192	-0.5782976	-3.9558546	0.3370270	-0.5911054	-3.9771076	0.3983816	-0.5863522	-3.7389057	0.9301414	-0.6390934	-3.7226327	0.9462229	-0.8108483	-3.6315605	1.1149768	-0.4302796	-3.6729212	1.1260366	-0.5258739	-3.6368741	0.9029233	-0.5474441	-3.6886839	0.8925489	-0.4975806	-3.6056469	1.0481907	-1.0222379	-3.6380484	1.0445668	-0.9530209	-3.6116054	0.8344433	-0.9376971	-3.6653572	0.8300222	-0.9627571	-3.8468228	0.0482314	-0.8773020	
65	0.2666667	-3.6239172	0.9607752	-0.5716918	-3.5997191	0.9860987	-0.8566844	-3.7713703	1.0608599	-0.6574399	-3.7620653	1.0704442	-0.7690522	-3.7313890	0.5102153	-0.5667083	-3.7114332	0.5097431	-0.6795788	-4.0884732	0.2768670	-0.6417644	-4.0637909	0.2694296	-0.7276096	-4.1059097	0.1699170	-0.7194915	-4.1160835	0.1875355	-0.6565380	-4.1171072	0.3083728	-0.6870216	-3.5669120	0.5693407	-0.8676082	-3.5782512	0.5604975	-0.7669184	-3.3282429	1.2894113	-0.5812833	-3.3421019	1.2856359	-0.8823025	-3.3871416	1.3625718	-0.7269446	-3.6613904	0.7744554	-0.5522500	-3.6950603	0.6712488	-0.5367598	-3.7625502	0.7882473	-0.5318024	-3.5897270	0.8394567	-0.8575877	-3.5807587	0.7350126	-0.8807956	-3.6703376	0.8179407	-0.9082508	-3.8373555	0.4234799	-0.5788720	-3.9327357	0.3349110	-0.5918259	-3.9547444	0.3957590	-0.5860512	-3.7273938	0.9311363	-0.6379828	-3.7129659	0.9464587	-0.8097967	-3.6279377	1.1196122	-0.4315241	-3.6669737	1.1299428	-0.5259765	-3.6492027	0.9044539	-0.5370732	-3.7023304	0.9003656	-0.4883666	-3.5861614	1.0357750	-1.0176398	-3.6208754	1.0318484	-0.9470742	-3.5833331	0.8243949	-0.9263834	-3.6367917	0.8172819	-0.9529220	-3.8471406	0.0443109	-0.8773764	
66	0.2708333	-3.6124114	0.9607328	-0.5715176	-3.5908115	0.9848776	-0.8567480	-3.7608563	1.0595099	-0.6561799	-3.7525709	1.0686559	-0.7678827	-3.7100756	0.5080406	-0.5673970	-3.6913310	0.5086534	-0.6805718	-4.0643868	0.2742880	-0.6412139	-4.0405197	0.2679431	-0.7275802	-4.0809666	0.1682146	-0.7216887	-4.0910103	0.1847748	-0.6578029	-4.0939656	0.3062301	-0.6852724	-3.5659581	0.5645849	-0.8684351	-3.5768911	0.5558075	-0.7676206	-3.3179380	1.2874737	-0.5816618	-3.3330264	1.2828264	-0.8826722	-3.3775527	1.3600563	-0.7275411	-3.6455037	0.7745717	-0.5525505	-3.6768552	0.6702134	-0.5371095	-3.7471161	0.7860408	-0.5308657	-3.5825261	0.8352244	-0.8576919	-3.5761221	0.7306035	-0.8812050	-3.6642116	0.8158913	-0.9078972	-3.8148921	0.4209126	-0.5794263	-3.9090327	0.3323438	-0.5924465	-3.9318601	0.3928110	-0.5854921	-3.7162136	0.9306798	-0.6368971	-3.7033469	0.9453046	-0.8088644	-3.6232146	1.1242788	-0.4327909	-3.6599537	1.1334541	-0.5257427	-3.6602813	0.9078989	-0.5262136	-3.7143059	0.9099632	-0.4789259	-3.5652509	1.0241102	-1.0129936	-3.6023745	1.0198976	-0.9411165	-3.5539371	0.8158192	-0.9150534	-3.6068654	0.8056635	-0.9432033	-3.8472508	0.0402474	-0.8773246	
67	0.2750000	-3.6013039	0.9612949	-0.5712769	-3.5813473	0.9838849	-0.8565690	-3.7503766	1.0589380	-0.6551746	-3.7427509	1.0675067	-0.7668865	-3.6886272	0.5068092	-0.5680354	-3.6709664	0.5084901	-0.6816314	-4.0405047	0.2729332	-0.6400390	-4.0173527	0.2676683	-0.7270486	-4.0548375	0.1673352	-0.7232639	-4.0651775	0.1828166	-0.6582201	-4.0715277	0.3053869	-0.6829721	-3.5644237	0.5611326	-0.8691693	-3.5750177	0.5522762	-0.7681947	-3.3077250	1.2863704	-0.5820177	-3.3231367	1.2806130	-0.8826530	-3.3673487	1.3581010	-0.7281594	-3.6295945	0.7754490	-0.5526686	-3.6586102	0.6700233	-0.5373032	-3.7319889	0.7845988	-0.5299087	-3.5748924	0.8320109	-0.8576047	-3.5709809	0.7273432	-0.8814720	-3.6576458	0.8146174	-0.9075424	-3.7923550	0.4192990	-0.5797685	-3.8852963	0.3307746	-0.5926140	-3.9091177	0.3909873	-0.5845751	-3.7053387	0.9308544	-0.6358897	-3.6934493	0.9445571	-0.8079004	-3.6173641	1.1294711	-0.4341151	-3.6516109	1.1371258	-0.5252575	-3.6698090	0.9135165	-0.5150636	-3.7242090	0.9214392	-0.4693909	-3.5427736	1.0136230	-1.0082059	-3.5823392	1.0092223	-0.9347718	-3.5230055	0.8088757	-0.9034800	-3.5753108	0.7954650	-0.9332766	-3.8471208	0.0360668	-0.8771383	
68	0.2791667	-3.5903947	0.9616135	-0.5709391	-3.5713122	0.9823403	-0.8561773	-3.7397176	1.0585047	-0.6545073	-3.7324500	1.0663699	-0.7661788	-3.6671324	0.5060628	-0.5688547	-3.6505173	0.5087384	-0.6829002	-4.0167911	0.2720068	-0.6387773	-3.9943109	0.2677654	-0.7264071	-4.0280502	0.1670849	-0.7243826	-4.0389646	0.1813856	-0.6582710	-4.0495364	0.3046892	-0.6807154	-3.5622860	0.5575261	-0.8699811	-3.5727043	0.5485821	-0.7687242	-3.2972210	1.2851989	-0.5821583	-3.3126483	1.2785895	-0.8822269	-3.3566157	1.3561357	-0.7285093	-3.6138778	0.7765989	-0.5528184	-3.6404615	0.6702000	-0.5375865	-3.7170037	0.7832476	-0.5290950	-3.5666903	0.8285922	-0.8574463	-3.5652192	0.7238952	-0.8817553	-3.6506257	0.8130685	-0.9073795	-3.7697796	0.4181408	-0.5802113	-3.8615683	0.3296627	-0.5927496	-3.8864735	0.3896103	-0.5837489	-3.6946919	0.9308888	-0.6349909	-3.6833185	0.9434817	-0.8069730	-3.6103200	1.1348378	-0.4352148	-3.6422859	1.1406976	-0.5241171	-3.6779520	0.9212036	-0.5036568	-3.7322971	0.9347316	-0.4597635	-3.5193518	1.0048149	-1.0035097	-3.5613476	1.0002526	-0.9285354	-3.4906271	0.8048082	-0.8916840	-3.5420225	0.7876689	-0.9231089	-3.8467348	0.0317970	-0.8768144	
69	0.2833333	-3.5796245	0.9609595	-0.5705736	-3.5609636	0.9798419	-0.8556196	-3.7289218	1.0570933	-0.6542465	-3.7218347	1.0642736	-0.7658438	-3.6450782	0.5050041	-0.5696775	-3.6296133	0.5086437	-0.6841385	-3.9926672	0.2698428	-0.6372602	-3.9709735	0.2665893	-0.7254132	-4.0001546	0.1658054	-0.7248580	-4.0118201	0.1787864	-0.6578279	-4.0275527	0.3024897	-0.6782714	-3.5602048	0.5525245	-0.8707209	-3.5707333	0.5435697	-0.7692148	-3.2869503	1.2841540	-0.5823356	-3.3020661	1.2763056	-0.8817835	-3.3459751	1.3541643	-0.7290361	-3.5979916	0.7773068	-0.5532025	-3.6219709	0.6699842	-0.5380337	-3.7017812	0.7810123	-0.5284159	-3.5582695	0.8237743	-0.8573133	-3.5592963	0.7190409	-0.8820238	-3.6432825	0.8102844	-0.9072317	-3.7465993	0.4163991	-0.5805505	-3.8372774	0.3276735	-0.5927101	-3.8633199	0.3873959	-0.5828183	-3.6841069	0.9298245	-0.6342548	-3.6729820	0.9413132	-0.8061305	-3.6021771	1.1399470	-0.4360442	-3.6321172	1.1439371	-0.5224630	-3.6846684	0.9300121	-0.4924665	-3.7386430	0.9487168	-0.4503752	-3.4948680	0.9967222	-0.9989379	-3.5393617	0.9919694	-0.9223637	-3.4569139	0.8016978	-0.8799550	-3.5073431	0.7806239	-0.9130044	-3.8460949	0.0274685	-0.8763547	
70	0.2875000	-3.5692613	0.9568060	-0.5704711	-3.5502586	0.9730151	-0.8551145	-3.7180568	1.0521773	-0.6547473	-3.7108597	1.0583644	-0.7661956	-3.6222134	0.5014321	-0.5702127	-3.6080392	0.5059318	-0.6850314	-3.9684598	0.2665097	-0.6355554	-3.9477017	0.2641558	-0.7241216	-3.9722012	0.1645825	-0.7247295	-3.9846746	0.1760097	-0.6569023	-4.0056312	0.2987099	-0.6757114	-3.5580628	0.5447062	-0.8715096	-3.5687251	0.5357033	-0.7698116	-3.2771403	1.2808540	-0.5827326	-3.2911951	1.2713938	-0.8807720	-3.3352558	1.3495990	-0.7296283	-3.5819909	0.7749295	-0.5537038	-3.6030749	0.6669331	-0.5384451	-3.6862854	0.7754985	-0.5278742	-3.5497986	0.8152611	-0.8572741	-3.5533231	0.7108463	-0.8823648	-3.6356947	0.8037608	-0.9071782	-3.7228626	0.4124798	-0.5806931	-3.8127357	0.3238348	-0.5925250	-3.8396475	0.3835136	-0.5816974	-3.6737156	0.9250003	-0.6338275	-3.6623753	0.9348855	-0.8054728	-3.5929959	1.1435373	-0.4367588	-3.6213526	1.1455606	-0.5199325	-3.6901294	0.9392692	-0.4813803	-3.7433188	0.9627101	-0.4411257	-3.4698607	0.9874561	-0.9945327	-3.5168260	0.9821400	-0.9165795	-3.4216677	0.7982198	-0.8686241	-3.4708949	0.7728487	-0.9031945	-3.8452202	0.0231147	-0.8757663	
71	0.2916667	-3.5589715	0.9551864	-0.5700770	-3.5390664	0.9675751	-0.8544356	-3.7071592	1.0497942	-0.6556701	-3.6996258	1.0545141	-0.7669950	-3.5994838	0.5013667	-0.5705989	-3.5863029	0.5064119	-0.6856077	-3.9439762	0.2660085	-0.6333588	-3.9239476	0.2643025	-0.7221901	-3.9436575	0.1654363	-0.7236493	-3.9570901	0.1756565	-0.6552401	-3.9832823	0.2976999	-0.6728556	-3.5553255	0.5394545	-0.8722602	-3.5662097	0.5305500	-0.7702998	-3.2673169	1.2802582	-0.5829807	-3.2798908	1.2685217	-0.8797330	-3.3244189	1.3474334	-0.7303656	-3.5665634	0.7756884	-0.5539338	-3.5846141	0.6672050	-0.5386527	-3.6710751	0.7730275	-0.5274016	-3.5410496	0.8089990	-0.8572849	-3.5469118	0.7049885	-0.8827399	-3.6276792	0.7991443	-0.9071801	-3.6991054	0.4119291	-0.5805433	-3.7880893	0.3232169	-0.5917912	-3.8159135	0.3827934	-0.5803938	-3.6634833	0.9226718	-0.6333363	-3.6515872	0.9302599	-0.8048195	-3.5828983	1.1491259	-0.4370697	-3.6095314	1.1493203	-0.5163129	-3.6941759	0.9520692	-0.4703042	-3.7461019	0.9796828	-0.4319664	-3.4441879	0.9810679	-0.9899535	-3.4935966	0.9750209	-0.9103437	-3.3847883	0.7982952	-0.8571554	-3.4325470	0.7685296	-0.8929664	-3.8441450	0.0187722	-0.8750609	
72	0.2958333	-3.5487540	0.9567511	-0.5695406	-3.5279283	0.9650519	-0.8535546	-3.6963008	1.0503887	-0.6567642	-3.6884264	1.0535423	-0.7679480	-3.5761677	0.5047777	-0.5709171	-3.5641610	0.5103756	-0.6860536	-3.9187708	0.2678144	-0.6308224	-3.8996333	0.2667751	-0.7198503	-3.9144559	0.1690847	-0.7218943	-3.9288120	0.1779056	-0.6530631	-3.9603443	0.2986530	-0.6697257	-3.5528067	0.5367666	-0.8728093	-3.5640876	0.5279917	-0.7706380	-3.2578220	1.2833660	-0.5829581	-3.2685320	1.2691333	-0.8783589	-3.3137462	1.3489098	-0.7309151	-3.5509846	0.7798102	-0.5543429	-3.5657947	0.6708807	-0.5389562	-3.6554853	0.7736813	-0.5268676	-3.5323319	0.8053179	-0.8571010	-3.5405790	0.7017043	-0.8829129	-3.6196024	0.7972840	-0.9070301	-3.6746589	0.4145113	-0.5802044	-3.7627225	0.3253607	-0.5908175	-3.7914623	0.3848813	-0.5788806	-3.6532399	0.9233588	-0.6327840	-3.6407829	0.9284843	-0.8040704	-3.5714673	1.1568698	-0.4367166	-3.5964484	1.1554744	-0.5111993	-3.6965368	0.9692316	-0.4590905	-3.7466531	1.0005719	-0.4226660	-3.4188484	0.9779131	-0.9857189	-3.4704448	0.9709684	-0.9041844	-3.3456947	0.8050241	-0.8452231	-3.3911668	0.7701498	-0.8816029	-3.8429163	0.0144810	-0.8742550	
73	0.3000000	-3.5388623	0.9567002	-0.5689808	-3.5167701	0.9609080	-0.8528294	-3.6857413	1.0493750	-0.6579788	-3.6773994	1.0509593	-0.7690822	-3.5529014	0.5071288	-0.5711672	-3.5418713	0.5131416	-0.6863838	-3.8927575	0.2676708	-0.6279672	-3.8743691	0.2671944	-0.7171646	-3.8845001	0.1699591	-0.7194732	-3.8997918	0.1778183	-0.6502913	-3.9363808	0.2978136	-0.6664695	-3.5501794	0.5327739	-0.8736099	-3.5618026	0.5241013	-0.7710152	-3.2486830	1.2845766	-0.5828502	-3.2567339	1.2677169	-0.8770022	-3.3030210	1.3484271	-0.7314992	-3.5358041	0.7826598	-0.5546298	-3.5472644	0.6733899	-0.5391614	-3.6402324	0.7729643	-0.5264238	-3.5235648	0.8002764	-0.8572698	-3.5341853	0.6970799	-0.8834395	-3.6115947	0.7938879	-0.9072407	-3.6499867	0.4158386	-0.5797005	-3.7368638	0.3260443	-0.5895059	-3.7666294	0.3854077	-0.5772189	-3.6432992	0.9223978	-0.6323077	-3.6300666	0.9250595	-0.8035022	-3.5588087	1.1628039	-0.4359538	-3.5820685	1.1601868	-0.5050344	-3.6971829	0.9866308	-0.4484426	-3.7451839	1.0209999	-0.4138252	-3.3929409	0.9733757	-0.9816712	-3.4464120	0.9651593	-0.8981681	-3.3053298	0.8111990	-0.8338237	-3.3482453	0.7713365	-0.8702469	-3.8415904	0.0102842	-0.8733685	
74	0.3041667	-3.5292127	0.9575728	-0.5683383	-3.5059240	0.9581008	-0.8521024	-3.6755716	1.0491777	-0.6590919	-3.6667973	1.0493558	-0.7701429	-3.5290621	0.5110949	-0.5714404	-3.5190384	0.5174831	-0.6867043	-3.8656024	0.2677963	-0.6248351	-3.8480195	0.2678529	-0.7142246	-3.8536979	0.1703208	-0.7165473	-3.8698227	0.1774013	-0.6471077	-3.9111973	0.2974634	-0.6630037	-3.5479715	0.5294557	-0.8743718	-3.5600382	0.5208610	-0.7714239	-3.2398021	1.2867591	-0.5825267	-3.2449204	1.2673546	-0.8755961	-3.2924752	1.3490514	-0.7319021	-3.5206550	0.7869384	-0.5550605	-3.5285149	0.6773999	-0.5394672	-3.6248480	0.7733461	-0.5259782	-3.5150864	0.7960678	-0.8574338	-3.5281126	0.6932341	-0.8839404	-3.6038171	0.7915187	-0.9074248	-3.6244842	0.4183839	-0.5790850	-3.7100007	0.3275349	-0.5880126	-3.7408830	0.3867874	-0.5753972	-3.6335534	0.9223190	-0.6318238	-3.6195915	0.9227650	-0.8029737	-3.5452245	1.1691500	-0.4345170	-3.5664602	1.1658245	-0.4973485	-3.6955339	1.0066443	-0.4382138	-3.7409414	1.0431757	-0.4050424	-3.3675237	0.9705256	-0.9772865	-3.4221660	0.9605620	-0.8919894	-3.2638173	0.8216796	-0.8225976	-3.3032927	0.7767337	-0.8583313	-3.8402291	0.0062273	-0.8724238	
75	0.3083333	-3.5199159	0.9584478	-0.5676947	-3.4954535	0.9555189	-0.8515189	-3.6657537	1.0489662	-0.6601071	-3.6565657	1.0478279	-0.7711568	-3.5049233	0.5160181	-0.5714552	-3.4959064	0.5226787	-0.6866935	-3.8375700	0.2686663	-0.6214967	-3.8208086	0.2691815	-0.7110007	-3.8225936	0.1718308	-0.7129982	-3.8394076	0.1782308	-0.6434740	-3.8848656	0.2975882	-0.6594615	-3.5459373	0.5265853	-0.8752163	-3.5582940	0.5180178	-0.7717875	-3.2310379	1.2883285	-0.5819306	-3.2327266	1.2666675	-0.8739475	-3.2817090	1.3492700	-0.7319803	-3.5058851	0.7917309	-0.5553433	-3.5098666	0.6821164	-0.5395951	-3.6095084	0.7741119	-0.5254999	-3.5069154	0.7921924	-0.8577694	-3.5223293	0.6897741	-0.8845985	-3.5964391	0.7894420	-0.9077690	-3.5984931	0.4218674	-0.5782522	-3.6825259	0.3299369	-0.5863018	-3.7144577	0.3890148	-0.5733779	-3.6241324	0.9222624	-0.6313170	-3.6094527	0.9206274	-0.8025052	-3.5310854	1.1749858	-0.4323545	-3.5495854	1.1715807	-0.4884302	-3.6923850	1.0279154	-0.4283679	-3.7349714	1.0658035	-0.3964275	-3.3414364	0.9684033	-0.9725121	-3.3964665	0.9562309	-0.8857428	-3.2218943	0.8333593	-0.8122799	-3.2575058	0.7839941	-0.8467685	-3.8388957	0.0023572	-0.8714452	
76	0.3125000	-3.5110091	0.9552903	-0.5672611	-3.4854198	0.9488076	-0.8513232	-3.6565309	1.0450072	-0.6614551	-3.6469452	1.0425205	-0.7725680	-3.4801007	0.5193383	-0.5713432	-3.4720507	0.5260682	-0.6865128	-3.8085848	0.2673027	-0.6181932	-3.7926349	0.2681240	-0.7077759	-3.7910545	0.1703971	-0.7091762	-3.8084227	0.1763967	-0.6397462	-3.8573506	0.2956887	-0.6560615	-3.5444002	0.5206658	-0.8764569	-3.5569246	0.5120969	-0.7725804	-3.2227962	1.2869794	-0.5812224	-3.2208390	1.2634343	-0.8721163	-3.2714881	1.3467109	-0.7319600	-3.4915599	0.7938245	-0.5557450	-3.4912104	0.6845848	-0.5397440	-3.5941822	0.7717245	-0.5251235	-3.4995768	0.7846268	-0.8585683	-3.5172565	0.6828799	-0.8856932	-3.5896143	0.7836525	-0.9083971	-3.5716626	0.4235638	-0.5773297	-3.6541467	0.3303627	-0.5845128	-3.6871362	0.3893276	-0.5713572	-3.6152144	0.9181558	-0.6310023	-3.5998448	0.9143852	-0.8023374	-3.5160539	1.1784581	-0.4299449	-3.5317133	1.1756446	-0.4786341	-3.6879992	1.0486755	-0.4194904	-3.7275922	1.0874894	-0.3885859	-3.3147254	0.9648780	-0.9674168	-3.3692226	0.9499969	-0.8801313	-3.1797717	0.8449224	-0.8029988	-3.2108181	0.7917013	-0.8358461	-3.8376513	-0.0012790	-0.8704576	
77	0.3166667	-3.5022365	0.9547995	-0.5666596	-3.4760552	0.9446067	-0.8512460	-3.6475853	1.0438931	-0.6625877	-3.6378207	1.0399922	-0.7738659	-3.4551491	0.5268040	-0.5709338	-3.4480595	0.5334613	-0.6860443	-3.7787997	0.2691039	-0.6146066	-3.7636536	0.2701095	-0.7042469	-3.7590333	0.1719174	-0.7049362	-3.7768761	0.1777525	-0.6356968	-3.8288828	0.2968897	-0.6524555	-3.5434978	0.5177930	-0.8776524	-3.5560461	0.5092964	-0.7733349	-3.2143772	1.2881407	-0.5802644	-3.2089662	1.2624990	-0.8703009	-3.2611479	1.3467706	-0.7316978	-3.4777561	0.7994088	-0.5559449	-3.4727994	0.6908227	-0.5396521	-3.5789715	0.7726623	-0.5244916	-3.4930636	0.7799363	-0.8594937	-3.5129600	0.6789164	-0.8868382	-3.5835431	0.7806285	-0.9089636	-3.5444225	0.4291728	-0.5761156	-3.6251725	0.3344340	-0.5824214	-3.6593005	0.3932409	-0.5690619	-3.6066591	0.9168552	-0.6304815	-3.5909253	0.9108525	-0.8021296	-3.5003957	1.1842223	-0.4273436	-3.5125354	1.1826763	-0.4685697	-3.6822326	1.0721620	-0.4116323	-3.7186441	1.1114634	-0.3816248	-3.2870429	0.9636639	-0.9617591	-3.3405597	0.9460328	-0.8746414	-3.1384831	0.8588994	-0.7941984	-3.1645088	0.8027853	-0.8251255	-3.8365505	-0.0046352	-0.8694856	
78	0.3208333	-3.4938417	0.9525398	-0.5662589	-3.4674187	0.9389167	-0.8513250	-3.6391827	1.0414640	-0.6635307	-3.6293702	1.0362744	-0.7749420	-3.4301701	0.5335465	-0.5704943	-3.4239628	0.5400066	-0.6856429	-3.7485316	0.2700948	-0.6107907	-3.7341221	0.2712238	-0.7006159	-3.7265908	0.1721335	-0.7005300	-3.7448983	0.1780228	-0.6313426	-3.7997747	0.2974523	-0.6486780	-3.5425405	0.5147027	-0.8789041	-3.5549066	0.5060791	-0.7741566	-3.2066705	1.2884003	-0.5789677	-3.1974736	1.2610359	-0.8679998	-3.2512615	1.3458066	-0.7310203	-3.4643908	0.8037171	-0.5560401	-3.4546520	0.6960236	-0.5394507	-3.5640899	0.7723402	-0.5238220	-3.4872019	0.7745878	-0.8604541	-3.5090638	0.6744978	-0.8880215	-3.5780351	0.7766514	-0.9095473	-3.5170048	0.4340262	-0.5748029	-3.5958242	0.3377586	-0.5800982	-3.6311736	0.3963972	-0.5666047	-3.5986096	0.9138788	-0.6300331	-3.5827147	0.9058224	-0.8019676	-3.4839679	1.1903221	-0.4245311	-3.4923301	1.1903976	-0.4580022	-3.6753021	1.0970828	-0.4045346	-3.7082987	1.1365014	-0.3755703	-3.2589665	0.9631640	-0.9558018	-3.3109375	0.9426893	-0.8697351	-3.0984796	0.8729846	-0.7862567	-3.1194045	0.8149937	-0.8153457	-3.8356390	-0.0076682	-0.8685526	
79	0.3250000	-3.4855456	0.9492344	-0.5658923	-3.4595422	0.9320854	-0.8516751	-3.6309329	1.0382451	-0.6646004	-3.6213377	1.0317123	-0.7762388	-3.4057060	0.5410857	-0.5701311	-3.4004936	0.5471641	-0.6852330	-3.7181023	0.2709697	-0.6075995	-3.7044872	0.2720410	-0.6974098	-3.6945294	0.1733519	-0.6962742	-3.7132319	0.1791447	-0.6275529	-3.7702950	0.2971723	-0.6455741	-3.5424024	0.5107300	-0.8805162	-3.5545182	0.5022095	-0.7754069	-3.1988889	1.2881117	-0.5777451	-3.1863271	1.2593664	-0.8659502	-3.2416569	1.3448513	-0.7303215	-3.4519798	0.8079538	-0.5563376	-3.4372238	0.7015253	-0.5394430	-3.5493625	0.7717332	-0.5232366	-3.4823332	0.7680703	-0.8618001	-3.5060940	0.6689885	-0.8895604	-3.5733149	0.7715610	-0.9102954	-3.4898148	0.4395342	-0.5737645	-3.5665998	0.3415103	-0.5782583	-3.6031193	0.3998303	-0.5645966	-3.5908877	0.9099527	-0.6295615	-3.5752502	0.8997750	-0.8019128	-3.4679973	1.1968338	-0.4215321	-3.4722302	1.1988304	-0.4480257	-3.6679850	1.1204403	-0.3987058	-3.6975216	1.1598425	-0.3708483	-3.2304803	0.9628064	-0.9496729	-3.2806615	0.9396518	-0.8653342	-3.0598316	0.8858824	-0.7792447	-3.0757277	0.8270980	-0.8066767	-3.8349500	-0.0103392	-0.8676799	
80	0.3291667	-3.4774800	0.9454838	-0.5656520	-3.4519938	0.9251270	-0.8519851	-3.6229059	1.0350069	-0.6653561	-3.6135585	1.0272822	-0.7771459	-3.3816628	0.5491416	-0.5696925	-3.3772204	0.5547641	-0.6848052	-3.6875159	0.2723928	-0.6040966	-3.6744969	0.2734225	-0.6939352	-3.6621801	0.1748289	-0.6916679	-3.6813321	0.1806456	-0.6232646	-3.7405004	0.2975526	-0.6422442	-3.5418365	0.5079524	-0.8818265	-3.5534488	0.4992730	-0.7763786	-3.1916274	1.2882394	-0.5761612	-3.1748953	1.2581040	-0.8632789	-3.2319673	1.3438816	-0.7292254	-3.4400531	0.8119555	-0.5563563	-3.4203075	0.7071094	-0.5392068	-3.5351555	0.7712049	-0.5226013	-3.4777715	0.7623593	-0.8629080	-3.5031899	0.6644793	-0.8908248	-3.5688445	0.7669365	-0.9108090	-3.4629312	0.4455870	-0.5725596	-3.5374280	0.3458852	-0.5760592	-3.5752177	0.4037929	-0.5624285	-3.5835049	0.9057020	-0.6290945	-3.5681671	0.8936045	-0.8017684	-3.4524785	1.2058796	-0.4188904	-3.4523011	1.2095935	-0.4382259	-3.6609651	1.1487358	-0.3932685	-3.6863790	1.1877686	-0.3669053	-3.2022731	0.9645130	-0.9435437	-3.2502549	0.9385902	-0.8612638	-3.0226081	0.9010195	-0.7725157	-3.0335644	0.8421455	-0.7985225	-3.8345027	-0.0126145	-0.8668865	
81	0.3333333	-3.4692412	0.9441446	-0.5651644	-3.4446897	0.9211548	-0.8521626	-3.6145943	1.0346409	-0.6656413	-3.6056511	1.0259264	-0.7776245	-3.3588475	0.5602243	-0.5697033	-3.3550860	0.5652869	-0.6848924	-3.6570581	0.2761454	-0.6009720	-3.6445360	0.2770294	-0.6908522	-3.6297632	0.1781669	-0.6871091	-3.6495077	0.1842980	-0.6192048	-3.7107044	0.3003610	-0.6393914	-3.5414851	0.5080157	-0.8831081	-3.5527157	0.4993052	-0.7774414	-3.1842337	1.2910245	-0.5745386	-3.1636437	1.2598071	-0.8607680	-3.2223536	1.3458472	-0.7279668	-3.4288070	0.8187348	-0.5563801	-3.4042801	0.7155886	-0.5391547	-3.5213425	0.7735418	-0.5219796	-3.4733779	0.7594968	-0.8638496	-3.5004236	0.6627965	-0.8919547	-3.5645149	0.7651839	-0.9112063	-3.4368982	0.4545887	-0.5717591	-3.5087635	0.3530952	-0.5742250	-3.5479809	0.4103371	-0.5606976	-3.5760910	0.9041109	-0.6284510	-3.5613178	0.8904358	-0.8015094	-3.4382227	1.2181439	-0.4159948	-3.4335611	1.2236400	-0.4300136	-3.6543583	1.1763013	-0.3891231	-3.6759167	1.2151443	-0.3642535	-3.1740489	0.9691678	-0.9376749	-3.2198796	0.9408510	-0.8576433	-2.9868037	0.9176407	-0.7665224	-2.9932489	0.8594808	-0.7911733	-3.8343010	-0.0144674	-0.8661879	
82	0.3375000	-3.4606723	0.9417173	-0.5646359	-3.4372404	0.9159505	-0.8525388	-3.6060053	1.0334095	-0.6659253	-3.5975446	1.0236531	-0.7782080	-3.3366118	0.5706256	-0.5692744	-3.3334335	0.5750437	-0.6847272	-3.6264092	0.2784811	-0.5978431	-3.6141818	0.2791092	-0.6878318	-3.5969940	0.1791622	-0.6826380	-3.6174152	0.1859405	-0.6151974	-3.6806277	0.3020942	-0.6365826	-3.5414665	0.5070622	-0.8844770	-3.5522240	0.4983959	-0.7785129	-3.1767951	1.2929777	-0.5728825	-3.1520240	1.2609297	-0.8582056	-3.2125491	1.3473263	-0.7266517	-3.4177324	0.8244629	-0.5561357	-3.3885982	0.7231846	-0.5387492	-3.5076767	0.7750281	-0.5210317	-3.4692202	0.7553269	-0.8650750	-3.4979426	0.6599109	-0.8933070	-3.5602968	0.7622789	-0.9116955	-3.4112331	0.4627694	-0.5706131	-3.4801663	0.3592540	-0.5721613	-3.5210490	0.4158282	-0.5587794	-3.5684919	0.9014319	-0.6277182	-3.5543976	0.8860908	-0.8013067	-3.4246830	1.2310161	-0.4132648	-3.4161406	1.2380046	-0.4231093	-3.6483670	1.2034340	-0.3856622	-3.6659418	1.2422019	-0.3624724	-3.1464260	0.9735567	-0.9321628	-3.1899459	0.9427965	-0.8546340	-2.9526945	0.9327336	-0.7607580	-2.9552155	0.8757269	-0.7844294	-3.8343326	-0.0158782	-0.8655960	
83	0.3416667	-3.4517127	0.9400143	-0.5640901	-3.4294960	0.9115463	-0.8526767	-3.5967610	1.0329411	-0.6659861	-3.5888199	1.0221691	-0.7784767	-3.3153197	0.5811751	-0.5688294	-3.3126528	0.5849978	-0.6845570	-3.5958017	0.2813192	-0.5948925	-3.5837651	0.2817325	-0.6849021	-3.5640647	0.1816804	-0.6778764	-3.5852764	0.1889800	-0.6110185	-3.6505147	0.3039247	-0.6340698	-3.5417963	0.5064460	-0.8856660	-3.5519484	0.4977791	-0.7794179	-3.1695544	1.2954696	-0.5714936	-3.1402715	1.2625947	-0.8555229	-3.2025781	1.3491947	-0.7253691	-3.4067287	0.8303251	-0.5556574	-3.3733448	0.7309296	-0.5381973	-3.4941113	0.7770979	-0.5200572	-3.4649102	0.7516368	-0.8661097	-3.4955407	0.6574678	-0.8944594	-3.5560611	0.7600990	-0.9119721	-3.3863423	0.4712369	-0.5695451	-3.4520694	0.3658057	-0.5702155	-3.4946329	0.4216735	-0.5570126	-3.5604525	0.8995061	-0.6269168	-3.5470956	0.8825388	-0.8008967	-3.4128141	1.2442888	-0.4100606	-3.4011779	1.2528131	-0.4183382	-3.6433623	1.2236990	-0.3836677	-3.6576968	1.2631539	-0.3618828	-3.1192087	0.9793365	-0.9274538	-3.1605738	0.9464888	-0.8528245	-2.9207476	0.9488696	-0.7557325	-2.9192920	0.8934616	-0.7783753	-3.8345698	-0.0168348	-0.8651186	
84	0.3458333	-3.4422371	0.9384751	-0.5634124	-3.4212030	0.9072336	-0.8526712	-3.5869081	1.0327719	-0.6659552	-3.5794612	1.0209399	-0.7786384	-3.2950503	0.5919032	-0.5682573	-3.2926740	0.5951468	-0.6842977	-3.5653118	0.2836276	-0.5923001	-3.5532198	0.2838548	-0.6823240	-3.5307685	0.1839940	-0.6729329	-3.5529545	0.1918195	-0.6068633	-3.6204251	0.3049124	-0.6322142	-3.5421035	0.5060339	-0.8869596	-3.5515165	0.4973776	-0.7803799	-3.1624193	1.2981840	-0.5701254	-3.1281389	1.2646359	-0.8527155	-3.1925621	1.3513328	-0.7241147	-3.3958867	0.8362290	-0.5548940	-3.3586203	0.7387631	-0.5374194	-3.4807244	0.7794170	-0.5190006	-3.4603968	0.7480207	-0.8672185	-3.4930152	0.6551494	-0.8957041	-3.5515738	0.7581645	-0.9122516	-3.3622377	0.4797586	-0.5684450	-3.4244275	0.3722817	-0.5682898	-3.4688592	0.4272242	-0.5554770	-3.5519313	0.8978407	-0.6260374	-3.5392953	0.8792033	-0.8003983	-3.4019183	1.2589718	-0.4071006	-3.3880399	1.2687018	-0.4146471	-3.6393911	1.2455210	-0.3817670	-3.6501427	1.2857934	-0.3612672	-3.0929833	0.9854681	-0.9235618	-3.1322256	0.9501502	-0.8518803	-2.8918186	0.9673011	-0.7504294	-2.8861131	0.9134792	-0.7721040	-3.8349698	-0.0173324	-0.8647592	
85	0.3500000	-3.4323058	0.9374059	-0.5625461	-3.4122343	0.9032295	-0.8524379	-3.5764850	1.0328984	-0.6660282	-3.5694447	1.0199381	-0.7788962	-3.2752668	0.6026720	-0.5674101	-3.2731394	0.6053375	-0.6839111	-3.5350241	0.2858036	-0.5899205	-3.5227901	0.2858288	-0.6799698	-3.4973097	0.1866349	-0.6679841	-3.5206010	0.1949598	-0.6027728	-3.5906283	0.3055456	-0.6306993	-3.5426275	0.5049113	-0.8882542	-3.5514117	0.4964040	-0.7813199	-3.1554772	1.3014904	-0.5690549	-3.1157824	1.2670449	-0.8499115	-3.1825865	1.3540662	-0.7230580	-3.3848448	0.8422866	-0.5538993	-3.3439774	0.7467138	-0.5363804	-3.4672234	0.7820156	-0.5177158	-3.4554853	0.7439455	-0.8682377	-3.4903178	0.6522580	-0.8968982	-3.5466736	0.7561380	-0.9125042	-3.3385722	0.4882887	-0.5672169	-3.3971195	0.3787054	-0.5663845	-3.4434905	0.4327294	-0.5539644	-3.5428998	0.8965550	-0.6250913	-3.5308579	0.8761447	-0.7998085	-3.3924336	1.2748157	-0.4042337	-3.3766546	1.2854788	-0.4122139	-3.6364202	1.2671297	-0.3801464	-3.6436706	1.3086161	-0.3607736	-3.0675198	0.9929490	-0.9206701	-3.1048804	0.9551776	-0.8517621	-2.8658881	0.9881242	-0.7452476	-2.8558578	0.9361148	-0.7659513	-3.8354772	-0.0173731	-0.8645162	
86	0.3541667	-3.4219455	0.9363188	-0.5616517	-3.4025223	0.8991598	-0.8519745	-3.5654605	1.0328864	-0.6660483	-3.5586980	1.0187849	-0.7790132	-3.2562110	0.6124269	-0.5663629	-3.2540824	0.6146487	-0.6833175	-3.5050844	0.2872661	-0.5877649	-3.4924802	0.2871960	-0.6778628	-3.4635432	0.1882509	-0.6630635	-3.4881162	0.1972211	-0.5986620	-3.5611794	0.3056471	-0.6296147	-3.5426701	0.5039413	-0.8894738	-3.5506789	0.4955227	-0.7820855	-3.1487506	1.3047029	-0.5681264	-3.1030211	1.2692968	-0.8467947	-3.1724373	1.3564738	-0.7220618	-3.3736031	0.8475543	-0.5525597	-3.3295535	0.7537644	-0.5350503	-3.4538731	0.7841801	-0.5164238	-3.4499683	0.7398633	-0.8692353	-3.4870915	0.6494308	-0.8980685	-3.5412499	0.7541430	-0.9127026	-3.3156062	0.4958854	-0.5658805	-3.3703437	0.3842965	-0.5644170	-3.4187397	0.4373637	-0.5525373	-3.5333580	0.8951786	-0.6241574	-3.5217117	0.8729713	-0.7991120	-3.3838590	1.2899502	-0.4016799	-3.3666293	1.3012529	-0.4108546	-3.6338192	1.2869122	-0.3783658	-3.6378551	1.3298975	-0.3599476	-3.0429856	1.0000709	-0.9189260	-3.0786965	0.9599664	-0.8524533	-2.8432499	1.0087579	-0.7406519	-2.8289722	0.9586427	-0.7605109	-3.8360258	-0.0169654	-0.8643833	
87	0.3583333	-3.4111681	0.9359052	-0.5605687	-3.3919895	0.8957074	-0.8512946	-3.5539367	1.0333696	-0.6661190	-3.5472898	1.0180912	-0.7791703	-3.2376352	0.6215554	-0.5652935	-3.2353286	0.6234427	-0.6828328	-3.4756657	0.2885405	-0.5860505	-3.4625158	0.2884303	-0.6762946	-3.4297999	0.1893027	-0.6584330	-3.4558518	0.1991154	-0.5948375	-3.5322879	0.3058508	-0.6291560	-3.5423122	0.5029269	-0.8906574	-3.5497241	0.4946846	-0.7827252	-3.1420920	1.3082459	-0.5672991	-3.0901660	1.2720256	-0.8435438	-3.1623073	1.3593052	-0.7210392	-3.3620661	0.8528488	-0.5510217	-3.3151760	0.7605658	-0.5335777	-3.4405069	0.7864535	-0.5150524	-3.4436232	0.7358961	-0.8700796	-3.4831611	0.6466412	-0.8991558	-3.5350734	0.7524737	-0.9129769	-3.2931758	0.5029364	-0.5646292	-3.3440957	0.3894544	-0.5626452	-3.3945825	0.4416063	-0.5513599	-3.5232775	0.8943919	-0.6232023	-3.5117873	0.8703542	-0.7983762	-3.3754594	1.3051055	-0.3989538	-3.3574897	1.3169077	-0.4103184	-3.6306356	1.3037984	-0.3761954	-3.6321127	1.3488378	-0.3584731	-3.0192049	1.0069059	-0.9182719	-3.0535123	0.9647993	-0.8539525	-2.8241274	1.0303838	-0.7368613	-2.8053269	0.9822321	-0.7556586	-3.8365419	-0.0161226	-0.8643490	
88	0.3625000	-3.3998664	0.9386669	-0.5593047	-3.3806413	0.8954236	-0.8502683	-3.5417095	1.0368267	-0.6661416	-3.5350600	1.0203771	-0.7792146	-3.2193004	0.6323177	-0.5638717	-3.2167420	0.6339198	-0.6819367	-3.4469664	0.2928305	-0.5843815	-3.4332272	0.2927432	-0.6747068	-3.3967369	0.1950330	-0.6534135	-3.4243140	0.2053416	-0.5906828	-3.5040483	0.3084116	-0.6289376	-3.5410273	0.5050947	-0.8915783	-3.5479176	0.4969648	-0.7830027	-3.1349304	1.3142385	-0.5661951	-3.0765658	1.2770862	-0.8399315	-3.1514309	1.3644194	-0.7197633	-3.3499996	0.8604094	-0.5491741	-3.3006013	0.7693888	-0.5317914	-3.4269060	0.7914063	-0.5136203	-3.4362901	0.7350520	-0.8705566	-3.4782650	0.6470104	-0.8999321	-3.5279923	0.7540471	-0.9131815	-3.2712656	0.5120104	-0.5631438	-3.3185731	0.3970724	-0.5607355	-3.3708985	0.4482567	-0.5500891	-3.5125409	0.8967791	-0.6222156	-3.5010281	0.8709074	-0.7975101	-3.3664066	1.3222259	-0.3964097	-3.3485184	1.3341738	-0.4103390	-3.6260034	1.3207101	-0.3727586	-3.6256445	1.3680160	-0.3556746	-2.9964738	1.0151074	-0.9183242	-3.0297946	0.9713599	-0.8557238	-2.8071651	1.0512659	-0.7339011	-2.7843946	1.0050094	-0.7521679	-3.8369474	-0.0148626	-0.8643966	
89	0.3666667	-3.3878186	0.9388684	-0.5580711	-3.3684244	0.8925174	-0.8493883	-3.5289495	1.0375546	-0.6665087	-3.5222417	1.0198753	-0.7796589	-3.2013154	0.6399616	-0.5623422	-3.1983441	0.6414003	-0.6810152	-3.4190741	0.2943557	-0.5832962	-3.4045825	0.2943682	-0.6737000	-3.3642529	0.1984649	-0.6485567	-3.3934811	0.2092406	-0.5868721	-3.4766343	0.3080963	-0.6295279	-3.5396580	0.5036086	-0.8926907	-3.5461063	0.4958355	-0.7834134	-3.1270261	1.3163357	-0.5651538	-3.0625092	1.2791074	-0.8365085	-3.1401735	1.3664431	-0.7185139	-3.3376531	0.8652617	-0.5473267	-3.2860299	0.7753131	-0.5299597	-3.4131089	0.7935194	-0.5122255	-3.4283796	0.7308356	-0.8713392	-3.4729683	0.6438584	-0.9009826	-3.5203252	0.7525791	-0.9136664	-3.2498896	0.5180750	-0.5617084	-3.2937693	0.4017991	-0.5590793	-3.3478994	0.4519525	-0.5491196	-3.5011102	0.8966637	-0.6213991	-3.4895109	0.8689131	-0.7968828	-3.3570172	1.3335561	-0.3942905	-3.3397142	1.3453623	-0.4105249	-3.6191700	1.3313989	-0.3681209	-3.6179716	1.3808488	-0.3516494	-2.9742425	1.0203477	-0.9195230	-3.0065506	0.9752236	-0.8579706	-2.7923463	1.0694460	-0.7324423	-2.7656139	1.0251217	-0.7499734	-3.8371635	-0.0132062	-0.8645048	
90	0.3708333	-3.3751776	0.9408763	-0.5568672	-3.3553791	0.8921849	-0.8483168	-3.5155452	1.0402152	-0.6666383	-3.5086674	1.0216149	-0.7797882	-3.1838460	0.6482204	-0.5604005	-3.1801478	0.6496979	-0.6796373	-3.3914733	0.2958815	-0.5823206	-3.3759935	0.2962086	-0.6727917	-3.3313699	0.2015884	-0.6438398	-3.3623927	0.2126238	-0.5830878	-3.4495712	0.3079628	-0.6303599	-3.5372885	0.5048095	-0.8935953	-3.5432461	0.4972055	-0.7837725	-3.1186405	1.3205797	-0.5635684	-3.0481104	1.2835504	-0.8326656	-3.1285131	1.3705133	-0.7166812	-3.3247728	0.8710896	-0.5451236	-3.2714184	0.7820353	-0.5277603	-3.3993646	0.7970462	-0.5108285	-3.4196783	0.7292356	-0.8719107	-3.4668047	0.6433858	-0.9017879	-3.5117695	0.7537147	-0.9138850	-3.2290613	0.5245902	-0.5599577	-3.2693696	0.4068301	-0.5571739	-3.3253882	0.4558349	-0.5481012	-3.4889754	0.8984525	-0.6206664	-3.4771381	0.8692918	-0.7962163	-3.3463840	1.3457302	-0.3920563	-3.3305646	1.3570060	-0.4109120	-3.6092553	1.3382485	-0.3618499	-3.6086051	1.3901718	-0.3459710	-2.9526583	1.0266557	-0.9209964	-2.9843187	0.9807367	-0.8602597	-2.7790557	1.0878600	-0.7319816	-2.7485266	1.0455977	-0.7486588	-3.8371143	-0.0111764	-0.8646473	
91	0.3750000	-3.3618391	0.9427888	-0.5555748	-3.3415859	0.8921381	-0.8472395	-3.5015698	1.0428554	-0.6668119	-3.4945041	1.0234644	-0.7800067	-3.1671383	0.6552708	-0.5583485	-3.1625010	0.6568281	-0.6783263	-3.3650024	0.2961403	-0.5815336	-3.3484108	0.2967948	-0.6721596	-3.2994376	0.2036959	-0.6390882	-3.3324066	0.2150071	-0.5792879	-3.4236281	0.3065396	-0.6315411	-3.5346825	0.5054138	-0.8943292	-3.5403713	0.4981622	-0.7842182	-3.1094179	1.3250758	-0.5618772	-3.0339099	1.2883261	-0.8290713	-3.1167003	1.3750162	-0.7147036	-3.3116296	0.8764067	-0.5427791	-3.2569886	0.7879759	-0.5254205	-3.3856241	0.8000971	-0.5094181	-3.4104262	0.7272740	-0.8724050	-3.4601664	0.6424330	-0.9024255	-3.5024690	0.7546793	-0.9140349	-3.2091299	0.5298865	-0.5581911	-3.2460229	0.4106245	-0.5553111	-3.3038941	0.4584655	-0.5471463	-3.4761272	0.9002007	-0.6200946	-3.4640317	0.8698558	-0.7957531	-3.3338334	1.3587365	-0.3905021	-3.3202868	1.3690075	-0.4108701	-3.5954198	1.3476370	-0.3533445	-3.5959949	1.4013548	-0.3380588	-2.9315217	1.0326415	-0.9223404	-2.9623137	0.9861729	-0.8617651	-2.7672958	1.1081207	-0.7320810	-2.7329406	1.0679649	-0.7473707	-3.8367300	-0.0087976	-0.8647940	
92	0.3791667	-3.3478754	0.9450927	-0.5543429	-3.3271524	0.8925699	-0.8462002	-3.4870080	1.0458844	-0.6671617	-3.4797537	1.0257412	-0.7803928	-3.1505734	0.6619573	-0.5554602	-3.1448919	0.6636012	-0.6761047	-3.3393786	0.2972092	-0.5805909	-3.3216235	0.2981750	-0.6713142	-3.2686598	0.2068825	-0.6343081	-3.3034739	0.2184089	-0.5754179	-3.3984224	0.3059599	-0.6325894	-3.5314873	0.5067754	-0.8947216	-3.5368329	0.4999348	-0.7843658	-3.0989222	1.3299593	-0.5598902	-3.0189415	1.2926837	-0.8251890	-3.1037985	1.3796166	-0.7124719	-3.2979954	0.8817086	-0.5402507	-3.2423468	0.7937644	-0.5226496	-3.3716751	0.8033819	-0.5078909	-3.4008134	0.7259255	-0.8729945	-3.4530962	0.6421397	-0.9029750	-3.4925674	0.7562011	-0.9140895	-3.1896544	0.5351536	-0.5557751	-3.2234015	0.4147099	-0.5529974	-3.2829310	0.4614407	-0.5457711	-3.4626727	0.9024288	-0.6196973	-3.4503064	0.8709560	-0.7954529	-3.3202528	1.3728285	-0.3896854	-3.3095825	1.3811700	-0.4112583	-3.5778762	1.3548141	-0.3435218	-3.5810147	1.4103253	-0.3289415	-2.9114038	1.0389254	-0.9233386	-2.9414705	0.9925123	-0.8627648	-2.7558924	1.1269632	-0.7328444	-2.7182873	1.0891592	-0.7468254	-3.8359504	-0.0060947	-0.8649117	
93	0.3833333	-3.3331580	0.9478547	-0.5532094	-3.3124557	0.8942717	-0.8453059	-3.4718948	1.0494566	-0.6671441	-3.4646277	1.0288591	-0.7804302	-3.1349256	0.6674276	-0.5525971	-3.1280364	0.6694273	-0.6737843	-3.3146045	0.2978845	-0.5799422	-3.2955677	0.2993330	-0.6706940	-3.2389189	0.2099689	-0.6296172	-3.2755601	0.2215479	-0.5717237	-3.3737833	0.3050608	-0.6340225	-3.5275898	0.5088204	-0.8946627	-3.5324592	0.5023792	-0.7840769	-3.0874803	1.3345454	-0.5574086	-3.0041662	1.2979387	-0.8211554	-3.0905827	1.3845085	-0.7095977	-3.2842240	0.8865452	-0.5376201	-3.2280107	0.7987373	-0.5198496	-3.3577359	0.8065278	-0.5065425	-3.3906128	0.7255891	-0.8736452	-3.4454053	0.6427325	-0.9033798	-3.4822900	0.7586725	-0.9139875	-3.1712186	0.5394569	-0.5534177	-3.2018646	0.4180487	-0.5507593	-3.2628587	0.4636283	-0.5446339	-3.4485348	0.9052744	-0.6193488	-3.4361934	0.8731651	-0.7952320	-3.3059775	1.3888777	-0.3896348	-3.2989593	1.3944550	-0.4120206	-3.5568143	1.3618646	-0.3327977	-3.5636511	1.4190206	-0.3189464	-2.8923109	1.0478147	-0.9242130	-2.9214580	1.0014745	-0.8638323	-2.7446188	1.1463900	-0.7340862	-2.7042056	1.1111380	-0.7471991	-3.8347270	-0.0030925	-0.8649645	
94	0.3875000	-3.3182859	0.9456904	-0.5526130	-3.2973786	0.8913262	-0.8446948	-3.4568237	1.0480405	-0.6674993	-3.4494646	1.0271122	-0.7807493	-3.1190315	0.6688583	-0.5495464	-3.1107788	0.6710856	-0.6710482	-3.2904215	0.2959899	-0.5795472	-3.2700399	0.2978567	-0.6701074	-3.2104138	0.2101173	-0.6253325	-3.2487346	0.2217414	-0.5684774	-3.3494964	0.3019863	-0.6354658	-3.5226728	0.5071753	-0.8947291	-3.5269931	0.5010996	-0.7840618	-3.0758448	1.3350440	-0.5547885	-2.9896192	1.2990961	-0.8168975	-3.0774663	1.3850066	-0.7063692	-3.2703292	0.8867358	-0.5352372	-3.2135445	0.7993407	-0.5171794	-3.3436672	0.8050906	-0.5056302	-3.3801571	0.7210966	-0.8743555	-3.4371786	0.6393469	-0.9038338	-3.4713846	0.7566617	-0.9140154	-3.1528318	0.5400936	-0.5510718	-3.1807272	0.4181610	-0.5487041	-3.2429365	0.4626678	-0.5436220	-3.4341387	0.9031061	-0.6194561	-3.4216852	0.8705319	-0.7953118	-3.2928048	1.3985555	-0.3913459	-3.2894893	1.4002777	-0.4133375	-3.5332851	1.3627896	-0.3225928	-3.5445922	1.4208069	-0.3095018	-2.8746426	1.0532887	-0.9253486	-2.9027900	1.0069262	-0.8649509	-2.7340666	1.1606625	-0.7356073	-2.6913092	1.1280011	-0.7481683	-3.8330251	0.0001849	-0.8649159	
95	0.3916667	-3.3029709	0.9468340	-0.5518455	-3.2822854	0.8916462	-0.8442393	-3.4413830	1.0499660	-0.6676376	-3.4340908	1.0286758	-0.7809800	-3.1043350	0.6724772	-0.5463066	-3.0945220	0.6748895	-0.6680933	-3.2676376	0.2965925	-0.5788901	-3.2457601	0.2988200	-0.6692620	-3.1835131	0.2129409	-0.6208250	-3.2235194	0.2245564	-0.5650484	-3.3263190	0.3013103	-0.6366956	-3.5173607	0.5090448	-0.8941589	-3.5212154	0.5034976	-0.7836021	-3.0634381	1.3381882	-0.5517231	-2.9752428	1.3033954	-0.8128753	-3.0641226	1.3885665	-0.7029136	-3.2566663	0.8897185	-0.5326811	-3.1997138	0.8025070	-0.5143439	-3.3299316	0.8067509	-0.5046085	-3.3695369	0.7201306	-0.8748274	-3.4286578	0.6394512	-0.9038559	-3.4601999	0.7579416	-0.9137295	-3.1357763	0.5430572	-0.5484501	-3.1610449	0.4207178	-0.5462819	-3.2243479	0.4640489	-0.5424183	-3.4193933	0.9043859	-0.6194188	-3.4070901	0.8713220	-0.7954430	-3.2820171	1.4068704	-0.3940979	-3.2820155	1.4035839	-0.4147224	-3.5085737	1.3608266	-0.3134390	-3.5251777	1.4187563	-0.3012016	-2.8590417	1.0618114	-0.9266869	-2.8865983	1.0153212	-0.8659874	-2.7237726	1.1741268	-0.7368358	-2.6794838	1.1436533	-0.7493800	-3.8308242	0.0037142	-0.8647290	
96	0.3958333	-3.2874813	0.9462652	-0.5513913	-3.2672077	0.8912188	-0.8439997	-3.4261136	1.0505107	-0.6677279	-3.4189587	1.0292356	-0.7811359	-3.0901035	0.6742940	-0.5426790	-3.0787140	0.6769387	-0.6647081	-3.2454749	0.2958390	-0.5783428	-3.2220828	0.2984538	-0.6684533	-3.1576693	0.2143321	-0.6166430	-3.1992281	0.2258137	-0.5619437	-3.3036046	0.2995017	-0.6378761	-3.5115978	0.5102686	-0.8935574	-3.5148616	0.5052101	-0.7831160	-3.0513910	1.3407907	-0.5481343	-2.9617016	1.3075817	-0.8084891	-3.0515470	1.3916945	-0.6988232	-3.2430224	0.8909165	-0.5301503	-3.1860839	0.8038714	-0.5113857	-3.3163145	0.8066956	-0.5036320	-3.3589018	0.7184428	-0.8754983	-3.4199683	0.6388722	-0.9039758	-3.4489319	0.7582949	-0.9134778	-3.1193113	0.5443531	-0.5456092	-3.1420206	0.4217093	-0.5438105	-3.2063173	0.4639026	-0.5411232	-3.4045234	0.9040313	-0.6195827	-3.3924884	0.8710621	-0.7957172	-3.2725232	1.4155357	-0.3971669	-3.2761643	1.4068615	-0.4162956	-3.4841220	1.3579087	-0.3061127	-3.5061485	1.4153710	-0.2946277	-2.8445469	1.0698205	-0.9279926	-2.8717839	1.0226861	-0.8673584	-2.7138480	1.1848760	-0.7369834	-2.6683336	1.1561582	-0.7498998	-3.8281183	0.0074739	-0.8643688	
97	0.4000000	-3.2718804	0.9466217	-0.5510202	-3.2521735	0.8919933	-0.8438936	-3.4108004	1.0520272	-0.6676650	-3.4038516	1.0308801	-0.7811540	-3.0764152	0.6766957	-0.5389646	-3.0633471	0.6795225	-0.6611419	-3.2244684	0.2960913	-0.5775205	-3.1994938	0.2990607	-0.6673182	-3.1332039	0.2164029	-0.6124466	-3.1762650	0.2277869	-0.5587519	-3.2819167	0.2988934	-0.6386516	-3.5054825	0.5126090	-0.8922924	-3.5081823	0.5081577	-0.7821705	-3.0389630	1.3438991	-0.5446224	-2.9481609	1.3126698	-0.8043844	-3.0387588	1.3954835	-0.6947279	-3.2294834	0.8928312	-0.5275756	-3.1727512	0.8059224	-0.5083897	-3.3029417	0.8075688	-0.5027142	-3.3481601	0.7179977	-0.8758500	-3.4110754	0.6394581	-0.9036015	-3.4375174	0.7596715	-0.9128659	-3.1036043	0.5463501	-0.5426165	-3.1239904	0.4235386	-0.5411341	-3.1891746	0.4645870	-0.5396430	-3.3895801	0.9046789	-0.6197450	-3.3779054	0.8719701	-0.7960180	-3.2656551	1.4212986	-0.3996799	-3.2722063	1.4074370	-0.4176549	-3.4630732	1.3507474	-0.3013854	-3.4903059	1.4076586	-0.2907414	-2.8317328	1.0786404	-0.9297040	-2.8588168	1.0306398	-0.8692813	-2.7054163	1.1948621	-0.7373244	-2.6589346	1.1678070	-0.7506250	-3.8249141	0.0114443	-0.8638027	
98	0.4041667	-3.2561884	0.9472079	-0.5506962	-3.2371785	0.8936128	-0.8439324	-3.3956174	1.0539000	-0.6674493	-3.3889177	1.0331123	-0.7810612	-3.0633020	0.6786848	-0.5350585	-3.0485106	0.6817676	-0.6574014	-3.2043071	0.2958761	-0.5766544	-3.1776874	0.2992351	-0.6661670	-3.1097541	0.2179612	-0.6085055	-3.1542710	0.2291333	-0.5557702	-3.2609648	0.2978678	-0.6392734	-3.4990310	0.5152850	-0.8907907	-3.5011218	0.5114381	-0.7810192	-3.0268891	1.3472421	-0.5407147	-2.9350340	1.3187038	-0.8001823	-3.0264851	1.3999074	-0.6902868	-3.2160569	0.8946619	-0.5249665	-3.1597186	0.8077434	-0.5053004	-3.2897504	0.8084723	-0.5017379	-3.3372773	0.7181701	-0.8762306	-3.4019615	0.6405496	-0.9031442	-3.4260242	0.7615892	-0.9121845	-3.0885947	0.5479306	-0.5394480	-3.1067409	0.4249128	-0.5383288	-3.1727837	0.4648239	-0.5380362	-3.3745465	0.9056354	-0.6199263	-3.3633134	0.8735596	-0.7963965	-3.2580265	1.4292430	-0.4024094	-3.2670278	1.4107299	-0.4173429	-3.4455214	1.3567003	-0.2968068	-3.4756042	1.4120269	-0.2876987	-2.8190321	1.0881916	-0.9310325	-2.8457504	1.0386505	-0.8708392	-2.6969956	1.2055431	-0.7364331	-2.6498180	1.1796213	-0.7505628	-3.8212289	0.0156083	-0.8630022	
99	0.4083333	-3.2405204	0.9470318	-0.5504699	-3.2220674	0.8950834	-0.8439725	-3.3804397	1.0551444	-0.6670243	-3.3739292	1.0349657	-0.7807198	-3.0503558	0.6793904	-0.5311975	-3.0337658	0.6826656	-0.6535833	-3.1849825	0.2947659	-0.5756394	-3.1566869	0.2985136	-0.6647879	-3.0872462	0.2180325	-0.6048864	-3.1331478	0.2289816	-0.5529644	-3.2408268	0.2962876	-0.6395023	-3.4916341	0.5176024	-0.8890127	-3.4932442	0.5143823	-0.7796935	-3.0145532	1.3497328	-0.5367941	-2.9217099	1.3239988	-0.7960017	-3.0139229	1.4033354	-0.6856666	-3.2025136	0.8953680	-0.5223995	-3.1467129	0.8084003	-0.5022752	-3.2766832	0.8085766	-0.5009196	-3.3258201	0.7181900	-0.8762769	-3.3921166	0.6413948	-0.9023564	-3.4140290	0.7630958	-0.9113516	-3.0739930	0.5483252	-0.5362821	-3.0901052	0.4252486	-0.5354907	-3.1569151	0.4640085	-0.5363758	-3.3594509	0.9058841	-0.6201839	-3.3485687	0.8748126	-0.7967975	-3.2520454	1.4317278	-0.4038866	-3.2619115	1.4094331	-0.4167071	-3.4329865	1.3573432	-0.2948473	-3.4652451	1.4115803	-0.2880584	-2.8080649	1.0966603	-0.9327479	-2.8346512	1.0460133	-0.8730342	-2.6900591	1.2132859	-0.7361760	-2.6424563	1.1888951	-0.7508889	-3.8170872	0.0199521	-0.8619438	
100	0.4125000	-3.2246459	0.9458774	-0.5502902	-3.2068782	0.8959374	-0.8440983	-3.3652102	1.0553861	-0.6663295	-3.3589425	1.0359597	-0.7801209	-3.0373527	0.6794177	-0.5272937	-3.0189899	0.6828634	-0.6495892	-3.1666467	0.2937386	-0.5742601	-3.1367292	0.2978447	-0.6630209	-3.0659697	0.2177415	-0.6011094	-3.1132145	0.2285959	-0.5499580	-3.2216688	0.2950725	-0.6391749	-3.4834917	0.5197129	-0.8870522	-3.4846451	0.5171519	-0.7781440	-3.0019143	1.3507031	-0.5327546	-2.9083581	1.3283646	-0.7918048	-3.0011814	1.4054716	-0.6808469	-3.1888858	0.8952240	-0.5198840	-3.1336313	0.8082758	-0.4992811	-3.2633997	0.8078174	-0.5001532	-3.3138983	0.7177936	-0.8762202	-3.3816973	0.6418910	-0.9014433	-3.4016701	0.7639761	-0.9105059	-3.0596270	0.5482428	-0.5329709	-3.0740774	0.4253105	-0.5324631	-3.1415096	0.4629928	-0.5344294	-3.3441280	0.9051612	-0.6204113	-3.3336725	0.8753121	-0.7971917	-3.2455643	1.4281356	-0.4045080	-3.2552119	1.4033197	-0.4146950	-3.4249716	1.3564901	-0.2931969	-3.4581812	1.4092345	-0.2895727	-2.7977647	1.1038472	-0.9348370	-2.8238974	1.0519519	-0.8755989	-2.6836191	1.2194757	-0.7362049	-2.6357462	1.1965446	-0.7513089	-3.8125168	0.0244656	-0.8606102	
101	0.4166667	-3.2082483	0.9448847	-0.5499844	-3.1915060	0.8965960	-0.8445179	-3.3497416	1.0560199	-0.6655776	-3.3438478	1.0372111	-0.7796330	-3.0249406	0.6784420	-0.5231454	-3.0049661	0.6820814	-0.6454606	-3.1495650	0.2918338	-0.5726023	-3.1180334	0.2962080	-0.6611638	-3.0460362	0.2162342	-0.5974629	-3.0946388	0.2270716	-0.5469681	-3.2037431	0.2930659	-0.6385157	-3.4745285	0.5218911	-0.8849981	-3.4753061	0.5199731	-0.7761148	-2.9889136	1.3524289	-0.5285037	-2.8951334	1.3337033	-0.7877201	-2.9884753	1.4087248	-0.6760638	-3.1750604	0.8947363	-0.5172796	-3.1206217	0.8075300	-0.4961136	-3.2499395	0.8068261	-0.4990273	-3.3013700	0.7173676	-0.8762407	-3.3705499	0.6423953	-0.9006265	-3.3888881	0.7648269	-0.9099439	-3.0460967	0.5471656	-0.5293224	-3.0590363	0.4242957	-0.5290882	-3.1271154	0.4611255	-0.5321244	-3.3284193	0.9045838	-0.6203738	-3.3185961	0.8757481	-0.7975801	-3.2378647	1.4215185	-0.4035261	-3.2465535	1.3956357	-0.4109969	-3.4197392	1.3549207	-0.2922027	-3.4527983	1.4059938	-0.2918779	-2.7886614	1.1104906	-0.9370875	-2.8145170	1.0574657	-0.8786222	-2.6776196	1.2241798	-0.7362539	-2.6297232	1.2025661	-0.7517498	-3.8075446	0.0291434	-0.8589903	
102	0.4208333	-3.1914851	0.9453216	-0.5494833	-3.1757485	0.8989213	-0.8447497	-3.3338746	1.0580758	-0.6645319	-3.3283502	1.0399945	-0.7788522	-3.0125747	0.6777384	-0.5192483	-2.9912022	0.6815121	-0.6414155	-3.1337884	0.2907338	-0.5707708	-3.1008260	0.2953130	-0.6590453	-3.0278057	0.2155240	-0.5938305	-3.0775825	0.2264338	-0.5439072	-3.1872252	0.2918269	-0.6375326	-3.4641784	0.5253420	-0.8826768	-3.4646901	0.5240081	-0.7735077	-2.9746513	1.3548232	-0.5239647	-2.8811060	1.3396739	-0.7836570	-2.9745786	1.4124658	-0.6709918	-3.1606631	0.8949474	-0.5147448	-3.1072692	0.8073452	-0.4931110	-3.2361735	0.8070390	-0.4979477	-3.2876898	0.7185795	-0.8759344	-3.3581747	0.6443948	-0.8995657	-3.3753712	0.7671812	-0.9094139	-3.0330459	0.5464664	-0.5257994	-3.0448651	0.4237656	-0.5257839	-3.1134004	0.4599400	-0.5297965	-3.3123361	0.9054828	-0.6201373	-3.3031250	0.8778012	-0.7977786	-3.2282753	1.4113630	-0.4011706	-3.2350618	1.3858736	-0.4055217	-3.4156649	1.3535032	-0.2912116	-3.4473864	1.4023752	-0.2939566	-2.7807078	1.1163412	-0.9396887	-2.8063493	1.0623439	-0.8818511	-2.6720895	1.2282301	-0.7367368	-2.6244253	1.2075008	-0.7522813	-3.8021916	0.0339854	-0.8570804	
103	0.4250000	-3.1743004	0.9441333	-0.5488234	-3.1596329	0.8997934	-0.8449707	-3.3176992	1.0588374	-0.6631844	-3.3125715	1.0415534	-0.7778460	-3.0002780	0.6749207	-0.5153987	-2.9776334	0.6787093	-0.6375050	-3.1193118	0.2878167	-0.5685877	-3.0850176	0.2924851	-0.6566385	-3.0108727	0.2125161	-0.5901087	-3.0618406	0.2235539	-0.5406844	-3.1722770	0.2890010	-0.6359868	-3.4538201	0.5273935	-0.8803297	-3.4541720	0.5266273	-0.7709479	-2.9592625	1.3555207	-0.5193199	-2.8668084	1.3441449	-0.7799795	-2.9601024	1.4147100	-0.6658506	-3.1458352	0.8934775	-0.5122123	-3.0936769	0.8053478	-0.4901284	-3.2221527	0.8056533	-0.4967115	-3.2738546	0.7182920	-0.8754901	-3.3456889	0.6449366	-0.8983964	-3.3615515	0.7681834	-0.9088159	-3.0203712	0.5436785	-0.5222208	-3.0314005	0.4211827	-0.5223839	-3.1004548	0.4568952	-0.5272156	-3.2958885	0.9049046	-0.6197582	-3.2873335	0.8784779	-0.7979234	-3.2159988	1.3998202	-0.3962352	-3.2212582	1.3763159	-0.3992565	-3.4109888	1.3458131	-0.2908877	-3.4413129	1.3934565	-0.2959140	-2.7738419	1.1201637	-0.9425753	-2.7995761	1.0654012	-0.8860846	-2.6673421	1.2299219	-0.7376308	-2.6197925	1.2100120	-0.7528341	-3.7964691	0.0389968	-0.8548838	
104	0.4291667	-3.1567815	0.9442681	-0.5478027	-3.1432253	0.9013949	-0.8450187	-3.3011948	1.0607125	-0.6617842	-3.2964792	1.0439985	-0.7768604	-2.9883025	0.6723105	-0.5114013	-2.9646237	0.6760326	-0.6334616	-3.1062518	0.2853674	-0.5659223	-3.0708204	0.2899965	-0.6538234	-2.9957767	0.2101890	-0.5861284	-3.0477624	0.2213640	-0.5370949	-3.1588210	0.2863705	-0.6339423	-3.4425346	0.5297542	-0.8777671	-3.4428131	0.5295697	-0.7680278	-2.9426832	1.3566404	-0.5144099	-2.8516969	1.3489549	-0.7764556	-2.9446304	1.4175390	-0.6607508	-3.1307607	0.8926626	-0.5096289	-3.0800235	0.8038549	-0.4870483	-3.2078874	0.8053317	-0.4952174	-3.2593731	0.7187074	-0.8748892	-3.3324482	0.6460199	-0.8970775	-3.3471925	0.7698860	-0.9082021	-3.0083710	0.5411610	-0.5183429	-3.0189674	0.4188510	-0.5186155	-3.0883608	0.4543312	-0.5242230	-3.2791346	0.9056228	-0.6191628	-3.2712575	0.8800896	-0.7979675	-3.2009178	1.3888188	-0.3889364	-3.2052313	1.3686741	-0.3924754	-3.4043871	1.3337358	-0.2907649	-3.4333072	1.3811566	-0.2968633	-2.7683833	1.1237667	-0.9458046	-2.7945185	1.0685028	-0.8912051	-2.6636412	1.2311335	-0.7391521	-2.6161996	1.2117898	-0.7538164	-3.7903754	0.0441888	-0.8524110	
105	0.4333333	-3.1392678	0.9442300	-0.5465708	-3.1265474	0.9027618	-0.8447546	-3.2845890	1.0624108	-0.6602824	-3.2801795	1.0462464	-0.7757459	-2.9763943	0.6691795	-0.5074381	-2.9518985	0.6726698	-0.6295088	-3.0946703	0.2827654	-0.5632209	-3.0583235	0.2872019	-0.6509483	-2.9826000	0.2072508	-0.5823673	-3.0354050	0.2186199	-0.5336419	-3.1471009	0.2837726	-0.6316825	-3.4311146	0.5315253	-0.8750871	-3.4314367	0.5318663	-0.7651633	-2.9252960	1.3573748	-0.5096007	-2.8362244	1.3531538	-0.7730674	-2.9285958	1.4198793	-0.6556911	-3.1153847	0.8913852	-0.5070545	-3.0662011	0.8019331	-0.4839831	-3.1935138	0.8049188	-0.4935927	-3.2447860	0.7187662	-0.8739807	-3.3190988	0.6466627	-0.8954892	-3.3325262	0.7713103	-0.9073219	-2.9968400	0.5381393	-0.5145298	-3.0074238	0.4160063	-0.5149780	-3.0770629	0.4516371	-0.5211917	-3.2623055	0.9061922	-0.6184761	-3.2549394	0.8815084	-0.7978597	-3.1838822	1.3763036	-0.3798249	-3.1877611	1.3603829	-0.3853678	-3.3950777	1.3158364	-0.2904386	-3.4228141	1.3637896	-0.2964243	-2.7643111	1.1259372	-0.9493592	-2.7913349	1.0704677	-0.8968123	-2.6609317	1.2306923	-0.7410257	-2.6136522	1.2114423	-0.7548283	-3.7838933	0.0495775	-0.8496794	
106	0.4375000	-3.1218724	0.9434134	-0.5451950	-3.1099145	0.9028389	-0.8443240	-3.2679655	1.0629690	-0.6587670	-3.2638374	1.0471583	-0.7746121	-2.9648003	0.6648801	-0.5035381	-2.9396735	0.6680638	-0.6255921	-3.0843875	0.2794445	-0.5601251	-3.0473502	0.2835830	-0.6476876	-2.9712181	0.2035549	-0.5783372	-3.0246771	0.2151231	-0.5298599	-3.1367721	0.2804230	-0.6289566	-3.4191578	0.5316650	-0.8723735	-3.4194988	0.5325105	-0.7625066	-2.9073762	1.3567452	-0.5048945	-2.8205945	1.3558405	-0.7699903	-2.9122694	1.4208356	-0.6508830	-3.1001068	0.8889623	-0.5046082	-3.0525280	0.7988846	-0.4810244	-3.1791308	0.8036376	-0.4919325	-3.2301588	0.7176695	-0.8729449	-3.3055343	0.6459629	-0.8937626	-3.3176566	0.7713649	-0.9062128	-2.9858966	0.5340527	-0.5106452	-2.9968287	0.4121301	-0.5111609	-3.0665054	0.4481416	-0.5179260	-3.2455028	0.9058799	-0.6177418	-3.2386012	0.8817325	-0.7976894	-3.1657564	1.3632889	-0.3693256	-3.1699941	1.3521130	-0.3785699	-3.3829586	1.2919651	-0.2901669	-3.4100375	1.3414212	-0.2948595	-2.7614305	1.1266810	-0.9528907	-2.7897465	1.0714591	-0.9027183	-2.6593431	1.2292228	-0.7429649	-2.6121038	1.2097399	-0.7555620	-3.7769895	0.0551836	-0.8467129	
107	0.4416667	-3.1046473	0.9421764	-0.5437047	-3.0935365	0.9017810	-0.8438958	-3.2514997	1.0629260	-0.6573862	-3.2476826	1.0471980	-0.7736637	-2.9540669	0.6592964	-0.4995353	-2.9285010	0.6621672	-0.6216343	-3.0752287	0.2748090	-0.5568320	-3.0376580	0.2785502	-0.6443283	-2.9615217	0.1983807	-0.5742260	-3.0154561	0.2101573	-0.5259593	-3.1274887	0.2757230	-0.6260487	-3.4064523	0.5308242	-0.8698399	-3.4067498	0.5320254	-0.7599535	-2.8899230	1.3568834	-0.5004415	-2.8057639	1.3586019	-0.7672432	-2.8967850	1.4222432	-0.6466572	-3.0851004	0.8854349	-0.5021505	-3.0393161	0.7946602	-0.4779992	-3.1649907	0.8015924	-0.4900604	-3.2155345	0.7158109	-0.8720514	-3.2916823	0.6444382	-0.8922118	-3.3026892	0.7704533	-0.9051640	-2.9759290	0.5286643	-0.5066016	-2.9872743	0.4068001	-0.5071301	-3.0569013	0.4434701	-0.5144774	-3.2288408	0.9049455	-0.6168644	-3.2224519	0.8809084	-0.7974512	-3.1464730	1.3516986	-0.3602824	-3.1511414	1.3447708	-0.3708105	-3.3693045	1.2790520	-0.2875074	-3.3945897	1.3287179	-0.2903285	-2.7595612	1.1275521	-0.9559468	-2.7890838	1.0726988	-0.9078036	-2.6579103	1.2277129	-0.7441238	-2.6112689	1.2075431	-0.7560165	-3.7696148	0.0610311	-0.8435414	
108	0.4458333	-3.0875769	0.9451421	-0.5420657	-3.0777634	0.9045323	-0.8432996	-3.2350182	1.0665221	-0.6557596	-3.2316941	1.0507237	-0.7724588	-2.9445619	0.6556315	-0.4960134	-2.9188270	0.6582783	-0.6181495	-3.0676745	0.2717685	-0.5533757	-3.0297705	0.2750533	-0.6409233	-2.9539072	0.1947942	-0.5699716	-3.0081126	0.2068625	-0.5218329	-3.1198235	0.2724648	-0.6230858	-3.3926490	0.5326737	-0.8670652	-3.3928320	0.5341208	-0.7570735	-2.8723133	1.3599137	-0.4962315	-2.7913581	1.3643803	-0.7649257	-2.8813597	1.4267691	-0.6427883	-3.0701930	0.8846202	-0.4998520	-3.0265889	0.7928346	-0.4752533	-3.1511879	0.8029992	-0.4880653	-3.2005575	0.7176927	-0.8710383	-3.2772140	0.6462596	-0.8905167	-3.2876647	0.7730176	-0.9038299	-2.9673611	0.5251436	-0.5027660	-2.9792260	0.4031068	-0.5031210	-3.0487270	0.4406285	-0.5110810	-3.2122408	0.9081220	-0.6156307	-3.2066319	0.8839531	-0.7968466	-3.1294386	1.3411211	-0.3517113	-3.1342601	1.3377597	-0.3648625	-3.3539542	1.2624309	-0.2856130	-3.3784874	1.3126503	-0.2862600	-2.7590446	1.1312171	-0.9590124	-2.7907647	1.0775820	-0.9125059	-2.6573244	1.2267139	-0.7451889	-2.6115847	1.2053478	-0.7562968	-3.7617067	0.0671452	-0.8402000	
109	0.4500000	-3.0713307	0.9461351	-0.5406739	-3.0622956	0.9052294	-0.8425319	-3.2192708	1.0675946	-0.6544541	-3.2162449	1.0516974	-0.7714225	-2.9350928	0.6498985	-0.4927678	-2.9093174	0.6521248	-0.6148447	-3.0609349	0.2670353	-0.5499304	-3.0228748	0.2697382	-0.6373858	-2.9480029	0.1895846	-0.5657389	-3.0021736	0.2018066	-0.5177512	-3.1129417	0.2674781	-0.6199592	-3.3778079	0.5314550	-0.8644850	-3.3778411	0.5329861	-0.7545970	-2.8558118	1.3607787	-0.4924710	-2.7776977	1.3681297	-0.7627329	-2.8669222	1.4289373	-0.6391675	-3.0555406	0.8816049	-0.4978932	-3.0140284	0.7889221	-0.4728464	-3.1377025	0.8024441	-0.4863101	-3.1854660	0.7173824	-0.8698382	-3.2623144	0.6455667	-0.8887386	-3.2724393	0.7731193	-0.9023488	-2.9590670	0.5195945	-0.4992136	-2.9717487	0.3974513	-0.4994184	-3.0409343	0.4360395	-0.5078125	-3.1961626	0.9091209	-0.6145651	-3.1910199	0.8847624	-0.7961566	-3.1136804	1.3296396	-0.3444803	-3.1195968	1.3291476	-0.3605226	-3.3385250	1.2435431	-0.2833489	-3.3628882	1.2942884	-0.2818094	-2.7593362	1.1330136	-0.9622762	-2.7934756	1.0807993	-0.9174971	-2.6576872	1.2229489	-0.7461022	-2.6129517	1.1999461	-0.7566082	-3.7531921	0.0735505	-0.8367282	
110	0.4541667	-3.0555393	0.9476469	-0.5393968	-3.0475905	0.9065056	-0.8416831	-3.2039087	1.0684598	-0.6528723	-3.2012968	1.0524761	-0.7700160	-2.9261526	0.6439137	-0.4899590	-2.9004026	0.6457031	-0.6117561	-3.0551391	0.2621499	-0.5460702	-3.0170876	0.2642376	-0.6334375	-2.9434423	0.1843413	-0.5608579	-2.9974110	0.1968054	-0.5130535	-3.1069731	0.2622107	-0.6165135	-3.3612969	0.5301643	-0.8618534	-3.3611369	0.5316734	-0.7521260	-2.8397766	1.3607146	-0.4891262	-2.7648981	1.3709060	-0.7610896	-2.8531172	1.4301186	-0.6359861	-3.0411844	0.8785208	-0.4962651	-3.0018347	0.7848625	-0.4708208	-3.1245499	0.8021495	-0.4847361	-3.1699485	0.7179127	-0.8685517	-3.2465197	0.6453721	-0.8868751	-3.2570107	0.7734579	-0.9006501	-2.9514319	0.5139014	-0.4958055	-2.9651121	0.3916957	-0.4956141	-3.0338057	0.4312491	-0.5044642	-3.1803715	0.9105295	-0.6134184	-3.1758752	0.8860168	-0.7952686	-3.1006548	1.3188892	-0.3383594	-3.1084059	1.3203180	-0.3584301	-3.3230334	1.2213082	-0.2819731	-3.3480989	1.2727489	-0.2782337	-2.7607357	1.1350095	-0.9656828	-2.7978032	1.0846686	-0.9225614	-2.6592225	1.2172780	-0.7470631	-2.6156876	1.1922265	-0.7573209	-3.7439920	0.0802683	-0.8331691	
111	0.4583333	-3.0402586	0.9479635	-0.5384407	-3.0335331	0.9064220	-0.8409828	-3.1892441	1.0678469	-0.6515426	-3.1871007	1.0517029	-0.7688030	-2.9178366	0.6365318	-0.4872047	-2.8922015	0.6378065	-0.6088156	-3.0503642	0.2557972	-0.5422114	-3.0123543	0.2571319	-0.6296035	-2.9404635	0.1771702	-0.5560275	-2.9941129	0.1899857	-0.5084160	-3.1019034	0.2557100	-0.6130548	-3.3434666	0.5269537	-0.8595507	-3.3431472	0.5282910	-0.7498355	-2.8252214	1.3601663	-0.4863085	-2.7539061	1.3732267	-0.7597066	-2.8411501	1.4309077	-0.6332714	-3.0272664	0.8740459	-0.4948288	-2.9901232	0.7794172	-0.4689155	-3.1118180	0.8005511	-0.4831073	-3.1542300	0.7171553	-0.8674143	-3.2300659	0.6436665	-0.8852667	-3.2414556	0.7722115	-0.8991430	-2.9445412	0.5068026	-0.4924494	-2.9593274	0.3844262	-0.4918810	-3.0275492	0.4251007	-0.5010758	-3.1649993	0.9105680	-0.6122996	-3.1612363	0.8858024	-0.7943052	-3.0899227	1.3081814	-0.3329599	-3.1006298	1.3104379	-0.3584164	-3.3070498	1.1940389	-0.2811770	-3.3339074	1.2463114	-0.2755707	-2.7626370	1.1365409	-0.9692204	-2.8031574	1.0884199	-0.9276538	-2.6617182	1.2096240	-0.7483907	-2.6194768	1.1820862	-0.7584781	-3.7340257	0.0873148	-0.8295683	
112	0.4625000	-3.0255678	0.9495943	-0.5376464	-3.0200174	0.9073185	-0.8402236	-3.1750663	1.0679187	-0.6503771	-3.1733839	1.0514800	-0.7676521	-2.9098958	0.6300729	-0.4848233	-2.8844591	0.6306265	-0.6061570	-3.0468095	0.2501513	-0.5381676	-3.0089521	0.2505748	-0.6255712	-2.9391667	0.1704467	-0.5511583	-2.9922980	0.1837959	-0.5036614	-3.0980686	0.2499363	-0.6093940	-3.3237007	0.5237495	-0.8570106	-3.3233405	0.5249423	-0.7472879	-2.8110551	1.3599697	-0.4841841	-2.7433419	1.3754693	-0.7588352	-2.8294331	1.4318271	-0.6311388	-3.0136064	0.8705103	-0.4937128	-2.9786999	0.7749500	-0.4673548	-3.0995180	0.8002459	-0.4816022	-3.1378306	0.7175189	-0.8659604	-3.2124449	0.6426285	-0.8833793	-3.2254828	0.7714598	-0.8974812	-2.9382834	0.5005753	-0.4893123	-2.9544850	0.3779654	-0.4882560	-3.0220985	0.4198032	-0.4977164	-3.1500979	0.9117795	-0.6111608	-3.1470356	0.8865523	-0.7931871	-3.0804314	1.3013332	-0.3292116	-3.0943142	1.3029310	-0.3591676	-3.2912451	1.1741539	-0.2798103	-3.3196830	1.2262860	-0.2726266	-2.7644513	1.1390584	-0.9724448	-2.8089571	1.0933794	-0.9319931	-2.6642969	1.2002714	-0.7493716	-2.6239298	1.1698458	-0.7601771	-3.7232159	0.0946982	-0.8259728	
113	0.4666667	-3.0111341	0.9511549	-0.5371887	-3.0072515	0.9082106	-0.8396931	-3.1614698	1.0677096	-0.6490684	-3.1604364	1.0509913	-0.7663126	-2.9023397	0.6234164	-0.4825811	-2.8771740	0.6232946	-0.6035122	-3.0439527	0.2448560	-0.5339661	-3.0062892	0.2443502	-0.6213837	-2.9389522	0.1639485	-0.5459561	-2.9914831	0.1779732	-0.4986702	-3.0947940	0.2446511	-0.6055266	-3.3021934	0.5202121	-0.8546556	-3.3016191	0.5210834	-0.7444600	-2.7975281	1.3594833	-0.4821656	-2.7343088	1.3777516	-0.7580204	-2.8188346	1.4326553	-0.6289516	-3.0003099	0.8668035	-0.4927721	-2.9676231	0.7702743	-0.4659614	-3.0874953	0.7997212	-0.4801667	-3.1208994	0.7181709	-0.8648043	-3.1938458	0.6416596	-0.8818384	-3.2095394	0.7705514	-0.8961283	-2.9325281	0.4943093	-0.4862578	-2.9502561	0.3715879	-0.4846788	-3.0171929	0.4146437	-0.4942535	-3.1355421	0.9128319	-0.6099547	-3.1334765	0.8871858	-0.7919381	-3.0727401	1.2941267	-0.3260196	-3.0897494	1.2939914	-0.3617440	-3.2734075	1.1509519	-0.2800160	-3.3044256	1.2028473	-0.2716515	-2.7663795	1.1421762	-0.9756169	-2.8151593	1.0995461	-0.9358811	-2.6674202	1.1897071	-0.7510540	-2.6291411	1.1561552	-0.7627151	-3.7114919	0.1024177	-0.8224297	
114	0.4708333	-2.9972657	0.9516001	-0.5368907	-2.9949187	0.9091910	-0.8395039	-3.1490153	1.0663067	-0.6471793	-3.1485361	1.0497821	-0.7644012	-2.8953087	0.6152321	-0.4810553	-2.8701994	0.6148360	-0.6007403	-3.0411944	0.2393189	-0.5296198	-3.0036778	0.2383508	-0.6167880	-2.9389851	0.1576687	-0.5403492	-2.9908843	0.1724376	-0.4933519	-3.0911840	0.2390696	-0.6014805	-3.2744220	0.5158791	-0.8534129	-3.2736445	0.5162428	-0.7406436	-2.7848149	1.3582288	-0.4796867	-2.7258617	1.3791633	-0.7570734	-2.8087409	1.4319175	-0.6263581	-2.9876460	0.8615367	-0.4920902	-2.9571927	0.7639200	-0.4650679	-3.0761610	0.7975755	-0.4794483	-3.0997721	0.7194329	-0.8644003	-3.1702833	0.6407496	-0.8815836	-3.1922313	0.7689521	-0.8966920	-2.9273759	0.4868818	-0.4835576	-2.9465789	0.3646438	-0.4811721	-3.0124196	0.4084678	-0.4910329	-3.1215826	0.9126717	-0.6086092	-3.1204056	0.8873482	-0.7906778	-3.0651118	1.2867882	-0.3229180	-3.0856413	1.2841892	-0.3652648	-3.2536319	1.1258908	-0.2813885	-3.2878854	1.1773197	-0.2720040	-2.7679846	1.1454985	-0.9785917	-2.8212506	1.1062574	-0.9394321	-2.6709059	1.1770724	-0.7532528	-2.6349469	1.1403153	-0.7663760	-3.6987934	0.1104613	-0.8189844	
115	0.4750000	-2.9842817	0.9512142	-0.5365212	-2.9826276	0.9103017	-0.8389901	-3.1369644	1.0646999	-0.6456475	-3.1367413	1.0487282	-0.7627992	-2.8881702	0.6083576	-0.4803257	-2.8631239	0.6070939	-0.5994997	-3.0410199	0.2346689	-0.5259806	-3.0036934	0.2328273	-0.6132326	-2.9419145	0.1522424	-0.5356883	-2.9933108	0.1678129	-0.4888627	-3.0905449	0.2345659	-0.5980766	-3.2463385	0.5106471	-0.8521954	-3.2463031	0.5107983	-0.7374669	-2.7720119	1.3562897	-0.4778219	-2.7175320	1.3803071	-0.7572250	-2.7987343	1.4310964	-0.6243407	-2.9751403	0.8570981	-0.4918473	-2.9468399	0.7587466	-0.4647040	-3.0653567	0.7958827	-0.4786668	-3.0785577	0.7200501	-0.8632613	-3.1463695	0.6390491	-0.8807848	-3.1742406	0.7669080	-0.8970797	-2.9226389	0.4806100	-0.4817061	-2.9441691	0.3588063	-0.4787008	-3.0091101	0.4034222	-0.4884170	-3.1083204	0.9120218	-0.6075134	-3.1075658	0.8875752	-0.7894996	-3.0573559	1.2783091	-0.3199876	-3.0812352	1.2728150	-0.3690313	-3.2319397	1.1007705	-0.2838415	-3.2698424	1.1510242	-0.2734812	-2.7694043	1.1497076	-0.9813200	-2.8272339	1.1139506	-0.9422571	-2.6747924	1.1630200	-0.7560212	-2.6415077	1.1230953	-0.7712646	-3.6850714	0.1188057	-0.8156796	
116	0.4791667	-2.9714426	0.9522433	-0.5361314	-2.9707709	0.9119598	-0.8385074	-3.1248820	1.0645140	-0.6443582	-3.1250314	1.0487163	-0.7614861	-2.8815598	0.6025789	-0.4788707	-2.8566691	0.6001947	-0.5977440	-3.0413022	0.2305830	-0.5213980	-3.0040878	0.2275544	-0.6088237	-2.9447866	0.1475152	-0.5304468	-2.9957209	0.1637333	-0.4837157	-3.0906077	0.2303194	-0.5937540	-3.2187303	0.5063452	-0.8504016	-3.2194792	0.5065265	-0.7342642	-2.7578489	1.3534558	-0.4759857	-2.7084566	1.3807967	-0.7574781	-2.7875653	1.4305268	-0.6224001	-2.9631158	0.8541717	-0.4915553	-2.9369314	0.7549519	-0.4640130	-3.0549139	0.7958146	-0.4773906	-3.0584607	0.7216780	-0.8620108	-3.1232715	0.6383032	-0.8796020	-3.1565985	0.7656191	-0.8967942	-2.9184041	0.4754761	-0.4790305	-2.9422589	0.3539358	-0.4753602	-3.0064320	0.3991509	-0.4849196	-3.0954259	0.9129465	-0.6063199	-3.0952785	0.8888391	-0.7882560	-3.0490636	1.2705656	-0.3166130	-3.0760501	1.2623180	-0.3726126	-3.2082693	1.0768328	-0.2876474	-3.2501068	1.1254980	-0.2759654	-2.7704918	1.1547557	-0.9833923	-2.8327769	1.1225718	-0.9441102	-2.6791705	1.1495452	-0.7590413	-2.6486502	1.1065937	-0.7767742	-3.6702894	0.1274159	-0.8125534	
117	0.4833333	-2.9589683	0.9535498	-0.5359364	-2.9593474	0.9147727	-0.8379460	-3.1135636	1.0645809	-0.6425406	-3.1140746	1.0493015	-0.7595064	-2.8753198	0.5962048	-0.4776150	-2.8504757	0.5930951	-0.5957916	-3.0414392	0.2266086	-0.5171224	-3.0043096	0.2228555	-0.6044625	-2.9472123	0.1434623	-0.5257085	-2.9976157	0.1600640	-0.4790096	-3.0904178	0.2261043	-0.5895078	-3.1888971	0.5025766	-0.8485785	-3.1899370	0.5026168	-0.7301311	-2.7449318	1.3514450	-0.4744332	-2.7000909	1.3818592	-0.7572688	-2.7769839	1.4297961	-0.6203010	-2.9513928	0.8506782	-0.4909888	-2.9274130	0.7504811	-0.4632442	-3.0449528	0.7953404	-0.4764017	-3.0372023	0.7245615	-0.8608579	-3.0987231	0.6385335	-0.8786199	-3.1389709	0.7649540	-0.8968968	-2.9145653	0.4698490	-0.4766463	-2.9405521	0.3488450	-0.4723040	-3.0037701	0.3946211	-0.4817197	-3.0829267	0.9139797	-0.6050200	-3.0833990	0.8907503	-0.7867532	-3.0402067	1.2611683	-0.3130916	-3.0697762	1.2506134	-0.3758447	-3.1832197	1.0528035	-0.2927978	-3.2290448	1.0992147	-0.2794158	-2.7713533	1.1600972	-0.9849344	-2.8380178	1.1314488	-0.9447806	-2.6839164	1.1338672	-0.7625384	-2.6565798	1.0881522	-0.7836538	-3.6544224	0.1362459	-0.8096379	
118	0.4875000	-2.9465547	0.9588071	-0.5353590	-2.9485046	0.9215309	-0.8372561	-3.1020095	1.0683811	-0.6403395	-3.1031099	1.0535839	-0.7572676	-2.8705358	0.5927460	-0.4767273	-2.8459645	0.5890369	-0.5947586	-3.0431377	0.2240756	-0.5130348	-3.0060699	0.2194620	-0.6007507	-2.9504352	0.1407289	-0.5213893	-3.0005743	0.1579419	-0.4746074	-3.0922130	0.2231591	-0.5855913	-3.1598023	0.5021215	-0.8472752	-3.1612111	0.5017567	-0.7269904	-2.7310080	1.3508526	-0.4727191	-2.6922171	1.3850538	-0.7573116	-2.7661527	1.4318326	-0.6181179	-2.9400994	0.8507165	-0.4904896	-2.9186374	0.7492817	-0.4626209	-3.0353368	0.7984976	-0.4748749	-3.0168871	0.7312843	-0.8597778	-3.0749555	0.6424498	-0.8778202	-3.1216639	0.7682600	-0.8967330	-2.9120482	0.4669193	-0.4744824	-2.9401015	0.3459427	-0.4694494	-3.0028296	0.3921153	-0.4786217	-3.0704496	0.9190886	-0.6032946	-3.0718770	0.8967271	-0.7849638	-3.0306842	1.2526431	-0.3097606	-3.0620199	1.2404352	-0.3784578	-3.1572716	1.0325733	-0.2987992	-3.2068670	1.0759674	-0.2833955	-2.7715349	1.1670584	-0.9855262	-2.8422247	1.1417227	-0.9437498	-2.6883711	1.1193572	-0.7662015	-2.6646432	1.0711930	-0.7912360	-3.6374553	0.1452396	-0.8069577	
119	0.4916667	-2.9352879	0.9581282	-0.5353755	-2.9374332	0.9233749	-0.8361741	-3.0912434	1.0662979	-0.6386381	-3.0924036	1.0524363	-0.7551490	-2.8644187	0.5842171	-0.4755811	-2.8402247	0.5797751	-0.5930386	-3.0446180	0.2183949	-0.5092820	-3.0079190	0.2131086	-0.5968341	-2.9541184	0.1351950	-0.5182379	-3.0034901	0.1524485	-0.4712306	-3.0938926	0.2172388	-0.5813781	-3.1300872	0.4964478	-0.8456679	-3.1316004	0.4956124	-0.7236707	-2.7185172	1.3457939	-0.4717589	-2.6831439	1.3830479	-0.7569776	-2.7550339	1.4279331	-0.6161639	-2.9285703	0.8451988	-0.4903028	-2.9092527	0.7427740	-0.4621470	-3.0257872	0.7959179	-0.4739548	-2.9966969	0.7327773	-0.8583227	-3.0511567	0.6411306	-0.8766258	-3.1042089	0.7661906	-0.8963030	-2.9085532	0.4591796	-0.4724034	-2.9391016	0.3388990	-0.4669782	-3.0009190	0.3856584	-0.4757061	-3.0587267	0.9180796	-0.6021810	-3.0602625	0.8971954	-0.7831987	-3.0207636	1.2384251	-0.3068427	-3.0534551	1.2253153	-0.3804796	-3.1315190	1.0096323	-0.3054874	-3.1847084	1.0496406	-0.2877969	-2.7711829	1.1693225	-0.9856786	-2.8452517	1.1466795	-0.9424375	-2.6924119	1.1004228	-0.7704766	-2.6723538	1.0506453	-0.8000236	-3.6193804	0.1543327	-0.8045293	
120	0.4958333	-2.9244345	0.9553073	-0.5351481	-2.9262431	0.9235794	-0.8347319	-3.0805091	1.0621443	-0.6366407	-3.0815084	1.0494028	-0.7526856	-2.8577819	0.5753548	-0.4749041	-2.8339215	0.5701561	-0.5919604	-3.0462183	0.2142212	-0.5061927	-3.0100638	0.2082954	-0.5936970	-2.9574875	0.1316184	-0.5157877	-3.0062208	0.1487905	-0.4685118	-3.0959116	0.2129066	-0.5777403	-3.1004745	0.4898994	-0.8446782	-3.1022326	0.4885460	-0.7216947	-2.7068060	1.3394136	-0.4710591	-2.6747554	1.3797680	-0.7568115	-2.7447213	1.4226931	-0.6144801	-2.9173412	0.8385072	-0.4902996	-2.8998444	0.7354206	-0.4619416	-3.0161152	0.7916583	-0.4732236	-2.9767925	0.7328260	-0.8567603	-3.0274944	0.6385944	-0.8754657	-3.0865517	0.7626153	-0.8956899	-2.9045568	0.4516030	-0.4709592	-2.9378719	0.3326284	-0.4651841	-2.9986003	0.3798788	-0.4733357	-3.0472438	0.9148358	-0.6012541	-3.0485780	0.8957431	-0.7815395	-3.0104718	1.2224516	-0.3044258	-3.0437230	1.2090979	-0.3820548	-3.1055994	0.9876508	-0.3127577	-3.1621031	1.0237520	-0.2924507	-2.7697883	1.1714373	-0.9849469	-2.8465846	1.1509474	-0.9403090	-2.6957684	1.0799814	-0.7753180	-2.6796218	1.0297259	-0.8102126	-3.6001958	0.1634538	-0.8023598	
121	0.5000000	-2.9140778	0.9448890	-0.5352382	-2.9143911	0.9147782	-0.8335455	-3.0696662	1.0510259	-0.6361016	-3.0700865	1.0388856	-0.7517025	-2.8503490	0.5628541	-0.4733500	-2.8270256	0.5563344	-0.5902154	-3.0478861	0.2077753	-0.5037934	-3.0124939	0.2007341	-0.5910612	-2.9616117	0.1260599	-0.5143544	-3.0094699	0.1428448	-0.4668958	-3.0979950	0.2062519	-0.5746098	-3.0726088	0.4781881	-0.8441561	-3.0746892	0.4764041	-0.7211348	-2.6958106	1.3281691	-0.4707706	-2.6661093	1.3713178	-0.7568964	-2.7350546	1.4127962	-0.6135788	-2.9065458	0.8263016	-0.4906380	-2.8903192	0.7234027	-0.4615910	-3.0062030	0.7813817	-0.4724717	-2.9587543	0.7254375	-0.8555008	-3.0056145	0.6295047	-0.8745045	-3.0689814	0.7515787	-0.8949822	-2.8999651	0.4407629	-0.4692660	-2.9365096	0.3234045	-0.4636140	-2.9957574	0.3713971	-0.4710536	-3.0362205	0.9038694	-0.6009692	-3.0366652	0.8857100	-0.7804829	-2.9999142	1.2031588	-0.3026868	-3.0337054	1.1899842	-0.3831546	-3.0802276	0.9650678	-0.3198819	-3.1397468	0.9971720	-0.2967936	-2.7681617	1.1699067	-0.9843189	-2.8466187	1.1505101	-0.9392686	-2.6978264	1.0604144	-0.7807113	-2.6846282	1.0105064	-0.8207265	-3.5799027	0.1725272	-0.8004473	
122	0.5041667	-2.9027572	0.9454485	-0.5340967	-2.9019216	0.9171430	-0.8317049	-3.0580352	1.0507139	-0.6342056	-3.0579651	1.0392128	-0.7495273	-2.8447103	0.5594679	-0.4719213	-2.8215274	0.5520645	-0.5883620	-3.0491175	0.2095480	-0.5010368	-3.0141696	0.2017208	-0.5880406	-2.9636894	0.1285837	-0.5126785	-3.0110387	0.1449695	-0.4649581	-3.0997269	0.2076386	-0.5713401	-3.0429962	0.4778455	-0.8430218	-3.0452537	0.4756215	-0.7196923	-2.6844852	1.3277771	-0.4698357	-2.6566221	1.3729553	-0.7567054	-2.7247338	1.4132814	-0.6123956	-2.8960386	0.8235932	-0.4900299	-2.8817213	0.7206144	-0.4607053	-2.9966677	0.7813293	-0.4712481	-2.9391845	0.7297881	-0.8537181	-2.9821169	0.6320080	-0.8730340	-3.0506501	0.7516893	-0.8937225	-2.8966551	0.4389229	-0.4673859	-2.9356340	0.3229635	-0.4614079	-2.9936216	0.3713684	-0.4688273	-3.0244409	0.9039502	-0.5996263	-3.0241873	0.8868485	-0.7787219	-2.9885045	1.1914294	-0.3015111	-3.0213200	1.1788626	-0.3842714	-3.0530505	0.9516542	-0.3275268	-3.1147216	0.9789023	-0.3015124	-2.7652621	1.1759235	-0.9825605	-2.8447801	1.1576572	-0.9358672	-2.6988214	1.0488738	-0.7858280	-2.6889855	0.9999420	-0.8307528	-3.5585041	0.1814743	-0.7987806	
123	0.5083333	-2.8910487	0.9451670	-0.5327392	-2.8888650	0.9185264	-0.8299969	-3.0462108	1.0492975	-0.6325900	-3.0455783	1.0384072	-0.7477812	-2.8393411	0.5548596	-0.4708225	-2.8163709	0.5468412	-0.5868500	-3.0501450	0.2094888	-0.4992291	-3.0155742	0.2010593	-0.5860050	-2.9656393	0.1294842	-0.5116095	-3.0125865	0.1455130	-0.4637334	-3.1010373	0.2070425	-0.5691407	-3.0131715	0.4759921	-0.8426851	-3.0156614	0.4731897	-0.7187053	-2.6735843	1.3268655	-0.4686339	-2.6471059	1.3740917	-0.7565293	-2.7147293	1.4132166	-0.6112713	-2.8852981	0.8197209	-0.4893642	-2.8730871	0.7166046	-0.4599326	-2.9867748	0.7799679	-0.4700954	-2.9186923	0.7326315	-0.8521797	-2.9579629	0.6330146	-0.8721078	-3.0318447	0.7507029	-0.8931062	-2.8935222	0.4356479	-0.4659675	-2.9347188	0.3208813	-0.4598621	-2.9915369	0.3697697	-0.4672359	-3.0121063	0.9029904	-0.5981440	-3.0110312	0.8868710	-0.7770344	-2.9753218	1.1772540	-0.3009242	-3.0074287	1.1656839	-0.3855134	-3.0247529	0.9367692	-0.3357377	-3.0883018	0.9589893	-0.3069654	-2.7620347	1.1788040	-0.9808236	-2.8420503	1.1613699	-0.9321949	-2.6989259	1.0360448	-0.7917472	-2.6926848	0.9884853	-0.8410443	-3.5360043	0.1902158	-0.7973404	
124	0.5125000	-2.8793351	0.9413347	-0.5316798	-2.8749596	0.9157302	-0.8281320	-3.0333062	1.0444462	-0.6319335	-3.0318310	1.0339496	-0.7468853	-2.8335024	0.5480171	-0.4696861	-2.8109833	0.5389322	-0.5854375	-3.0515648	0.2070471	-0.4981574	-3.0176392	0.1975756	-0.5845044	-2.9688112	0.1275309	-0.5111697	-3.0151231	0.1433353	-0.4633388	-3.1028706	0.2044318	-0.5676267	-2.9854552	0.4715008	-0.8418506	-2.9882734	0.4682595	-0.7187420	-2.6617813	1.3226623	-0.4682325	-2.6365885	1.3715360	-0.7570060	-2.7039757	1.4101034	-0.6109708	-2.8742538	0.8131821	-0.4891370	-2.8640287	0.7102220	-0.4594555	-2.9762159	0.7757858	-0.4691664	-2.8999355	0.7316297	-0.8502802	-2.9356814	0.6306500	-0.8704937	-3.0127058	0.7461014	-0.8913324	-2.8900833	0.4301573	-0.4648746	-2.9339695	0.3164430	-0.4589921	-2.9893459	0.3659487	-0.4661298	-2.9992607	0.8984131	-0.5971215	-2.9968753	0.8828720	-0.7755318	-2.9611883	1.1599756	-0.3008669	-2.9927423	1.1496877	-0.3867827	-2.9958784	0.9198590	-0.3445613	-3.0608660	0.9369428	-0.3131547	-2.7588411	1.1779683	-0.9792003	-2.8389315	1.1613000	-0.9289788	-2.6997933	1.0204133	-0.7989692	-2.6972799	0.9750723	-0.8522918	-3.5124085	0.1986742	-0.7961005	
125	0.5166667	-2.8667047	0.9416488	-0.5299156	-2.8601356	0.9172615	-0.8259493	-3.0201507	1.0433048	-0.6304328	-3.0177859	1.0332560	-0.7452400	-2.8277048	0.5439902	-0.4683457	-2.8052574	0.5342814	-0.5834797	-3.0515829	0.2080167	-0.4968155	-3.0180700	0.1979622	-0.5826071	-2.9698323	0.1289478	-0.5105550	-3.0155874	0.1444522	-0.4627226	-3.1031185	0.2053010	-0.5658098	-2.9558281	0.4709008	-0.8405288	-2.9587092	0.4672994	-0.7177318	-2.6504618	1.3226479	-0.4674207	-2.6255747	1.3723045	-0.7568104	-2.6930263	1.4101166	-0.6103131	-2.8628551	0.8096620	-0.4880942	-2.8548654	0.7066696	-0.4583996	-2.9654045	0.7749554	-0.4681126	-2.8793519	0.7348682	-0.8481221	-2.9115892	0.6323565	-0.8686262	-2.9927038	0.7454884	-0.8895426	-2.8864333	0.4276017	-0.4635416	-2.9324672	0.3151745	-0.4576695	-2.9864111	0.3652065	-0.4649289	-2.9856270	0.8978582	-0.5956109	-2.9819028	0.8830295	-0.7737814	-2.9453084	1.1451616	-0.3015140	-2.9762065	1.1364569	-0.3882993	-2.9657237	0.9064935	-0.3539096	-3.0314241	0.9183133	-0.3200402	-2.7554845	1.1793742	-0.9772636	-2.8351936	1.1637871	-0.9253008	-2.7017575	1.0079282	-0.8072017	-2.7034054	0.9657258	-0.8640469	-3.4877240	0.2067751	-0.7950290	
126	0.5208333	-2.8537563	0.9404265	-0.5280318	-2.8447306	0.9176420	-0.8236217	-3.0063583	1.0405772	-0.6290537	-3.0030036	1.0311451	-0.7437169	-2.8218794	0.5391242	-0.4674776	-2.7994781	0.5288952	-0.5821484	-3.0519218	0.2080237	-0.4967207	-3.0188787	0.1975096	-0.5820398	-2.9715599	0.1299268	-0.5105881	-3.0167973	0.1450590	-0.4629387	-3.1034995	0.2051710	-0.5654729	-2.9261865	0.4687618	-0.8395254	-2.9292698	0.4648025	-0.7174872	-2.6394849	1.3214112	-0.4668011	-2.6146028	1.3719702	-0.7568363	-2.6823621	1.4089260	-0.6098809	-2.8512449	0.8048214	-0.4870830	-2.8455777	0.7019901	-0.4575462	-2.9541102	0.7727083	-0.4672798	-2.8583265	0.7364041	-0.8458254	-2.8872007	0.6324195	-0.8667239	-2.9720669	0.7435427	-0.8876967	-2.8828018	0.4241597	-0.4629310	-2.9311504	0.3129956	-0.4573426	-2.9835246	0.3635391	-0.4646024	-2.9713527	0.8957296	-0.5942622	-2.9661411	0.8818452	-0.7721750	-2.9276616	1.1288052	-0.3028403	-2.9584098	1.1218920	-0.3901910	-2.9346165	0.8922070	-0.3639766	-3.0006502	0.8988814	-0.3277457	-2.7524794	1.1789238	-0.9756019	-2.8314725	1.1647057	-0.9221393	-2.7051877	0.9950378	-0.8168756	-2.7112560	0.9568010	-0.8766458	-3.4619612	0.2144499	-0.7940903	
127	0.5250000	-2.8401109	0.9401549	-0.5258395	-2.8288315	0.9183567	-0.8214805	-2.9922630	1.0384531	-0.6276127	-2.9879993	1.0293874	-0.7423196	-2.8160405	0.5350865	-0.4663617	-2.7936810	0.5244535	-0.5804490	-3.0516096	0.2088609	-0.4965299	-3.0189334	0.1978643	-0.5814077	-2.9724453	0.1306989	-0.5105655	-3.0172024	0.1459184	-0.4631358	-3.1031490	0.2062435	-0.5651218	-2.8954126	0.4679567	-0.8382377	-2.8987304	0.4637450	-0.7167532	-2.6275354	1.3203910	-0.4655529	-2.6031527	1.3714872	-0.7567062	-2.6711253	1.4082301	-0.6091659	-2.8394446	0.8008389	-0.4858827	-2.8361433	0.6981147	-0.4565024	-2.9424077	0.7712425	-0.4662928	-2.8365548	0.7389678	-0.8435871	-2.8618808	0.6336026	-0.8647971	-2.9507249	0.7422123	-0.8859235	-2.8789806	0.4216195	-0.4620372	-2.9294075	0.3116697	-0.4567362	-2.9803611	0.3627023	-0.4641109	-2.9565222	0.8944682	-0.5926501	-2.9499396	0.8811633	-0.7706067	-2.9086214	1.1132781	-0.3049942	-2.9393297	1.1081651	-0.3924397	-2.9025175	0.8799649	-0.3744752	-2.9683632	0.8813643	-0.3359916	-2.7493688	1.1782858	-0.9739541	-2.8273412	1.1658196	-0.9191451	-2.7102026	0.9829252	-0.8278980	-2.7211035	0.9496305	-0.8899949	-3.4351358	0.2216369	-0.7932469	
128	0.5291667	-2.8259156	0.9433970	-0.5234842	-2.8128426	0.9231443	-0.8191713	-2.9781011	1.0393825	-0.6255956	-2.9731121	1.0308986	-0.7403349	-2.8109262	0.5335596	-0.4654534	-2.7884549	0.5227977	-0.5789488	-3.0512395	0.2111624	-0.4966623	-3.0187489	0.1998801	-0.5811658	-2.9730393	0.1327753	-0.5106563	-3.0173923	0.1480506	-0.4634049	-3.1026668	0.2087118	-0.5652567	-2.8639226	0.4707841	-0.8365986	-2.8672246	0.4661769	-0.7154786	-2.6154353	1.3220217	-0.4643304	-2.5916944	1.3739774	-0.7565454	-2.6597513	1.4102737	-0.6083032	-2.8275159	0.7994262	-0.4843213	-2.8269435	0.6967492	-0.4553281	-2.9307358	0.7727532	-0.4651759	-2.8143000	0.7453374	-0.8411924	-2.8360420	0.6385496	-0.8626613	-2.9291632	0.7446838	-0.8838705	-2.8756976	0.4213266	-0.4613211	-2.9279003	0.3122444	-0.4563118	-2.9776288	0.3637608	-0.4638943	-2.9411268	0.8966073	-0.5906667	-2.9334495	0.8842194	-0.7686597	-2.8879119	1.1001934	-0.3078809	-2.9187545	1.0969381	-0.3949825	-2.8692468	0.8712283	-0.3853537	-2.9343490	0.8672785	-0.3447098	-2.7460185	1.1792910	-0.9721743	-2.8226487	1.1689768	-0.9160078	-2.7164694	0.9740442	-0.8399422	-2.7325454	0.9466394	-0.9036027	-3.4072699	0.2282838	-0.7924609	
129	0.5333333	-2.8118228	0.9442904	-0.5213901	-2.7969861	0.9261616	-0.8168884	-2.9639151	1.0380778	-0.6236101	-2.9582207	1.0304159	-0.7383085	-2.8057205	0.5295883	-0.4647812	-2.7831123	0.5187383	-0.5777041	-3.0508593	0.2114911	-0.4974963	-3.0185617	0.1999990	-0.5815973	-2.9740082	0.1332547	-0.5111219	-3.0178940	0.1485012	-0.4641511	-3.1020610	0.2092371	-0.5661968	-2.8327040	0.4718026	-0.8349646	-2.8358125	0.4667035	-0.7144256	-2.6031722	1.3210529	-0.4634370	-2.5802077	1.3740625	-0.7564506	-2.6481417	1.4097567	-0.6074598	-2.8155280	0.7956633	-0.4828587	-2.8176864	0.6930088	-0.4543263	-2.9189788	0.7718908	-0.4642857	-2.7924578	0.7497889	-0.8387412	-2.8105953	0.6416407	-0.8604444	-2.9077099	0.7453599	-0.8816768	-2.8723313	0.4187066	-0.4610176	-2.9263507	0.3106715	-0.4564742	-2.9748085	0.3626058	-0.4641790	-2.9256112	0.8964627	-0.5888612	-2.9168613	0.8853426	-0.7667473	-2.8659391	1.0855961	-0.3115409	-2.8973657	1.0840917	-0.3979778	-2.8350771	0.8621109	-0.3969056	-2.8991332	0.8527796	-0.3541695	-2.7429989	1.1780882	-0.9707765	-2.8179480	1.1700934	-0.9135531	-2.7238843	0.9652243	-0.8533772	-2.7451251	0.9444224	-0.9176501	-3.3783940	0.2343481	-0.7916960	
130	0.5375000	-2.7978177	0.9436733	-0.5193282	-2.7813158	0.9275480	-0.8147212	-2.9499503	1.0351037	-0.6217011	-2.9435926	1.0282155	-0.7363982	-2.8002456	0.5248540	-0.4638867	-2.7775022	0.5137563	-0.5762539	-3.0499841	0.2113676	-0.4981003	-3.0179323	0.1995465	-0.5818066	-2.9745184	0.1327026	-0.5115289	-3.0178437	0.1480415	-0.4647967	-3.1009839	0.2095328	-0.5668515	-2.8012384	0.4723920	-0.8330996	-2.8040932	0.4668062	-0.7133595	-2.5909145	1.3184992	-0.4626488	-2.5688405	1.3724105	-0.7565204	-2.6366800	1.4077510	-0.6067857	-2.8036589	0.7907650	-0.4814863	-2.8083842	0.6883054	-0.4532950	-2.9071619	0.7698137	-0.4633671	-2.7710837	0.7532097	-0.8363079	-2.7853314	0.6439329	-0.8580996	-2.8862350	0.7447462	-0.8793282	-2.8685660	0.4154622	-0.4605079	-2.9243538	0.3085986	-0.4564276	-2.9715311	0.3608714	-0.4642335	-2.9101986	0.8947197	-0.5871580	-2.9004381	0.8847982	-0.7649860	-2.8429315	1.0704745	-0.3156429	-2.8752525	1.0705568	-0.4012598	-2.8000169	0.8537176	-0.4089132	-2.8626328	0.8387968	-0.3641367	-2.7398778	1.1761656	-0.9696656	-2.8128587	1.1706188	-0.9116470	-2.7322802	0.9575831	-0.8680138	-2.7584963	0.9440392	-0.9319177	-3.3485477	0.2397986	-0.7909181	
131	0.5416667	-2.7837126	0.9474197	-0.5168540	-2.7658431	0.9333865	-0.8123457	-2.9362178	1.0362917	-0.6193341	-2.9293045	1.0301768	-0.7340915	-2.7954494	0.5236910	-0.4628947	-2.7723608	0.5124279	-0.5747800	-3.0488597	0.2140953	-0.4985418	-3.0168151	0.2019449	-0.5819462	-2.9745183	0.1343146	-0.5117999	-3.0173507	0.1500685	-0.4652499	-3.0995900	0.2128096	-0.5674870	-2.7694749	0.4771888	-0.8309660	-2.7719769	0.4710766	-0.7118092	-2.5782349	1.3193596	-0.4617240	-2.5571435	1.3739833	-0.7565362	-2.6248763	1.4093239	-0.6060613	-2.7921810	0.7896965	-0.4796508	-2.7996011	0.6873018	-0.4519244	-2.8957468	0.7717818	-0.4621322	-2.7496847	0.7612611	-0.8337108	-2.7599349	0.6506975	-0.8555851	-2.8648823	0.7484216	-0.8768806	-2.8652108	0.4156672	-0.4598359	-2.9224163	0.3097581	-0.4561079	-2.9685879	0.3622868	-0.4641875	-2.8948174	0.8973049	-0.5850798	-2.8842264	0.8886355	-0.7629662	-2.8183094	1.0589674	-0.3200444	-2.8517224	1.0604872	-0.4045959	-2.7639362	0.8501134	-0.4209476	-2.8245269	0.8294052	-0.3742278	-2.7359769	1.1772944	-0.9684262	-2.8067370	1.1743068	-0.9095632	-2.7406355	0.9549730	-0.8828582	-2.7716833	0.9491697	-0.9453786	-3.3177804	0.2446154	-0.7900970	
132	0.5458333	-2.7699200	0.9474400	-0.5148625	-2.7508407	0.9353294	-0.8103316	-2.9228724	1.0337898	-0.6174201	-2.9154891	1.0284059	-0.7322020	-2.7902098	0.5196950	-0.4616340	-2.7669741	0.5081856	-0.5730308	-3.0474130	0.2141844	-0.4991044	-3.0155015	0.2016360	-0.5821601	-2.9747176	0.1334994	-0.5121589	-3.0168971	0.1495922	-0.4658174	-3.0978129	0.2132870	-0.5682128	-2.7379806	0.4793879	-0.8290009	-2.7399410	0.4725812	-0.7102601	-2.5657545	1.3169205	-0.4610916	-2.5456817	1.3724867	-0.7565946	-2.6132180	1.4076988	-0.6055062	-2.7807342	0.7853259	-0.4780796	-2.7906219	0.6832025	-0.4506177	-2.8842207	0.7702826	-0.4609833	-2.7290421	0.7659511	-0.8314350	-2.7351405	0.6544258	-0.8533619	-2.8439512	0.7487333	-0.8747469	-2.8614424	0.4130849	-0.4590447	-2.9201311	0.3081788	-0.4558302	-2.9652007	0.3610118	-0.4640711	-2.8797384	0.8960498	-0.5832771	-2.8684109	0.8885336	-0.7611461	-2.7923375	1.0450739	-0.3246964	-2.8275319	1.0477435	-0.4080127	-2.7271447	0.8451855	-0.4334884	-2.7854630	0.8186204	-0.3848679	-2.7318758	1.1762312	-0.9677271	-2.8002905	1.1755304	-0.9084219	-2.7489127	0.9520765	-0.8984948	-2.7842390	0.9541077	-0.9586964	-3.2861509	0.2487895	-0.7892066	
133	0.5500000	-2.7562428	0.9495142	-0.5127654	-2.7360055	0.9398678	-0.8080736	-2.9097911	1.0335455	-0.6152595	-2.9019523	1.0291070	-0.7299896	-2.7849628	0.5178634	-0.4601368	-2.7612729	0.5060388	-0.5710861	-3.0456893	0.2165029	-0.4993696	-3.0137456	0.2036345	-0.5821211	-2.9745367	0.1351277	-0.5123370	-3.0161004	0.1513950	-0.4660920	-3.0956459	0.2157948	-0.5687031	-2.7056772	0.4844920	-0.8267421	-2.7070494	0.4769711	-0.7084466	-2.5533109	1.3162719	-0.4607055	-2.5333716	1.3725280	-0.7566991	-2.6008786	1.4074841	-0.6051303	-2.7694350	0.7831017	-0.4761591	-2.7818016	0.6812802	-0.4489838	-2.8730481	0.7710664	-0.4597144	-2.7084087	0.7734430	-0.8286576	-2.7100407	0.6609957	-0.8506996	-2.8228669	0.7517795	-0.8724326	-2.8575708	0.4126563	-0.4579496	-2.9176125	0.3088967	-0.4551182	-2.9616753	0.3618801	-0.4637478	-2.8648351	0.8970555	-0.5814411	-2.8527970	0.8910253	-0.7592044	-2.7650477	1.0339979	-0.3294853	-2.8021758	1.0374786	-0.4114428	-2.6895837	0.8442056	-0.4459025	-2.7450108	0.8116675	-0.3956247	-2.7270532	1.1778697	-0.9673971	-2.7930237	1.1791527	-0.9077072	-2.7563183	0.9540056	-0.9141057	-2.7952875	0.9636281	-0.9712616	-3.2537263	0.2523218	-0.7882256	
134	0.5541667	-2.7426410	0.9490479	-0.5108232	-2.7211879	0.9416836	-0.8061544	-2.8974440	1.0309509	-0.6134585	-2.8891224	1.0274026	-0.7281867	-2.7791439	0.5142196	-0.4583620	-2.7548116	0.5020544	-0.5689504	-3.0432258	0.2176683	-0.4994245	-3.0109877	0.2044601	-0.5820948	-2.9731647	0.1351792	-0.5127121	-3.0143151	0.1517570	-0.4663429	-3.0925320	0.2170375	-0.5689769	-2.6722092	0.4887236	-0.8246175	-2.6732238	0.4805471	-0.7061864	-2.5413700	1.3135567	-0.4599835	-2.5211559	1.3703202	-0.7565721	-2.5888545	1.4049821	-0.6047172	-2.7580606	0.7789889	-0.4741746	-2.7727434	0.6774878	-0.4471704	-2.8620698	0.7695292	-0.4584480	-2.6873470	0.7789724	-0.8258188	-2.6841281	0.6659982	-0.8481721	-2.8014330	0.7527934	-0.8708962	-2.8530631	0.4105436	-0.4565031	-2.9142335	0.3082002	-0.4539705	-2.9575993	0.3613183	-0.4631188	-2.8503254	0.8955784	-0.5798020	-2.8375295	0.8909499	-0.7575698	-2.7365601	1.0226070	-0.3342654	-2.7760919	1.0264445	-0.4148397	-2.6515161	0.8437478	-0.4584043	-2.7036903	0.8053182	-0.4067121	-2.7220178	1.1794258	-0.9676030	-2.7854793	1.1821356	-0.9078366	-2.7628324	0.9577489	-0.9299771	-2.8046681	0.9743623	-0.9835086	-3.2205807	0.2552216	-0.7871370	
135	0.5583333	-2.7290295	0.9526343	-0.5088469	-2.7064183	0.9471192	-0.8038186	-2.8840750	1.0324347	-0.6120081	-2.8753081	1.0295589	-0.7266495	-2.7739595	0.5139966	-0.4569394	-2.7490858	0.5011421	-0.5671885	-3.0412098	0.2206038	-0.4997809	-3.0086533	0.2065257	-0.5821120	-2.9730044	0.1366941	-0.5128880	-3.0136622	0.1539265	-0.4668279	-3.0898667	0.2200650	-0.5696712	-2.6407501	0.4963071	-0.8219330	-2.6413692	0.4875833	-0.7041938	-2.5267742	1.3134097	-0.4588526	-2.5078299	1.3712148	-0.7567955	-2.5753997	1.4064939	-0.6040924	-2.7473494	0.7791629	-0.4725542	-2.7642534	0.6776855	-0.4457852	-2.8510439	0.7719959	-0.4573511	-2.6677733	0.7881873	-0.8228873	-2.6598900	0.6745820	-0.8452081	-2.7805039	0.7572098	-0.8684410	-2.8490190	0.4116041	-0.4554013	-2.9114588	0.3101146	-0.4532272	-2.9541710	0.3632594	-0.4629588	-2.8356327	0.8980908	-0.5781907	-2.8221564	0.8945645	-0.7557300	-2.7067901	1.0148840	-0.3391642	-2.7486177	1.0187701	-0.4184946	-2.6129359	0.8475153	-0.4704697	-2.6612366	0.8033640	-0.4178028	-2.7159772	1.1844681	-0.9678750	-2.7767940	1.1881542	-0.9079977	-2.7675690	0.9663516	-0.9449347	-2.8116754	0.9892917	-0.9945570	-3.1867926	0.2575043	-0.7859285	
136	0.5625000	-2.7155128	0.9509307	-0.5076035	-2.6918358	0.9481606	-0.8018875	-2.8711421	1.0292592	-0.6106230	-2.8619897	1.0274787	-0.7250587	-2.7676321	0.5096018	-0.4544281	-2.7423477	0.4960939	-0.5643545	-3.0385850	0.2200329	-0.4994421	-3.0059089	0.2052793	-0.5814224	-2.9727299	0.1346142	-0.5131123	-3.0125894	0.1522208	-0.4669182	-3.0865935	0.2198741	-0.5693334	-2.6096435	0.5015648	-0.8195351	-2.6097593	0.4919120	-0.7020720	-2.5131735	1.3101021	-0.4586143	-2.4945703	1.3689013	-0.7567994	-2.5619177	1.4040360	-0.6038244	-2.7358646	0.7743082	-0.4709558	-2.7548912	0.6732050	-0.4439257	-2.8396689	0.7696580	-0.4560008	-2.6487428	0.7933930	-0.8202704	-2.6361881	0.6798843	-0.8426162	-2.7597427	0.7582018	-0.8664168	-2.8441901	0.4085478	-0.4533933	-2.9080329	0.3080782	-0.4516879	-2.9497272	0.3614905	-0.4618726	-2.8209972	0.8954187	-0.5769509	-2.8068586	0.8935570	-0.7540776	-2.6759733	1.0046583	-0.3441024	-2.7205289	1.0080810	-0.4222272	-2.5740892	0.8490637	-0.4824892	-2.6183639	0.7995606	-0.4292591	-2.7098353	1.1875432	-0.9684801	-2.7678836	1.1914963	-0.9090616	-2.7711310	0.9745560	-0.9599148	-2.8167177	1.0029108	-1.0054250	-3.1524429	0.2591897	-0.7845918	
137	0.5666667	-2.7017726	0.9495198	-0.5060230	-2.6765025	0.9488716	-0.7998090	-2.8584221	1.0269818	-0.6093653	-2.8486752	1.0260406	-0.7235871	-2.7610660	0.5063604	-0.4514480	-2.7348485	0.4920052	-0.5612934	-3.0358752	0.2216898	-0.4984982	-3.0026689	0.2061374	-0.5804990	-2.9717023	0.1338476	-0.5129934	-3.0111229	0.1524115	-0.4664226	-3.0829923	0.2220316	-0.5685453	-2.5773106	0.5087612	-0.8169138	-2.5772484	0.4983391	-0.6994938	-2.5001249	1.3075714	-0.4583263	-2.4814324	1.3665091	-0.7566690	-2.5487500	1.4015388	-0.6036773	-2.7243780	0.7706025	-0.4687334	-2.7455157	0.6699042	-0.4414210	-2.8287136	0.7682266	-0.4544183	-2.6290044	0.7995378	-0.8170550	-2.6114708	0.6864650	-0.8396249	-2.7382013	0.7599887	-0.8647839	-2.8390895	0.4068096	-0.4508458	-2.9042474	0.3077606	-0.4494182	-2.9452793	0.3615110	-0.4601896	-2.8065602	0.8934319	-0.5758145	-2.7914320	0.8928776	-0.7526219	-2.6444767	0.9968138	-0.3486676	-2.6917158	0.9993721	-0.4259182	-2.5350084	0.8537358	-0.4939297	-2.5747050	0.7990879	-0.4407170	-2.7029873	1.1931187	-0.9692064	-2.7582361	1.1968582	-0.9105798	-2.7731038	0.9861307	-0.9740091	-2.8194975	1.0189875	-1.0155365	-3.1176115	0.2602990	-0.7831223	
138	0.5708333	-2.6877729	0.9495147	-0.5043707	-2.6607081	0.9511866	-0.7973310	-2.8448418	1.0270670	-0.6083283	-2.8344227	1.0270444	-0.7222413	-2.7545664	0.5056168	-0.4485757	-2.7274771	0.4903671	-0.5584650	-3.0335450	0.2251887	-0.4979086	-2.9997991	0.2087169	-0.5798819	-2.9713250	0.1350473	-0.5132636	-3.0102653	0.1545240	-0.4664408	-3.0797407	0.2260798	-0.5681567	-2.5454415	0.5189177	-0.8136058	-2.5455149	0.5077362	-0.6965324	-2.4854944	1.3065759	-0.4573881	-2.4671382	1.3657955	-0.7566313	-2.5344489	1.4011495	-0.6031482	-2.7129934	0.7693621	-0.4667195	-2.7361901	0.6690724	-0.4390934	-2.8176107	0.7688747	-0.4528628	-2.6096900	0.8079294	-0.8134054	-2.5871031	0.6955884	-0.8360466	-2.7163409	0.7641072	-0.8626594	-2.8340533	0.4073901	-0.4484537	-2.9006232	0.3095300	-0.4473678	-2.9411062	0.3636500	-0.4588212	-2.7919984	0.8933489	-0.5747579	-2.7757761	0.8942145	-0.7510547	-2.6120190	0.9921840	-0.3530419	-2.6617739	0.9935596	-0.4295526	-2.4959613	0.8612437	-0.5045077	-2.5308270	0.8020879	-0.4517690	-2.6954270	1.2019898	-0.9697545	-2.7477579	1.2050772	-0.9121779	-2.7736147	1.0018898	-0.9868501	-2.8202418	1.0384599	-1.0245127	-3.0823749	0.2608538	-0.7815184	
139	0.5750000	-2.6735714	0.9501130	-0.5029109	-2.6452634	0.9544574	-0.7945515	-2.8302879	1.0278184	-0.6071537	-2.8194062	1.0288298	-0.7206291	-2.7489340	0.5052778	-0.4464672	-2.7212999	0.4890880	-0.5561084	-3.0314562	0.2280056	-0.4976926	-2.9974829	0.2104652	-0.5791831	-2.9717421	0.1360787	-0.5135624	-3.0099723	0.1563328	-0.4668281	-3.0769050	0.2294488	-0.5679210	-2.5157853	0.5310178	-0.8100573	-2.5159036	0.5189814	-0.6940722	-2.4693727	1.3064690	-0.4563743	-2.4526803	1.3662649	-0.7567621	-2.5195323	1.4022817	-0.6023844	-2.7020554	0.7686375	-0.4653965	-2.7274017	0.6687046	-0.4375622	-2.8061695	0.7701513	-0.4517851	-2.5917819	0.8175273	-0.8099071	-2.5644883	0.7062707	-0.8323113	-2.6951120	0.7694875	-0.8596644	-2.8297415	0.4082497	-0.4468238	-2.8977376	0.3111675	-0.4460757	-2.9373158	0.3655859	-0.4581229	-2.7769534	0.8938895	-0.5737694	-2.7599890	0.8963632	-0.7492698	-2.5788809	0.9895750	-0.3573154	-2.6308514	0.9894783	-0.4332472	-2.4570154	0.8705277	-0.5143580	-2.4868648	0.8075223	-0.4625517	-2.6872021	1.2122014	-0.9701521	-2.7363662	1.2142879	-0.9140263	-2.7726170	1.0197102	-0.9984526	-2.8189919	1.0591687	-1.0324917	-3.0468036	0.2608740	-0.7797809	
140	0.5791667	-2.6591936	0.9468501	-0.5015534	-2.6293466	0.9532192	-0.7922936	-2.8171534	1.0249726	-0.6060984	-2.8057040	1.0268208	-0.7191862	-2.7429616	0.5018007	-0.4428967	-2.7142230	0.4847793	-0.5526108	-3.0289343	0.2283349	-0.4959223	-2.9941578	0.2099655	-0.5775301	-2.9704288	0.1331498	-0.5135668	-3.0084003	0.1546555	-0.4660496	-3.0733377	0.2304972	-0.5660482	-2.4848435	0.5410553	-0.8067753	-2.4852624	0.5282219	-0.6908070	-2.4560034	1.3042734	-0.4567316	-2.4391375	1.3637843	-0.7567553	-2.5058534	1.3995723	-0.6027021	-2.6906255	0.7639341	-0.4628531	-2.7183368	0.6646993	-0.4345696	-2.7954516	0.7678845	-0.4499729	-2.5730666	0.8233085	-0.8062327	-2.5408172	0.7137556	-0.8287987	-2.6733877	0.7715610	-0.8577197	-2.8252562	0.4059200	-0.4436157	-2.8942751	0.3098346	-0.4429264	-2.9334046	0.3648709	-0.4558161	-2.7623350	0.8906547	-0.5727715	-2.7443898	0.8944008	-0.7477194	-2.5453608	0.9855603	-0.3614373	-2.5992045	0.9835791	-0.4368900	-2.4181211	0.8784825	-0.5236181	-2.4428975	0.8123429	-0.4731863	-2.6790404	1.2210896	-0.9703329	-2.7244692	1.2216848	-0.9166217	-2.7707846	1.0381374	-1.0096443	-2.8162305	1.0794552	-1.0401371	-3.0109602	0.2603773	-0.7779124	
141	0.5833333	-2.6448580	0.9436234	-0.5000513	-2.6131854	0.9523020	-0.7893462	-2.8028129	1.0234013	-0.6053699	-2.7906859	1.0261682	-0.7178894	-2.7372877	0.5001732	-0.4400730	-2.7075794	0.4822071	-0.5498556	-3.0271489	0.2307055	-0.4954930	-2.9917170	0.2112744	-0.5769950	-2.9704408	0.1337378	-0.5138105	-3.0081643	0.1562811	-0.4661895	-3.0705273	0.2332667	-0.5658120	-2.4547306	0.5539111	-0.8024226	-2.4555330	0.5402505	-0.6870676	-2.4403936	1.3023558	-0.4559664	-2.4252786	1.3621961	-0.7567223	-2.4914858	1.3982221	-0.6021157	-2.6797225	0.7610883	-0.4609383	-2.7096117	0.6625369	-0.4323019	-2.7846465	0.7666284	-0.4485899	-2.5552601	0.8308464	-0.8021278	-2.5179855	0.7234621	-0.8244768	-2.6517240	0.7751564	-0.8549781	-2.8209703	0.4054869	-0.4414365	-2.8913204	0.3103891	-0.4411192	-2.9299751	0.3660617	-0.4546334	-2.7477587	0.8881453	-0.5719900	-2.7287086	0.8933051	-0.7460475	-2.5115966	0.9840138	-0.3652095	-2.5669275	0.9800294	-0.4405106	-2.3795397	0.8888737	-0.5320727	-2.3989552	0.8202637	-0.4833639	-2.6701781	1.2317934	-0.9705475	-2.7119352	1.2307976	-0.9194955	-2.7675698	1.0576670	-1.0194755	-2.8119105	1.1002719	-1.0468534	-2.9748975	0.2593798	-0.7759168	
142	0.5875000	-2.6301445	0.9398693	-0.4985510	-2.5975069	0.9507250	-0.7866831	-2.7883850	1.0212232	-0.6044573	-2.7758885	1.0248437	-0.7165600	-2.7318512	0.4986636	-0.4374704	-2.7014676	0.4798228	-0.5470402	-3.0247034	0.2314265	-0.4944109	-2.9887855	0.2108874	-0.5755284	-2.9698326	0.1314710	-0.5137812	-3.0070459	0.1553996	-0.4661026	-3.0671529	0.2349219	-0.5646248	-2.4261301	0.5675610	-0.7984366	-2.4271965	0.5530705	-0.6836938	-2.4242232	1.3013006	-0.4551096	-2.4121813	1.3611120	-0.7570851	-2.4774734	1.3976889	-0.6014788	-2.6688772	0.7578937	-0.4593010	-2.7009672	0.6601535	-0.4303330	-2.7736076	0.7649980	-0.4472976	-2.5385534	0.8382826	-0.7988312	-2.4964241	0.7334297	-0.8207901	-2.6308786	0.7784873	-0.8521505	-2.8167496	0.4047576	-0.4391852	-2.8881150	0.3100020	-0.4389508	-2.9262649	0.3664367	-0.4533185	-2.7330458	0.8849981	-0.5709992	-2.7134039	0.8914954	-0.7443652	-2.4776110	0.9842866	-0.3688404	-2.5339346	0.9780620	-0.4440425	-2.3413202	0.9007104	-0.5397757	-2.3553123	0.8304693	-0.4930239	-2.6607819	1.2429187	-0.9707295	-2.6987821	1.2403786	-0.9228550	-2.7634262	1.0776238	-1.0280944	-2.8063318	1.1210156	-1.0527222	-2.9386584	0.2578959	-0.7737988	
143	0.5916667	-2.6153453	0.9375790	-0.4971313	-2.5822947	0.9510638	-0.7839130	-2.7742644	1.0202349	-0.6031016	-2.7616456	1.0249116	-0.7146470	-2.7267486	0.4985127	-0.4344051	-2.6956411	0.4788530	-0.5438760	-3.0227634	0.2334211	-0.4925692	-2.9863797	0.2118613	-0.5736043	-2.9694895	0.1298584	-0.5132171	-3.0063565	0.1553676	-0.4651126	-3.0643633	0.2379938	-0.5627207	-2.3980510	0.5835089	-0.7943287	-2.3993207	0.5683338	-0.6799439	-2.4088930	1.3025105	-0.4550667	-2.3996212	1.3624217	-0.7574215	-2.4638731	1.3990359	-0.6011764	-2.6577520	0.7555847	-0.4572322	-2.6923014	0.6588766	-0.4278594	-2.7627362	0.7647368	-0.4455714	-2.5220457	0.8472376	-0.7955896	-2.4752591	0.7451966	-0.8171282	-2.6104567	0.7836761	-0.8492148	-2.8129508	0.4052762	-0.4364038	-2.8853839	0.3107687	-0.4362175	-2.9229934	0.3681893	-0.4512324	-2.7182454	0.8831673	-0.5698412	-2.6983384	0.8912772	-0.7423798	-2.4436851	0.9872271	-0.3722181	-2.5003555	0.9787713	-0.4476143	-2.3034793	0.9154222	-0.5464848	-2.3119636	0.8442485	-0.5020176	-2.6504805	1.2565541	-0.9707620	-2.6847308	1.2525286	-0.9263137	-2.7580621	1.0996020	-1.0353248	-2.7992748	1.1434278	-1.0575502	-2.9022756	0.2559405	-0.7715638	
144	0.5958333	-2.6006296	0.9372668	-0.4954436	-2.5674404	0.9532369	-0.7808526	-2.7594614	1.0206056	-0.6016517	-2.7467986	1.0262254	-0.7127068	-2.7219834	0.4994793	-0.4325121	-2.6906865	0.4790001	-0.5415365	-3.0208603	0.2353835	-0.4910793	-2.9844737	0.2127091	-0.5714756	-2.9697590	0.1292869	-0.5122087	-3.0058924	0.1562157	-0.4643085	-3.0620377	0.2408484	-0.5610050	-2.3734526	0.5979459	-0.7907916	-2.3746136	0.5823815	-0.6772691	-2.3917741	1.3054566	-0.4544101	-2.3871164	1.3652542	-0.7580666	-2.4500438	1.4026053	-0.6004025	-2.6470004	0.7551709	-0.4558658	-2.6838780	0.6591475	-0.4263960	-2.7514073	0.7658492	-0.4444698	-2.5067679	0.8565209	-0.7931160	-2.4562861	0.7565596	-0.8140401	-2.5915955	0.7891196	-0.8459997	-2.8092511	0.4067171	-0.4346587	-2.8828560	0.3121598	-0.4344791	-2.9197119	0.3702964	-0.4499272	-2.7033306	0.8830342	-0.5686238	-2.6833675	0.8926321	-0.7403318	-2.4099442	0.9927568	-0.3755070	-2.4663859	0.9821774	-0.4513073	-2.2662534	0.9323802	-0.5523121	-2.2693435	0.8610384	-0.5102863	-2.6390119	1.2714308	-0.9708105	-2.6696403	1.2662016	-0.9298700	-2.7513726	1.1216363	-1.0410744	-2.7907358	1.1656282	-1.0612577	-2.8657731	0.2535300	-0.7692172	
145	0.6000000	-2.5855956	0.9353871	-0.4937767	-2.5531555	0.9537276	-0.7784956	-2.7457811	1.0190564	-0.5997499	-2.7334406	1.0255968	-0.7105195	-2.7169612	0.4987341	-0.4301567	-2.6852922	0.4776527	-0.5386917	-3.0181906	0.2349511	-0.4890741	-2.9816487	0.2114254	-0.5690633	-2.9688234	0.1259891	-0.5114357	-3.0043580	0.1542112	-0.4633317	-3.0588618	0.2412543	-0.5585626	-2.3487490	0.6119575	-0.7879140	-2.3495278	0.5961770	-0.6741477	-2.3756187	1.3077903	-0.4548329	-2.3750357	1.3664985	-0.7590530	-2.4365360	1.4045254	-0.6005010	-2.6359203	0.7523149	-0.4538460	-2.6752228	0.6572488	-0.4243159	-2.7401894	0.7652896	-0.4430331	-2.4914467	0.8642521	-0.7916488	-2.4373282	0.7667428	-0.8120422	-2.5733056	0.7932085	-0.8437312	-2.8052939	0.4062174	-0.4324769	-2.8798037	0.3113610	-0.4322378	-2.9159476	0.3703584	-0.4481122	-2.6883909	0.8812119	-0.5671090	-2.6688712	0.8922596	-0.7383927	-2.3765330	0.9978503	-0.3789541	-2.4321744	0.9851959	-0.4551710	-2.2298200	0.9474703	-0.5574611	-2.2282178	0.8767796	-0.5176359	-2.6267448	1.2845693	-0.9705331	-2.6534346	1.2782463	-0.9336987	-2.7436584	1.1423708	-1.0460043	-2.7808219	1.1860186	-1.0642692	-2.8291679	0.2506843	-0.7667649	
146	0.6041667	-2.5704226	0.9350644	-0.4919916	-2.5388983	0.9558671	-0.7759477	-2.7312294	1.0189069	-0.5976623	-2.7192774	1.0263990	-0.7081475	-2.7118592	0.4994243	-0.4286235	-2.6803261	0.4778546	-0.5366797	-3.0161624	0.2364822	-0.4874404	-2.9799462	0.2122101	-0.5668523	-2.9694371	0.1261588	-0.5103544	-3.0040712	0.1551843	-0.4623858	-3.0565621	0.2434710	-0.5563592	-2.3266605	0.6245163	-0.7853017	-2.3270389	0.6089291	-0.6713896	-2.3583018	1.3115374	-0.4550081	-2.3628962	1.3689992	-0.7598231	-2.4227953	1.4079875	-0.6000488	-2.6246685	0.7511199	-0.4523135	-2.6663414	0.6568991	-0.4228755	-2.7284549	0.7660689	-0.4418034	-2.4765618	0.8718802	-0.7907727	-2.4197240	0.7762593	-0.8104711	-2.5560940	0.7976771	-0.8414248	-2.8013501	0.4073354	-0.4311464	-2.8771511	0.3124089	-0.4309727	-2.9122870	0.3720338	-0.4467344	-2.6733604	0.8809677	-0.5655717	-2.6544191	0.8934933	-0.7363831	-2.3437985	1.0048313	-0.3821643	-2.3982280	0.9903571	-0.4591666	-2.1944255	0.9646641	-0.5617864	-2.1883225	0.8949890	-0.5242743	-2.6133218	1.2988751	-0.9699373	-2.6360688	1.2917441	-0.9372236	-2.7345233	1.1633459	-1.0497696	-2.7693864	1.2062750	-1.0662554	-2.7924728	0.2474278	-0.7642133	
147	0.6083333	-2.5548737	0.9318172	-0.4903896	-2.5247332	0.9548796	-0.7737882	-2.7170930	1.0156194	-0.5955014	-2.7057051	1.0240035	-0.7057360	-2.7061834	0.4976799	-0.4268657	-2.6747929	0.4759561	-0.5343426	-3.0136786	0.2359355	-0.4855073	-2.9777957	0.2112764	-0.5645363	-2.9689362	0.1244377	-0.5098750	-3.0028102	0.1536552	-0.4616953	-3.0538566	0.2435776	-0.5535119	-2.3043642	0.6351966	-0.7828575	-2.3044675	0.6199964	-0.6680620	-2.3420052	1.3132577	-0.4562331	-2.3507943	1.3691962	-0.7603559	-2.4091471	1.4088049	-0.6002523	-2.6130837	0.7467811	-0.4506821	-2.6570623	0.6536191	-0.4212686	-2.7164471	0.7639766	-0.4405533	-2.4613886	0.8764178	-0.7902664	-2.4018271	0.7830881	-0.8093549	-2.5388919	0.7994791	-0.8397168	-2.7969200	0.4060102	-0.4295742	-2.8739167	0.3110681	-0.4294699	-2.9080646	0.3714838	-0.4450350	-2.6582413	0.8778377	-0.5640404	-2.6401322	0.8917545	-0.7345087	-2.3118399	1.0100141	-0.3850280	-2.3649486	0.9938350	-0.4631178	-2.1602565	0.9807864	-0.5655645	-2.1497613	0.9123061	-0.5305667	-2.5988187	1.3118875	-0.9692066	-2.6180461	1.3044577	-0.9404414	-2.7243223	1.1814054	-1.0525583	-2.7568334	1.2235494	-1.0673110	-2.7556990	0.2437908	-0.7615692	
148	0.6125000	-2.5389160	0.9312681	-0.4888227	-2.5101879	0.9568646	-0.7714118	-2.7022129	1.0149650	-0.5932302	-2.6914097	1.0243662	-0.7030933	-2.7006028	0.4980171	-0.4260740	-2.6694689	0.4764114	-0.5329777	-3.0110748	0.2376570	-0.4839706	-2.9756354	0.2129524	-0.5626147	-2.9683528	0.1265357	-0.5095658	-3.0015814	0.1550881	-0.4612591	-3.0510232	0.2454426	-0.5509311	-2.2819933	0.6472065	-0.7802390	-2.2821847	0.6326317	-0.6647636	-2.3248115	1.3172594	-0.4578838	-2.3374419	1.3717240	-0.7606061	-2.3943535	1.4119889	-0.6004080	-2.6014447	0.7447629	-0.4495151	-2.6477510	0.6525445	-0.4203329	-2.7040767	0.7642521	-0.4396337	-2.4456016	0.8829517	-0.7891153	-2.3834708	0.7916194	-0.8077430	-2.5212569	0.8036342	-0.8378507	-2.7924226	0.4068330	-0.4288941	-2.8705615	0.3120618	-0.4287883	-2.9037375	0.3728920	-0.4439141	-2.6427838	0.8775363	-0.5625431	-2.6255367	0.8930045	-0.7325019	-2.2807567	1.0179567	-0.3876761	-2.3322597	1.0003812	-0.4670205	-2.1277528	0.9991043	-0.5686147	-2.1133120	0.9320594	-0.5358151	-2.5833527	1.3258797	-0.9680504	-2.5988018	1.3184494	-0.9431771	-2.7129935	1.2003611	-1.0542144	-2.7431050	1.2412866	-1.0673122	-2.7188602	0.2398087	-0.7588407	
149	0.6166667	-2.5225472	0.9298914	-0.4874018	-2.4949955	0.9573007	-0.7692561	-2.6865753	1.0134183	-0.5912252	-2.6762428	1.0235551	-0.7007915	-2.6951075	0.4976233	-0.4261129	-2.6642710	0.4762780	-0.5321831	-3.0080950	0.2371620	-0.4827224	-2.9730329	0.2125386	-0.5606614	-2.9674055	0.1267812	-0.5093920	-2.9999252	0.1544038	-0.4612204	-3.0477041	0.2449036	-0.5484164	-2.2613261	0.6555183	-0.7777702	-2.2617856	0.6418263	-0.6617990	-2.3068313	1.3199934	-0.4598269	-2.3233056	1.3728747	-0.7608121	-2.3788390	1.4139514	-0.6007305	-2.5900052	0.7420754	-0.4487925	-2.6385922	0.6507280	-0.4200720	-2.6914425	0.7636259	-0.4393297	-2.4298179	0.8867366	-0.7880592	-2.3657265	0.7969852	-0.8062216	-2.5038400	0.8055953	-0.8360112	-2.7878301	0.4066285	-0.4288934	-2.8669183	0.3116906	-0.4286251	-2.8992668	0.3726249	-0.4433811	-2.6270628	0.8764554	-0.5611421	-2.6105327	0.8930408	-0.7306555	-2.2505952	1.0252054	-0.3899496	-2.3003956	1.0062503	-0.4706690	-2.0969163	1.0175757	-0.5711352	-2.0786166	0.9519708	-0.5405638	-2.5673080	1.3386546	-0.9662169	-2.5789473	1.3314047	-0.9452130	-2.7007213	1.2184101	-1.0552809	-2.7284632	1.2578124	-1.0665889	-2.6819748	0.2355222	-0.7560369	
150	0.6208333	-2.5058400	0.9303736	-0.4862394	-2.4791193	0.9594009	-0.7672295	-2.6704415	1.0139331	-0.5890292	-2.6604500	1.0247409	-0.6982307	-2.6899172	0.4982684	-0.4265484	-2.6590418	0.4774446	-0.5317192	-3.0048016	0.2371547	-0.4813522	-2.9697574	0.2128579	-0.5585359	-2.9660248	0.1275426	-0.5094028	-2.9980347	0.1541138	-0.4612646	-3.0436970	0.2448288	-0.5455382	-2.2404159	0.6636120	-0.7753850	-2.2410144	0.6508230	-0.6588618	-2.2886595	1.3237276	-0.4624060	-2.3083045	1.3752885	-0.7608962	-2.3624571	1.4168270	-0.6013065	-2.5787181	0.7405940	-0.4480180	-2.6296948	0.6500203	-0.4199526	-2.6788496	0.7645140	-0.4392580	-2.4133435	0.8913233	-0.7868664	-2.3474684	0.8027474	-0.8046605	-2.4860578	0.8087255	-0.8341587	-2.7834360	0.4073935	-0.4291782	-2.8632437	0.3121913	-0.4285043	-2.8948999	0.3729601	-0.4430403	-2.6109267	0.8773069	-0.5597083	-2.5948927	0.8949017	-0.7286941	-2.2217627	1.0329959	-0.3921001	-2.2699325	1.0129969	-0.4742730	-2.0683266	1.0364314	-0.5732734	-2.0464882	0.9722631	-0.5446606	-2.5508138	1.3512623	-0.9638572	-2.5586592	1.3442019	-0.9464259	-2.6878078	1.2362236	-1.0553812	-2.7133866	1.2739068	-1.0648226	-2.6450693	0.2309758	-0.7531688	
151	0.6250000	-2.4890261	0.9267792	-0.4854861	-2.4627999	0.9579872	-0.7654862	-2.6534880	1.0110596	-0.5870800	-2.6437140	1.0228099	-0.6958917	-2.6851349	0.4959654	-0.4273510	-2.6544630	0.4758335	-0.5316529	-3.0020446	0.2347759	-0.4798316	-2.9672852	0.2110137	-0.5562406	-2.9658095	0.1266375	-0.5093629	-2.9971081	0.1516046	-0.4612903	-3.0401097	0.2424562	-0.5422424	-2.2196951	0.6685688	-0.7731676	-2.2205371	0.6565511	-0.6563967	-2.2703646	1.3240244	-0.4651621	-2.2927269	1.3750864	-0.7608476	-2.3456388	1.4164655	-0.6018201	-2.5673230	0.7354156	-0.4479136	-2.6208533	0.6458971	-0.4203922	-2.6659159	0.7618307	-0.4394224	-2.3969374	0.8921748	-0.7856726	-2.3292932	0.8050493	-0.8031068	-2.4678177	0.8087414	-0.8322654	-2.7794464	0.4054290	-0.4297545	-2.8599957	0.3101769	-0.4286137	-2.8908369	0.3705760	-0.4427380	-2.5944072	0.8743756	-0.5585324	-2.5786682	0.8933287	-0.7269228	-2.1939103	1.0380894	-0.3938926	-2.2405833	1.0168266	-0.4774384	-2.0415096	1.0537128	-0.5751504	-2.0159747	0.9909292	-0.5486491	-2.5343257	1.3608649	-0.9611775	-2.5387721	1.3541532	-0.9469923	-2.6745963	1.2507993	-1.0553816	-2.6982631	1.2868334	-1.0629151	-2.6081804	0.2262161	-0.7502493	
152	0.6291667	-2.4718349	0.9253938	-0.4847489	-2.4458684	0.9588524	-0.7638013	-2.6360784	1.0107999	-0.5849982	-2.6264179	1.0234967	-0.6934104	-2.6801133	0.4960650	-0.4281816	-2.6497030	0.4765947	-0.5316828	-2.9985596	0.2354121	-0.4776621	-2.9641866	0.2121896	-0.5534714	-2.9648557	0.1282841	-0.5092112	-2.9953333	0.1518377	-0.4610106	-3.0357049	0.2434301	-0.5381136	-2.1979982	0.6786998	-0.7705209	-2.1991388	0.6673403	-0.6538205	-2.2513387	1.3261354	-0.4680222	-2.2759313	1.3764537	-0.7610009	-2.3276670	1.4179169	-0.6025336	-2.5556854	0.7326138	-0.4477874	-2.6117450	0.6441568	-0.4207887	-2.6525088	0.7616836	-0.4394736	-2.3805463	0.8967841	-0.7837687	-2.3106743	0.8116834	-0.8008955	-2.4486351	0.8122537	-0.8300125	-2.7750431	0.4060968	-0.4302363	-2.8561122	0.3109995	-0.4284391	-2.8862446	0.3709148	-0.4420414	-2.5774330	0.8739349	-0.5572911	-2.5618409	0.8942993	-0.7251107	-2.1672451	1.0449561	-0.3954178	-2.2125101	1.0225642	-0.4802129	-2.0166912	1.0725236	-0.5765074	-1.9876454	1.0112540	-0.5517812	-2.5178655	1.3711859	-0.9581916	-2.5191259	1.3646919	-0.9468244	-2.6614497	1.2661318	-1.0547281	-2.6834047	1.3005812	-1.0604438	-2.5713562	0.2212899	-0.7472933	
153	0.6333333	-2.4544043	0.9261290	-0.4840758	-2.4282194	0.9616526	-0.7620900	-2.6178646	1.0128930	-0.5829188	-2.6081105	1.0264385	-0.6909270	-2.6750876	0.4982711	-0.4296858	-2.6447350	0.4793767	-0.5323733	-2.9944091	0.2367411	-0.4754926	-2.9601643	0.2139344	-0.5504490	-2.9636366	0.1299667	-0.5087202	-2.9932095	0.1526112	-0.4606486	-3.0302759	0.2451982	-0.5340065	-2.1775680	0.6896013	-0.7681092	-2.1785938	0.6788586	-0.6517136	-2.2318507	1.3300538	-0.4706346	-2.2586088	1.3796534	-0.7615865	-2.3094776	1.4211684	-0.6033274	-2.5441265	0.7321137	-0.4476486	-2.6026953	0.6446342	-0.4214552	-2.6390483	0.7636715	-0.4398506	-2.3644535	0.9029436	-0.7821167	-2.2927837	0.8195897	-0.7988609	-2.4297978	0.8173682	-0.8275878	-2.7704411	0.4086389	-0.4312125	-2.8518037	0.3133572	-0.4283991	-2.8814668	0.3725155	-0.4417899	-2.5601921	0.8756277	-0.5560346	-2.5444643	0.8972752	-0.7232377	-2.1417459	1.0528012	-0.3966555	-2.1858590	1.0294606	-0.4825273	-1.9933262	1.0924644	-0.5772789	-1.9607452	1.0326564	-0.5544838	-2.5012165	1.3824965	-0.9551593	-2.5000953	1.3762323	-0.9454725	-2.6482597	1.2801102	-1.0534048	-2.6688713	1.3134695	-1.0574514	-2.5346573	0.2162419	-0.7443180	
154	0.6375000	-2.4371434	0.9253832	-0.4836794	-2.4105964	0.9636966	-0.7605977	-2.5997481	1.0137066	-0.5809883	-2.5898601	1.0284235	-0.6885437	-2.6705013	0.4994458	-0.4309516	-2.6402043	0.4812591	-0.5329653	-2.9900299	0.2365573	-0.4728195	-2.9559786	0.2143950	-0.5471749	-2.9619294	0.1303624	-0.5081242	-2.9906858	0.1517496	-0.4599464	-3.0246397	0.2452921	-0.5293706	-2.1561364	0.7018749	-0.7655674	-2.1569673	0.6915987	-0.6498929	-2.2125647	1.3322798	-0.4734985	-2.2401524	1.3813466	-0.7628075	-2.2904469	1.4226878	-0.6047873	-2.5325053	0.7298331	-0.4473791	-2.5937858	0.6436430	-0.4219223	-2.6255045	0.7644930	-0.4400939	-2.3486653	0.9090387	-0.7799442	-2.2746699	0.8280141	-0.7963886	-2.4102138	0.8225094	-0.8247931	-2.7660713	0.4101200	-0.4318746	-2.8474269	0.3145938	-0.4279571	-2.8767370	0.3726923	-0.4411953	-2.5425953	0.8759847	-0.5548355	-2.5266382	0.8993709	-0.7213860	-2.1171207	1.0592109	-0.3979662	-2.1598776	1.0347448	-0.4846040	-1.9711317	1.1116625	-0.5775891	-1.9353344	1.0535188	-0.5565026	-2.4848734	1.3911885	-0.9519218	-2.4816460	1.3849317	-0.9438611	-2.6356040	1.2929730	-1.0518837	-2.6548566	1.3252436	-1.0544354	-2.4981565	0.2111131	-0.7413431	
155	0.6416667	-2.4197465	0.9257554	-0.4832620	-2.3924471	0.9656360	-0.7589785	-2.5802188	1.0153209	-0.5795687	-2.5700050	1.0307123	-0.6867268	-2.6645895	0.5014431	-0.4329763	-2.6348028	0.4837953	-0.5342915	-2.9840595	0.2358682	-0.4701540	-2.9504679	0.2141926	-0.5433895	-2.9598165	0.1301331	-0.5067325	-2.9871996	0.1506572	-0.4590176	-3.0173397	0.2448699	-0.5247523	-2.1385755	0.7072266	-0.7638746	-2.1388547	0.6974223	-0.6494277	-2.1930246	1.3355269	-0.4758289	-2.2221163	1.3838190	-0.7644645	-2.2720246	1.4251930	-0.6062248	-2.5203013	0.7291674	-0.4476379	-2.5839259	0.6439433	-0.4230328	-2.6110242	0.7658963	-0.4406841	-2.3332560	0.9120101	-0.7784670	-2.2584012	0.8318680	-0.7945396	-2.3921251	0.8252749	-0.8219304	-2.7601977	0.4121420	-0.4330442	-2.8414767	0.3161243	-0.4277781	-2.8705320	0.3728645	-0.4409574	-2.5248317	0.8769908	-0.5537438	-2.5084276	0.9013347	-0.7196058	-2.0938096	1.0653520	-0.3989152	-2.1354225	1.0399770	-0.4861345	-1.9499187	1.1292908	-0.5773682	-1.9112974	1.0728115	-0.5577284	-2.4689334	1.3987135	-0.9489023	-2.4641946	1.3921859	-0.9417079	-2.6235162	1.3029847	-1.0501990	-2.6416767	1.3345142	-1.0513175	-2.4619382	0.2059385	-0.7383906	
156	0.6458333	-2.4024079	0.9269413	-0.4830296	-2.3744242	0.9679884	-0.7575129	-2.5609147	1.0175315	-0.5782574	-2.5504178	1.0334323	-0.6849810	-2.6579645	0.5050616	-0.4341837	-2.6285187	0.4878881	-0.5346697	-2.9770505	0.2359488	-0.4670827	-2.9438090	0.2146987	-0.5392522	-2.9567745	0.1298987	-0.5053122	-2.9827576	0.1498154	-0.4578569	-3.0088400	0.2453905	-0.5197076	-2.1211719	0.7143306	-0.7619271	-2.1205487	0.7048358	-0.6484067	-2.1743623	1.3389239	-0.4785576	-2.2033888	1.3860908	-0.7664135	-2.2533027	1.4275893	-0.6085510	-2.5076589	0.7293707	-0.4472963	-2.5735632	0.6454206	-0.4234589	-2.5962612	0.7684737	-0.4410404	-2.3179872	0.9157076	-0.7772771	-2.2423435	0.8368782	-0.7928185	-2.3741206	0.8291426	-0.8189386	-2.7536605	0.4155734	-0.4334862	-2.8348178	0.3187264	-0.4269223	-2.8634880	0.3742817	-0.4402574	-2.5067333	0.8787313	-0.5525176	-2.4899079	0.9038026	-0.7176704	-2.0714601	1.0717596	-0.3996419	-2.1119828	1.0453594	-0.4869747	-1.9291379	1.1454289	-0.5768751	-1.8883710	1.0906131	-0.5581532	-2.4532825	1.4051750	-0.9460538	-2.4475210	1.3981519	-0.9393735	-2.6120578	1.3121925	-1.0483026	-2.6293153	1.3432162	-1.0481659	-2.4260981	0.2007459	-0.7354849	
157	0.6500000	-2.3852115	0.9278010	-0.4827533	-2.3562949	0.9700752	-0.7560048	-2.5412571	1.0194061	-0.5769656	-2.5303845	1.0358344	-0.6832348	-2.6507511	0.5080181	-0.4355090	-2.6218773	0.4913437	-0.5354290	-2.9696745	0.2367951	-0.4637290	-2.9370494	0.2160242	-0.5350205	-2.9536584	0.1306177	-0.5035252	-2.9781712	0.1500204	-0.4562594	-3.0001008	0.2468066	-0.5144547	-2.1039877	0.7192920	-0.7602581	-2.1023036	0.7099679	-0.6481743	-2.1558147	1.3415926	-0.4812789	-2.1845736	1.3880629	-0.7691219	-2.2346757	1.4293966	-0.6112107	-2.4945781	0.7290547	-0.4471061	-2.5626519	0.6463386	-0.4239584	-2.5810957	0.7705356	-0.4411410	-2.3026400	0.9183559	-0.7758541	-2.2263743	0.8404607	-0.7909538	-2.3562063	0.8322069	-0.8156896	-2.7465600	0.4187386	-0.4339846	-2.8277139	0.3215292	-0.4260798	-2.8558933	0.3757702	-0.4393495	-2.4885604	0.8800745	-0.5512785	-2.4711759	0.9058969	-0.7157099	-2.0503117	1.0778726	-0.3998678	-2.0898470	1.0503658	-0.4870260	-1.9091866	1.1599435	-0.5761491	-1.8666270	1.1066915	-0.5581115	-2.4381426	1.4104102	-0.9434707	-2.4319124	1.4026240	-0.9367385	-2.6010322	1.3194493	-1.0463513	-2.6176646	1.3502158	-1.0450632	-2.3907413	0.1955540	-0.7326531	
158	0.6541667	-2.3683062	0.9292840	-0.4822701	-2.3380452	0.9728386	-0.7543408	-2.5219657	1.0218327	-0.5759709	-2.5105461	1.0388136	-0.6817929	-2.6430631	0.5122695	-0.4367310	-2.6147602	0.4960437	-0.5359631	-2.9614213	0.2389930	-0.4604638	-2.9295263	0.2187530	-0.5308498	-2.9491418	0.1336427	-0.5013574	-2.9723114	0.1522051	-0.4545360	-2.9906790	0.2489743	-0.5094860	-2.0861881	0.7249754	-0.7584299	-2.0837201	0.7157836	-0.6481910	-2.1373457	1.3443361	-0.4835513	-2.1647879	1.3897142	-0.7723665	-2.2156358	1.4312335	-0.6142970	-2.4815459	0.7297441	-0.4468512	-2.5515942	0.6483869	-0.4243978	-2.5657515	0.7735925	-0.4412558	-2.2871832	0.9217721	-0.7736963	-2.2100309	0.8447835	-0.7885209	-2.3376761	0.8360732	-0.8121095	-2.7387973	0.4232189	-0.4344143	-2.8198278	0.3257493	-0.4252432	-2.8474901	0.3785235	-0.4385017	-2.4704478	0.8821952	-0.5499662	-2.4522531	0.9088055	-0.7137120	-2.0301168	1.0843383	-0.3997543	-2.0685364	1.0556413	-0.4864092	-1.8903390	1.1745310	-0.5750416	-1.8461300	1.1229267	-0.5576098	-2.4234018	1.4147117	-0.9413979	-2.4171437	1.4059291	-0.9341325	-2.5904690	1.3253501	-1.0442651	-2.6066088	1.3561367	-1.0419967	-2.3559813	0.1903715	-0.7299247	
159	0.6583333	-2.3515109	0.9286675	-0.4815599	-2.3199812	0.9726131	-0.7527767	-2.5022441	1.0220713	-0.5755213	-2.4903216	1.0392844	-0.6810926	-2.6343457	0.5152440	-0.4383314	-2.6072793	0.4995604	-0.5367547	-2.9516403	0.2386012	-0.4573032	-2.9210046	0.2190078	-0.5265213	-2.9442503	0.1329894	-0.4987824	-2.9655860	0.1509635	-0.4527065	-2.9797771	0.2493396	-0.5045584	-2.0707601	0.7243363	-0.7569590	-2.0678627	0.7152013	-0.6485925	-2.1196908	1.3455904	-0.4854655	-2.1457671	1.3894536	-0.7755043	-2.1977314	1.4315669	-0.6174219	-2.4680901	0.7292774	-0.4474945	-2.5397709	0.6491970	-0.4255562	-2.5496421	0.7744040	-0.4414807	-2.2717948	0.9205730	-0.7719089	-2.1946432	0.8438510	-0.7864565	-2.3199854	0.8360378	-0.8089114	-2.7297272	0.4259974	-0.4350751	-2.8105231	0.3279252	-0.4247041	-2.8375922	0.3791449	-0.4376653	-2.4525214	0.8819904	-0.5486892	-2.4335632	0.9088258	-0.7119628	-2.0109501	1.0894337	-0.3992994	-2.0480344	1.0591839	-0.4851374	-1.8727939	1.1870191	-0.5739350	-1.8271972	1.1371863	-0.5567985	-2.4099475	1.4142512	-0.9394683	-2.4033774	1.4040255	-0.9322430	-2.5803879	1.3282472	-1.0426857	-2.5962098	1.3586425	-1.0395117	-2.3219387	0.1851960	-0.7273318	
160	0.6625000	-2.3348939	0.9305948	-0.4804670	-2.3021106	0.9745246	-0.7512739	-2.4831249	1.0248787	-0.5748214	-2.4707225	1.0421562	-0.6802908	-2.6243300	0.5202739	-0.4398073	-2.5986308	0.5052730	-0.5375622	-2.9407650	0.2416163	-0.4541278	-2.9115517	0.2227375	-0.5225452	-2.9380347	0.1352540	-0.4965021	-2.9575668	0.1529339	-0.4508113	-2.9680054	0.2536875	-0.4996604	-2.0560553	0.7245600	-0.7554747	-2.0530188	0.7154682	-0.6487654	-2.1028742	1.3490915	-0.4872397	-2.1266070	1.3906808	-0.7786471	-2.1799469	1.4339586	-0.6208555	-2.4539538	0.7311951	-0.4479740	-2.5270237	0.6522406	-0.4265126	-2.5331889	0.7774981	-0.4412214	-2.2561359	0.9209973	-0.7700280	-2.1793298	0.8442385	-0.7843937	-2.3025794	0.8378750	-0.8058105	-2.7194591	0.4310552	-0.4356608	-2.8001054	0.3326317	-0.4242417	-2.8264511	0.3826914	-0.4365738	-2.4347975	0.8843361	-0.5470349	-2.4150760	0.9111648	-0.7100964	-1.9931886	1.0962707	-0.3982342	-2.0293008	1.0645995	-0.4830006	-1.8565419	1.1988017	-0.5729090	-1.8099516	1.1505403	-0.5558107	-2.3968448	1.4141603	-0.9380626	-2.3901226	1.4021374	-0.9305832	-2.5701581	1.3301710	-1.0411513	-2.5860300	1.3603752	-1.0370485	-2.2887399	0.1800134	-0.7249088	
161	0.6666667	-2.3185173	0.9314084	-0.4791948	-2.2844698	0.9751471	-0.7500062	-2.4646746	1.0265135	-0.5739835	-2.4518000	1.0437558	-0.6794588	-2.6139203	0.5237435	-0.4415966	-2.5895796	0.5094804	-0.5386345	-2.9292434	0.2443531	-0.4510702	-2.9015018	0.2262062	-0.5188371	-2.9307691	0.1365618	-0.4941580	-2.9487268	0.1542249	-0.4487824	-2.9556484	0.2581985	-0.4950019	-2.0400039	0.7249133	-0.7543622	-2.0370655	0.7157639	-0.6489240	-2.0867387	1.3513177	-0.4894844	-2.1077749	1.3906049	-0.7821488	-2.1627237	1.4351312	-0.6247252	-2.4398272	0.7316893	-0.4486463	-2.5141064	0.6538013	-0.4276895	-2.5168717	0.7793141	-0.4409380	-2.2398400	0.9211400	-0.7681376	-2.1630682	0.8445065	-0.7825669	-2.2848445	0.8389559	-0.8033141	-2.7087574	0.4348441	-0.4365397	-2.7892881	0.3363695	-0.4240815	-2.8147304	0.3854239	-0.4355879	-2.4174561	0.8855680	-0.5452433	-2.3969636	0.9122795	-0.7083219	-1.9766004	1.1016066	-0.3966518	-2.0120610	1.0683513	-0.4801665	-1.8414551	1.2075220	-0.5723669	-1.7941832	1.1604636	-0.5551812	-2.3840226	1.4126496	-0.9368023	-2.3773217	1.3985527	-0.9292092	-2.5592578	1.3308766	-1.0397070	-2.5755738	1.3607732	-1.0347215	-2.2565148	0.1747982	-0.7226924	
162	0.6708333	-2.3023904	0.9326458	-0.4776341	-2.2666111	0.9749440	-0.7487014	-2.4467617	1.0283701	-0.5732537	-2.4332051	1.0450107	-0.6788204	-2.6033292	0.5281525	-0.4436369	-2.5797415	0.5142637	-0.5393190	-2.9164097	0.2463738	-0.4489946	-2.8895581	0.2286064	-0.5154728	-2.9218255	0.1371772	-0.4913789	-2.9384901	0.1552087	-0.4471293	-2.9415273	0.2613746	-0.4917042	-2.0235551	0.7257435	-0.7533961	-2.0207383	0.7164526	-0.6485947	-2.0710349	1.3539439	-0.4915081	-2.0889887	1.3898257	-0.7855883	-2.1459082	1.4361282	-0.6286232	-2.4266109	0.7332385	-0.4491507	-2.5017397	0.6563894	-0.4289792	-2.5012253	0.7818559	-0.4412767	-2.2229235	0.9214869	-0.7665458	-2.1462632	0.8450926	-0.7810942	-2.2672157	0.8399053	-0.8014116	-2.6976516	0.4391052	-0.4378133	-2.7778640	0.3400750	-0.4243256	-2.8024169	0.3882511	-0.4356175	-2.4006350	0.8871751	-0.5433688	-2.3790917	0.9129957	-0.7066133	-1.9612905	1.1067746	-0.3944330	-1.9963660	1.0719700	-0.4766044	-1.8281900	1.2146787	-0.5719916	-1.7801527	1.1686164	-0.5547887	-2.3717005	1.4094585	-0.9361793	-2.3650239	1.3931678	-0.9282160	-2.5474845	1.3285054	-1.0384104	-2.5646695	1.3580486	-1.0327381	-2.2253958	0.1695139	-0.7207209	
163	0.6750000	-2.2867380	0.9332734	-0.4760717	-2.2489370	0.9741867	-0.7474634	-2.4291648	1.0292349	-0.5729172	-2.4148245	1.0453293	-0.6785967	-2.5930370	0.5325401	-0.4452900	-2.5699571	0.5190805	-0.5394526	-2.9042937	0.2491247	-0.4479264	-2.8781152	0.2317670	-0.5130439	-2.9137883	0.1393981	-0.4894963	-2.9292898	0.1574353	-0.4465105	-2.9278073	0.2648866	-0.4895863	-2.0061535	0.7266581	-0.7522350	-2.0038236	0.7172277	-0.6477005	-2.0561280	1.3561445	-0.4936970	-2.0703310	1.3891151	-0.7890700	-2.1293280	1.4366156	-0.6327418	-2.4136832	0.7342311	-0.4494756	-2.4897047	0.6586366	-0.4300614	-2.4860532	0.7838054	-0.4416526	-2.2053791	0.9212843	-0.7647886	-2.1286480	0.8453748	-0.7795283	-2.2491238	0.8403904	-0.7997662	-2.6870520	0.4434640	-0.4390472	-2.7671416	0.3440525	-0.4249288	-2.7906237	0.3915109	-0.4361500	-2.3840752	0.8879595	-0.5414871	-2.3613105	0.9129333	-0.7049354	-1.9470435	1.1107304	-0.3918338	-1.9821012	1.0743787	-0.4725146	-1.8165846	1.2194135	-0.5719385	-1.7680089	1.1740776	-0.5547319	-2.3596635	1.4049740	-0.9356321	-2.3529413	1.3862659	-0.9276522	-2.5344461	1.3250552	-1.0373318	-2.5528640	1.3539074	-1.0311110	-2.1955144	0.1641154	-0.7190333	
164	0.6791667	-2.2712846	0.9346743	-0.4741320	-2.2311109	0.9743402	-0.7461453	-2.4120188	1.0307572	-0.5724907	-2.3967547	1.0463541	-0.6783937	-2.5818789	0.5364858	-0.4470856	-2.5591292	0.5234369	-0.5398871	-2.8915805	0.2522808	-0.4476873	-2.8659160	0.2353002	-0.5116004	-2.9047938	0.1417707	-0.4884891	-2.9193050	0.1600363	-0.4466548	-2.9135041	0.2689756	-0.4884782	-1.9882501	0.7281279	-0.7514009	-1.9867857	0.7185398	-0.6468885	-2.0410440	1.3590608	-0.4952980	-2.0518445	1.3886565	-0.7924127	-2.1127294	1.4375389	-0.6363654	-2.4004745	0.7357209	-0.4497289	-2.4771855	0.6610204	-0.4311395	-2.4709398	0.7860408	-0.4419768	-2.1872355	0.9219899	-0.7628457	-2.1103934	0.8464314	-0.7780332	-2.2306849	0.8415727	-0.7986448	-2.6756473	0.4475012	-0.4405906	-2.7556938	0.3479523	-0.4260345	-2.7781651	0.3947929	-0.4371703	-2.3677840	0.8894626	-0.5395952	-2.3435912	0.9136717	-0.7034209	-1.9343151	1.1147569	-0.3887357	-1.9699379	1.0773666	-0.4677000	-1.8070785	1.2232372	-0.5718813	-1.7575625	1.1782148	-0.5553293	-2.3475628	1.4015908	-0.9364779	-2.3415807	1.3808943	-0.9264323	-2.5200976	1.3160101	-1.0358967	-2.5404856	1.3449938	-1.0293805	-2.1669996	0.1585513	-0.7176683	
165	0.6833333	-2.2561771	0.9344617	-0.4721378	-2.2134862	0.9744479	-0.7451880	-2.3957391	1.0310139	-0.5720037	-2.3795160	1.0467732	-0.6782402	-2.5712406	0.5395392	-0.4481039	-2.5486279	0.5270935	-0.5400265	-2.8803413	0.2568719	-0.4475772	-2.8551346	0.2404224	-0.5110909	-2.8967449	0.1452538	-0.4885147	-2.9106115	0.1635914	-0.4471696	-2.9006939	0.2750014	-0.4876490	-1.9682821	0.7348645	-0.7497116	-1.9683558	0.7251126	-0.6456218	-2.0258323	1.3610821	-0.4970152	-2.0331877	1.3880311	-0.7960324	-2.0957310	1.4378390	-0.6400690	-2.3871754	0.7355190	-0.4494506	-2.4648430	0.6620352	-0.4314993	-2.4562992	0.7870823	-0.4416497	-2.1694228	0.9248247	-0.7597694	-2.0913517	0.8508340	-0.7754760	-2.2108520	0.8442865	-0.7971673	-2.6650265	0.4512056	-0.4416847	-2.7452442	0.3520999	-0.4270700	-2.7667150	0.3985369	-0.4377189	-2.3516455	0.8896325	-0.5376496	-2.3259416	0.9140586	-0.7020860	-1.9226655	1.1173668	-0.3856243	-1.9592093	1.0789715	-0.4626117	-1.7994464	1.2246354	-0.5722586	-1.7493342	1.1796325	-0.5561499	-2.3364205	1.3942657	-0.9374452	-2.3308137	1.3717430	-0.9256902	-2.5046495	1.3035597	-1.0342748	-2.5273086	1.3318827	-1.0281796	-2.1399739	0.1527681	-0.7166629	
166	0.6875000	-2.2407769	0.9345254	-0.4696952	-2.1954875	0.9737918	-0.7441546	-2.3790593	1.0311418	-0.5715394	-2.3618171	1.0466065	-0.6783300	-2.5588920	0.5409326	-0.4499402	-2.5365177	0.5288374	-0.5412864	-2.8684547	0.2600516	-0.4486581	-2.8436084	0.2438635	-0.5115145	-2.8884671	0.1472541	-0.4886512	-2.9015434	0.1662541	-0.4482657	-2.8872650	0.2796281	-0.4883853	-1.9508656	0.7362125	-0.7487198	-1.9525463	0.7261807	-0.6448800	-2.0099119	1.3636818	-0.4975088	-2.0161118	1.3869158	-0.7990171	-2.0795623	1.4383099	-0.6424959	-2.3734895	0.7357728	-0.4495471	-2.4515791	0.6626834	-0.4323852	-2.4412054	0.7873305	-0.4415303	-2.1514852	0.9249631	-0.7571471	-2.0732348	0.8515171	-0.7734777	-2.1921819	0.8447159	-0.7964739	-2.6529159	0.4531592	-0.4436184	-2.7336463	0.3546297	-0.4289768	-2.7542562	0.4007940	-0.4392153	-2.3358036	0.8896504	-0.5358749	-2.3085487	0.9136259	-0.7011583	-1.9121048	1.1192436	-0.3819732	-1.9500186	1.0800297	-0.4569922	-1.7932762	1.2242076	-0.5726141	-1.7428381	1.1788549	-0.5570334	-2.3256043	1.3865850	-0.9385565	-2.3205185	1.3621998	-0.9248267	-2.4878697	1.2895852	-1.0326492	-2.5131784	1.3169141	-1.0271368	-2.1145500	0.1467147	-0.7160505	
167	0.6916667	-2.2252596	0.9345504	-0.4676044	-2.1784652	0.9747645	-0.7435890	-2.3632118	1.0314276	-0.5707142	-2.3453994	1.0473150	-0.6780861	-2.5460154	0.5407314	-0.4507443	-2.5236356	0.5293176	-0.5423181	-2.8575877	0.2638632	-0.4503988	-2.8329127	0.2481778	-0.5136576	-2.8806540	0.1497926	-0.4911442	-2.8932563	0.1692161	-0.4505852	-2.8749607	0.2853586	-0.4898376	-1.9332201	0.7407906	-0.7471480	-1.9364186	0.7305632	-0.6438422	-1.9944450	1.3667036	-0.4984834	-1.9993536	1.3867902	-0.8019856	-2.0632221	1.4394038	-0.6452736	-2.3586470	0.7346978	-0.4486187	-2.4374948	0.6619022	-0.4321158	-2.4260346	0.7870622	-0.4404739	-2.1345931	0.9268902	-0.7541129	-2.0556573	0.8545204	-0.7709739	-2.1735060	0.8469697	-0.7952455	-2.6408556	0.4539820	-0.4449972	-2.7224653	0.3565062	-0.4309316	-2.7421866	0.4028244	-0.4403405	-2.3195599	0.8897765	-0.5340107	-2.2914063	0.9143495	-0.7002063	-1.9027905	1.1211430	-0.3781380	-1.9424043	1.0814620	-0.4510873	-1.7883897	1.2227915	-0.5728886	-1.7377568	1.1767696	-0.5578409	-2.3151414	1.3783271	-0.9403264	-2.3108353	1.3524712	-0.9237580	-2.4700529	1.2726294	-1.0302437	-2.4983541	1.2989351	-1.0257259	-2.0908273	0.1403474	-0.7158593	
168	0.6958333	-2.2097274	0.9358154	-0.4652990	-2.1611475	0.9764786	-0.7431404	-2.3469854	1.0328783	-0.5694339	-2.3284489	1.0489301	-0.6775374	-2.5329409	0.5406941	-0.4519275	-2.5104415	0.5296863	-0.5443840	-2.8480825	0.2701990	-0.4527700	-2.8233481	0.2547507	-0.5165707	-2.8731725	0.1566579	-0.4933780	-2.8856438	0.1766523	-0.4527913	-2.8645670	0.2927527	-0.4924877	-1.9171821	0.7411113	-0.7461299	-1.9216481	0.7305317	-0.6439964	-1.9780754	1.3704854	-0.4992916	-1.9834968	1.3870965	-0.8052375	-2.0470830	1.4410219	-0.6476418	-2.3438407	0.7346525	-0.4476011	-2.4233698	0.6618631	-0.4318394	-2.4110629	0.7876327	-0.4391228	-2.1176851	0.9275707	-0.7509493	-2.0387532	0.8551439	-0.7684527	-2.1557063	0.8483983	-0.7939695	-2.6290329	0.4556332	-0.4468182	-2.7119433	0.3600212	-0.4332982	-2.7309760	0.4064030	-0.4419367	-2.3034974	0.8909418	-0.5322192	-2.2742875	0.9157852	-0.6995215	-1.8943796	1.1230537	-0.3741981	-1.9360814	1.0832020	-0.4449709	-1.7839249	1.2204122	-0.5730816	-1.7336363	1.1732793	-0.5584155	-2.3044804	1.3711239	-0.9421486	-2.3013273	1.3441947	-0.9222394	-2.4511370	1.2558770	-1.0270202	-2.4825112	1.2810490	-1.0238341	-2.0688884	0.1336352	-0.7161102	
169	0.7000000	-2.1934908	0.9369614	-0.4630435	-2.1444752	0.9784008	-0.7429882	-2.3309652	1.0342509	-0.5680062	-2.3122388	1.0506322	-0.6769927	-2.5184387	0.5399104	-0.4523417	-2.4958541	0.5292473	-0.5463299	-2.8385422	0.2755412	-0.4558457	-2.8137392	0.2602589	-0.5207400	-2.8655829	0.1605988	-0.4970726	-2.8778177	0.1816025	-0.4559351	-2.8544749	0.3001875	-0.4960445	-1.9025838	0.7399094	-0.7450888	-1.9083210	0.7290553	-0.6436571	-1.9614694	1.3742157	-0.4994108	-1.9686548	1.3869984	-0.8078186	-2.0313562	1.4426573	-0.6493408	-2.3275581	0.7345656	-0.4461035	-2.4078496	0.6615169	-0.4308697	-2.3955615	0.7879609	-0.4370894	-2.1013635	0.9274194	-0.7484656	-2.0228059	0.8546318	-0.7664410	-2.1387325	0.8494181	-0.7931205	-2.6161357	0.4562776	-0.4480717	-2.7006510	0.3623524	-0.4355586	-2.7191893	0.4092221	-0.4432720	-2.2871247	0.8921215	-0.5304932	-2.2576591	0.9174288	-0.6990738	-1.8869871	1.1243520	-0.3701058	-1.9309167	1.0845113	-0.4389738	-1.7796964	1.2160319	-0.5730795	-1.7301787	1.1674993	-0.5582768	-2.2939235	1.3622076	-0.9439361	-2.2917900	1.3345162	-0.9207976	-2.4314345	1.2385827	-1.0231062	-2.4657061	1.2621909	-1.0215535	-2.0487957	0.1265636	-0.7168153	
170	0.7041667	-2.1770666	0.9362545	-0.4611831	-2.1284448	0.9798959	-0.7432275	-2.3152352	1.0344062	-0.5657326	-2.2966449	1.0516801	-0.6755621	-2.5033908	0.5367762	-0.4523625	-2.4807832	0.5267876	-0.5487655	-2.8295388	0.2805885	-0.4589681	-2.8047155	0.2657094	-0.5259812	-2.8569506	0.1638776	-0.5022565	-2.8693615	0.1857948	-0.4594089	-2.8457302	0.3079113	-0.4996850	-1.8884219	0.7393436	-0.7439097	-1.8952687	0.7280123	-0.6436325	-1.9449130	1.3760724	-0.5004008	-1.9543632	1.3862538	-0.8100930	-2.0155491	1.4430689	-0.6509834	-2.3101515	0.7319730	-0.4444385	-2.3914389	0.6587043	-0.4294527	-2.3798766	0.7864281	-0.4342031	-2.0858698	0.9272630	-0.7458040	-2.0075603	0.8544107	-0.7641849	-2.1221832	0.8504551	-0.7918803	-2.6030323	0.4550496	-0.4490814	-2.6893002	0.3632602	-0.4378375	-2.7075657	0.4109107	-0.4440745	-2.2705543	0.8918263	-0.5288634	-2.2413317	0.9184773	-0.6987050	-1.8806358	1.1247017	-0.3658298	-1.9270301	1.0850984	-0.4329194	-1.7752933	1.2088759	-0.5728574	-1.7269569	1.1585830	-0.5575121	-2.2832783	1.3518403	-0.9457554	-2.2822445	1.3238213	-0.9190702	-2.4108952	1.2195025	-1.0186141	-2.4480677	1.2414394	-1.0187829	-2.0305890	0.1191384	-0.7179762	
171	0.7083333	-2.1601992	0.9367760	-0.4590397	-2.1119971	0.9813685	-0.7433602	-2.2992495	1.0352420	-0.5633923	-2.2807462	1.0528275	-0.6741886	-2.4870320	0.5330874	-0.4530352	-2.4641425	0.5232277	-0.5519861	-2.8196697	0.2850542	-0.4631042	-2.7944411	0.2700330	-0.5317461	-2.8464025	0.1684579	-0.5071686	-2.8591877	0.1913235	-0.4632274	-2.8365722	0.3136128	-0.5048315	-1.8765560	0.7314275	-0.7436926	-1.8843748	0.7196790	-0.6441528	-1.9280815	1.3787936	-0.5004320	-1.9416716	1.3857714	-0.8122248	-2.0010565	1.4442616	-0.6518012	-2.2925914	0.7304887	-0.4428346	-2.3744545	0.6563892	-0.4283272	-2.3641287	0.7854030	-0.4316480	-2.0698624	0.9242519	-0.7439489	-1.9929631	0.8495764	-0.7628337	-2.1069585	0.8488991	-0.7915186	-2.5887336	0.4532564	-0.4507517	-2.6769151	0.3636494	-0.4406199	-2.6951316	0.4121694	-0.4459114	-2.2542164	0.8923232	-0.5274260	-2.2252619	0.9195153	-0.6986455	-1.8751346	1.1255840	-0.3613180	-1.9243102	1.0865116	-0.4267090	-1.7704187	1.1999632	-0.5723385	-1.7237215	1.1476348	-0.5559004	-2.2718653	1.3430593	-0.9478900	-2.2724903	1.3153711	-0.9168354	-2.3895660	1.2006589	-1.0130576	-2.4296001	1.2213057	-1.0151629	-2.0142835	0.1113872	-0.7195831	
172	0.7125000	-2.1431338	0.9387371	-0.4573519	-2.0964652	0.9851706	-0.7436729	-2.2837165	1.0376323	-0.5608172	-2.2657378	1.0559286	-0.6724659	-2.4694823	0.5305052	-0.4522292	-2.4463510	0.5210432	-0.5541179	-2.8098331	0.2924508	-0.4672990	-2.7842300	0.2775043	-0.5382190	-2.8351538	0.1760925	-0.5136541	-2.8484591	0.1995133	-0.4677300	-2.8278217	0.3224800	-0.5099571	-1.8638478	0.7259716	-0.7431496	-1.8723073	0.7137987	-0.6440372	-1.9120479	1.3822798	-0.5013635	-1.9291113	1.3870677	-0.8137524	-1.9864851	1.4467086	-0.6528795	-2.2735900	0.7297481	-0.4404405	-2.3561837	0.6549397	-0.4260633	-2.3478587	0.7858150	-0.4282626	-2.0539844	0.9234101	-0.7422497	-1.9782154	0.8470052	-0.7615321	-2.0918645	0.8496411	-0.7909636	-2.5737706	0.4529519	-0.4512477	-2.6641638	0.3659151	-0.4427887	-2.6821620	0.4156703	-0.4469311	-2.2374563	0.8944467	-0.5259648	-2.2094234	0.9227434	-0.6984089	-1.8704202	1.1278338	-0.3567737	-1.9224134	1.0896394	-0.4206632	-1.7652113	1.1906652	-0.5713854	-1.7204605	1.1361356	-0.5533220	-2.2596694	1.3354550	-0.9505248	-2.2623229	1.3088526	-0.9139938	-2.3673153	1.1812110	-1.0062264	-2.4100953	1.2008610	-1.0106410	-1.9998686	0.1033591	-0.7216147	
173	0.7166667	-2.1259707	0.9401350	-0.4555416	-2.0807301	0.9884061	-0.7438774	-2.2682700	1.0393790	-0.5577971	-2.2507860	1.0583501	-0.6702958	-2.4505963	0.5259905	-0.4521030	-2.4272864	0.5169231	-0.5571965	-2.7985200	0.2977340	-0.4716925	-2.7725961	0.2828256	-0.5450698	-2.8211913	0.1800422	-0.5202625	-2.8351733	0.2045112	-0.4721144	-2.8183621	0.3299235	-0.5154757	-1.8518904	0.7175931	-0.7431506	-1.8611269	0.7050487	-0.6442472	-1.8954577	1.3841642	-0.5017207	-1.9168652	1.3868606	-0.8149878	-1.9721129	1.4478418	-0.6530611	-2.2538486	0.7281644	-0.4386063	-2.3369166	0.6522116	-0.4243443	-2.3313903	0.7851151	-0.4249290	-2.0378297	0.9213574	-0.7409011	-1.9636048	0.8425528	-0.7606929	-2.0772151	0.8489360	-0.7909874	-2.5572706	0.4505918	-0.4522231	-2.6497759	0.3660548	-0.4452591	-2.6678801	0.4170922	-0.4482335	-2.2210042	0.8960038	-0.5246855	-2.1938360	0.9253814	-0.6983495	-1.8664245	1.1291314	-0.3525328	-1.9213513	1.0920652	-0.4152121	-1.7597307	1.1783014	-0.5702403	-1.7176748	1.1215175	-0.5497975	-2.2466958	1.3260471	-0.9530526	-2.2514654	1.3010606	-0.9109962	-2.3443821	1.1604508	-0.9985866	-2.3895516	1.1790104	-1.0055110	-1.9873083	0.0951232	-0.7240377	
174	0.7208333	-2.1087536	0.9416873	-0.4536735	-2.0650113	0.9910874	-0.7441949	-2.2531991	1.0412207	-0.5547772	-2.2362253	1.0605750	-0.6682045	-2.4298095	0.5219772	-0.4512408	-2.4062417	0.5131847	-0.5594359	-2.7854309	0.3032077	-0.4756594	-2.7590938	0.2881718	-0.5514773	-2.8054408	0.1828908	-0.5267271	-2.8199548	0.2087572	-0.4762095	-2.8070135	0.3379950	-0.5206142	-1.8408878	0.7079093	-0.7433158	-1.8507559	0.6949903	-0.6441823	-1.8792016	1.3857443	-0.5018192	-1.9048901	1.3861133	-0.8158001	-1.9580729	1.4487246	-0.6528723	-2.2333207	0.7272518	-0.4364537	-2.3164563	0.6500691	-0.4221494	-2.3145389	0.7846728	-0.4214291	-2.0217695	0.9185695	-0.7402101	-1.9494717	0.8371355	-0.7604014	-2.0632676	0.8475680	-0.7913727	-2.5389889	0.4485034	-0.4524196	-2.6336868	0.3662234	-0.4469757	-2.6517781	0.4190149	-0.4490046	-2.2047604	0.8976811	-0.5234061	-2.1784921	0.9277139	-0.6984049	-1.8630278	1.1300690	-0.3484243	-1.9206100	1.0942578	-0.4104611	-1.7541016	1.1649354	-0.5683641	-1.7150818	1.1061769	-0.5450954	-2.2329111	1.3160408	-0.9551539	-2.2397728	1.2928659	-0.9079570	-2.3206773	1.1402671	-0.9905823	-2.3678620	1.1575216	-0.9999810	-1.9765413	0.0867652	-0.7268082	
175	0.7250000	-2.0918792	0.9443191	-0.4521236	-2.0493685	0.9939583	-0.7440816	-2.2382133	1.0433594	-0.5523170	-2.2216474	1.0627225	-0.6663768	-2.4077047	0.5181422	-0.4501422	-2.3838475	0.5096442	-0.5609368	-2.7711654	0.3094769	-0.4802187	-2.7443997	0.2943189	-0.5579854	-2.7880981	0.1893419	-0.5331733	-2.8032398	0.2157511	-0.4807024	-2.7947644	0.3455077	-0.5263748	-1.8300955	0.6964111	-0.7433763	-1.8406586	0.6832928	-0.6436884	-1.8636052	1.3874759	-0.5021440	-1.8928233	1.3855450	-0.8162417	-1.9442732	1.4498850	-0.6527683	-2.2125923	0.7272132	-0.4345295	-2.2953542	0.6484993	-0.4201023	-2.2973728	0.7846416	-0.4183883	-2.0051244	0.9149858	-0.7397154	-1.9351005	0.8305090	-0.7602293	-2.0495315	0.8456210	-0.7917979	-2.5194718	0.4466617	-0.4525918	-2.6165921	0.3667814	-0.4489207	-2.6343714	0.4214472	-0.4501992	-2.1887074	0.9001004	-0.5223795	-2.1631913	0.9302377	-0.6982537	-1.8602530	1.1314475	-0.3446333	-1.9202077	1.0971455	-0.4064934	-1.7486725	1.1506202	-0.5658592	-1.7131485	1.0902075	-0.5391996	-2.2180772	1.3050116	-0.9568371	-2.2269339	1.2838996	-0.9047917	-2.2962209	1.1196795	-0.9819119	-2.3451167	1.1355621	-0.9937329	-1.9674830	0.0783824	-0.7298731	
176	0.7291667	-2.0755996	0.9460763	-0.4508740	-2.0340999	0.9956889	-0.7437899	-2.2234623	1.0444243	-0.5503111	-2.2071945	1.0636781	-0.6648027	-2.3831467	0.5135185	-0.4476843	-2.3592784	0.5052935	-0.5605297	-2.7566218	0.3211713	-0.4845655	-2.7297919	0.3058366	-0.5640167	-2.7713210	0.2065972	-0.5389157	-2.7869249	0.2322152	-0.4849149	-2.7821613	0.3565844	-0.5318410	-1.8189656	0.6864201	-0.7428894	-1.8303372	0.6730280	-0.6422717	-1.8479392	1.3876227	-0.5026410	-1.8796725	1.3836424	-0.8158823	-1.9294831	1.4498108	-0.6526108	-2.1911730	0.7268739	-0.4326117	-2.2728463	0.6463918	-0.4176037	-2.2792129	0.7837801	-0.4152956	-1.9882746	0.9112187	-0.7391875	-1.9204705	0.8243907	-0.7598918	-2.0356875	0.8437075	-0.7921047	-2.4984054	0.4455865	-0.4517702	-2.5989775	0.3698449	-0.4504565	-2.6152675	0.4267201	-0.4507333	-2.1728062	0.9017875	-0.5214905	-2.1479168	0.9318875	-0.6979598	-1.8579274	1.1323813	-0.3414459	-1.9196544	1.0995066	-0.4036489	-1.7437537	1.1346102	-0.5626464	-1.7122339	1.0731621	-0.5320381	-2.2026701	1.2894236	-0.9573800	-2.2125521	1.2703220	-0.9020839	-2.2713340	1.0986198	-0.9732875	-2.3213974	1.1124038	-0.9872231	-1.9600277	0.0700786	-0.7331720	
177	0.7333333	-2.0589576	0.9479302	-0.4493023	-2.0185270	0.9964926	-0.7430173	-2.2094481	1.0452037	-0.5484629	-2.1935216	1.0639335	-0.6633255	-2.3574750	0.5086555	-0.4464900	-2.3329185	0.5004588	-0.5605432	-2.7383570	0.3238944	-0.4896519	-2.7109682	0.3083375	-0.5700695	-2.7494955	0.2094609	-0.5449167	-2.7658829	0.2355400	-0.4898191	-2.7660298	0.3599523	-0.5380610	-1.8091484	0.6739456	-0.7434954	-1.8214399	0.6608141	-0.6417019	-1.8328166	1.3879697	-0.5028625	-1.8665012	1.3804013	-0.8160587	-1.9157975	1.4491850	-0.6526848	-2.1701405	0.7272809	-0.4312819	-2.2502345	0.6446572	-0.4161174	-2.2613708	0.7828816	-0.4134275	-1.9718458	0.9062699	-0.7393640	-1.9066157	0.8164547	-0.7604690	-2.0224771	0.8400723	-0.7931158	-2.4750866	0.4419248	-0.4518658	-2.5782077	0.3679711	-0.4524591	-2.5938772	0.4265117	-0.4525035	-2.1573138	0.9035254	-0.5207553	-2.1330744	0.9329398	-0.6977241	-1.8559843	1.1329549	-0.3385074	-1.9193229	1.1018649	-0.4014190	-1.7395651	1.1164801	-0.5585387	-1.7126271	1.0544553	-0.5236913	-2.1859842	1.2727198	-0.9570446	-2.1967081	1.2553829	-0.8989095	-2.2454217	1.0767813	-0.9643264	-2.2966043	1.0884935	-0.9800737	-1.9540509	0.0619584	-0.7366393	
178	0.7375000	-2.0426893	0.9496509	-0.4476190	-2.0030627	0.9978502	-0.7424008	-2.1956840	1.0461063	-0.5461538	-2.1800467	1.0646451	-0.6614483	-2.3282439	0.5040727	-0.4434484	-2.3035621	0.4963031	-0.5589967	-2.7183019	0.3300203	-0.4930054	-2.6908336	0.3144475	-0.5752030	-2.7270311	0.2150237	-0.5504472	-2.7439333	0.2415990	-0.4933037	-2.7479556	0.3677039	-0.5423636	-1.8001696	0.6636083	-0.7433598	-1.8136393	0.6503532	-0.6403637	-1.8183756	1.3881567	-0.5029900	-1.8525733	1.3779771	-0.8151076	-1.9015321	1.4486968	-0.6521239	-2.1468754	0.7279249	-0.4294751	-2.2247775	0.6431138	-0.4135239	-2.2420857	0.7816614	-0.4103901	-1.9553841	0.9020822	-0.7392570	-1.8930346	0.8099168	-0.7606184	-2.0094542	0.8378048	-0.7937985	-2.4488322	0.4391633	-0.4502195	-2.5550888	0.3676816	-0.4531089	-2.5696799	0.4284446	-0.4520850	-2.1419090	0.9051232	-0.5197820	-2.1181599	0.9343102	-0.6973986	-1.8543791	1.1333961	-0.3359509	-1.9189607	1.1043296	-0.3998213	-1.7364412	1.0987598	-0.5536383	-1.7140833	1.0366887	-0.5148081	-2.1678618	1.2562622	-0.9562254	-2.1796072	1.2407753	-0.8955734	-2.2188265	1.0553383	-0.9545585	-2.2710227	1.0651577	-0.9719783	-1.9494131	0.0541214	-0.7402076	
179	0.7416667	-2.0269407	0.9514810	-0.4457013	-1.9868676	0.9981792	-0.7413943	-2.1820753	1.0460481	-0.5443517	-2.1662528	1.0639132	-0.6599944	-2.2975708	0.4994281	-0.4408224	-2.2723732	0.4917272	-0.5576399	-2.6965586	0.3358754	-0.4963503	-2.6687423	0.3199733	-0.5801377	-2.7034006	0.2175981	-0.5554678	-2.7207779	0.2455751	-0.4964871	-2.7277430	0.3761560	-0.5468795	-1.7926126	0.6509441	-0.7436113	-1.8075428	0.6376846	-0.6395384	-1.8044867	1.3880097	-0.5032259	-1.8383053	1.3740838	-0.8147850	-1.8875201	1.4470927	-0.6519666	-2.1237518	0.7292363	-0.4276899	-2.1988863	0.6419801	-0.4111497	-2.2228123	0.7803432	-0.4078179	-1.9387487	0.8961788	-0.7390757	-1.8798491	0.8013995	-0.7608590	-1.9965493	0.8340807	-0.7946640	-2.4209746	0.4361149	-0.4487470	-2.5304820	0.3670313	-0.4536899	-2.5439240	0.4302366	-0.4519644	-2.1269468	0.9064935	-0.5189229	-2.1029416	0.9347441	-0.6970849	-1.8530144	1.1331533	-0.3337621	-1.9184495	1.1063484	-0.3988327	-1.7346681	1.0806984	-0.5480348	-1.7169782	1.0191120	-0.5054348	-2.1484836	1.2390226	-0.9548087	-2.1612799	1.2254094	-0.8920341	-2.1914590	1.0340785	-0.9441556	-2.2444017	1.0419693	-0.9631262	-1.9459634	0.0466580	-0.7438094	
180	0.7458333	-2.0114679	0.9541819	-0.4440490	-1.9706807	0.9979940	-0.7402544	-2.1683321	1.0460375	-0.5433775	-2.1522192	1.0627074	-0.6592230	-2.2657127	0.4964572	-0.4373478	-2.2400680	0.4888906	-0.5547448	-2.6745298	0.3451987	-0.4996648	-2.6463765	0.3289943	-0.5845102	-2.6800363	0.2278087	-0.5598632	-2.6979118	0.2557253	-0.4996400	-2.7070449	0.3861743	-0.5512807	-1.7856081	0.6376921	-0.7432554	-1.8021717	0.6244480	-0.6380593	-1.7908579	1.3884734	-0.5032651	-1.8231758	1.3705391	-0.8138660	-1.8730653	1.4459746	-0.6517626	-2.1006136	0.7318040	-0.4258459	-2.1724963	0.6422289	-0.4085573	-2.2028281	0.7798601	-0.4055395	-1.9215283	0.8893312	-0.7386464	-1.8665168	0.7920911	-0.7607211	-1.9836430	0.8300774	-0.7951742	-2.3923071	0.4351743	-0.4466797	-2.5055733	0.3689598	-0.4540165	-2.5172787	0.4347216	-0.4516505	-2.1118071	0.9084519	-0.5180998	-2.0873924	0.9349366	-0.6965749	-1.8518880	1.1331652	-0.3316619	-1.9179284	1.1089549	-0.3982497	-1.7342608	1.0631300	-0.5417727	-1.7213670	1.0024413	-0.4956882	-2.1276866	1.2226610	-0.9530237	-2.1417875	1.2109240	-0.8881864	-2.1631524	1.0135794	-0.9331369	-2.2167135	1.0196778	-0.9535803	-1.9435430	0.0396450	-0.7473802	
181	0.7500000	-1.9960505	0.9565683	-0.4423723	-1.9541662	0.9969655	-0.7391800	-2.1545101	1.0453052	-0.5424642	-2.1379703	1.0605922	-0.6585350	-2.2320318	0.4934771	-0.4338802	-2.2058867	0.4859024	-0.5520109	-2.6510227	0.3571382	-0.5022019	-2.6225402	0.3404412	-0.5884859	-2.6561390	0.2371018	-0.5639844	-2.6743798	0.2662147	-0.5019954	-2.6843066	0.4007558	-0.5548521	-1.7798693	0.6234151	-0.7434277	-1.7980306	0.6102345	-0.6368986	-1.7777115	1.3886534	-0.5034535	-1.8080948	1.3661213	-0.8135100	-1.8589499	1.4439007	-0.6518454	-2.0766303	0.7343522	-0.4238271	-2.1449025	0.6424746	-0.4057996	-2.1821704	0.7791056	-0.4031115	-1.9041850	0.8814455	-0.7387324	-1.8536168	0.7817396	-0.7611698	-1.9710328	0.8251518	-0.7960044	-2.3620427	0.4349189	-0.4443518	-2.4792941	0.3722860	-0.4538515	-2.4888816	0.4407752	-0.4507572	-2.0965341	0.9098533	-0.5172477	-2.0714648	0.9342656	-0.6960999	-1.8510416	1.1327768	-0.3297947	-1.9173520	1.1114234	-0.3982471	-1.7354378	1.0449485	-0.5349376	-1.7275681	0.9856591	-0.4855445	-2.1056516	1.2058178	-0.9508890	-2.1212211	1.1959602	-0.8841440	-2.1338358	0.9930222	-0.9214926	-2.1878396	0.9973063	-0.9433448	-1.9419898	0.0331433	-0.7508605	
182	0.7541667	-1.9807201	0.9574091	-0.4410843	-1.9374038	0.9944142	-0.7377684	-2.1405959	1.0433387	-0.5422404	-2.1235096	1.0572816	-0.6582595	-2.1998056	0.4897516	-0.4306140	-2.1725498	0.4822207	-0.5489508	-2.6271292	0.3649637	-0.5053904	-2.5978361	0.3479282	-0.5926022	-2.6305229	0.2445259	-0.5677541	-2.6498964	0.2736371	-0.5046094	-2.6612376	0.4097265	-0.5591419	-1.7735155	0.6092580	-0.7436509	-1.7934372	0.5962225	-0.6360440	-1.7643000	1.3880798	-0.5028842	-1.7919531	1.3611173	-0.8128864	-1.8443575	1.4410300	-0.6517363	-2.0538020	0.7355252	-0.4217581	-2.1186610	0.6416018	-0.4032315	-2.1621579	0.7773387	-0.4015371	-1.8865418	0.8727786	-0.7383378	-1.8402608	0.7709493	-0.7612918	-1.9577436	0.8194312	-0.7966720	-2.3326135	0.4331327	-0.4424936	-2.4532950	0.3731877	-0.4541962	-2.4610453	0.4439682	-0.4505791	-2.0810073	0.9100534	-0.5167219	-2.0550834	0.9324024	-0.6955091	-1.8505967	1.1314966	-0.3279411	-1.9167765	1.1130965	-0.3986205	-1.7380544	1.0269568	-0.5274752	-1.7351605	0.9694404	-0.4752257	-2.0827907	1.1884034	-0.9482708	-2.0998892	1.1803184	-0.8799764	-2.1035833	0.9726516	-0.9095410	-2.1578382	0.9748972	-0.9326576	-1.9411425	0.0271962	-0.7541974	
183	0.7583333	-1.9648282	0.9577209	-0.4399675	-1.9202614	0.9904873	-0.7364658	-2.1262173	1.0404854	-0.5421361	-2.1086588	1.0527499	-0.6580610	-2.1667401	0.4864490	-0.4275046	-2.1384931	0.4787892	-0.5459661	-2.6013595	0.3710703	-0.5077976	-2.5712801	0.3535222	-0.5960250	-2.6037596	0.2475776	-0.5707292	-2.6240199	0.2776803	-0.5063691	-2.6357448	0.4178012	-0.5627033	-1.7685004	0.5939683	-0.7437882	-1.7901847	0.5812474	-0.6349849	-1.7507096	1.3871029	-0.5022621	-1.7762287	1.3552208	-0.8122909	-1.8300828	1.4373401	-0.6513563	-2.0305765	0.7368962	-0.4197206	-2.0918040	0.6410099	-0.4007310	-2.1414225	0.7751915	-0.4001451	-1.8690877	0.8625901	-0.7382372	-1.8275194	0.7587502	-0.7615976	-1.9447423	0.8123398	-0.7973967	-2.3019961	0.4312484	-0.4404827	-2.4257156	0.3733884	-0.4540285	-2.4318087	0.4463969	-0.4500249	-2.0650905	0.9093964	-0.5162732	-2.0384106	0.9291811	-0.6949638	-1.8503329	1.1300151	-0.3261090	-1.9159591	1.1145552	-0.3993160	-1.7419856	1.0091389	-0.5192514	-1.7441799	0.9538893	-0.4644574	-2.0590272	1.1709356	-0.9453610	-2.0777935	1.1644287	-0.8757975	-2.0723355	0.9529435	-0.8974170	-2.1266266	0.9529904	-0.9217191	-1.9408446	0.0218292	-0.7573463	
184	0.7625000	-1.9485451	0.9597714	-0.4392283	-1.9026771	0.9880590	-0.7350770	-2.1113095	1.0389528	-0.5423799	-2.0932909	1.0494670	-0.6580218	-2.1345510	0.4848124	-0.4248113	-2.1049413	0.4772678	-0.5431734	-2.5740918	0.3736937	-0.5102152	-2.5428125	0.3558939	-0.5992897	-2.5751820	0.2458210	-0.5740881	-2.5965592	0.2768826	-0.5084901	-2.6083815	0.4225004	-0.5660159	-1.7638009	0.5793513	-0.7438901	-1.7870421	0.5670397	-0.6339934	-1.7373252	1.3876110	-0.5015472	-1.7598908	1.3507033	-0.8118629	-1.8156451	1.4348392	-0.6511260	-2.0075513	0.7396705	-0.4175989	-2.0654460	0.6419038	-0.3984127	-2.1208124	0.7745113	-0.3992427	-1.8514583	0.8531825	-0.7380464	-1.8148245	0.7472748	-0.7618039	-1.9315517	0.8064633	-0.7979074	-2.2714263	0.4296574	-0.4388398	-2.3973086	0.3724162	-0.4540244	-2.4024138	0.4473977	-0.4497511	-2.0485505	0.9103503	-0.5158900	-2.0210832	0.9274218	-0.6941908	-1.8499150	1.1303903	-0.3244311	-1.9143925	1.1177796	-0.4003573	-1.7471059	0.9931152	-0.5099849	-1.7546049	0.9407212	-0.4528874	-2.0341098	1.1554056	-0.9422031	-2.0547711	1.1502949	-0.8715034	-2.0398771	0.9359751	-0.8849032	-2.0939876	0.9337155	-0.9104091	-1.9409490	0.0170506	-0.7602710	
185	0.7666667	-1.9319838	0.9610616	-0.4390661	-1.8852353	0.9862283	-0.7335743	-2.0959018	1.0372802	-0.5425513	-2.0775742	1.0466026	-0.6576445	-2.1029849	0.4826423	-0.4218603	-2.0725197	0.4755137	-0.5401269	-2.5462526	0.3763952	-0.5118377	-2.5141912	0.3587116	-0.6018500	-2.5460345	0.2474951	-0.5766604	-2.5685243	0.2783354	-0.5097926	-2.5805094	0.4262269	-0.5681865	-1.7571885	0.5694870	-0.7436141	-1.7817394	0.5572395	-0.6330814	-1.7234314	1.3873279	-0.5006220	-1.7427165	1.3467868	-0.8104965	-1.8001500	1.4319688	-0.6504911	-1.9843693	0.7413631	-0.4155306	-2.0391503	0.6419058	-0.3960278	-2.0993990	0.7733754	-0.3983536	-1.8338195	0.8464033	-0.7369583	-1.8013599	0.7393303	-0.7612163	-1.9173551	0.8027345	-0.7977631	-2.2411932	0.4278189	-0.4370405	-2.3687447	0.3714473	-0.4538577	-2.3727953	0.4480650	-0.4488694	-2.0311805	0.9109588	-0.5156613	-2.0031767	0.9261673	-0.6931582	-1.8494814	1.1310054	-0.3229210	-1.9122608	1.1210156	-0.4015945	-1.7532560	0.9782705	-0.4999003	-1.7660566	0.9291606	-0.4409715	-2.0083095	1.1403382	-0.9387519	-2.0310869	1.1364148	-0.8671895	-2.0062825	0.9202980	-0.8721422	-2.0600329	0.9155483	-0.8988081	-1.9413213	0.0128529	-0.7629446	
186	0.7708333	-1.9149026	0.9590821	-0.4392454	-1.8677050	0.9811823	-0.7324171	-2.0797456	1.0324782	-0.5431211	-2.0612505	1.0406333	-0.6576955	-2.0714173	0.4791059	-0.4188737	-2.0405650	0.4721209	-0.5368418	-2.5168456	0.3781169	-0.5125997	-2.4844363	0.3604230	-0.6032458	-2.5168714	0.2483308	-0.5781737	-2.5398883	0.2790128	-0.5105537	-2.5504292	0.4290331	-0.5691394	-1.7503170	0.5591050	-0.7430773	-1.7761125	0.5471829	-0.6322684	-1.7084529	1.3839457	-0.4996058	-1.7252722	1.3404613	-0.8095082	-1.7842151	1.4263779	-0.6499429	-1.9614275	0.7409097	-0.4138734	-2.0129248	0.6401063	-0.3939078	-2.0771664	0.7698328	-0.3976543	-1.8168881	0.8375301	-0.7356105	-1.7881996	0.7298477	-0.7603103	-1.9027883	0.7964967	-0.7973893	-2.2104862	0.4248471	-0.4350379	-2.3392555	0.3695847	-0.4533177	-2.3420356	0.4475927	-0.4475034	-2.0133763	0.9083771	-0.5155783	-1.9850933	0.9217573	-0.6922928	-1.8489175	1.1298755	-0.3215435	-1.9096248	1.1221534	-0.4027839	-1.7607158	0.9621026	-0.4889874	-1.7789034	0.9170044	-0.4285806	-1.9821593	1.1237570	-0.9350965	-2.0071854	1.1207117	-0.8630148	-1.9716695	0.9043586	-0.8594857	-2.0247858	0.8967336	-0.8872450	-1.9418433	0.0092148	-0.7653486	
187	0.7750000	-1.8972217	0.9605151	-0.4396942	-1.8500665	0.9790832	-0.7312795	-2.0628471	1.0308008	-0.5439200	-2.0443514	1.0375962	-0.6579074	-2.0407747	0.4792608	-0.4161094	-2.0094021	0.4726871	-0.5330176	-2.4850979	0.3779562	-0.5133361	-2.4521021	0.3606686	-0.6036622	-2.4852107	0.2500386	-0.5793726	-2.5087312	0.2794052	-0.5118833	-2.5177012	0.4281223	-0.5695616	-1.7436702	0.5516909	-0.7422748	-1.7704919	0.5403273	-0.6315243	-1.6930126	1.3834006	-0.4984938	-1.7068670	1.3369233	-0.8086567	-1.7677474	1.4239316	-0.6498155	-1.9393424	0.7438410	-0.4124818	-1.9875798	0.6417601	-0.3922051	-2.0547036	0.7695192	-0.3975848	-1.8003921	0.8314013	-0.7337784	-1.7753982	0.7231525	-0.7589157	-1.8880602	0.7931332	-0.7964890	-2.1796158	0.4242402	-0.4332723	-2.3084227	0.3686824	-0.4528002	-2.3105689	0.4473528	-0.4465887	-1.9948888	0.9091463	-0.5153568	-1.9666233	0.9204104	-0.6911437	-1.8478560	1.1316205	-0.3204774	-1.9057271	1.1257881	-0.4040717	-1.7690804	0.9496490	-0.4769778	-1.7926175	0.9091273	-0.4156132	-1.9548084	1.1100813	-0.9310642	-1.9822633	1.1076465	-0.8585256	-1.9357372	0.8920329	-0.8465804	-1.9880704	0.8814735	-0.8754168	-1.9424160	0.0061039	-0.7674730	
188	0.7791667	-1.8790865	0.9615486	-0.4403220	-1.8328002	0.9764777	-0.7306345	-2.0455882	1.0286858	-0.5444737	-2.0274140	1.0340996	-0.6580172	-2.0096667	0.4791869	-0.4135096	-1.9781886	0.4732693	-0.5293053	-2.4506104	0.3754604	-0.5130895	-2.4172721	0.3589107	-0.6029843	-2.4517070	0.2495926	-0.5798625	-2.4753506	0.2776068	-0.5126032	-2.4818977	0.4249276	-0.5685824	-1.7378363	0.5440913	-0.7417622	-1.7651051	0.5332153	-0.6310643	-1.6775996	1.3820269	-0.4971373	-1.6886362	1.3334978	-0.8077387	-1.7514535	1.4210608	-0.6495377	-1.9168627	0.7462848	-0.4113770	-1.9617579	0.6429986	-0.3907382	-2.0315125	0.7684820	-0.3973832	-1.7847747	0.8246853	-0.7323337	-1.7635520	0.7160441	-0.7578638	-1.8740691	0.7892878	-0.7955790	-2.1475729	0.4230042	-0.4314012	-2.2755052	0.3667052	-0.4518797	-2.2774306	0.4455173	-0.4451858	-1.9760368	0.9092190	-0.5149156	-1.9482806	0.9183137	-0.6899708	-1.8462672	1.1335413	-0.3195391	-1.9010502	1.1291493	-0.4048860	-1.7785578	0.9384422	-0.4642188	-1.8073912	0.9031552	-0.4024585	-1.9268576	1.0964558	-0.9266696	-1.9568820	1.0942838	-0.8539116	-1.8987355	0.8806866	-0.8337058	-1.9501603	0.8670061	-0.8635941	-1.9429611	0.0034787	-0.7693151	
189	0.7833333	-1.8609077	0.9637211	-0.4410873	-1.8158453	0.9745410	-0.7302806	-2.0280615	1.0273406	-0.5449437	-2.0103476	1.0311826	-0.6581127	-1.9786547	0.4806346	-0.4106740	-1.9472622	0.4753982	-0.5251973	-2.4138791	0.3728347	-0.5117097	-2.3803299	0.3571731	-0.6008698	-2.4167630	0.2494109	-0.5794821	-2.4401594	0.2759520	-0.5127353	-2.4434818	0.4213890	-0.5660354	-1.7326633	0.5370813	-0.7412458	-1.7599901	0.5267240	-0.6306553	-1.6621596	1.3808406	-0.4956644	-1.6703264	1.3305071	-0.8070460	-1.7350988	1.4184955	-0.6493440	-1.8945934	0.7499612	-0.4103064	-1.9360760	0.6455910	-0.3892270	-2.0081479	0.7685058	-0.3970288	-1.7699532	0.8183488	-0.7309580	-1.7525191	0.7093967	-0.7568244	-1.8606308	0.7860812	-0.7944933	-2.1148485	0.4229583	-0.4290737	-2.2410739	0.3656007	-0.4502374	-2.2431538	0.4441503	-0.4431422	-1.9571451	0.9101967	-0.5142427	-1.9301142	0.9168331	-0.6886569	-1.8439928	1.1362457	-0.3188741	-1.8952787	1.1328584	-0.4053442	-1.7891230	0.9293155	-0.4506157	-1.8230232	0.8999415	-0.3891157	-1.8982529	1.0837840	-0.9221284	-1.9309952	1.0815831	-0.8491156	-1.8606082	0.8715400	-0.8208648	-1.9109718	0.8545173	-0.8517851	-1.9434221	0.0012917	-0.7708785	
190	0.7875000	-1.8427320	0.9652637	-0.4419676	-1.7997645	0.9724559	-0.7300457	-2.0107019	1.0257116	-0.5451288	-1.9937655	1.0281591	-0.6579279	-1.9480535	0.4819186	-0.4079988	-1.9168834	0.4775736	-0.5210563	-2.3751953	0.3664957	-0.5098330	-2.3415281	0.3520776	-0.5979350	-2.3795074	0.2468293	-0.5786064	-2.4025686	0.2712612	-0.5127018	-2.4033005	0.4133483	-0.5626703	-1.7273107	0.5310137	-0.7407886	-1.7543487	0.5210736	-0.6304124	-1.6467247	1.3788488	-0.4938446	-1.6520802	1.3275911	-0.8059358	-1.7187491	1.4156035	-0.6489102	-1.8728139	0.7530789	-0.4094509	-1.9108265	0.6477449	-0.3879374	-1.9848571	0.7679879	-0.3967321	-1.7561582	0.8124206	-0.7295171	-1.7420846	0.7033867	-0.7557245	-1.8477138	0.7831057	-0.7931996	-2.0816938	0.4219270	-0.4267844	-2.2052405	0.3626582	-0.4483775	-2.2080774	0.4403786	-0.4410458	-1.9383967	0.9106585	-0.5134301	-1.9126163	0.9151300	-0.6872054	-1.8408271	1.1388164	-0.3183180	-1.8884951	1.1360591	-0.4052243	-1.8006073	0.9215124	-0.4363112	-1.8393169	0.8986792	-0.3757489	-1.8691386	1.0715026	-0.9174496	-1.9047092	1.0689686	-0.8441290	-1.8216435	0.8637107	-0.8081693	-1.8708718	0.8431528	-0.8400517	-1.9437641	-0.0005089	-0.7721728	
191	0.7916667	-1.8248186	0.9674256	-0.4426197	-1.7845277	0.9709155	-0.7301180	-1.9936167	1.0245171	-0.5447658	-1.9776914	1.0255440	-0.6574025	-1.9164927	0.4839920	-0.4052243	-1.8861421	0.4803792	-0.5171505	-2.3347956	0.3623238	-0.5065541	-2.3015332	0.3490656	-0.5938412	-2.3415385	0.2454492	-0.5766479	-2.3637539	0.2683439	-0.5113922	-2.3613668	0.4082022	-0.5577551	-1.7219292	0.5262136	-0.7401133	-1.7483179	0.5166767	-0.6300693	-1.6311406	1.3763814	-0.4917071	-1.6342142	1.3247675	-0.8046486	-1.7023834	1.4125834	-0.6479706	-1.8507005	0.7569051	-0.4085731	-1.8849147	0.6506830	-0.3865074	-1.9611270	0.7680508	-0.3957823	-1.7432312	0.8075006	-0.7280313	-1.7322454	0.6984863	-0.7544878	-1.8355495	0.7806940	-0.7916837	-2.0473007	0.4221434	-0.4240317	-2.1678662	0.3614631	-0.4457544	-2.1714959	0.4382083	-0.4379906	-1.9201127	0.9114394	-0.5122599	-1.8959327	0.9137036	-0.6857190	-1.8368086	1.1421060	-0.3178171	-1.8807088	1.1395995	-0.4044653	-1.8126183	0.9164295	-0.4212986	-1.8556174	0.9005332	-0.3624353	-1.8393686	1.0598345	-0.9126351	-1.8778253	1.0567147	-0.8388341	-1.7817400	0.8575689	-0.7956135	-1.8297455	0.8332568	-0.8283542	-1.9439726	-0.0019767	-0.7732119	
192	0.7958333	-1.8076670	0.9687787	-0.4431290	-1.7700305	0.9686403	-0.7303878	-1.9768820	1.0228793	-0.5441663	-1.9619671	1.0225222	-0.6567778	-1.8845126	0.4860919	-0.4020553	-1.8553901	0.4829733	-0.5131978	-2.2940834	0.3621087	-0.5020821	-2.2616496	0.3498218	-0.5887321	-2.3040036	0.2475325	-0.5739588	-2.3250464	0.2692060	-0.5091160	-2.3191546	0.4078065	-0.5514456	-1.7163752	0.5214975	-0.7391393	-1.7418376	0.5122764	-0.6296593	-1.6157847	1.3731116	-0.4893259	-1.6167774	1.3219837	-0.8031712	-1.6861540	1.4092024	-0.6467314	-1.8287892	0.7602560	-0.4076489	-1.8589065	0.6534047	-0.3848144	-1.9374580	0.7676972	-0.3941943	-1.7311244	0.8023559	-0.7264952	-1.7228965	0.6934993	-0.7530587	-1.8239605	0.7777391	-0.7898544	-2.0125324	0.4235240	-0.4206831	-2.1302314	0.3626170	-0.4423836	-2.1343667	0.4383858	-0.4340012	-1.9025901	0.9112901	-0.5108817	-1.8800002	0.9113900	-0.6842297	-1.8318626	1.1453640	-0.3172200	-1.8720476	1.1427665	-0.4029832	-1.8246484	0.9135665	-0.4057487	-1.8713601	0.9048444	-0.3492672	-1.8090919	1.0483863	-0.9077702	-1.8503798	1.0444417	-0.8332982	-1.7409222	0.8529051	-0.7833206	-1.7875143	0.8245602	-0.8167599	-1.9440506	-0.0031659	-0.7740139	
193	0.8000000	-1.7907946	0.9704075	-0.4433431	-1.7562290	0.9669549	-0.7305910	-1.9605263	1.0221739	-0.5432025	-1.9467793	1.0205173	-0.6558528	-1.8534788	0.4894002	-0.3995170	-1.8252827	0.4866446	-0.5099517	-2.2533760	0.3610729	-0.4976928	-2.2215785	0.3496839	-0.5836811	-2.2656857	0.2462541	-0.5716254	-2.2856572	0.2672658	-0.5071235	-2.2771914	0.4074042	-0.5452290	-1.7106288	0.5179817	-0.7381009	-1.7348694	0.5091146	-0.6294229	-1.6000056	1.3702240	-0.4871223	-1.5992883	1.3197368	-0.8018598	-1.6695956	1.4065437	-0.6456172	-1.8078745	0.7644140	-0.4067831	-1.8339047	0.6570999	-0.3833799	-1.9147409	0.7681624	-0.3926328	-1.7201218	0.7983794	-0.7251669	-1.7141684	0.6896727	-0.7516760	-1.8130084	0.7755514	-0.7877277	-1.9782830	0.4256278	-0.4177495	-2.0927449	0.3639786	-0.4390894	-2.0977883	0.4385674	-0.4304770	-1.8857391	0.9116373	-0.5093178	-1.8649936	0.9097565	-0.6826833	-1.8258810	1.1497113	-0.3164687	-1.8623405	1.1466893	-0.4008558	-1.8359723	0.9141262	-0.3898578	-1.8856604	0.9124936	-0.3362502	-1.7777821	1.0379162	-0.9027641	-1.8218591	1.0330224	-0.8273075	-1.6990670	0.8502468	-0.7711257	-1.7440559	0.8177394	-0.8051055	-1.9440156	-0.0041294	-0.7745999	
194	0.8041667	-1.7743802	0.9707616	-0.4435311	-1.7433729	0.9648808	-0.7307764	-1.9445742	1.0207865	-0.5417048	-1.9321909	1.0181826	-0.6543918	-1.8228704	0.4916168	-0.3975976	-1.7957805	0.4892061	-0.5076294	-2.2133447	0.3586169	-0.4936006	-2.1823871	0.3481390	-0.5790717	-2.2272116	0.2451188	-0.5689551	-2.2462623	0.2650643	-0.5047721	-2.2365846	0.4047647	-0.5396913	-1.7042791	0.5153364	-0.7370362	-1.7269007	0.5067120	-0.6295624	-1.5843424	1.3663629	-0.4850789	-1.5819354	1.3168869	-0.8000742	-1.6527690	1.4031531	-0.6442583	-1.7872302	0.7672251	-0.4060650	-1.8091935	0.6595721	-0.3822197	-1.8924240	0.7675785	-0.3909713	-1.7099980	0.7948350	-0.7237648	-1.7058122	0.6864746	-0.7501310	-1.8026071	0.7732986	-0.7851903	-1.9444307	0.4266147	-0.4154093	-2.0556297	0.3641579	-0.4362490	-2.0617586	0.4374603	-0.4273823	-1.8694142	0.9108727	-0.5076854	-1.8508099	0.9075463	-0.6810633	-1.8189424	1.1543661	-0.3155213	-1.8518866	1.1506460	-0.3981095	-1.8460828	0.9174810	-0.3739849	-1.8979821	0.9225798	-0.3235638	-1.7455060	1.0279477	-0.8977618	-1.7923742	1.0220532	-0.8211053	-1.6561637	0.8495423	-0.7589439	-1.6991575	0.8126455	-0.7933321	-1.9438946	-0.0049181	-0.7749941	
195	0.8083333	-1.7583412	0.9695611	-0.4435556	-1.7309707	0.9611731	-0.7311929	-1.9287602	1.0184674	-0.5399820	-1.9177824	1.0148806	-0.6528677	-1.7925672	0.4930198	-0.3958265	-1.7666542	0.4904266	-0.5058959	-2.1747334	0.3587836	-0.4891087	-2.1447788	0.3487180	-0.5743199	-2.1908374	0.2453907	-0.5658651	-2.2087685	0.2650723	-0.5018051	-2.1973315	0.4055429	-0.5339398	-1.6982663	0.5120186	-0.7360190	-1.7186202	0.5037271	-0.6300585	-1.5683399	1.3613603	-0.4833370	-1.5651543	1.3127932	-0.7987429	-1.6359580	1.3986315	-0.6429818	-1.7670140	0.7689772	-0.4052354	-1.7848560	0.6611835	-0.3809615	-1.8705937	0.7661302	-0.3889390	-1.7011040	0.7902250	-0.7230152	-1.6984515	0.6823511	-0.7489301	-1.7931575	0.7696908	-0.7824136	-1.9112034	0.4278516	-0.4130470	-2.0195959	0.3656367	-0.4331995	-2.0265436	0.4376688	-0.4240730	-1.8537245	0.9086087	-0.5059531	-1.8373141	0.9037842	-0.6795795	-1.8113030	1.1587533	-0.3144558	-1.8408874	1.1541284	-0.3950307	-1.8546807	0.9228369	-0.3586143	-1.9080670	0.9340817	-0.3114534	-1.7123587	1.0178554	-0.8928047	-1.7619666	1.0110054	-0.8146859	-1.6124416	0.8502212	-0.7468680	-1.6529749	0.8087914	-0.7814365	-1.9437191	-0.0055801	-0.7752230	
196	0.8125000	-1.7424789	0.9688403	-0.4435199	-1.7188837	0.9581061	-0.7313958	-1.9130530	1.0176344	-0.5382062	-1.9035200	1.0130998	-0.6512163	-1.7637826	0.4961146	-0.3946125	-1.7385151	0.4932352	-0.5048387	-2.1375851	0.3576534	-0.4852049	-2.1081911	0.3479151	-0.5701745	-2.1545399	0.2435631	-0.5633510	-2.1717222	0.2629645	-0.4993853	-2.1598918	0.4047524	-0.5290522	-1.6921204	0.5105124	-0.7345878	-1.7095277	0.5024590	-0.6306067	-1.5520885	1.3579022	-0.4817967	-1.5479774	1.3101347	-0.7974850	-1.6187233	1.3956527	-0.6420743	-1.7477824	0.7718046	-0.4042900	-1.7617711	0.6641154	-0.3798342	-1.8499296	0.7659987	-0.3870817	-1.6934979	0.7871740	-0.7224813	-1.6918880	0.6798995	-0.7475811	-1.7843004	0.7674249	-0.7789343	-1.8793240	0.4300171	-0.4111795	-1.9847264	0.3671933	-0.4303947	-1.9930742	0.4378405	-0.4215164	-1.8384342	0.9073020	-0.5042137	-1.8243032	0.9010749	-0.6779913	-1.8031450	1.1655654	-0.3133521	-1.8293842	1.1597162	-0.3915927	-1.8616198	0.9330142	-0.3436891	-1.9158141	0.9495905	-0.2998119	-1.6784385	1.0098186	-0.8876393	-1.7306281	1.0019647	-0.8078632	-1.5685099	0.8536325	-0.7350837	-1.6062616	0.8078075	-0.7695563	-1.9435191	-0.0061600	-0.7753155	
197	0.8166667	-1.7265758	0.9665792	-0.4436262	-1.7073450	0.9535033	-0.7316923	-1.8973715	1.0155969	-0.5361647	-1.8895284	1.0101208	-0.6492813	-1.7350432	0.4980338	-0.3940145	-1.7105506	0.4947779	-0.5048848	-2.1016414	0.3553790	-0.4816846	-2.0728695	0.3457860	-0.5667872	-2.1194802	0.2398681	-0.5609949	-2.1359043	0.2594253	-0.4968815	-2.1238518	0.4029910	-0.5249566	-1.6869727	0.5076750	-0.7332927	-1.7004618	0.4998149	-0.6316909	-1.5356674	1.3534475	-0.4804757	-1.5313647	1.3069088	-0.7960870	-1.6015319	1.3918391	-0.6408365	-1.7283613	0.7732229	-0.4034225	-1.7385537	0.6657467	-0.3789076	-1.8294191	0.7644947	-0.3850781	-1.6873302	0.7826011	-0.7228000	-1.6867556	0.6760203	-0.7467001	-1.7768656	0.7637197	-0.7749840	-1.8477616	0.4310242	-0.4098015	-1.9504584	0.3675267	-0.4279579	-1.9603575	0.4369678	-0.4193779	-1.8234025	0.9044129	-0.5024824	-1.8119145	0.8967859	-0.6763771	-1.7946313	1.1724374	-0.3122342	-1.8177107	1.1651430	-0.3878449	-1.8669547	0.9452612	-0.3295929	-1.9213912	0.9664224	-0.2888707	-1.6444010	1.0016090	-0.8823089	-1.6988619	0.9926909	-0.8007526	-1.5246246	0.8579558	-0.7237229	-1.5591549	0.8078392	-0.7577318	-1.9433174	-0.0066985	-0.7753025	
198	0.8208333	-1.7106766	0.9661848	-0.4438413	-1.6958754	0.9498990	-0.7318592	-1.8814555	1.0152771	-0.5341940	-1.8753506	1.0085094	-0.6473239	-1.7063006	0.5027777	-0.3930984	-1.6823892	0.4990421	-0.5047960	-2.0667567	0.3552400	-0.4780156	-2.0384026	0.3456016	-0.5633239	-2.0853764	0.2385431	-0.5579120	-2.1011747	0.2583233	-0.4937945	-2.0889844	0.4028860	-0.5211863	-1.6840251	0.5048958	-0.7316849	-1.6924926	0.4972827	-0.6330858	-1.5188059	1.3507346	-0.4795821	-1.5144263	1.3050458	-0.7949583	-1.5838638	1.3896371	-0.6398614	-1.7089590	0.7770467	-0.4022348	-1.7153670	0.6699549	-0.3776354	-1.8091678	0.7651708	-0.3828123	-1.6829101	0.7782648	-0.7238801	-1.6837538	0.6723157	-0.7460065	-1.7710032	0.7609437	-0.7700585	-1.8164147	0.4346563	-0.4080294	-1.9167424	0.3702034	-0.4250993	-1.9284084	0.4386173	-0.4170678	-1.8084728	0.9033336	-0.5006651	-1.7996760	0.8937666	-0.6745273	-1.7854131	1.1816503	-0.3110405	-1.8054991	1.1727230	-0.3836752	-1.8703469	0.9617610	-0.3162523	-1.9245046	0.9867449	-0.2784713	-1.6101960	0.9957438	-0.8766524	-1.6665525	0.9857170	-0.7932997	-1.4808356	0.8660537	-0.7126339	-1.5115894	0.8117972	-0.7456794	-1.9431242	-0.0072321	-0.7752165	
199	0.8250000	-1.6948007	0.9638557	-0.4444572	-1.6848252	0.9449213	-0.7316768	-1.8655395	1.0137702	-0.5320349	-1.8613222	1.0059622	-0.6448804	-1.6776586	0.5068731	-0.3925408	-1.6542365	0.5026952	-0.5054025	-2.0327341	0.3528716	-0.4744470	-2.0047355	0.3432151	-0.5603304	-2.0507354	0.2345806	-0.5546256	-2.0662433	0.2545416	-0.4901882	-2.0556707	0.4005192	-0.5179914	-1.6815577	0.5020311	-0.7295870	-1.6840317	0.4944408	-0.6345932	-1.5021997	1.3474450	-0.4787058	-1.4975989	1.3024921	-0.7929709	-1.5661680	1.3863285	-0.6386316	-1.6890782	0.7793666	-0.4010005	-1.6919456	0.6729911	-0.3763936	-1.7891339	0.7646720	-0.3805710	-1.6798500	0.7735152	-0.7250145	-1.6819306	0.6683743	-0.7450090	-1.7660337	0.7574770	-0.7641585	-1.7853080	0.4371770	-0.4064935	-1.8832596	0.3712233	-0.4222571	-1.8971240	0.4387412	-0.4149006	-1.7935400	0.9007111	-0.4990681	-1.7876592	0.8895505	-0.6724528	-1.7753856	1.1907554	-0.3097673	-1.7928061	1.1800089	-0.3790563	-1.8717098	0.9798070	-0.3038318	-1.9251975	1.0079162	-0.2686963	-1.5759345	0.9893637	-0.8706436	-1.6336959	0.9780757	-0.7856507	-1.4373234	0.8746774	-0.7020804	-1.4638563	0.8166219	-0.7336739	-1.9429316	-0.0077927	-0.7750918	
200	0.8291667	-1.6787279	0.9622278	-0.4447088	-1.6735793	0.9410736	-0.7312659	-1.8493948	1.0133836	-0.5294027	-1.8470778	1.0047096	-0.6420012	-1.6485944	0.5119683	-0.3927098	-1.6257400	0.5071738	-0.5070252	-1.9993950	0.3524516	-0.4707770	-1.9718481	0.3425272	-0.5576083	-2.0165866	0.2300976	-0.5512364	-2.0319057	0.2511055	-0.4861963	-2.0231987	0.4012150	-0.5148725	-1.6795649	0.5002773	-0.7276208	-1.6755832	0.4928249	-0.6365261	-1.4848636	1.3449046	-0.4775393	-1.4804067	1.3009393	-0.7907701	-1.5479761	1.3838917	-0.6368736	-1.6687222	0.7828141	-0.3997678	-1.6680502	0.6771265	-0.3753701	-1.7689544	0.7652296	-0.3782783	-1.6770891	0.7699115	-0.7265801	-1.6805630	0.6655478	-0.7442695	-1.7616051	0.7550554	-0.7579747	-1.7540470	0.4409009	-0.4054107	-1.8499742	0.3736414	-0.4196458	-1.8660153	0.4405045	-0.4128556	-1.7786264	0.8989860	-0.4973584	-1.7756640	0.8864864	-0.6703480	-1.7645013	1.2013065	-0.3082304	-1.7795657	1.1887284	-0.3740130	-1.8708100	1.0000504	-0.2924756	-1.9233845	1.0306912	-0.2596535	-1.5412215	0.9849404	-0.8641088	-1.5998162	0.9722376	-0.7777920	-1.3941017	0.8857511	-0.6920713	-1.4159948	0.8244536	-0.7218127	-1.9427096	-0.0084076	-0.7749642	
201	0.8333333	-1.6628359	0.9606139	-0.4446700	-1.6620133	0.9373672	-0.7307022	-1.8333657	1.0132198	-0.5269262	-1.8327677	1.0037558	-0.6393135	-1.6191449	0.5180374	-0.3928587	-1.5968071	0.5126484	-0.5086444	-1.9661845	0.3515463	-0.4670502	-1.9389967	0.3413465	-0.5549395	-1.9814331	0.2255227	-0.5472559	-1.9969830	0.2473842	-0.4816555	-1.9913227	0.4008524	-0.5120994	-1.6775386	0.4990578	-0.7259902	-1.6671504	0.4916456	-0.6385779	-1.4675601	1.3431253	-0.4761946	-1.4621641	1.2998252	-0.7882366	-1.5292597	1.3820974	-0.6352770	-1.6481778	0.7868757	-0.3984275	-1.6438732	0.6820036	-0.3742671	-1.7487539	0.7661830	-0.3759692	-1.6739407	0.7667410	-0.7283440	-1.6789464	0.6632059	-0.7438273	-1.7570408	0.7530305	-0.7521149	-1.7224330	0.4451169	-0.4042311	-1.8164004	0.3760611	-0.4168637	-1.8349025	0.4423929	-0.4107420	-1.7638134	0.8974315	-0.4956186	-1.7634607	0.8836680	-0.6682955	-1.7528158	1.2125294	-0.3065665	-1.7658443	1.1980701	-0.3686584	-1.8677067	1.0212723	-0.2821167	-1.9191704	1.0539159	-0.2513843	-1.5059659	0.9816434	-0.8570577	-1.5647632	0.9672970	-0.7698461	-1.3512226	0.8980984	-0.6826984	-1.3681354	0.8342186	-0.7102997	-1.9424038	-0.0090991	-0.7748701	
202	0.8375000	-1.6471259	0.9575440	-0.4442211	-1.6499851	0.9322791	-0.7302228	-1.8176459	1.0118068	-0.5248280	-1.8185221	1.0015856	-0.6371667	-1.5895446	0.5236061	-0.3932359	-1.5676182	0.5176449	-0.5103102	-1.9325580	0.3482743	-0.4636790	-1.9055930	0.3378354	-0.5525549	-1.9450337	0.2197502	-0.5426990	-1.9611916	0.2423356	-0.4768396	-1.9592369	0.3971494	-0.5100965	-1.6748270	0.4970849	-0.7255146	-1.6585932	0.4896771	-0.6407701	-1.4501957	1.3402493	-0.4748218	-1.4430239	1.2973752	-0.7856746	-1.5101680	1.3792451	-0.6340088	-1.6278990	0.7901754	-0.3970808	-1.6197876	0.6861955	-0.3732718	-1.7286758	0.7660284	-0.3739027	-1.6694022	0.7626959	-0.7306666	-1.6761302	0.6600311	-0.7443876	-1.7519028	0.7499194	-0.7477232	-1.6905029	0.4482987	-0.4032910	-1.7823787	0.3769452	-0.4142845	-1.8035629	0.4426283	-0.4089818	-1.7492415	0.8945899	-0.4938831	-1.7511056	0.8796075	-0.6665411	-1.7405738	1.2235460	-0.3048618	-1.7518888	1.2071821	-0.3630686	-1.8626496	1.0422176	-0.2727905	-1.9128315	1.0764333	-0.2439225	-1.4701887	0.9784808	-0.8496382	-1.5285764	0.9622595	-0.7621170	-1.3087825	0.9108744	-0.6739788	-1.3203735	0.8451000	-0.6992733	-1.9419338	-0.0098846	-0.7748464	
203	0.8416667	-1.6316431	0.9558052	-0.4431336	-1.6370820	0.9285275	-0.7297274	-1.8021089	1.0116363	-0.5231953	-1.8040586	1.0006840	-0.6357181	-1.5590289	0.5306863	-0.3936963	-1.5377326	0.5242913	-0.5118600	-1.8987171	0.3466503	-0.4602878	-1.8721327	0.3360526	-0.5500475	-1.9083032	0.2157084	-0.5379965	-1.9252826	0.2391403	-0.4720240	-1.9271784	0.3951999	-0.5078910	-1.6718959	0.4948371	-0.7263229	-1.6512042	0.4874891	-0.6430265	-1.4326681	1.3390403	-0.4733900	-1.4229911	1.2964231	-0.7832377	-1.4907981	1.3783991	-0.6329144	-1.6074984	0.7952490	-0.3959546	-1.5952338	0.6920199	-0.3724752	-1.7081840	0.7669595	-0.3718712	-1.6627248	0.7589035	-0.7334094	-1.6717376	0.6568909	-0.7459862	-1.7456099	0.7475328	-0.7450484	-1.6578122	0.4529233	-0.4024325	-1.7479269	0.3792717	-0.4119508	-1.7716150	0.4444139	-0.4071658	-1.7348503	0.8929585	-0.4920125	-1.7382697	0.8767513	-0.6650280	-1.7278994	1.2364875	-0.3031651	-1.7376830	1.2182050	-0.3573774	-1.8557809	1.0643134	-0.2644868	-1.9045610	1.0997290	-0.2372886	-1.4339292	0.9772528	-0.8418161	-1.4914626	0.9590625	-0.7544941	-1.2670985	0.9254074	-0.6657445	-1.2732324	0.8585055	-0.6886741	-1.9411940	-0.0107761	-0.7749300	
204	0.8458333	-1.6167258	0.9532682	-0.4416427	-1.6231731	0.9242826	-0.7291699	-1.7868624	1.0109164	-0.5220073	-1.7892968	0.9994093	-0.6348212	-1.5292508	0.5376852	-0.3941657	-1.5084062	0.5310954	-0.5132405	-1.8647523	0.3442758	-0.4561385	-1.8384436	0.3337549	-0.5468306	-1.8700936	0.2100959	-0.5326994	-1.8882627	0.2346291	-0.4662990	-1.8952896	0.3928067	-0.5049193	-1.6667277	0.4933936	-0.7282952	-1.6427623	0.4856891	-0.6448504	-1.4160481	1.3380034	-0.4715528	-1.4022936	1.2951598	-0.7800972	-1.4713702	1.3771902	-0.6318381	-1.5876326	0.7997153	-0.3946879	-1.5713160	0.6974125	-0.3716238	-1.6883043	0.7672009	-0.3700968	-1.6532558	0.7557657	-0.7362257	-1.6645836	0.6545137	-0.7484305	-1.7374940	0.7452474	-0.7444040	-1.6255542	0.4572036	-0.4014153	-1.7135553	0.3810701	-0.4091354	-1.7399340	0.4456376	-0.4049228	-1.7208200	0.8905666	-0.4902340	-1.7248211	0.8733370	-0.6638126	-1.7152580	1.2485328	-0.3021651	-1.7233489	1.2282092	-0.3518777	-1.8476452	1.0856200	-0.2571696	-1.8948934	1.1217119	-0.2317516	-1.3975229	0.9769804	-0.8339302	-1.4538528	0.9567939	-0.7471113	-1.2265428	0.9405038	-0.6580566	-1.2272592	0.8732012	-0.6786922	-1.9400564	-0.0117807	-0.7751567	
205	0.8500000	-1.6019241	0.9510944	-0.4394835	-1.6081557	0.9202335	-0.7286171	-1.7716800	1.0108155	-0.5215593	-1.7741271	0.9986491	-0.6348916	-1.5001110	0.5458002	-0.3951778	-1.4796280	0.5392325	-0.5147734	-1.8303692	0.3406243	-0.4528726	-1.8042131	0.3303816	-0.5441884	-1.8311703	0.2046793	-0.5273900	-1.8507847	0.2300949	-0.4611871	-1.8628490	0.3881758	-0.5029078	-1.6604655	0.4917939	-0.7318082	-1.6349904	0.4836861	-0.6466294	-1.3991155	1.3376413	-0.4697130	-1.3806663	1.2943023	-0.7772901	-1.4514784	1.3769509	-0.6310922	-1.5687301	0.8053349	-0.3937553	-1.5482059	0.7038777	-0.3712747	-1.6686747	0.7678393	-0.3688514	-1.6410574	0.7524807	-0.7392805	-1.6550122	0.6519830	-0.7519723	-1.7276572	0.7432956	-0.7460969	-1.5935181	0.4618711	-0.4010879	-1.6791335	0.3826210	-0.4071404	-1.7083043	0.4464481	-0.4035573	-1.7070084	0.8886827	-0.4884719	-1.7108683	0.8703292	-0.6630013	-1.7019349	1.2632105	-0.3008034	-1.7089552	1.2410209	-0.3465774	-1.8383988	1.1066856	-0.2512038	-1.8842620	1.1436426	-0.2274324	-1.3612510	0.9787284	-0.8259137	-1.4162611	0.9566805	-0.7402892	-1.1873839	0.9565197	-0.6506283	-1.1829177	0.8895459	-0.6693203	-1.9383743	-0.0129006	-0.7755604	
206	0.8541667	-1.5871267	0.9495503	-0.4371134	-1.5924067	0.9166800	-0.7280089	-1.7562718	1.0114003	-0.5216346	-1.7584637	0.9985603	-0.6355641	-1.4711506	0.5546316	-0.3958338	-1.4512243	0.5483563	-0.5158241	-1.7953257	0.3358047	-0.4491213	-1.7694230	0.3260827	-0.5409570	-1.7908102	0.1984588	-0.5218924	-1.8120650	0.2245547	-0.4558590	-1.8300910	0.3822034	-0.5001030	-1.6539963	0.4899235	-0.7358964	-1.6284469	0.4813462	-0.6478635	-1.3820807	1.3381238	-0.4675969	-1.3585769	1.2939878	-0.7742969	-1.4312791	1.3777078	-0.6301887	-1.5499565	0.8117044	-0.3928582	-1.5252230	0.7110362	-0.3708491	-1.6488946	0.7688532	-0.3676130	-1.6271622	0.7489901	-0.7422416	-1.6441077	0.6492310	-0.7559376	-1.7165101	0.7417036	-0.7491243	-1.5613552	0.4667021	-0.4004252	-1.6442886	0.3837817	-0.4049048	-1.6763817	0.4468187	-0.4016919	-1.6931455	0.8873802	-0.4867502	-1.6964156	0.8678215	-0.6623306	-1.6882994	1.2788093	-0.2997653	-1.6945485	1.2548982	-0.3418354	-1.8284477	1.1271684	-0.2463114	-1.8729015	1.1649671	-0.2241171	-1.3260587	0.9814863	-0.8182996	-1.3797784	0.9577468	-0.7340772	-1.1504830	0.9729570	-0.6436658	-1.1410979	0.9068154	-0.6607077	-1.9359893	-0.0141333	-0.7761721	
207	0.8583333	-1.5725306	0.9475674	-0.4349249	-1.5761674	0.9126984	-0.7270367	-1.7407428	1.0110601	-0.5221413	-1.7424063	0.9975677	-0.6364405	-1.4429329	0.5629932	-0.3963319	-1.4237210	0.5571773	-0.5164340	-1.7597017	0.3302355	-0.4448179	-1.7342150	0.3212377	-0.5370296	-1.7489481	0.1929576	-0.5154988	-1.7720037	0.2193672	-0.4496703	-1.7969772	0.3747842	-0.4967162	-1.6461146	0.4878486	-0.7401560	-1.6217005	0.4785913	-0.6486930	-1.3663149	1.3389672	-0.4657313	-1.3370051	1.2942187	-0.7708996	-1.4117618	1.3785050	-0.6293900	-1.5315490	0.8172474	-0.3922477	-1.5027151	0.7174977	-0.3705917	-1.6291036	0.7690648	-0.3667517	-1.6114669	0.7450079	-0.7444011	-1.6313356	0.6461331	-0.7596195	-1.7037204	0.7397048	-0.7528871	-1.5295439	0.4709737	-0.3995273	-1.6093887	0.3843315	-0.4023323	-1.6443344	0.4464879	-0.3994530	-1.6791687	0.8852763	-0.4853650	-1.6814259	0.8645266	-0.6616603	-1.6745029	1.2924992	-0.2993192	-1.6798184	1.2669629	-0.3375775	-1.8181836	1.1456433	-0.2421635	-1.8612420	1.1840955	-0.2219192	-1.2919505	0.9850272	-0.8112977	-1.3444429	0.9597033	-0.7282657	-1.1156406	0.9891475	-0.6371127	-1.1018578	0.9242381	-0.6526968	-1.9327380	-0.0154725	-0.7770191	
208	0.8625000	-1.5577650	0.9474922	-0.4323975	-1.5590264	0.9108400	-0.7256883	-1.7249289	1.0129234	-0.5227628	-1.7257499	0.9988192	-0.6374150	-1.4154330	0.5733040	-0.3967285	-1.3967292	0.5680379	-0.5168284	-1.7237195	0.3265730	-0.4407918	-1.6984581	0.3184131	-0.5332588	-1.7065803	0.1899718	-0.5089771	-1.7314822	0.2166901	-0.4436188	-1.7632300	0.3691143	-0.4936567	-1.6372958	0.4876606	-0.7444677	-1.6148835	0.4776855	-0.6492456	-1.3502890	1.3417464	-0.4633172	-1.3150204	1.2965781	-0.7670822	-1.3919345	1.3814478	-0.6280190	-1.5136524	0.8247965	-0.3915758	-1.4808319	0.7259173	-0.3702902	-1.6095262	0.7711978	-0.3659924	-1.5944357	0.7429386	-0.7459662	-1.6171875	0.6449454	-0.7630467	-1.6896305	0.7398631	-0.7570947	-1.4981738	0.4771944	-0.3986466	-1.5746161	0.3869025	-0.3998900	-1.6124246	0.4480057	-0.3973960	-1.6650308	0.8852205	-0.4840071	-1.6658417	0.8634133	-0.6609923	-1.6596880	1.3082805	-0.2987873	-1.6642865	1.2813909	-0.3334410	-1.8074963	1.1658211	-0.2385652	-1.8490708	1.2049961	-0.2204123	-1.2590368	0.9911096	-0.8046967	-1.3104229	0.9643467	-0.7228972	-1.0828210	1.0073759	-0.6306600	-1.0650921	0.9439208	-0.6449451	-1.9284613	-0.0169084	-0.7781233	
209	0.8666667	-1.5429800	0.9450832	-0.4302747	-1.5416728	0.9078120	-0.7238968	-1.7084796	1.0129617	-0.5231296	-1.7083424	0.9987275	-0.6378333	-1.3884251	0.5815470	-0.3973035	-1.3702512	0.5768147	-0.5173685	-1.6872258	0.3215318	-0.4372063	-1.6622862	0.3143861	-0.5298031	-1.6629145	0.1877666	-0.5026034	-1.6897660	0.2139867	-0.4376978	-1.7291325	0.3613092	-0.4910472	-1.6270936	0.4870245	-0.7484565	-1.6073005	0.4762322	-0.6500429	-1.3346740	1.3429906	-0.4603991	-1.2933729	1.2975463	-0.7625686	-1.3720642	1.3823924	-0.6258319	-1.4956817	0.8298809	-0.3910482	-1.4591177	0.7320717	-0.3701825	-1.5899532	0.7713796	-0.3656890	-1.5766936	0.7399930	-0.7462442	-1.6019283	0.6430726	-0.7654630	-1.6743031	0.7390351	-0.7608744	-1.4670738	0.4816283	-0.3980855	-1.5397634	0.3880575	-0.3978356	-1.5803085	0.4477085	-0.3957073	-1.6506336	0.8830893	-0.4831157	-1.6498753	0.8609324	-0.6602902	-1.6441242	1.3214398	-0.2981969	-1.6481779	1.2937066	-0.3296564	-1.7967745	1.1830399	-0.2357609	-1.8368712	1.2230815	-0.2197450	-1.2277871	0.9959556	-0.7989629	-1.2780795	0.9679457	-0.7182881	-1.0525999	1.0247345	-0.6248529	-1.0311890	0.9629271	-0.6376991	-1.9230128	-0.0184285	-0.7795008	
210	0.8708333	-1.5271166	0.9463755	-0.4271633	-1.5235001	0.9058068	-0.7225501	-1.6919909	1.0163941	-0.5245279	-1.6910065	1.0007950	-0.6398459	-1.3623690	0.5930770	-0.3963851	-1.3447866	0.5887420	-0.5166988	-1.6507573	0.3170655	-0.4340888	-1.6258523	0.3105689	-0.5266944	-1.6197845	0.1851818	-0.4967266	-1.6486971	0.2113588	-0.4331029	-1.6950212	0.3542573	-0.4886376	-1.6222719	0.4841519	-0.7517206	-1.6059281	0.4736187	-0.6497479	-1.3167183	1.3462525	-0.4588382	-1.2704950	1.2999459	-0.7594037	-1.3514921	1.3874706	-0.6247522	-1.4787486	0.8391050	-0.3905147	-1.4383510	0.7419786	-0.3694477	-1.5702105	0.7749008	-0.3642039	-1.5605244	0.7348667	-0.7475183	-1.5895787	0.6388466	-0.7683105	-1.6601041	0.7382999	-0.7650045	-1.4366456	0.4887993	-0.3965321	-1.5055532	0.3910389	-0.3957432	-1.5489972	0.4492362	-0.3935826	-1.6358624	0.8845156	-0.4817799	-1.6337580	0.8603350	-0.6599849	-1.6274772	1.3343290	-0.2975911	-1.6307369	1.3062284	-0.3257207	-1.7858262	1.2012252	-0.2331633	-1.8242412	1.2419161	-0.2194263	-1.1979104	1.0025015	-0.7937944	-1.2471689	0.9734292	-0.7139441	-1.0245294	1.0430777	-0.6193795	-0.9999785	0.9830471	-0.6308214	-1.9162682	-0.0200192	-0.7811601	
211	0.8750000	-1.5115747	0.9461559	-0.4251044	-1.5054147	0.9027383	-0.7204299	-1.6748218	1.0176648	-0.5256529	-1.6728946	1.0010521	-0.6409006	-1.3374678	0.6019411	-0.3942651	-1.3201446	0.5985995	-0.5148429	-1.6133095	0.3106721	-0.4297970	-1.5883096	0.3054875	-0.5224049	-1.5743537	0.1822104	-0.4899438	-1.6053853	0.2075132	-0.4267371	-1.6600825	0.3449409	-0.4853090	-1.6151332	0.4815272	-0.7538732	-1.6008568	0.4703557	-0.6492690	-1.3020739	1.3490593	-0.4558845	-1.2491884	1.3010478	-0.7535898	-1.3322814	1.3892929	-0.6221674	-1.4613188	0.8442892	-0.3888746	-1.4178730	0.7483897	-0.3675608	-1.5510716	0.7763645	-0.3628531	-1.5445469	0.7304869	-0.7473884	-1.5767642	0.6353170	-0.7696551	-1.6454460	0.7371071	-0.7675700	-1.4069966	0.4934816	-0.3939129	-1.4711930	0.3916561	-0.3922932	-1.5176667	0.4485267	-0.3902926	-1.6206262	0.8841685	-0.4810601	-1.6169528	0.8582625	-0.6592223	-1.6110526	1.3384977	-0.2970024	-1.6127885	1.3105789	-0.3219580	-1.7749331	1.2107409	-0.2314388	-1.8119057	1.2516889	-0.2202452	-1.1697969	1.0067953	-0.7897506	-1.2180825	0.9769574	-0.7101802	-0.9991915	1.0591600	-0.6148593	-0.9718427	1.0010463	-0.6243907	-1.9081338	-0.0216662	-0.7831017	
212	0.8791667	-1.4951951	0.9480620	-0.4227099	-1.4868888	0.9035021	-0.7177137	-1.6565102	1.0220650	-0.5254622	-1.6537245	1.0049787	-0.6405082	-1.3142344	0.6120422	-0.3936380	-1.2965900	0.6096084	-0.5144977	-1.5762227	0.3069918	-0.4268392	-1.5508259	0.3031297	-0.5194317	-1.5289599	0.1828929	-0.4828745	-1.5623754	0.2073638	-0.4207774	-1.6249863	0.3381715	-0.4837391	-1.6075886	0.4832330	-0.7555780	-1.5953076	0.4716745	-0.6495082	-1.2868354	1.3538563	-0.4530186	-1.2287091	1.3055409	-0.7480988	-1.3133826	1.3934743	-0.6190098	-1.4443666	0.8515899	-0.3873599	-1.3984238	0.7565715	-0.3663564	-1.5323528	0.7801448	-0.3620616	-1.5284400	0.7300394	-0.7465116	-1.5636156	0.6358294	-0.7701337	-1.6303706	0.7397876	-0.7690471	-1.3786392	0.4999255	-0.3927471	-1.4378139	0.3947523	-0.3901236	-1.4872192	0.4496905	-0.3886248	-1.6046557	0.8866134	-0.4803083	-1.5996902	0.8600176	-0.6582460	-1.5916124	1.3484243	-0.2958391	-1.5921579	1.3213152	-0.3166850	-1.7635526	1.2297967	-0.2290331	-1.7979945	1.2707617	-0.2202496	-1.1419335	1.0147316	-0.7854808	-1.1888877	0.9837935	-0.7064047	-0.9742367	1.0783960	-0.6098487	-0.9445249	1.0222229	-0.6180429	-1.8985533	-0.0233561	-0.7853171	
213	0.8833333	-1.4787702	0.9458631	-0.4202171	-1.4678442	0.8998424	-0.7154884	-1.6381779	1.0223034	-0.5257946	-1.6343311	1.0046137	-0.6409045	-1.2909186	0.6191639	-0.3917763	-1.2729578	0.6171475	-0.5130434	-1.5388602	0.3017065	-0.4239608	-1.5130154	0.2988278	-0.5164107	-1.4842435	0.1824725	-0.4767012	-1.5197119	0.2056382	-0.4156878	-1.5892179	0.3295491	-0.4819335	-1.5991840	0.4815367	-0.7570794	-1.5891256	0.4700175	-0.6501135	-1.2716428	1.3550895	-0.4491618	-1.2071169	1.3064103	-0.7421131	-1.2943180	1.3943509	-0.6151918	-1.4275636	0.8551338	-0.3858293	-1.3790445	0.7613953	-0.3646518	-1.5135543	0.7806370	-0.3608734	-1.5125406	0.7253954	-0.7456043	-1.5502051	0.6323858	-0.7704066	-1.6144629	0.7381346	-0.7704182	-1.3502950	0.5039601	-0.3906828	-1.4045165	0.3959531	-0.3875241	-1.4565512	0.4487135	-0.3865148	-1.5886351	0.8849608	-0.4798020	-1.5821038	0.8574724	-0.6578838	-1.5715379	1.3532904	-0.2947877	-1.5703010	1.3276335	-0.3113645	-1.7518830	1.2467810	-0.2273697	-1.7833788	1.2875579	-0.2207807	-1.1152613	1.0196859	-0.7820069	-1.1606364	0.9877955	-0.7033262	-0.9516845	1.0954145	-0.6057899	-0.9197319	1.0415906	-0.6125236	-1.8875138	-0.0250766	-0.7877882	
214	0.8875000	-1.4612605	0.9472062	-0.4178404	-1.4489386	0.8989851	-0.7133599	-1.6188026	1.0252065	-0.5256947	-1.6143595	1.0066030	-0.6408505	-1.2697633	0.6274654	-0.3899160	-1.2514420	0.6259937	-0.5114463	-1.5013503	0.2980305	-0.4206498	-1.4749430	0.2961301	-0.5130014	-1.4391587	0.1838215	-0.4697530	-1.4766486	0.2058096	-0.4098111	-1.5528862	0.3222978	-0.4799823	-1.5903442	0.4835460	-0.7572787	-1.5815082	0.4721890	-0.6499772	-1.2564711	1.3594178	-0.4456665	-1.1863126	1.3101868	-0.7362261	-1.2755540	1.3979512	-0.6117573	-1.4107867	0.8603502	-0.3840407	-1.3605225	0.7676660	-0.3628031	-1.4948334	0.7837063	-0.3596135	-1.4971551	0.7241230	-0.7445452	-1.5370823	0.6324211	-0.7699541	-1.5987917	0.7393726	-0.7705738	-1.3236273	0.5095112	-0.3883089	-1.3721830	0.3988440	-0.3843664	-1.4268586	0.4491319	-0.3841961	-1.5715399	0.8864797	-0.4790002	-1.5641762	0.8576569	-0.6572179	-1.5510557	1.3568191	-0.2937411	-1.5473709	1.3330076	-0.3063077	-1.7399448	1.2622434	-0.2262741	-1.7686778	1.3026348	-0.2220159	-1.0890575	1.0280949	-0.7787370	-1.1327954	0.9955256	-0.7003547	-0.9302455	1.1138589	-0.6020066	-0.8965031	1.0627337	-0.6073648	-1.8750491	-0.0268182	-0.7904872	
215	0.8916667	-1.4438086	0.9471508	-0.4156348	-1.4292469	0.8970044	-0.7112060	-1.5993571	1.0272879	-0.5262298	-1.5940032	1.0078370	-0.6413848	-1.2492119	0.6343219	-0.3876776	-1.2303042	0.6332350	-0.5097944	-1.4644746	0.2930863	-0.4188340	-1.4372052	0.2920352	-0.5109411	-1.3952317	0.1834274	-0.4645950	-1.4347408	0.2039132	-0.4058358	-1.5171140	0.3143638	-0.4792524	-1.5843939	0.4828825	-0.7578477	-1.5769437	0.4720773	-0.6506434	-1.2417539	1.3634048	-0.4428169	-1.1655973	1.3141956	-0.7302599	-1.2574667	1.4017407	-0.6083546	-1.3939660	0.8642564	-0.3822524	-1.3422656	0.7726177	-0.3607795	-1.4765190	0.7855778	-0.3581867	-1.4829110	0.7201683	-0.7436158	-1.5257660	0.6297470	-0.7696418	-1.5834967	0.7389028	-0.7706606	-1.2977237	0.5136378	-0.3862275	-1.3407006	0.4003118	-0.3821830	-1.3980407	0.4482408	-0.3826654	-1.5543177	0.8867834	-0.4784814	-1.5456428	0.8567655	-0.6567076	-1.5299437	1.3582828	-0.2926287	-1.5239281	1.3366788	-0.3012490	-1.7274898	1.2762573	-0.2256294	-1.7533205	1.3159950	-0.2233669	-1.0635572	1.0354170	-0.7758971	-1.1056520	1.0020576	-0.6980749	-0.9102837	1.1307353	-0.5983164	-0.8748756	1.0822818	-0.6024193	-1.8612404	-0.0285733	-0.7933766	
216	0.8958333	-1.4254373	0.9478654	-0.4137206	-1.4097725	0.8945644	-0.7096548	-1.5793556	1.0286609	-0.5265541	-1.5735636	1.0079157	-0.6418074	-1.2299430	0.6394889	-0.3846152	-1.2103961	0.6390403	-0.5071744	-1.4272614	0.2873485	-0.4152893	-1.3990297	0.2871920	-0.5073232	-1.3509172	0.1816460	-0.4579139	-1.3923474	0.2010217	-0.4000464	-1.4806116	0.3056961	-0.4770650	-1.5775518	0.4825574	-0.7573838	-1.5702482	0.4721249	-0.6503106	-1.2275073	1.3666867	-0.4395235	-1.1458887	1.3171668	-0.7239994	-1.2400105	1.4044168	-0.6047221	-1.3770274	0.8670177	-0.3802355	-1.3244227	0.7761545	-0.3583050	-1.4581736	0.7870438	-0.3564575	-1.4691669	0.7166113	-0.7432735	-1.5146177	0.6274615	-0.7692608	-1.5686075	0.7382349	-0.7701699	-1.2727694	0.5165203	-0.3828473	-1.3096979	0.4007991	-0.3782713	-1.3696205	0.4461153	-0.3797734	-1.5362926	0.8873538	-0.4777907	-1.5269692	0.8554177	-0.6562154	-1.5088458	1.3585108	-0.2915401	-1.5004905	1.3393842	-0.2966752	-1.7145274	1.2887991	-0.2255862	-1.7374670	1.3277595	-0.2249204	-1.0386129	1.0424284	-0.7733510	-1.0791281	1.0082525	-0.6962055	-0.8918631	1.1471445	-0.5949675	-0.8548567	1.1014057	-0.5977060	-1.8462154	-0.0303369	-0.7964099	
217	0.9000000	-1.4067948	0.9501456	-0.4121692	-1.3898588	0.8932855	-0.7081144	-1.5594383	1.0311717	-0.5275122	-1.5531588	1.0089417	-0.6427173	-1.2110608	0.6452461	-0.3814349	-1.1910510	0.6454814	-0.5046158	-1.3905827	0.2828202	-0.4125796	-1.3613834	0.2834830	-0.5045382	-1.3081600	0.1817652	-0.4518075	-1.3512148	0.1998172	-0.3949942	-1.4443402	0.2979641	-0.4757538	-1.5723305	0.4818950	-0.7569492	-1.5651797	0.4717462	-0.6497209	-1.2146315	1.3714290	-0.4370809	-1.1269616	1.3230417	-0.7174525	-1.2240263	1.4092898	-0.6013853	-1.3597438	0.8708479	-0.3783573	-1.3064774	0.7805632	-0.3558340	-1.4395768	0.7894805	-0.3545867	-1.4558364	0.7128018	-0.7430202	-1.5043611	0.6249278	-0.7689971	-1.5538870	0.7384225	-0.7698508	-1.2484209	0.5199876	-0.3796874	-1.2794230	0.4018748	-0.3749306	-1.3417422	0.4450690	-0.3772936	-1.5178305	0.8892424	-0.4771880	-1.5077741	0.8551345	-0.6555830	-1.4881643	1.3582940	-0.2908172	-1.4773522	1.3415917	-0.2922601	-1.7010974	1.3024483	-0.2252984	-1.7210635	1.3400773	-0.2259337	-1.0142418	1.0501613	-0.7709019	-1.0533067	1.0150721	-0.6943165	-0.8747081	1.1636374	-0.5916689	-0.8363108	1.1204791	-0.5930274	-1.8301438	-0.0321050	-0.7995317	
218	0.9041667	-1.3881840	0.9532790	-0.4110013	-1.3694202	0.8928276	-0.7063556	-1.5392598	1.0339619	-0.5288371	-1.5323149	1.0102964	-0.6437686	-1.1919091	0.6510391	-0.3776604	-1.1713026	0.6516957	-0.5012767	-1.3545732	0.2791399	-0.4094688	-1.3243916	0.2804499	-0.5011293	-1.2662358	0.1815469	-0.4460314	-1.3107335	0.1983767	-0.3900662	-1.4089126	0.2916896	-0.4737267	-1.5673706	0.4815029	-0.7558317	-1.5606259	0.4718722	-0.6490513	-1.2017729	1.3767597	-0.4346641	-1.1078567	1.3284904	-0.7108213	-1.2080114	1.4140654	-0.5978864	-1.3417258	0.8750420	-0.3765874	-1.2880282	0.7853038	-0.3532534	-1.4209778	0.7927564	-0.3528303	-1.4427730	0.7094728	-0.7420248	-1.4943705	0.6227484	-0.7678961	-1.5385018	0.7390666	-0.7687741	-1.2241040	0.5236436	-0.3760840	-1.2494807	0.4033832	-0.3712239	-1.3141006	0.4445623	-0.3744223	-1.4990726	0.8919625	-0.4768601	-1.4879361	0.8556656	-0.6548612	-1.4680652	1.3587434	-0.2900939	-1.4550550	1.3443259	-0.2888630	-1.6868230	1.3136256	-0.2253811	-1.7044544	1.3501979	-0.2269885	-0.9901245	1.0579481	-0.7682873	-1.0280300	1.0221123	-0.6925490	-0.8588287	1.1798219	-0.5883805	-0.8190224	1.1392608	-0.5880691	-1.8132315	-0.0338732	-0.8026794	
219	0.9083333	-1.3695379	0.9557654	-0.4098806	-1.3487698	0.8926361	-0.7043325	-1.5190306	1.0355837	-0.5298033	-1.5113262	1.0108674	-0.6443337	-1.1725211	0.6559030	-0.3737404	-1.1509418	0.6569477	-0.4974890	-1.3184178	0.2764144	-0.4056141	-1.2872226	0.2784861	-0.4967343	-1.2246009	0.1835366	-0.4391990	-1.2703917	0.1986604	-0.3841042	-1.3729018	0.2858900	-0.4708615	-1.5610395	0.4809453	-0.7541029	-1.5546964	0.4719333	-0.6482152	-1.1896390	1.3810972	-0.4318193	-1.0890713	1.3330829	-0.7040282	-1.1925809	1.4171884	-0.5940471	-1.3237169	0.8782170	-0.3745159	-1.2695846	0.7890944	-0.3504899	-1.4023747	0.7952631	-0.3515677	-1.4289475	0.7062617	-0.7405226	-1.4834072	0.6205435	-0.7661380	-1.5224027	0.7394134	-0.7672476	-1.1996442	0.5268728	-0.3722560	-1.2195701	0.4051777	-0.3670100	-1.2859958	0.4441473	-0.3711912	-1.4800470	0.8939228	-0.4768908	-1.4677124	0.8560008	-0.6543091	-1.4487449	1.3577018	-0.2897123	-1.4337691	1.3453697	-0.2858231	-1.6721869	1.3235471	-0.2249656	-1.6876962	1.3587511	-0.2271756	-0.9668069	1.0645151	-0.7658508	-1.0036287	1.0278446	-0.6910540	-0.8442997	1.1944699	-0.5854406	-0.8032191	1.1563758	-0.5834469	-1.7957126	-0.0356342	-0.8057841	
220	0.9125000	-1.3504615	0.9587121	-0.4084162	-1.3280315	0.8935081	-0.7027360	-1.4985974	1.0378334	-0.5304616	-1.4902321	1.0122845	-0.6448886	-1.1541434	0.6590346	-0.3698610	-1.1314391	0.6607626	-0.4937424	-1.2829035	0.2727700	-0.4019522	-1.2505767	0.2757978	-0.4926679	-1.1839730	0.1851343	-0.4326731	-1.2309627	0.1984445	-0.3784261	-1.3370030	0.2790634	-0.4683069	-1.5537192	0.4814655	-0.7524151	-1.5478434	0.4730721	-0.6471594	-1.1774482	1.3853961	-0.4281519	-1.0706549	1.3380538	-0.6973679	-1.1775535	1.4207937	-0.5899406	-1.3057397	0.8808493	-0.3721854	-1.2515826	0.7917914	-0.3475845	-1.3839382	0.7974310	-0.3503039	-1.4142456	0.7041217	-0.7394850	-1.4714606	0.6194010	-0.7647326	-1.5058755	0.7407611	-0.7661372	-1.1762247	0.5286701	-0.3683964	-1.1905946	0.4058576	-0.3626721	-1.2586335	0.4423375	-0.3681382	-1.4606122	0.8965019	-0.4768110	-1.4472848	0.8573395	-0.6541203	-1.4298927	1.3572794	-0.2890089	-1.4134670	1.3467423	-0.2836944	-1.6567447	1.3293577	-0.2244315	-1.6709330	1.3637825	-0.2271670	-0.9441398	1.0713099	-0.7635533	-0.9802625	1.0338156	-0.6900630	-0.8303722	1.2072100	-0.5824622	-0.7881873	1.1714744	-0.5790010	-1.7778396	-0.0373744	-0.8087717	
221	0.9166667	-1.3315404	0.9603614	-0.4073731	-1.3070123	0.8933344	-0.7011461	-1.4782364	1.0385718	-0.5317867	-1.4690781	1.0123079	-0.6459512	-1.1350828	0.6617649	-0.3655806	-1.1115288	0.6636959	-0.4894937	-1.2484727	0.2698048	-0.3985123	-1.2152689	0.2734429	-0.4886725	-1.1453636	0.1874263	-0.4269923	-1.1932547	0.1987938	-0.3734381	-1.3022409	0.2729483	-0.4655668	-1.5462920	0.4810526	-0.7503025	-1.5417703	0.4737450	-0.6460966	-1.1641168	1.3871890	-0.4248098	-1.0513230	1.3408403	-0.6907637	-1.1614487	1.4224093	-0.5858018	-1.2872141	0.8829365	-0.3702178	-1.2329464	0.7941220	-0.3447651	-1.3651012	0.7989879	-0.3491901	-1.3992872	0.7006144	-0.7376499	-1.4591990	0.6169794	-0.7626061	-1.4883540	0.7407953	-0.7647761	-1.1526965	0.5302707	-0.3643968	-1.1621950	0.4066076	-0.3585579	-1.2314821	0.4409000	-0.3649875	-1.4411060	0.8979022	-0.4771182	-1.4265283	0.8576343	-0.6540610	-1.4116604	1.3526453	-0.2887145	-1.3937132	1.3437404	-0.2814123	-1.6407261	1.3331815	-0.2232956	-1.6536489	1.3662163	-0.2261652	-0.9224168	1.0765743	-0.7618346	-0.9577913	1.0380499	-0.6895744	-0.8173937	1.2177893	-0.5797529	-0.7742923	1.1841975	-0.5749936	-1.7598736	-0.0390700	-0.8115649	
222	0.9208333	-1.3124979	0.9615996	-0.4062486	-1.2858256	0.8935937	-0.6996791	-1.4578782	1.0389947	-0.5327296	-1.4478899	1.0123708	-0.6467204	-1.1159882	0.6633313	-0.3611146	-1.0912654	0.6654492	-0.4846776	-1.2147213	0.2678129	-0.3943686	-1.1805733	0.2720914	-0.4837052	-1.1076717	0.1906946	-0.4208373	-1.1564544	0.1999731	-0.3679288	-1.2679232	0.2681109	-0.4617996	-1.5377300	0.4809665	-0.7477153	-1.5345777	0.4749182	-0.6447685	-1.1500360	1.3890385	-0.4209293	-1.0319589	1.3434574	-0.6843928	-1.1450472	1.4236840	-0.5814328	-1.2687448	0.8842021	-0.3680196	-1.2144119	0.7955039	-0.3418018	-1.3463608	0.7999423	-0.3484190	-1.3836765	0.6977189	-0.7356414	-1.4461070	0.6150169	-0.7601393	-1.4703126	0.7407945	-0.7632185	-1.1294129	0.5312735	-0.3601095	-1.1343927	0.4074258	-0.3539625	-1.2045204	0.4395297	-0.3614490	-1.4214292	0.8989165	-0.4775257	-1.4055643	0.8580603	-0.6542356	-1.3929482	1.3495828	-0.2877589	-1.3741333	1.3420587	-0.2793564	-1.6235905	1.3352288	-0.2217319	-1.6356412	1.3673914	-0.2248074	-0.9017549	1.0815477	-0.7604074	-0.9368401	1.0419151	-0.6897400	-0.8051140	1.2262595	-0.5767376	-0.7611914	1.1946564	-0.5709274	-1.7420741	-0.0406828	-0.8140839	
223	0.9250000	-1.2926464	0.9642177	-0.4049343	-1.2649900	0.8947850	-0.6989976	-1.4373821	1.0405066	-0.5333999	-1.4270067	1.0133180	-0.6475876	-1.0978552	0.6637878	-0.3566359	-1.0721552	0.6666871	-0.4800036	-1.1815379	0.2646043	-0.3901189	-1.1464420	0.2697846	-0.4790519	-1.0706157	0.1923299	-0.4147313	-1.1202925	0.1997990	-0.3623383	-1.2339026	0.2622583	-0.4581592	-1.5282436	0.4819812	-0.7449475	-1.5262565	0.4769679	-0.6425031	-1.1351489	1.3910978	-0.4162944	-1.0133750	1.3471453	-0.6782197	-1.1287490	1.4263246	-0.5768524	-1.2502742	0.8855110	-0.3657269	-1.1961851	0.7963244	-0.3387434	-1.3273349	0.8009903	-0.3472569	-1.3673924	0.6959351	-0.7344046	-1.4322141	0.6141887	-0.7582333	-1.4522782	0.7419797	-0.7622469	-1.1070757	0.5311739	-0.3555692	-1.1074131	0.4069603	-0.3490218	-1.1783054	0.4369388	-0.3577008	-1.4011657	0.9012247	-0.4775216	-1.3847126	0.8595274	-0.6545908	-1.3750785	1.3427049	-0.2867202	-1.3553210	1.3365293	-0.2772227	-1.6060788	1.3314257	-0.2201627	-1.6178246	1.3626317	-0.2231690	-0.8831702	1.0850649	-0.7601008	-0.9184545	1.0444012	-0.6907695	-0.7940210	1.2318116	-0.5742753	-0.7495298	1.2017082	-0.5675395	-1.7246882	-0.0421561	-0.8162481	
224	0.9291667	-1.2730003	0.9660720	-0.4040605	-1.2436973	0.8950950	-0.6982815	-1.4170356	1.0416168	-0.5348941	-1.4060698	1.0138423	-0.6490988	-1.0792858	0.6642601	-0.3518337	-1.0528691	0.6672612	-0.4750532	-1.1508786	0.2615197	-0.3865431	-1.1150079	0.2670427	-0.4749526	-1.0370020	0.1926433	-0.4101848	-1.0872532	0.1987164	-0.3580954	-1.2027041	0.2571726	-0.4547447	-1.5189370	0.4819805	-0.7418466	-1.5188973	0.4783897	-0.6402867	-1.1188437	1.3923446	-0.4121495	-0.9941408	1.3495770	-0.6723072	-1.1113462	1.4281200	-0.5723580	-1.2311630	0.8868410	-0.3637278	-1.1773735	0.7973409	-0.3357389	-1.3082225	0.8021859	-0.3460672	-1.3512052	0.6930701	-0.7322496	-1.4183654	0.6122345	-0.7555704	-1.4334196	0.7421897	-0.7609719	-1.0851691	0.5308587	-0.3511559	-1.0817773	0.4060972	-0.3446903	-1.1533642	0.4347831	-0.3541373	-1.3810159	0.9030332	-0.4777714	-1.3635773	0.8604062	-0.6549006	-1.3565896	1.3378703	-0.2851513	-1.3367533	1.3329119	-0.2751362	-1.5882225	1.3272956	-0.2181363	-1.5998034	1.3579206	-0.2211757	-0.8655323	1.0878281	-0.7603465	-0.9013407	1.0458390	-0.6926941	-0.7830773	1.2346520	-0.5712502	-0.7380650	1.2056179	-0.5639690	-1.7079422	-0.0434107	-0.8179773	
225	0.9333333	-1.2528616	0.9672098	-0.4032568	-1.2230815	0.8958581	-0.6979008	-1.3964837	1.0414697	-0.5351874	-1.3853533	1.0136058	-0.6494992	-1.0610416	0.6628020	-0.3475283	-1.0337859	0.6664512	-0.4697812	-1.1199671	0.2577031	-0.3815961	-1.0834474	0.2640206	-0.4691992	-1.0031578	0.1929323	-0.4037035	-1.0539708	0.1973365	-0.3520027	-1.1709588	0.2510261	-0.4499585	-1.5061733	0.4826593	-0.7382725	-1.5071352	0.4800693	-0.6369236	-1.1014817	1.3924970	-0.4064056	-0.9755032	1.3512103	-0.6664439	-1.0936306	1.4283009	-0.5667825	-1.2122615	0.8862841	-0.3617841	-1.1588325	0.7963321	-0.3330857	-1.2888755	0.8018126	-0.3455569	-1.3334250	0.6916615	-0.7306406	-1.4023860	0.6114850	-0.7531563	-1.4143903	0.7425652	-0.7598740	-1.0634579	0.5290644	-0.3465861	-1.0563159	0.4042110	-0.3395590	-1.1281008	0.4312099	-0.3500365	-1.3603959	0.9039393	-0.4778280	-1.3426577	0.8611050	-0.6551918	-1.3387979	1.3334438	-0.2831635	-1.3193635	1.3294876	-0.2734789	-1.5705728	1.3199982	-0.2163096	-1.5824342	1.3507324	-0.2194189	-0.8492669	1.0897228	-0.7613000	-0.8858266	1.0464910	-0.6955796	-0.7726212	1.2354433	-0.5687445	-0.7271135	1.2073210	-0.5612007	-1.6920334	-0.0443423	-0.8191927	
226	0.9375000	-1.2330034	0.9693032	-0.4022130	-1.2017316	0.8975467	-0.6969703	-1.3761654	1.0433078	-0.5360715	-1.3644890	1.0152656	-0.6503984	-1.0429789	0.6635044	-0.3430631	-1.0149482	0.6670688	-0.4653006	-1.0923255	0.2549551	-0.3775091	-1.0550849	0.2613990	-0.4647823	-0.9725328	0.1926376	-0.3991857	-1.0239631	0.1957876	-0.3475901	-1.1431218	0.2467607	-0.4457402	-1.4954212	0.4836525	-0.7345586	-1.4989869	0.4826373	-0.6346207	-1.0832326	1.3950326	-0.4015791	-0.9568864	1.3554395	-0.6608922	-1.0757417	1.4318710	-0.5616328	-1.1932176	0.8881554	-0.3600237	-1.1402763	0.7978048	-0.3303504	-1.2698144	0.8035115	-0.3443289	-1.3165498	0.6900619	-0.7276318	-1.3873967	0.6106591	-0.7496289	-1.3944240	0.7437198	-0.7580391	-1.0426782	0.5288919	-0.3422570	-1.0325895	0.4034134	-0.3351170	-1.1050305	0.4295105	-0.3462541	-1.3399905	0.9062321	-0.4780290	-1.3213797	0.8631579	-0.6554189	-1.3222881	1.3267061	-0.2817934	-1.3031047	1.3232200	-0.2715712	-1.5532292	1.3111176	-0.2139237	-1.5655729	1.3412003	-0.2172573	-0.8344044	1.0927410	-0.7630798	-0.8719633	1.0481955	-0.6988932	-0.7622421	1.2354591	-0.5663493	-0.7165341	1.2077402	-0.5586619	-1.6771232	-0.0448202	-0.8198183	
227	0.9416667	-1.2127152	0.9678702	-0.4015535	-1.1813065	0.8966975	-0.6965543	-1.3557282	1.0411123	-0.5359791	-1.3440222	1.0133575	-0.6503297	-1.0249802	0.6594415	-0.3386607	-0.9963288	0.6632367	-0.4595660	-1.0649021	0.2500951	-0.3717874	-1.0273358	0.2568939	-0.4581415	-0.9430500	0.1907647	-0.3925459	-0.9947257	0.1926527	-0.3411803	-1.1150986	0.2400918	-0.4397734	-1.4796118	0.4824675	-0.7303762	-1.4844505	0.4826782	-0.6308579	-1.0634175	1.3932502	-0.3951626	-0.9378554	1.3555888	-0.6553009	-1.0566461	1.4305606	-0.5554056	-1.1743840	0.8849981	-0.3585316	-1.1218266	0.7942808	-0.3279755	-1.2503822	0.8010575	-0.3439642	-1.2976360	0.6875862	-0.7254954	-1.3695166	0.6084738	-0.7466117	-1.3742941	0.7419149	-0.7565478	-1.0221387	0.5248779	-0.3374160	-1.0094295	0.3995919	-0.3296610	-1.0816114	0.4245393	-0.3415617	-1.3193646	0.9047624	-0.4781213	-1.3006588	0.8620540	-0.6556340	-1.3071724	1.3175056	-0.2806339	-1.2884206	1.3141117	-0.2698298	-1.5369808	1.2994119	-0.2117390	-1.5497267	1.3287060	-0.2153527	-0.8206524	1.0934132	-0.7654359	-0.8594816	1.0474788	-0.7031140	-0.7518089	1.2315913	-0.5638525	-0.7060261	1.2040453	-0.5563950	-1.6633327	-0.0446881	-0.8197819	
228	0.9458333	-1.1916134	0.9670319	-0.4006404	-1.1616726	0.8977823	-0.6970304	-1.3355311	1.0398648	-0.5344284	-1.3243521	1.0128667	-0.6492703	-1.0087931	0.6541229	-0.3356843	-0.9794653	0.6591319	-0.4552884	-1.0386363	0.2442787	-0.3670456	-1.0005823	0.2520913	-0.4528244	-0.9147017	0.1887505	-0.3858748	-0.9668667	0.1891924	-0.3349186	-1.0877737	0.2323559	-0.4352281	-1.4602178	0.4816154	-0.7279115	-1.4653091	0.4821592	-0.6266816	-1.0439561	1.3928505	-0.3880461	-0.9216002	1.3595806	-0.6506521	-1.0393355	1.4318755	-0.5488492	-1.1560195	0.8810365	-0.3566874	-1.1043779	0.7895391	-0.3259414	-1.2311309	0.7978289	-0.3436469	-1.2760336	0.6867709	-0.7254873	-1.3487144	0.6075786	-0.7459521	-1.3544410	0.7416303	-0.7570299	-1.0033729	0.5198209	-0.3336633	-0.9877982	0.3948069	-0.3250680	-1.0596400	0.4182996	-0.3379204	-1.2981914	0.9037649	-0.4773926	-1.2803656	0.8622531	-0.6557369	-1.2926519	1.3124373	-0.2791031	-1.2750833	1.3085736	-0.2689872	-1.5209985	1.2869078	-0.2094651	-1.5345621	1.3161231	-0.2139890	-0.8079627	1.0955936	-0.7681158	-0.8483371	1.0484303	-0.7078889	-0.7410334	1.2275767	-0.5615778	-0.6952276	1.1999551	-0.5547424	-1.6507390	-0.0437678	-0.8190169	
229	0.9500000	-1.1713883	0.9662360	-0.3998414	-1.1405984	0.8985395	-0.6963481	-1.3150338	1.0401230	-0.5346149	-1.3035720	1.0137083	-0.6494947	-0.9916752	0.6518632	-0.3322849	-0.9618460	0.6558183	-0.4517649	-1.0186950	0.2401937	-0.3630296	-0.9801646	0.2472601	-0.4485213	-0.8934275	0.1859467	-0.3811972	-0.9460105	0.1861139	-0.3303204	-1.0679698	0.2272680	-0.4311147	-1.4432601	0.4806586	-0.7244877	-1.4507084	0.4826886	-0.6241292	-1.0219490	1.3919554	-0.3823937	-0.9025759	1.3621395	-0.6466417	-1.0193111	1.4328952	-0.5430063	-1.1363479	0.8802869	-0.3555223	-1.0857913	0.7884840	-0.3240069	-1.2124136	0.7978387	-0.3425040	-1.2563651	0.6852609	-0.7226236	-1.3296995	0.6060397	-0.7427047	-1.3329690	0.7410814	-0.7554156	-0.9855418	0.5171554	-0.3300690	-0.9691545	0.3919115	-0.3212999	-1.0412798	0.4149910	-0.3344378	-1.2777277	0.9037542	-0.4771970	-1.2594295	0.8631592	-0.6555684	-1.2790943	1.3077946	-0.2774077	-1.2630559	1.3028764	-0.2689707	-1.5050709	1.2711964	-0.2071499	-1.5199846	1.3006385	-0.2129546	-0.7964862	1.0975693	-0.7712813	-0.8388387	1.0495202	-0.7130510	-0.7301415	1.2216241	-0.5598182	-0.6845157	1.1934264	-0.5539383	-1.6393728	-0.0418644	-0.8174636	
230	0.9541667	-1.1511594	0.9633214	-0.3989755	-1.1197742	0.8990077	-0.6950768	-1.2943837	1.0382087	-0.5333683	-1.2826539	1.0130747	-0.6480664	-0.9740212	0.6477334	-0.3280113	-0.9434056	0.6506528	-0.4464743	-0.9977829	0.2362989	-0.3561037	-0.9589443	0.2428203	-0.4406914	-0.8708059	0.1835011	-0.3739460	-0.9236373	0.1827660	-0.3231960	-1.0472390	0.2225124	-0.4234861	-1.4229042	0.4795337	-0.7201354	-1.4318933	0.4831568	-0.6213945	-0.9998778	1.3896820	-0.3762925	-0.8830973	1.3629997	-0.6424953	-0.9989753	1.4314690	-0.5365899	-1.1170131	0.8769021	-0.3541163	-1.0672702	0.7850525	-0.3216892	-1.1936598	0.7958366	-0.3417418	-1.2360316	0.6848255	-0.7194907	-1.3091228	0.6050528	-0.7387468	-1.3110355	0.7392687	-0.7525814	-0.9670520	0.5134294	-0.3250782	-0.9498769	0.3887988	-0.3155207	-1.0217882	0.4108650	-0.3290849	-1.2573112	0.9015205	-0.4771416	-1.2386787	0.8629495	-0.6552447	-1.2664551	1.3004911	-0.2760573	-1.2518504	1.2938570	-0.2690839	-1.4890597	1.2544612	-0.2043605	-1.5053129	1.2834698	-0.2115567	-0.7862503	1.0983379	-0.7749609	-0.8309583	1.0495670	-0.7184479	-0.7192453	1.2127306	-0.5582632	-0.6741012	1.1834103	-0.5535999	-1.6292175	-0.0387758	-0.8150719	
231	0.9583333	-1.1299784	0.9596931	-0.3978610	-1.1002224	0.8989383	-0.6947913	-1.2737938	1.0355722	-0.5307603	-1.2625865	1.0117293	-0.6457345	-0.9579663	0.6411545	-0.3245475	-0.9266703	0.6441944	-0.4422485	-0.9773967	0.2299996	-0.3499148	-0.9382382	0.2366776	-0.4342671	-0.8490185	0.1795256	-0.3663872	-0.9021817	0.1778808	-0.3158312	-1.0262928	0.2150712	-0.4173197	-1.3990186	0.4774718	-0.7175217	-1.4081943	0.4815516	-0.6184976	-0.9788760	1.3864499	-0.3698910	-0.8664597	1.3652551	-0.6390172	-0.9806529	1.4308165	-0.5304015	-1.0983082	0.8710201	-0.3520933	-1.0497066	0.7788451	-0.3192191	-1.1747080	0.7916912	-0.3406225	-1.2137333	0.6846083	-0.7188204	-1.2861311	0.6040076	-0.7373327	-1.2897564	0.7373289	-0.7515972	-0.9500285	0.5074803	-0.3206203	-0.9317475	0.3833116	-0.3101118	-1.0031392	0.4042330	-0.3242027	-1.2363106	0.8983863	-0.4763240	-1.2186766	0.8619755	-0.6549193	-1.2539503	1.2985334	-0.2730865	-1.2418270	1.2895429	-0.2708967	-1.4717449	1.2336375	-0.2021317	-1.4902264	1.2639935	-0.2114293	-0.7769132	1.0983311	-0.7784820	-0.8247855	1.0495349	-0.7241844	-0.7083163	1.2010010	-0.5566352	-0.6636422	1.1701657	-0.5536415	-1.6202092	-0.0343028	-0.8118030	
232	0.9625000	-1.1094179	0.9554465	-0.3970741	-1.0803223	0.8987401	-0.6941626	-1.2531293	1.0331522	-0.5287524	-1.2421132	1.0108179	-0.6437472	-0.9426339	0.6346587	-0.3213993	-0.9106786	0.6367318	-0.4385388	-0.9621192	0.2237677	-0.3447726	-0.9225875	0.2297612	-0.4288570	-0.8336222	0.1734386	-0.3604119	-0.8869898	0.1717248	-0.3099960	-1.0106181	0.2087055	-0.4121623	-1.3726133	0.4749534	-0.7152688	-1.3823025	0.4796030	-0.6163595	-0.9581445	1.3844552	-0.3645483	-0.8493099	1.3678247	-0.6362014	-0.9621232	1.4305441	-0.5249741	-1.0791389	0.8652594	-0.3504966	-1.0321681	0.7729926	-0.3170984	-1.1564789	0.7882175	-0.3394021	-1.1905560	0.6846821	-0.7174940	-1.2616061	0.6029356	-0.7355869	-1.2671494	0.7350117	-0.7502488	-0.9350123	0.5014695	-0.3166974	-0.9169079	0.3776845	-0.3055427	-0.9878826	0.3980307	-0.3200690	-1.2156300	0.8949490	-0.4755193	-1.1984187	0.8609677	-0.6541981	-1.2417810	1.2915972	-0.2710080	-1.2312765	1.2797613	-0.2720983	-1.4536140	1.2144275	-0.1989507	-1.4741437	1.2445605	-0.2099726	-0.7685316	1.0993797	-0.7824217	-0.8193746	1.0507423	-0.7295209	-0.6971865	1.1890781	-0.5562109	-0.6534628	1.1564292	-0.5551359	-1.6122376	-0.0282617	-0.8076321	
233	0.9666667	-1.0885692	0.9521059	-0.3960621	-1.0607000	0.9004155	-0.6932436	-1.2321494	1.0313016	-0.5256506	-1.2215073	1.0108290	-0.6406471	-0.9275579	0.6288599	-0.3187218	-0.8947507	0.6299858	-0.4350840	-0.9475044	0.2185157	-0.3383168	-0.9075345	0.2239311	-0.4220644	-0.8186558	0.1685986	-0.3528639	-0.8723146	0.1664521	-0.3026263	-0.9955847	0.2031310	-0.4056337	-1.3430078	0.4738021	-0.7123797	-1.3527141	0.4788015	-0.6137694	-0.9368983	1.3823284	-0.3588046	-0.8318116	1.3705091	-0.6335435	-0.9429941	1.4300642	-0.5190844	-1.0598715	0.8599482	-0.3490526	-1.0147175	0.7676803	-0.3152932	-1.1383849	0.7856945	-0.3382729	-1.1662448	0.6870862	-0.7161434	-1.2352128	0.6038621	-0.7335149	-1.2439819	0.7341836	-0.7481728	-0.9203674	0.4964215	-0.3126448	-0.9025822	0.3732782	-0.3003363	-0.9730973	0.3925729	-0.3154078	-1.1947517	0.8924889	-0.4744141	-1.1783152	0.8615200	-0.6531438	-1.2293844	1.2857505	-0.2681066	-1.2203371	1.2706812	-0.2741949	-1.4330716	1.1924616	-0.1966342	-1.4562754	1.2228133	-0.2096180	-0.7604151	1.1012396	-0.7858533	-0.8150921	1.0535030	-0.7342922	-0.6859166	1.1760151	-0.5554944	-0.6433394	1.1410379	-0.5564587	-1.6051475	-0.0204979	-0.8025515	
234	0.9708333	-1.0664157	0.9487612	-0.3953566	-1.0422349	0.9009833	-0.6936603	-1.2112757	1.0295176	-0.5216175	-1.2019557	1.0104598	-0.6370341	-0.9142922	0.6202258	-0.3162147	-0.8808017	0.6212066	-0.4322144	-0.9342975	0.2101176	-0.3321835	-0.8936206	0.2151986	-0.4163025	-0.8049278	0.1595899	-0.3447528	-0.8591910	0.1576224	-0.2947723	-0.9815543	0.1946824	-0.4001536	-1.3110055	0.4719223	-0.7111603	-1.3193934	0.4759435	-0.6110577	-0.9154360	1.3786696	-0.3528264	-0.8167319	1.3737063	-0.6313027	-0.9250950	1.4301954	-0.5132297	-1.0407489	0.8527419	-0.3470841	-0.9979868	0.7598915	-0.3131570	-1.1203513	0.7817584	-0.3363440	-1.1410929	0.6894176	-0.7171462	-1.2075147	0.6046836	-0.7338834	-1.2218154	0.7335365	-0.7476466	-0.9075818	0.4886574	-0.3085357	-0.8898105	0.3657542	-0.2950344	-0.9601260	0.3841448	-0.3106344	-1.1733459	0.8899781	-0.4723721	-1.1591540	0.8613819	-0.6517912	-1.2161522	1.2808032	-0.2637455	-1.2090579	1.2625667	-0.2769506	-1.4099389	1.1672742	-0.1947486	-1.4365962	1.1986273	-0.2093745	-0.7532448	1.1022823	-0.7891695	-0.8117897	1.0560739	-0.7390912	-0.6751880	1.1615636	-0.5556177	-0.6339407	1.1239549	-0.5589207	-1.5987420	-0.0108985	-0.7965721	
235	0.9750000	-1.0451425	0.9452963	-0.3951466	-1.0235726	0.9017952	-0.6935399	-1.1908993	1.0270107	-0.5183342	-1.1825342	1.0095758	-0.6337580	-0.9009495	0.6118482	-0.3142336	-0.8667460	0.6118481	-0.4296970	-0.9248497	0.2028344	-0.3269311	-0.8834580	0.2070735	-0.4111403	-0.7964393	0.1508642	-0.3376216	-0.8509927	0.1493719	-0.2878593	-0.9713304	0.1874447	-0.3956317	-1.2764289	0.4686390	-0.7089849	-1.2834402	0.4717725	-0.6070012	-0.8955238	1.3754787	-0.3474039	-0.8012384	1.3764814	-0.6287899	-0.9073525	1.4289981	-0.5074347	-1.0210622	0.8457865	-0.3454430	-0.9809317	0.7525738	-0.3114539	-1.1028391	0.7781735	-0.3348131	-1.1146874	0.6910034	-0.7172369	-1.1781589	0.6044901	-0.7333671	-1.1986526	0.7322184	-0.7467746	-0.8958215	0.4811085	-0.3050948	-0.8792109	0.3587422	-0.2905705	-0.9493320	0.3767076	-0.3066580	-1.1523184	0.8870300	-0.4704896	-1.1397168	0.8610024	-0.6499670	-1.2019977	1.2765882	-0.2581787	-1.1970704	1.2552591	-0.2797393	-1.3840215	1.1418889	-0.1929531	-1.4146943	1.1744281	-0.2086181	-0.7467874	1.1031741	-0.7920961	-0.8091969	1.0588383	-0.7432170	-0.6650249	1.1458312	-0.5564555	-0.6253876	1.1053897	-0.5624946	-1.5927861	0.0005957	-0.7897263	
236	0.9791667	-1.0236096	0.9414921	-0.3948980	-1.0051130	0.9020623	-0.6935013	-1.1707365	1.0239163	-0.5144402	-1.1634995	1.0079936	-0.6299763	-0.8877182	0.6031770	-0.3128321	-0.8526355	0.6022105	-0.4281834	-0.9166207	0.1948601	-0.3211822	-0.8742137	0.1981801	-0.4057441	-0.7881138	0.1399626	-0.3296259	-0.8434305	0.1394348	-0.2801934	-0.9627299	0.1800254	-0.3906995	-1.2422086	0.4654602	-0.7074306	-1.2476884	0.4672691	-0.6038965	-0.8751765	1.3703929	-0.3417620	-0.7865479	1.3782192	-0.6263030	-0.8899689	1.4267950	-0.5012808	-1.0013110	0.8388412	-0.3441313	-0.9639226	0.7451310	-0.3101537	-1.0857173	0.7741517	-0.3330836	-1.0890094	0.6922896	-0.7174937	-1.1493276	0.6042423	-0.7331351	-1.1759844	0.7308793	-0.7458131	-0.8843558	0.4732154	-0.3018603	-0.8690316	0.3512989	-0.2860078	-0.9395689	0.3686885	-0.3025868	-1.1314880	0.8836563	-0.4684368	-1.1207675	0.8600816	-0.6480522	-1.1876942	1.2681328	-0.2517035	-1.1843526	1.2441708	-0.2826301	-1.3547290	1.1112693	-0.1923028	-1.3901607	1.1448106	-0.2082585	-0.7409395	1.1039022	-0.7946521	-0.8070781	1.0618748	-0.7465569	-0.6555602	1.1294808	-0.5582514	-0.6177333	1.0861193	-0.5670243	-1.5870125	0.0139811	-0.7820687	
237	0.9833333	-1.0031858	0.9387185	-0.3944409	-0.9862622	0.9033721	-0.6924886	-1.1511696	1.0217574	-0.5112565	-1.1444805	1.0073649	-0.6266312	-0.8744389	0.5954038	-0.3108744	-0.8383011	0.5927004	-0.4263424	-0.9107164	0.1884122	-0.3156833	-0.8672681	0.1902778	-0.4004784	-0.7829534	0.1298675	-0.3223458	-0.8387670	0.1305549	-0.2731821	-0.9565336	0.1745068	-0.3860318	-1.2096674	0.4621440	-0.7051024	-1.2141634	0.4629869	-0.6007224	-0.8567111	1.3672551	-0.3371009	-0.7713554	1.3805511	-0.6241534	-0.8733347	1.4252084	-0.4961582	-0.9816645	0.8334835	-0.3425573	-0.9470324	0.7391725	-0.3084319	-1.0692442	0.7714691	-0.3311801	-1.0644095	0.6932942	-0.7164142	-1.1217498	0.6037313	-0.7316591	-1.1530971	0.7299315	-0.7440813	-0.8735048	0.4661794	-0.2984044	-0.8601827	0.3448812	-0.2814479	-0.9311357	0.3621418	-0.2985277	-1.1112401	0.8811145	-0.4667085	-1.1014963	0.8599815	-0.6460035	-1.1724636	1.2594562	-0.2446532	-1.1704180	1.2331683	-0.2847428	-1.3226390	1.0823760	-0.1917847	-1.3630018	1.1160948	-0.2070498	-0.7356375	1.1044361	-0.7965563	-0.8053519	1.0648611	-0.7488175	-0.6467881	1.1130414	-0.5603031	-0.6111088	1.0665834	-0.5720618	-1.5811287	0.0291857	-0.7736764	
238	0.9875000	-0.9834127	0.9351850	-0.3936496	-0.9675382	0.9043473	-0.6910012	-1.1319570	1.0186147	-0.5078340	-1.1255944	1.0059329	-0.6229855	-0.8611023	0.5871943	-0.3090836	-0.8239977	0.5827786	-0.4244227	-0.9053248	0.1821281	-0.3098751	-0.8610689	0.1827125	-0.3946328	-0.7784264	0.1202214	-0.3151134	-0.8345591	0.1219168	-0.2662504	-0.9509212	0.1690986	-0.3806664	-1.1778201	0.4588693	-0.7029833	-1.1816604	0.4589339	-0.5981989	-0.8395169	1.3632108	-0.3328249	-0.7558450	1.3808764	-0.6218899	-0.8570416	1.4218305	-0.4913304	-0.9623100	0.8275372	-0.3412147	-0.9303205	0.7326919	-0.3069498	-1.0529925	0.7680492	-0.3296031	-1.0402850	0.6935335	-0.7147154	-1.0946843	0.6027406	-0.7298207	-1.1302548	0.7285779	-0.7422316	-0.8627753	0.4588311	-0.2950482	-0.8516757	0.3384558	-0.2768577	-0.9227593	0.3554192	-0.2945207	-1.0914658	0.8777370	-0.4651765	-1.0823778	0.8593099	-0.6440711	-1.1564448	1.2511565	-0.2384627	-1.1549610	1.2225841	-0.2857136	-1.2886876	1.0603227	-0.1905033	-1.3337514	1.0926217	-0.2040301	-0.7306444	1.1047694	-0.7979314	-0.8034912	1.0675356	-0.7501883	-0.6384842	1.0949710	-0.5627877	-0.6057006	1.0457314	-0.5783567	-1.5748258	0.0460667	-0.7646488	
239	0.9916667	-0.9638434	0.9320309	-0.3925223	-0.9491846	0.9046550	-0.6895469	-1.1132813	1.0156154	-0.5045297	-1.1073003	1.0042049	-0.6196175	-0.8486696	0.5788290	-0.3070627	-0.8109299	0.5727666	-0.4224914	-0.9006684	0.1755933	-0.3038919	-0.8558464	0.1747732	-0.3888101	-0.7747407	0.1104550	-0.3077065	-0.8311679	0.1135653	-0.2592345	-0.9460954	0.1633766	-0.3751257	-1.1471584	0.4553845	-0.7014544	-1.1507042	0.4545624	-0.5964036	-0.8226462	1.3587918	-0.3288367	-0.7406279	1.3810719	-0.6199442	-0.8413179	1.4189941	-0.4873283	-0.9437649	0.8219355	-0.3398420	-0.9143860	0.7263194	-0.3053126	-1.0368600	0.7647078	-0.3276917	-1.0166554	0.6934522	-0.7128316	-1.0683001	0.6014807	-0.7281137	-1.1077680	0.7269747	-0.7407456	-0.8529281	0.4512988	-0.2914367	-0.8440754	0.3316017	-0.2720885	-0.9151211	0.3486240	-0.2901410	-1.0719466	0.8746633	-0.4635628	-1.0636123	0.8583033	-0.6422868	-1.1402155	1.2417024	-0.2324566	-1.1385298	1.2115358	-0.2866404	-1.2525220	1.0383967	-0.1905356	-1.3024443	1.0687724	-0.2015593	-0.7259837	1.1051616	-0.7986847	-0.8013430	1.0705013	-0.7507520	-0.6313902	1.0763635	-0.5661603	-0.6018928	1.0249043	-0.5858029	-1.5677888	0.0644140	-0.7551047	
240	0.9958333	-0.9441460	0.9323077	-0.3913651	-0.9308584	0.9079792	-0.6881193	-1.0948767	1.0155791	-0.5012524	-1.0893507	1.0053065	-0.6162500	-0.8374152	0.5715115	-0.3050952	-0.7992008	0.5642631	-0.4201038	-0.8973599	0.1702792	-0.2983532	-0.8520442	0.1683148	-0.3832239	-0.7725237	0.1018774	-0.3006674	-0.8291007	0.1067276	-0.2526836	-0.9425261	0.1587813	-0.3701327	-1.1152088	0.4537365	-0.7000998	-1.1185063	0.4521133	-0.5941529	-0.8060694	1.3570235	-0.3253480	-0.7250744	1.3833638	-0.6178252	-0.8253329	1.4186109	-0.4837001	-0.9254250	0.8181146	-0.3382416	-0.8990081	0.7213536	-0.3036170	-1.0209913	0.7636019	-0.3259396	-0.9918624	0.6960668	-0.7107826	-1.0407382	0.6025388	-0.7265153	-1.0849296	0.7278302	-0.7395878	-0.8444737	0.4447715	-0.2878675	-0.8379345	0.3256187	-0.2673872	-0.9087287	0.3430522	-0.2861204	-1.0523743	0.8748005	-0.4615864	-1.0448618	0.8602625	-0.6401758	-1.1228359	1.2326467	-0.2264324	-1.1207502	1.2017335	-0.2873322	-1.2144967	1.0175043	-0.1918917	-1.2691781	1.0455060	-0.1997665	-0.7213306	1.1070710	-0.7989861	-0.7985349	1.0750095	-0.7506367	-0.6253119	1.0585603	-0.5704909	-0.5995223	1.0054708	-0.5945374	-1.5597079	0.0839563	-0.7451801	
241	1.0000000	-0.9262745	0.9300785	-0.3898911	-0.9124088	0.9092431	-0.6858880	-1.0769660	1.0128536	-0.4990923	-1.0711458	1.0038978	-0.6139014	-0.8266379	0.5620331	-0.3038729	-0.7882587	0.5526984	-0.4188560	-0.8962895	0.1640173	-0.2946290	-0.8509439	0.1603136	-0.3792125	-0.7742878	0.0943204	-0.2953536	-0.8305572	0.1005524	-0.2481003	-0.9412474	0.1528306	-0.3667709	-1.0864923	0.4481706	-0.6972719	-1.0902456	0.4460233	-0.5918356	-0.7909723	1.3529141	-0.3228321	-0.7087753	1.3821687	-0.6170699	-0.8101301	1.4149118	-0.4816937	-0.9078407	0.8128279	-0.3372954	-0.8842736	0.7148962	-0.3025983	-1.0055014	0.7606272	-0.3245608	-0.9689124	0.6948910	-0.7073875	-1.0155254	0.5997496	-0.7232620	-1.0621115	0.7258175	-0.7372999	-0.8370099	0.4362082	-0.2856287	-0.8336244	0.3179533	-0.2645857	-0.9035462	0.3361927	-0.2834917	-1.0333950	0.8723988	-0.4603106	-1.0255617	0.8599053	-0.6384722	-1.1047038	1.2204052	-0.2204218	-1.1026335	1.1895731	-0.2875648	-1.1760717	0.9947477	-0.1944298	-1.2352468	1.0200458	-0.1986635	-0.7168295	1.1066398	-0.7993875	-0.7952583	1.0768062	-0.7507279	-0.6204733	1.0383480	-0.5759017	-0.5986041	0.9843332	-0.6046100	-1.5502904	0.1043726	-0.7350231	
242	1.0041667	-0.9073807	0.9286051	-0.3883352	-0.8938885	0.9104737	-0.6844446	-1.0592751	1.0107751	-0.4958745	-1.0535101	1.0028315	-0.6107398	-0.8154015	0.5530412	-0.3018326	-0.7768537	0.5429897	-0.4160488	-0.8920644	0.1578639	-0.2896907	-0.8465782	0.1535647	-0.3738819	-0.7713374	0.0860333	-0.2899087	-0.8272544	0.0933162	-0.2431131	-0.9366965	0.1472478	-0.3616567	-1.0549023	0.4443886	-0.6964430	-1.0588994	0.4419075	-0.5905780	-0.7753151	1.3485336	-0.3198538	-0.6924660	1.3803136	-0.6148427	-0.7941832	1.4112287	-0.4785307	-0.8901522	0.8070420	-0.3356041	-0.8692740	0.7080045	-0.3008880	-0.9897014	0.7573858	-0.3231975	-0.9443175	0.6949941	-0.7049714	-0.9881344	0.5983346	-0.7215850	-1.0389487	0.7243138	-0.7362892	-0.8283837	0.4281749	-0.2823574	-0.8270922	0.3108169	-0.2603706	-0.8963282	0.3292247	-0.2799889	-1.0144010	0.8706862	-0.4584977	-1.0067732	0.8598293	-0.6367606	-1.0856036	1.2072017	-0.2145960	-1.0837727	1.1772847	-0.2873331	-1.1374690	0.9728046	-0.1980428	-1.2005270	0.9950455	-0.1983190	-0.7121289	1.1066378	-0.7997453	-0.7912721	1.0787469	-0.7507620	-0.6165816	1.0186681	-0.5823669	-0.5988108	0.9645732	-0.6159253	-1.5392725	0.1253058	-0.7247893	
243	1.0083333	-0.8892490	0.9281032	-0.3865868	-0.8754224	0.9118423	-0.6823920	-1.0413609	1.0087788	-0.4939840	-1.0353990	1.0015104	-0.6087925	-0.8062338	0.5443056	-0.3006893	-0.7675829	0.5329660	-0.4147061	-0.8915307	0.1519107	-0.2870987	-0.8460468	0.1464062	-0.3711163	-0.7733831	0.0802094	-0.2859427	-0.8290172	0.0886191	-0.2398152	-0.9356675	0.1409473	-0.3594369	-1.0246390	0.4384560	-0.6935701	-1.0294845	0.4357964	-0.5881710	-0.7600242	1.3445495	-0.3176000	-0.6761120	1.3791451	-0.6139299	-0.7787218	1.4082249	-0.4770885	-0.8735749	0.8023265	-0.3340162	-0.8557367	0.7020170	-0.2995309	-0.9743908	0.7549547	-0.3219913	-0.9200424	0.6940023	-0.7012404	-0.9614175	0.5954115	-0.7181404	-1.0153444	0.7220739	-0.7341878	-0.8222854	0.4202488	-0.2804448	-0.8239193	0.3034953	-0.2580919	-0.8920386	0.3228111	-0.2779958	-0.9952375	0.8695953	-0.4570180	-0.9874229	0.8598153	-0.6351178	-1.0652695	1.1930512	-0.2091904	-1.0639225	1.1646934	-0.2867229	-1.0989598	0.9519423	-0.2024099	-1.1651724	0.9708283	-0.1986202	-0.7071014	1.1067778	-0.8002062	-0.7866269	1.0806091	-0.7507154	-0.6135143	0.9995074	-0.5899199	-0.6000831	0.9461348	-0.6283927	-1.5264289	0.1463790	-0.7146358	
244	1.0125000	-0.8708197	0.9283607	-0.3849294	-0.8562962	0.9148121	-0.6803055	-1.0232480	1.0080050	-0.4915412	-1.0169467	1.0017672	-0.6062406	-0.7963442	0.5360664	-0.2992457	-0.7576775	0.5239988	-0.4126742	-0.8898591	0.1473781	-0.2846412	-0.8443937	0.1412011	-0.3681660	-0.7739728	0.0754107	-0.2827970	-0.8290440	0.0842739	-0.2372254	-0.9335246	0.1364093	-0.3570141	-0.9927886	0.4345056	-0.6909577	-0.9983884	0.4317255	-0.5861390	-0.7437626	1.3406452	-0.3150163	-0.6587628	1.3782114	-0.6119082	-0.7620467	1.4053757	-0.4744001	-0.8564949	0.7976919	-0.3323043	-0.8416142	0.6961662	-0.2980458	-0.9587893	0.7530191	-0.3208675	-0.8952496	0.6948725	-0.6974084	-0.9337560	0.5943680	-0.7147204	-0.9910172	0.7213579	-0.7317811	-0.8154921	0.4131286	-0.2783920	-0.8198392	0.2973505	-0.2556840	-0.8867208	0.3172235	-0.2762011	-0.9760243	0.8694241	-0.4553406	-0.9677786	0.8612591	-0.6332154	-1.0435019	1.1780222	-0.2043158	-1.0427973	1.1517680	-0.2858645	-1.0604579	0.9319902	-0.2074679	-1.1290694	0.9472980	-0.1997054	-0.7017067	1.1073990	-0.8006193	-0.7813778	1.0828569	-0.7502716	-0.6112961	0.9807620	-0.5986749	-0.6026495	0.9289850	-0.6420849	-1.5115819	0.1672121	-0.7047154	
245	1.0166667	-0.8521727	0.9289766	-0.3831832	-0.8371494	0.9176010	-0.6781040	-1.0047923	1.0068683	-0.4891748	-0.9982392	1.0014326	-0.6037552	-0.7867447	0.5280596	-0.2982686	-0.7482021	0.5153864	-0.4113284	-0.8883442	0.1431124	-0.2832179	-0.8430139	0.1362469	-0.3664741	-0.7744565	0.0715411	-0.2806217	-0.8291220	0.0809323	-0.2355626	-0.9316627	0.1318546	-0.3556826	-0.9605020	0.4299708	-0.6879246	-0.9669917	0.4270902	-0.5841424	-0.7269077	1.3362402	-0.3128997	-0.6421104	1.3769811	-0.6102174	-0.7453846	1.4022795	-0.4722157	-0.8395100	0.7933430	-0.3305540	-0.8276060	0.6905589	-0.2966982	-0.9428790	0.7510647	-0.3197947	-0.8702772	0.6956019	-0.6930925	-0.9057566	0.5930002	-0.7107482	-0.9662420	0.7202071	-0.7289659	-0.8088488	0.4062514	-0.2770326	-0.8158846	0.2913351	-0.2541848	-0.8815979	0.3119407	-0.2750427	-0.9564638	0.8693247	-0.4536446	-0.9479148	0.8624478	-0.6312637	-1.0202050	1.1623356	-0.2000641	-1.0204807	1.1384649	-0.2847576	-1.0221921	0.9131867	-0.2128772	-1.0925021	0.9248320	-0.2012632	-0.6960555	1.1074318	-0.8011412	-0.7756866	1.0844352	-0.7496646	-0.6099327	0.9619745	-0.6086544	-0.6064875	0.9125797	-0.6568930	-1.4946062	0.1874388	-0.6951706	
246	1.0208333	-0.8335800	0.9322226	-0.3811947	-0.8173754	0.9228795	-0.6754175	-0.9858715	1.0081659	-0.4869333	-0.9788081	1.0034815	-0.6013248	-0.7777726	0.5221638	-0.2970144	-0.7392991	0.5086482	-0.4098304	-0.8882495	0.1410722	-0.2822570	-0.8430523	0.1333662	-0.3651711	-0.7767059	0.0699948	-0.2790598	-0.8307998	0.0796796	-0.2344680	-0.9312216	0.1294720	-0.3548818	-0.9283920	0.4274936	-0.6837975	-0.9358678	0.4246365	-0.5817666	-0.7092186	1.3336551	-0.3108700	-0.6243704	1.3774734	-0.6086531	-0.7278961	1.4008845	-0.4701166	-0.8225320	0.7911553	-0.3284686	-0.8138733	0.6871598	-0.2950317	-0.9270821	0.7517478	-0.3184682	-0.8455822	0.6985948	-0.6879494	-0.8779965	0.5937974	-0.7057090	-0.9408468	0.7212582	-0.7250488	-0.8031404	0.4015753	-0.2756417	-0.8132043	0.2876026	-0.2528518	-0.8775085	0.3088470	-0.2741182	-0.9366024	0.8717447	-0.4518142	-0.9273410	0.8660590	-0.6290361	-0.9953008	1.1472651	-0.1964948	-0.9966731	1.1260223	-0.2835165	-0.9837966	0.8966495	-0.2185113	-1.0550540	0.9045581	-0.2033345	-0.6901419	1.1088728	-0.8016212	-0.7694693	1.0873881	-0.7486015	-0.6092551	0.9456277	-0.6198157	-0.6114025	0.8994250	-0.6725090	-1.4754319	0.2067215	-0.6861281	
247	1.0250000	-0.8152500	0.9334730	-0.3791889	-0.7975165	0.9262487	-0.6725043	-0.9669562	1.0072367	-0.4846832	-0.9592365	1.0033233	-0.5988176	-0.7682569	0.5151535	-0.2957184	-0.7300292	0.5008829	-0.4083679	-0.8873427	0.1386458	-0.2820400	-0.8424896	0.1302183	-0.3645850	-0.7781351	0.0688023	-0.2784616	-0.8315043	0.0782394	-0.2343176	-0.9301084	0.1265192	-0.3547194	-0.8961409	0.4231012	-0.6795575	-0.9044995	0.4202176	-0.5795981	-0.6911713	1.3285060	-0.3092564	-0.6066014	1.3755937	-0.6072019	-0.7101117	1.3970148	-0.4681811	-0.8056832	0.7872799	-0.3264713	-0.7999701	0.6822772	-0.2933910	-0.9109463	0.7506052	-0.3171916	-0.8211005	0.6997616	-0.6826084	-0.8503043	0.5927378	-0.7004397	-0.9153349	0.7203317	-0.7208790	-0.7967724	0.3959947	-0.2745477	-0.8097997	0.2831982	-0.2520680	-0.8725716	0.3050094	-0.2736063	-0.9168177	0.8720822	-0.4501567	-0.9066334	0.8676472	-0.6268560	-0.9689856	1.1302813	-0.1935684	-0.9719174	1.1117223	-0.2822308	-0.9456082	0.8794309	-0.2245259	-1.0173319	0.8836706	-0.2059099	-0.6841199	1.1085863	-0.8022707	-0.7629629	1.0886226	-0.7477571	-0.6098859	0.9285189	-0.6323512	-0.6178093	0.8863172	-0.6890951	-1.4540436	0.2247645	-0.6776938	
248	1.0291667	-0.7968465	0.9359903	-0.3767890	-0.7774984	0.9309413	-0.6693875	-0.9479096	1.0072451	-0.4822199	-0.9395003	1.0041214	-0.5961740	-0.7588612	0.5097390	-0.2941921	-0.7209536	0.4946268	-0.4067279	-0.8865526	0.1375304	-0.2818418	-0.8422221	0.1283169	-0.3640380	-0.7795996	0.0690272	-0.2779939	-0.8322049	0.0780833	-0.2342541	-0.9293178	0.1247542	-0.3545310	-0.8637017	0.4208367	-0.6749139	-0.8730025	0.4179065	-0.5771460	-0.6725620	1.3248097	-0.3078766	-0.5886794	1.3745867	-0.6062579	-0.6921456	1.3944443	-0.4667277	-0.7888568	0.7845026	-0.3242171	-0.7861148	0.6787019	-0.2914854	-0.8946014	0.7509098	-0.3156436	-0.7964702	0.7026820	-0.6770377	-0.8224539	0.5935775	-0.6948487	-0.8895000	0.7208948	-0.7164239	-0.7905055	0.3920162	-0.2733444	-0.8065766	0.2803060	-0.2512717	-0.8676339	0.3026220	-0.2729819	-0.8967931	0.8735960	-0.4482850	-0.8856332	0.8704389	-0.6245795	-0.9412082	1.1141860	-0.1913612	-0.9458859	1.0982726	-0.2809176	-0.9070653	0.8645234	-0.2306816	-0.9786348	0.8649908	-0.2087874	-0.6777966	1.1089196	-0.8028219	-0.7558534	1.0904914	-0.7467648	-0.6112894	0.9135027	-0.6460800	-0.6251557	0.8761167	-0.7062443	-1.4304760	0.2413232	-0.6699494	
249	1.0333333	-0.7785615	0.9381432	-0.3742279	-0.7574896	0.9352611	-0.6661811	-0.9290393	1.0066007	-0.4797333	-0.9198993	1.0042546	-0.5935347	-0.7494118	0.5041251	-0.2926523	-0.7119192	0.4882014	-0.4050508	-0.8858433	0.1365936	-0.2819606	-0.8421737	0.1265750	-0.3637904	-0.7810726	0.0692684	-0.2778242	-0.8329270	0.0779896	-0.2345332	-0.9288146	0.1232908	-0.3546467	-0.8310167	0.4188563	-0.6703782	-0.8411643	0.4158191	-0.5744989	-0.6533341	1.3208042	-0.3067787	-0.5705904	1.3730451	-0.6056806	-0.6738344	1.3917576	-0.4656640	-0.7722562	0.7811810	-0.3219275	-0.7723519	0.6747081	-0.2895490	-0.8781076	0.7508747	-0.3140572	-0.7715347	0.7057859	-0.6716824	-0.7943507	0.5946347	-0.6894904	-0.8636578	0.7212066	-0.7122055	-0.7841728	0.3879409	-0.2722716	-0.8033564	0.2773490	-0.2507223	-0.8626435	0.3003113	-0.2725136	-0.8767680	0.8746587	-0.4463467	-0.8645617	0.8727727	-0.6222816	-0.9118919	1.0978365	-0.1897108	-0.9187723	1.0845200	-0.2796003	-0.8681396	0.8502750	-0.2371946	-0.9391829	0.8469897	-0.2120570	-0.6711816	1.1091172	-0.8034418	-0.7482103	1.0922955	-0.7460086	-0.6136037	0.9001479	-0.6609578	-0.6333017	0.8683072	-0.7237374	-1.4048077	0.2562114	-0.6629490	
250	1.0375000	-0.7601278	0.9415228	-0.3713982	-0.7374149	0.9406234	-0.6630452	-0.9104952	1.0067239	-0.4771006	-0.9006624	1.0050798	-0.5908518	-0.7397626	0.4996785	-0.2908464	-0.7026365	0.4831296	-0.4030091	-0.8846318	0.1364543	-0.2822354	-0.8415732	0.1257203	-0.3637538	-0.7816831	0.0703434	-0.2776939	-0.8328952	0.0787430	-0.2348391	-0.9279299	0.1224165	-0.3550463	-0.7971947	0.4186926	-0.6664698	-0.8080342	0.4154988	-0.5717172	-0.6336094	1.3181042	-0.3055346	-0.5525536	1.3725073	-0.6050725	-0.6552879	1.3905537	-0.4645333	-0.7555942	0.7786383	-0.3192292	-0.7584681	0.6716024	-0.2872641	-0.8614971	0.7518504	-0.3122588	-0.7456771	0.7106256	-0.6668602	-0.7652827	0.5974455	-0.6848462	-0.8376256	0.7227090	-0.7086623	-0.7775161	0.3849088	-0.2710223	-0.7996792	0.2752231	-0.2500772	-0.8573271	0.2990065	-0.2719992	-0.8566623	0.8767974	-0.4440779	-0.8434513	0.8760750	-0.6198526	-0.8810329	1.0827909	-0.1886301	-0.8903609	1.0718988	-0.2782993	-0.8284237	0.8384183	-0.2438364	-0.8985280	0.8312022	-0.2155407	-0.6639447	1.1103643	-0.8038679	-0.7396245	1.0952018	-0.7452859	-0.6165344	0.8894697	-0.6769733	-0.6419751	0.8639479	-0.7414322	-1.3771524	0.2693032	-0.6567185	
251	1.0416667	-0.7419869	0.9420788	-0.3687255	-0.7175572	0.9428362	-0.6603665	-0.8926313	1.0039082	-0.4748870	-0.8821002	1.0028803	-0.5886871	-0.7294477	0.4934655	-0.2891021	-0.6927428	0.4764134	-0.4008826	-0.8832847	0.1349318	-0.2829229	-0.8408597	0.1235714	-0.3641397	-0.7822640	0.0697582	-0.2778572	-0.8328489	0.0779391	-0.2354267	-0.9269073	0.1201758	-0.3559206	-0.7626364	0.4161247	-0.6633885	-0.7739980	0.4128105	-0.5687449	-0.6138271	1.3132598	-0.3043771	-0.5347012	1.3694072	-0.6045362	-0.6366730	1.3870770	-0.4635163	-0.7388784	0.7736596	-0.3166542	-0.7442849	0.6663126	-0.2850934	-0.8448902	0.7501789	-0.3105619	-0.7191493	0.7127219	-0.6629183	-0.7355869	0.5976137	-0.6812536	-0.8118493	0.7213091	-0.7062333	-0.7703008	0.3800521	-0.2699166	-0.7955628	0.2713030	-0.2496938	-0.8516093	0.2962286	-0.2716667	-0.8369811	0.8760372	-0.4417820	-0.8227071	0.8762900	-0.6175750	-0.8492806	1.0665066	-0.1881939	-0.8613823	1.0577908	-0.2771440	-0.7882008	0.8265544	-0.2509605	-0.8570394	0.8152243	-0.2195072	-0.6567039	1.1100783	-0.8046817	-0.7307651	1.0965151	-0.7453056	-0.6200038	0.8797554	-0.6940245	-0.6506630	0.8609138	-0.7591021	-1.3476490	0.2805331	-0.6512548	
252	1.0458333	-0.7238691	0.9419016	-0.3660165	-0.6978354	0.9438248	-0.6580504	-0.8751716	1.0006118	-0.4728351	-0.8640118	1.0000340	-0.5868340	-0.7184201	0.4878013	-0.2872031	-0.6822140	0.4702721	-0.3986342	-0.8817588	0.1344640	-0.2837772	-0.8399907	0.1224182	-0.3648209	-0.7826425	0.0698664	-0.2781984	-0.8326901	0.0780754	-0.2361343	-0.9257993	0.1191395	-0.3570408	-0.7274370	0.4141451	-0.6608460	-0.7391180	0.4107072	-0.5655302	-0.5934245	1.3085490	-0.3028841	-0.5171004	1.3660142	-0.6041360	-0.6179292	1.3838755	-0.4623605	-0.7220084	0.7687069	-0.3140977	-0.7296940	0.6612535	-0.2828733	-0.8281529	0.7481551	-0.3086494	-0.6922388	0.7146608	-0.6598326	-0.7054554	0.5979021	-0.6785358	-0.7863300	0.7194097	-0.7045579	-0.7624280	0.3757497	-0.2687472	-0.7909149	0.2679594	-0.2493807	-0.8454805	0.2943716	-0.2712412	-0.8175758	0.8745918	-0.4392925	-0.8023059	0.8755283	-0.6153382	-0.8164126	1.0513971	-0.1881565	-0.8315007	1.0445519	-0.2761465	-0.7470487	0.8167449	-0.2584710	-0.8142741	0.8011018	-0.2238379	-0.6491683	1.1106435	-0.8057298	-0.7213970	1.0986630	-0.7458253	-0.6236593	0.8732594	-0.7117073	-0.6589014	0.8613001	-0.7763397	-1.3164516	0.2898924	-0.6465275	
253	1.0500000	-0.7055919	0.9424190	-0.3632582	-0.6782050	0.9450727	-0.6560277	-0.8580190	0.9983366	-0.4707723	-0.8463473	0.9980536	-0.5850845	-0.7072321	0.4836004	-0.2850429	-0.6714493	0.4656037	-0.3961547	-0.8801086	0.1351307	-0.2845045	-0.8388631	0.1223567	-0.3655205	-0.7826529	0.0705432	-0.2785997	-0.8322448	0.0789759	-0.2367343	-0.9245905	0.1193213	-0.3581612	-0.6915662	0.4141734	-0.6587878	-0.7032951	0.4106507	-0.5621372	-0.5723427	1.3050979	-0.3011281	-0.4993635	1.3634698	-0.6037692	-0.5987365	1.3819734	-0.4609514	-0.7050743	0.7648588	-0.3113180	-0.7149967	0.6574421	-0.2804113	-0.8115819	0.7471083	-0.3064413	-0.6650761	0.7178825	-0.6574972	-0.6749626	0.5997391	-0.6765816	-0.7610961	0.7184616	-0.7034172	-0.7543523	0.3727261	-0.2672942	-0.7859890	0.2657194	-0.2487751	-0.8393063	0.2938417	-0.2705875	-0.7983852	0.8739196	-0.4365237	-0.7822673	0.8752835	-0.6130217	-0.7824937	1.0383169	-0.1886033	-0.8005430	1.0329348	-0.2754633	-0.7047186	0.8099976	-0.2662277	-0.7698652	0.7897386	-0.2285286	-0.6413204	1.1126986	-0.8069912	-0.7114305	1.1021993	-0.7466117	-0.6270044	0.8706276	-0.7297031	-0.6662175	0.8655522	-0.7928294	-1.2837199	0.2974225	-0.6424809	
254	1.0541667	-0.6872783	0.9436067	-0.3605407	-0.6588501	0.9470246	-0.6541159	-0.8409931	0.9972231	-0.4686925	-0.8289470	0.9972600	-0.5833404	-0.6959556	0.4808629	-0.2828867	-0.6605747	0.4623868	-0.3937349	-0.8785710	0.1369822	-0.2853182	-0.8378084	0.1234458	-0.3664106	-0.7827892	0.0720584	-0.2792031	-0.8319412	0.0808975	-0.2374214	-0.9235299	0.1208456	-0.3594576	-0.6559502	0.4158787	-0.6569818	-0.6674295	0.4122960	-0.5587218	-0.5506127	1.3026972	-0.2994457	-0.4814786	1.3617049	-0.6035889	-0.5790404	1.3811302	-0.4595133	-0.6881909	0.7622937	-0.3085657	-0.7002853	0.6549973	-0.2779684	-0.7951446	0.7470839	-0.3041100	-0.6382629	0.7223098	-0.6557363	-0.6448472	0.6029623	-0.6751154	-0.7364765	0.7186567	-0.7024470	-0.7461664	0.3709811	-0.2658429	-0.7809701	0.2646135	-0.2482029	-0.8331853	0.2946513	-0.2699279	-0.7794065	0.8741081	-0.4336490	-0.7626328	0.8759210	-0.6106343	-0.7475842	1.0270954	-0.1896006	-0.7685578	1.0227706	-0.2753133	-0.6613075	0.8058087	-0.2743058	-0.7239871	0.7807681	-0.2337592	-0.6331314	1.1160158	-0.8085339	-0.7008632	1.1068347	-0.7476464	-0.6298303	0.8712890	-0.7480075	-0.6724724	0.8730280	-0.8086602	-1.2496110	0.3032076	-0.6390384	
255	1.0583333	-0.6691740	0.9431093	-0.3580146	-0.6399925	0.9469810	-0.6525342	-0.8243610	0.9950845	-0.4667132	-0.8120668	0.9953305	-0.5817467	-0.6848089	0.4774566	-0.2805328	-0.6498094	0.4584250	-0.3912381	-0.8771396	0.1379771	-0.2859062	-0.8368054	0.1235971	-0.3672034	-0.7829219	0.0727342	-0.2798090	-0.8316545	0.0820306	-0.2379420	-0.9225855	0.1214371	-0.3605589	-0.6206346	0.4176215	-0.6554900	-0.6316242	0.4139492	-0.5554317	-0.5284803	1.2991464	-0.2977910	-0.4637153	1.3588012	-0.6035380	-0.5591287	1.3793807	-0.4580322	-0.6716959	0.7587386	-0.3058297	-0.6858433	0.6517032	-0.2754466	-0.7791116	0.7458759	-0.3016702	-0.6122168	0.7258336	-0.6545834	-0.6153479	0.6056491	-0.6741699	-0.7125910	0.7177777	-0.7017700	-0.7380401	0.3684877	-0.2641950	-0.7759654	0.2626833	-0.2474049	-0.8271929	0.2947034	-0.2689944	-0.7609769	0.8728265	-0.4308345	-0.7437213	0.8749068	-0.6083841	-0.7121987	1.0157577	-0.1909211	-0.7360859	1.0120434	-0.2755749	-0.6169841	0.8027620	-0.2825716	-0.6767896	0.7727162	-0.2395276	-0.6248618	1.1194120	-0.8104901	-0.6899470	1.1112365	-0.7492505	-0.6322515	0.8739943	-0.7665259	-0.6776133	0.8821852	-0.8239166	-1.2142725	0.3073651	-0.6361060	
256	1.0625000	-0.6513563	0.9405342	-0.3557112	-0.6216456	0.9447945	-0.6512370	-0.8080372	0.9917795	-0.4648732	-0.7955935	0.9922292	-0.5803160	-0.6737206	0.4735395	-0.2780159	-0.6391224	0.4538614	-0.3887032	-0.8757557	0.1386053	-0.2863041	-0.8358696	0.1233376	-0.3678805	-0.7833141	0.0729069	-0.2805423	-0.8314911	0.0826665	-0.2384164	-0.9216059	0.1217598	-0.3614363	-0.5856307	0.4192823	-0.6541135	-0.5959528	0.4154157	-0.5521877	-0.5062787	1.2945408	-0.2965673	-0.4461010	1.3547326	-0.6037840	-0.5391128	1.3765389	-0.4568072	-0.6556011	0.7540867	-0.3032875	-0.6716507	0.6475632	-0.2729544	-0.7634905	0.7433520	-0.2991500	-0.5871239	0.7282389	-0.6538374	-0.5865750	0.6076428	-0.6735229	-0.6893968	0.7157881	-0.7012692	-0.7299334	0.3654787	-0.2624052	-0.7709431	0.2602889	-0.2464315	-0.8212012	0.2943313	-0.2678420	-0.7431890	0.8697790	-0.4281758	-0.7255836	0.8720956	-0.6063242	-0.6764762	1.0048538	-0.1924659	-0.7032407	1.0013302	-0.2762833	-0.5720637	0.8011940	-0.2909127	-0.6285366	0.7661111	-0.2457374	-0.6165251	1.1233969	-0.8129659	-0.6787880	1.1158552	-0.7515394	-0.6341164	0.8793471	-0.7850645	-0.6813640	0.8933032	-0.8386806	-1.1778389	0.3100355	-0.6335783	
257	1.0666667	-0.6332133	0.9416348	-0.3532385	-0.6033410	0.9461481	-0.6497103	-0.7914300	0.9925244	-0.4625877	-0.7789839	0.9930904	-0.5783950	-0.6631815	0.4732121	-0.2755616	-0.6288337	0.4528401	-0.3863756	-0.8743792	0.1420660	-0.2860868	-0.8347881	0.1257701	-0.3680690	-0.7830970	0.0747624	-0.2809024	-0.8308935	0.0854664	-0.2383663	-0.9208313	0.1253127	-0.3617188	-0.5504162	0.4260060	-0.6526865	-0.5599770	0.4217902	-0.5490396	-0.4830653	1.2934724	-0.2952062	-0.4283754	1.3541856	-0.6041035	-0.5186714	1.3776187	-0.4553784	-0.6398207	0.7532080	-0.3006434	-0.6578414	0.6471163	-0.2704116	-0.7481557	0.7446294	-0.2964809	-0.5625302	0.7354264	-0.6530996	-0.5579961	0.6145580	-0.6728303	-0.6662894	0.7180239	-0.7005396	-0.7220922	0.3659298	-0.2604783	-0.7659702	0.2611192	-0.2450544	-0.8155891	0.2970913	-0.2664023	-0.7254250	0.8705924	-0.4253861	-0.7077036	0.8730611	-0.6040833	-0.6399021	0.9981348	-0.1942117	-0.6693253	0.9945679	-0.2774885	-0.5264839	0.8044781	-0.2990111	-0.5790875	0.7645006	-0.2521511	-0.6072014	1.1314435	-0.8155758	-0.6665482	1.1242528	-0.7539340	-0.6346507	0.8901560	-0.8026831	-0.6832047	0.9092775	-0.8523261	-1.1404289	0.3113735	-0.6313432	
258	1.0708333	-0.6153518	0.9417465	-0.3510957	-0.5855149	0.9466704	-0.6483215	-0.7749396	0.9926570	-0.4603820	-0.7625813	0.9934042	-0.5764725	-0.6532016	0.4723003	-0.2729892	-0.6191331	0.4511852	-0.3839697	-0.8729501	0.1443791	-0.2855070	-0.8336356	0.1270072	-0.3678779	-0.7828863	0.0750401	-0.2811930	-0.8301610	0.0867245	-0.2381008	-0.9199735	0.1277577	-0.3615967	-0.5153222	0.4330290	-0.6514791	-0.5240210	0.4282365	-0.5461123	-0.4596957	1.2914137	-0.2944346	-0.4105508	1.3529106	-0.6045702	-0.4978597	1.3778744	-0.4541403	-0.6244991	0.7514763	-0.2982083	-0.6445046	0.6459334	-0.2679424	-0.7332255	0.7451986	-0.2938493	-0.5388507	0.7425083	-0.6524841	-0.5300247	0.6215659	-0.6722955	-0.6434998	0.7200029	-0.6999451	-0.7146158	0.3656988	-0.2583640	-0.7611339	0.2611282	-0.2433571	-0.8102200	0.2989382	-0.2647501	-0.7080290	0.8705464	-0.4227920	-0.6903077	0.8732664	-0.6019157	-0.6032755	0.9917542	-0.1960336	-0.6352581	0.9878456	-0.2791540	-0.4805018	0.8096798	-0.3070766	-0.5286736	0.7647903	-0.2591451	-0.5974499	1.1393434	-0.8184901	-0.6537995	1.1322615	-0.7569414	-0.6343969	0.9017817	-0.8195167	-0.6836753	0.9254009	-0.8652083	-1.1021456	0.3115378	-0.6292883	
259	1.0750000	-0.5978685	0.9391992	-0.3492843	-0.5680770	0.9450961	-0.6470534	-0.7585136	0.9910058	-0.4583051	-0.7462581	0.9921704	-0.5745956	-0.6436196	0.4695821	-0.2706355	-0.6098735	0.4476755	-0.3818317	-0.8713453	0.1453362	-0.2848140	-0.8323740	0.1268653	-0.3675074	-0.7827591	0.0735532	-0.2816976	-0.8293388	0.0862392	-0.2379319	-0.9188296	0.1290699	-0.3611355	-0.4801551	0.4397402	-0.6503685	-0.4880177	0.4340484	-0.5433742	-0.4364256	1.2874398	-0.2941660	-0.3931556	1.3501693	-0.6051517	-0.4771914	1.3763586	-0.4530563	-0.6096538	0.7475974	-0.2963108	-0.6315890	0.6427474	-0.2658708	-0.7186799	0.7436465	-0.2914933	-0.5161091	0.7484689	-0.6518130	-0.5025686	0.6278335	-0.6717488	-0.6208306	0.7208045	-0.6995725	-0.7073732	0.3638408	-0.2564663	-0.7563679	0.2597047	-0.2417583	-0.8048517	0.2991926	-0.2631660	-0.6911054	0.8681643	-0.4206140	-0.6733888	0.8714820	-0.6000325	-0.5667871	0.9848717	-0.1979040	-0.6011691	0.9804398	-0.2812648	-0.4345270	0.8156669	-0.3150848	-0.4778675	0.7661593	-0.2667076	-0.5876843	1.1473290	-0.8216363	-0.6408326	1.1399645	-0.7606063	-0.6334126	0.9152116	-0.8359094	-0.6826930	0.9423961	-0.8776346	-1.0630783	0.3106840	-0.6273056	
260	1.0791667	-0.5804213	0.9368381	-0.3475375	-0.5504625	0.9441779	-0.6455942	-0.7416076	0.9902865	-0.4563146	-0.7293779	0.9920535	-0.5727042	-0.6344583	0.4679481	-0.2681342	-0.6010285	0.4450728	-0.3796005	-0.8697575	0.1477997	-0.2836189	-0.8311917	0.1281117	-0.3665071	-0.7828112	0.0737436	-0.2817884	-0.8285976	0.0873398	-0.2373812	-0.9176553	0.1317852	-0.3600220	-0.4444329	0.4486349	-0.6486545	-0.4516252	0.4418015	-0.5404517	-0.4126174	1.2840823	-0.2941900	-0.3753753	1.3483687	-0.6059824	-0.4560636	1.3756398	-0.4521071	-0.5952254	0.7444813	-0.2947287	-0.6190742	0.6404819	-0.2639211	-0.7042761	0.7429387	-0.2892176	-0.4939268	0.7559669	-0.6505467	-0.4751778	0.6359451	-0.6705248	-0.5976344	0.7230570	-0.6988728	-0.7004188	0.3632970	-0.2544046	-0.7518339	0.2598352	-0.2398635	-0.7995832	0.3007193	-0.2613342	-0.6742624	0.8663023	-0.4187447	-0.6564279	0.8705025	-0.5982979	-0.5301591	0.9798020	-0.1996964	-0.5666202	0.9748430	-0.2838160	-0.3887416	0.8242620	-0.3227156	-0.4269094	0.7705935	-0.2744818	-0.5772229	1.1570264	-0.8246417	-0.6270009	1.1491322	-0.7644958	-0.6313250	0.9313303	-0.8510989	-0.6800846	0.9612438	-0.8889706	-1.0233051	0.3089572	-0.6252967	
261	1.0833333	-0.5630842	0.9339398	-0.3459401	-0.5326483	0.9431562	-0.6439061	-0.7242229	0.9894928	-0.4545746	-0.7118760	0.9920221	-0.5709294	-0.6259520	0.4663024	-0.2657406	-0.5927503	0.4423866	-0.3774826	-0.8679695	0.1501381	-0.2822571	-0.8297911	0.1292354	-0.3651198	-0.7826407	0.0741467	-0.2817200	-0.8275727	0.0883764	-0.2368038	-0.9162352	0.1342240	-0.3585882	-0.4087210	0.4575629	-0.6466691	-0.4154017	0.4493961	-0.5378841	-0.3887161	1.2806640	-0.2946634	-0.3572525	1.3467505	-0.6071061	-0.4347738	1.3748453	-0.4515135	-0.5813735	0.7411327	-0.2935268	-0.6071818	0.6380736	-0.2622394	-0.6901021	0.7420584	-0.2872392	-0.4723790	0.7635055	-0.6487157	-0.4481132	0.6441427	-0.6687385	-0.5740488	0.7254214	-0.6978289	-0.6938836	0.3628455	-0.2524181	-0.7474730	0.2601755	-0.2378931	-0.7944431	0.3020701	-0.2596180	-0.6574461	0.8640900	-0.4173103	-0.6393111	0.8694348	-0.5967754	-0.4935966	0.9756917	-0.2014886	-0.5319245	0.9702413	-0.2867171	-0.3434623	0.8348091	-0.3300909	-0.3761910	0.7774249	-0.2826030	-0.5661142	1.1677104	-0.8274527	-0.6125032	1.1591806	-0.7687128	-0.6282782	0.9489698	-0.8649742	-0.6761261	0.9809292	-0.8991804	-0.9828963	0.3064874	-0.6231766	
262	1.0875000	-0.5456648	0.9303247	-0.3444305	-0.5144510	0.9422552	-0.6421378	-0.7063540	0.9887296	-0.4529497	-0.6937743	0.9923711	-0.5692154	-0.6173233	0.4650790	-0.2630839	-0.5844466	0.4400612	-0.3751000	-0.8658529	0.1532758	-0.2804473	-0.8282260	0.1311276	-0.3631719	-0.7823227	0.0748681	-0.2814703	-0.8262931	0.0897944	-0.2360064	-0.9144704	0.1377698	-0.3564263	-0.3725379	0.4683683	-0.6440893	-0.3790948	0.4585552	-0.5350020	-0.3645268	1.2775979	-0.2954144	-0.3389531	1.3455033	-0.6084672	-0.4133177	1.3743404	-0.4511932	-0.5674881	0.7377518	-0.2926993	-0.5952155	0.6358101	-0.2606527	-0.6756814	0.7411354	-0.2853050	-0.4509760	0.7718910	-0.6462911	-0.4208668	0.6536563	-0.6663187	-0.5496399	0.7287734	-0.6966120	-0.6872281	0.3630168	-0.2502022	-0.7429823	0.2613183	-0.2356624	-0.7889212	0.3040345	-0.2575504	-0.6404916	0.8614993	-0.4162023	-0.6218644	0.8685013	-0.5954875	-0.4571404	0.9728018	-0.2032621	-0.4969772	0.9669036	-0.2898607	-0.2988065	0.8476374	-0.3370914	-0.3258786	0.7870507	-0.2908911	-0.5542989	1.1793958	-0.8299508	-0.5971585	1.1701895	-0.7732617	-0.6242007	0.9684709	-0.8776510	-0.6707483	1.0017638	-0.9083027	-0.9419183	0.3033862	-0.6208772	
263	1.0916667	-0.5281608	0.9266590	-0.3429455	-0.4957418	0.9415357	-0.6402154	-0.6880716	0.9881583	-0.4516324	-0.6750893	0.9929853	-0.5677393	-0.6093386	0.4643800	-0.2604499	-0.5766768	0.4380956	-0.3726040	-0.8637613	0.1564553	-0.2783079	-0.8266772	0.1328903	-0.3606894	-0.7817867	0.0757089	-0.2807322	-0.8249328	0.0913790	-0.2349312	-0.9128083	0.1412100	-0.3537976	-0.3357741	0.4817559	-0.6406268	-0.3424940	0.4701075	-0.5316486	-0.3399825	1.2753797	-0.2961247	-0.3203950	1.3449450	-0.6101365	-0.3918556	1.3746493	-0.4511147	-0.5540376	0.7347035	-0.2921244	-0.5837737	0.6339623	-0.2592378	-0.6613167	0.7406245	-0.2836783	-0.4295886	0.7817371	-0.6432976	-0.3933335	0.6651142	-0.6631368	-0.5243263	0.7332612	-0.6950168	-0.6810379	0.3637073	-0.2479778	-0.7388541	0.2628701	-0.2333179	-0.7836854	0.3062334	-0.2554154	-0.6232676	0.8590396	-0.4154295	-0.6038933	0.8678316	-0.5944293	-0.4208615	0.9711378	-0.2051206	-0.4617660	0.9648958	-0.2932468	-0.2551002	0.8625112	-0.3436206	-0.2763891	0.7993154	-0.2991372	-0.5417025	1.1917769	-0.8320072	-0.5808829	1.1819268	-0.7780067	-0.6190463	0.9892939	-0.8890138	-0.6640358	1.0232961	-0.9161909	-0.9004362	0.2997457	-0.6183488	
264	1.0958333	-0.5101372	0.9241300	-0.3414178	-0.4761866	0.9423078	-0.6382031	-0.6693791	0.9891112	-0.4504268	-0.6558701	0.9952614	-0.5663363	-0.6015798	0.4649402	-0.2579108	-0.5690465	0.4374281	-0.3701484	-0.8618075	0.1606066	-0.2759161	-0.8251754	0.1356144	-0.3579228	-0.7811824	0.0765042	-0.2799549	-0.8235711	0.0933970	-0.2337649	-0.9112740	0.1460429	-0.3507562	-0.2987496	0.4985013	-0.6365728	-0.3058934	0.4849364	-0.5277078	-0.3151047	1.2752329	-0.2970782	-0.3013861	1.3458449	-0.6118647	-0.3700680	1.3765129	-0.4512695	-0.5402927	0.7327718	-0.2915192	-0.5722740	0.6332686	-0.2578143	-0.6467997	0.7415079	-0.2821473	-0.4079099	0.7939085	-0.6399022	-0.3654662	0.6793169	-0.6594909	-0.4981802	0.7400188	-0.6932698	-0.6751451	0.3656004	-0.2457814	-0.7349418	0.2655210	-0.2308605	-0.7787114	0.3095672	-0.2532561	-0.6055512	0.8579674	-0.4147422	-0.5852198	0.8687734	-0.5934329	-0.3846228	0.9718627	-0.2071206	-0.4261328	0.9653574	-0.2967258	-0.2125570	0.8797336	-0.3495535	-0.2282288	0.8146532	-0.3070002	-0.5281418	1.2054622	-0.8334483	-0.5634594	1.1950474	-0.7827960	-0.6126615	1.0120115	-0.8989761	-0.6559138	1.0461869	-0.9227490	-0.8585161	0.2956388	-0.6155612	
265	1.1000000	-0.4920986	0.9204732	-0.3400372	-0.4563075	0.9422019	-0.6360754	-0.6502156	0.9887621	-0.4496782	-0.6360594	0.9963330	-0.5652963	-0.5945486	0.4644134	-0.2556549	-0.5621627	0.4355797	-0.3677593	-0.8606741	0.1635005	-0.2738540	-0.8246148	0.1369974	-0.3553048	-0.7814469	0.0762911	-0.2790073	-0.8231685	0.0944395	-0.2327521	-0.9107020	0.1496695	-0.3480791	-0.2622111	0.5153969	-0.6318109	-0.2699242	0.5000552	-0.5235030	-0.2901284	1.2750378	-0.2978090	-0.2819905	1.3462521	-0.6138677	-0.3483213	1.3780514	-0.4515607	-0.5267252	0.7297717	-0.2912308	-0.5611747	0.6315125	-0.2567277	-0.6321885	0.7413378	-0.2810597	-0.3863507	0.8053805	-0.6364516	-0.3378654	0.6931456	-0.6554538	-0.4716259	0.7460631	-0.6910306	-0.6699978	0.3663605	-0.2439047	-0.7319117	0.2669603	-0.2288322	-0.7744463	0.3117214	-0.2514679	-0.5873811	0.8557214	-0.4143876	-0.5659173	0.8686805	-0.5926170	-0.3488087	0.9727150	-0.2092542	-0.3905475	0.9659235	-0.3002572	-0.1714756	0.8972707	-0.3550241	-0.1816452	0.8308883	-0.3145936	-0.5139580	1.2183183	-0.8344107	-0.5453878	1.2075050	-0.7877043	-0.6053490	1.0339981	-0.9077568	-0.6467926	1.0679116	-0.9282199	-0.8162258	0.2911215	-0.6125036	
266	1.1041667	-0.4730467	0.9193756	-0.3385378	-0.4356282	0.9440132	-0.6340024	-0.6306744	0.9901145	-0.4488008	-0.6159283	0.9988198	-0.5641727	-0.5871606	0.4653423	-0.2535933	-0.5549225	0.4353964	-0.3653873	-0.8584257	0.1668918	-0.2712592	-0.8228476	0.1390565	-0.3521030	-0.7799652	0.0763193	-0.2776664	-0.8211141	0.0959028	-0.2313343	-0.9091675	0.1538484	-0.3446562	-0.2274422	0.5320688	-0.6276413	-0.2356965	0.5154245	-0.5198265	-0.2653022	1.2778030	-0.2986657	-0.2624190	1.3485261	-0.6162533	-0.3267567	1.3817924	-0.4522823	-0.5125237	0.7285088	-0.2906875	-0.5495790	0.6313261	-0.2555771	-0.6169256	0.7429766	-0.2800796	-0.3644573	0.8173703	-0.6335387	-0.3107612	0.7071138	-0.6519902	-0.4453663	0.7529212	-0.6888956	-0.6643094	0.3683040	-0.2419562	-0.7280013	0.2693140	-0.2265352	-0.7695413	0.3147623	-0.2495152	-0.5684075	0.8556560	-0.4138866	-0.5459387	0.8703857	-0.5917656	-0.3132685	0.9757527	-0.2116335	-0.3548314	0.9687719	-0.3038875	-0.1319320	0.9160735	-0.3598705	-0.1370855	0.8489986	-0.3215459	-0.4987984	1.2322137	-0.8346505	-0.5262812	1.2211344	-0.7922900	-0.5968336	1.0568160	-0.9149147	-0.6364889	1.0901465	-0.9321681	-0.7736353	0.2862363	-0.6091832	
267	1.1083333	-0.4534785	0.9171448	-0.3373808	-0.4149716	0.9451615	-0.6321690	-0.6112241	0.9899890	-0.4480159	-0.5961199	1.0000377	-0.5630611	-0.5797703	0.4655438	-0.2513056	-0.5475435	0.4346894	-0.3627309	-0.8561350	0.1692435	-0.2692970	-0.8209273	0.1402726	-0.3497653	-0.7784564	0.0751861	-0.2770207	-0.8191493	0.0960679	-0.2304971	-0.9074018	0.1570404	-0.3420118	-0.1925567	0.5494053	-0.6230472	-0.2014921	0.5317979	-0.5153462	-0.2413972	1.2804078	-0.2996942	-0.2427704	1.3504017	-0.6184250	-0.3055242	1.3848967	-0.4530773	-0.4976723	0.7257880	-0.2898373	-0.5376322	0.6299608	-0.2541371	-0.6013967	0.7434751	-0.2790817	-0.3421901	0.8283548	-0.6307763	-0.2834037	0.7206648	-0.6485303	-0.4187608	0.7592762	-0.6868039	-0.6586639	0.3693198	-0.2399866	-0.7240814	0.2705451	-0.2245276	-0.7646817	0.3169587	-0.2477217	-0.5487691	0.8543452	-0.4134288	-0.5256122	0.8711371	-0.5908861	-0.2784047	0.9777781	-0.2141192	-0.3194997	0.9705630	-0.3076091	-0.0939351	0.9345015	-0.3642617	-0.0942326	0.8670156	-0.3282629	-0.4832577	1.2450198	-0.8342845	-0.5068314	1.2338154	-0.7967021	-0.5875346	1.0785002	-0.9210371	-0.6253630	1.1108768	-0.9351164	-0.7308150	0.2810160	-0.6056231	
268	1.1125000	-0.4332160	0.9148221	-0.3362012	-0.3937159	0.9458388	-0.6305627	-0.5914682	0.9895039	-0.4473266	-0.5760480	1.0007602	-0.5621326	-0.5719349	0.4659695	-0.2489815	-0.5396878	0.4343570	-0.3599523	-0.8535593	0.1720238	-0.2672320	-0.8186380	0.1420476	-0.3474308	-0.7767505	0.0744395	-0.2762899	-0.8170732	0.0966015	-0.2295422	-0.9051247	0.1608593	-0.3392800	-0.1584338	0.5666426	-0.6189276	-0.1680134	0.5485516	-0.5113974	-0.2175011	1.2833569	-0.3009546	-0.2226812	1.3518700	-0.6211528	-0.2841692	1.3879551	-0.4543505	-0.4823700	0.7232086	-0.2887500	-0.5252527	0.6287432	-0.2525718	-0.5853859	0.7437576	-0.2781311	-0.3196082	0.8384399	-0.6284282	-0.2561593	0.7335402	-0.6454962	-0.3922431	0.7650436	-0.6848213	-0.6525900	0.3704955	-0.2379037	-0.7197514	0.2719603	-0.2224560	-0.7594752	0.3194914	-0.2457953	-0.5286256	0.8528243	-0.4128886	-0.5048424	0.8714612	-0.5900735	-0.2438993	0.9808816	-0.2163649	-0.2843884	0.9731384	-0.3108353	-0.0573805	0.9525193	-0.3680593	-0.0533456	0.8851131	-0.3340899	-0.4672238	1.2570579	-0.8335325	-0.4869980	1.2458653	-0.8009694	-0.5773559	1.0989303	-0.9262175	-0.6134235	1.1301131	-0.9372689	-0.6878340	0.2754885	-0.6018599	
269	1.1166667	-0.4121542	0.9133897	-0.3350169	-0.3719063	0.9462530	-0.6290248	-0.5707746	0.9890987	-0.4470415	-0.5551246	1.0011174	-0.5617011	-0.5638909	0.4671825	-0.2468656	-0.5320323	0.4347526	-0.3570941	-0.8514836	0.1759389	-0.2649445	-0.8171141	0.1448638	-0.3445401	-0.7761386	0.0754476	-0.2749841	-0.8159182	0.0987239	-0.2283086	-0.9034863	0.1660140	-0.3360999	-0.1267720	0.5817669	-0.6153395	-0.1370965	0.5639497	-0.5079255	-0.1931841	1.2880613	-0.3016345	-0.2025387	1.3543679	-0.6241459	-0.2632213	1.3926079	-0.4556648	-0.4666174	0.7215494	-0.2878893	-0.5124598	0.6283812	-0.2513124	-0.5685148	0.7445114	-0.2774537	-0.2968818	0.8468878	-0.6270382	-0.2298218	0.7444776	-0.6432536	-0.3663041	0.7693328	-0.6829856	-0.6465048	0.3725656	-0.2359492	-0.7157507	0.2743493	-0.2206079	-0.7543483	0.3230197	-0.2437457	-0.5077995	0.8516821	-0.4123156	-0.4835564	0.8714474	-0.5892918	-0.2097039	0.9851726	-0.2182785	-0.2494889	0.9765833	-0.3135474	-0.0222020	0.9715304	-0.3713156	-0.0138403	0.9045186	-0.3393397	-0.4507290	1.2693357	-0.8324069	-0.4670086	1.2582980	-0.8047050	-0.5662329	1.1188654	-0.9303981	-0.6006364	1.1486896	-0.9386575	-0.6447582	0.2696812	-0.5979406	
270	1.1208333	-0.3901037	0.9129324	-0.3339648	-0.3497195	0.9467615	-0.6278559	-0.5498330	0.9891403	-0.4464494	-0.5342022	1.0015829	-0.5610274	-0.5562095	0.4691940	-0.2451300	-0.5244861	0.4363494	-0.3544468	-0.8489623	0.1795156	-0.2625715	-0.8148091	0.1476982	-0.3415614	-0.7748706	0.0751932	-0.2740742	-0.8142032	0.0995070	-0.2272195	-0.9011226	0.1712914	-0.3326149	-0.0966231	0.5956920	-0.6130778	-0.1073350	0.5786140	-0.5052474	-0.1699847	1.2939495	-0.3033079	-0.1824196	1.3574785	-0.6272511	-0.2425565	1.3976821	-0.4576385	-0.4506717	0.7198925	-0.2867197	-0.4997498	0.6282791	-0.2500563	-0.5514523	0.7458481	-0.2769779	-0.2739142	0.8543055	-0.6268019	-0.2039991	0.7542181	-0.6423301	-0.3410251	0.7730932	-0.6817828	-0.6406466	0.3751131	-0.2342180	-0.7116547	0.2768223	-0.2187754	-0.7492661	0.3266847	-0.2418881	-0.4862209	0.8512439	-0.4115278	-0.4618715	0.8716255	-0.5884344	-0.1753329	0.9920940	-0.2196433	-0.2142938	0.9820320	-0.3152554	0.0119414	0.9922258	-0.3740409	0.0246116	0.9261003	-0.3437085	-0.4338186	1.2821051	-0.8310068	-0.4467891	1.2713149	-0.8079772	-0.5542144	1.1391820	-0.9337234	-0.5870368	1.1675370	-0.9394821	-0.6016475	0.2636237	-0.5939199	
271	1.1250000	-0.3675400	0.9110224	-0.3332619	-0.3272713	0.9462231	-0.6267938	-0.5286913	0.9881521	-0.4456335	-0.5131977	1.0012168	-0.5599766	-0.5492381	0.4705177	-0.2437914	-0.5171032	0.4375570	-0.3523208	-0.8464892	0.1825669	-0.2605687	-0.8120676	0.1503360	-0.3392108	-0.7733526	0.0746709	-0.2738008	-0.8126168	0.0994794	-0.2264784	-0.8982049	0.1759358	-0.3295184	-0.0658602	0.6104347	-0.6108137	-0.0766371	0.5941634	-0.5023823	-0.1480614	1.2988002	-0.3060172	-0.1623931	1.3598962	-0.6301180	-0.2221275	1.4012375	-0.4599301	-0.4348526	0.7165754	-0.2852763	-0.4874643	0.6268867	-0.2487775	-0.5347127	0.7460512	-0.2767110	-0.2509542	0.8609896	-0.6264730	-0.1779615	0.7638186	-0.6413700	-0.3155333	0.7766208	-0.6806214	-0.6353504	0.3770048	-0.2329550	-0.7078317	0.2786924	-0.2172791	-0.7446397	0.3296768	-0.2404636	-0.4641967	0.8496050	-0.4108044	-0.4398862	0.8708750	-0.5874720	-0.1416054	0.9977286	-0.2208100	-0.1796677	0.9860932	-0.3166889	0.0441177	1.0125761	-0.3765132	0.0614216	0.9476028	-0.3479505	-0.4167227	1.2940914	-0.8293054	-0.4268051	1.2834290	-0.8103073	-0.5413141	1.1575973	-0.9359697	-0.5727068	1.1844875	-0.9395256	-0.5585545	0.2573511	-0.5898572	
272	1.1291667	-0.3443842	0.9107512	-0.3324890	-0.3040454	0.9468431	-0.6253321	-0.5061291	0.9885097	-0.4449526	-0.4906743	1.0020088	-0.5590002	-0.5423569	0.4721494	-0.2440574	-0.5101719	0.4391164	-0.3517392	-0.8437820	0.1858387	-0.2589399	-0.8092861	0.1532330	-0.3368724	-0.7721592	0.0752709	-0.2733302	-0.8111698	0.1003088	-0.2259385	-0.8951005	0.1807982	-0.3265619	-0.0377940	0.6223846	-0.6086634	-0.0487916	0.6073026	-0.4999322	-0.1256962	1.3055517	-0.3077740	-0.1428708	1.3637556	-0.6325122	-0.2023209	1.4065308	-0.4614290	-0.4187844	0.7147520	-0.2845299	-0.4749799	0.6264840	-0.2486145	-0.5173601	0.7471742	-0.2771984	-0.2280362	0.8668519	-0.6260888	-0.1529721	0.7718044	-0.6403444	-0.2905809	0.7797357	-0.6792870	-0.6299409	0.3792895	-0.2330479	-0.7038004	0.2810781	-0.2168879	-0.7399457	0.3327221	-0.2399690	-0.4416827	0.8494663	-0.4101938	-0.4173311	0.8713078	-0.5864412	-0.1081314	1.0051911	-0.2215299	-0.1454349	0.9917147	-0.3173232	0.0750391	1.0324592	-0.3787901	0.0964138	0.9689334	-0.3514992	-0.3992222	1.3069098	-0.8274698	-0.4067572	1.2962787	-0.8118565	-0.5275742	1.1756433	-0.9372875	-0.5577372	1.2013207	-0.9389939	-0.5155233	0.2509044	-0.5858141	
273	1.1333333	-0.3207837	0.9100892	-0.3320112	-0.2812379	0.9467905	-0.6241447	-0.4834282	0.9882648	-0.4439742	-0.4683441	1.0020889	-0.5577244	-0.5351771	0.4727154	-0.2451572	-0.5031672	0.4399131	-0.3519449	-0.8399476	0.1870036	-0.2573930	-0.8054474	0.1542859	-0.3346168	-0.7705559	0.0736144	-0.2732542	-0.8090140	0.0988360	-0.2256614	-0.8905941	0.1837772	-0.3234644	-0.0117158	0.6323234	-0.6071921	-0.0226584	0.6185281	-0.4976461	-0.1043184	1.3117320	-0.3102446	-0.1239143	1.3669525	-0.6344514	-0.1830088	1.4108222	-0.4630807	-0.4022844	0.7117495	-0.2840502	-0.4620822	0.6248945	-0.2489420	-0.4994645	0.7475179	-0.2778896	-0.2055985	0.8709620	-0.6263174	-0.1291037	0.7779299	-0.6400499	-0.2666486	0.7818016	-0.6783554	-0.6240886	0.3803089	-0.2337933	-0.6990121	0.2818909	-0.2169422	-0.7345252	0.3340539	-0.2398606	-0.4187389	0.8488802	-0.4094261	-0.3948563	0.8711309	-0.5852471	-0.0751373	1.0126664	-0.2217573	-0.1116521	0.9969478	-0.3171649	0.1042995	1.0520893	-0.3810559	0.1298145	0.9902341	-0.3548761	-0.3821536	1.3182923	-0.8254699	-0.3872672	1.3074861	-0.8126725	-0.5132322	1.1921196	-0.9381362	-0.5423920	1.2165131	-0.9384118	-0.4725900	0.2443303	-0.5818517	
274	1.1375000	-0.2970247	0.9096966	-0.3317077	-0.2587062	0.9469466	-0.6230054	-0.4604516	0.9882495	-0.4427400	-0.4459252	1.0023936	-0.5561188	-0.5277025	0.4745284	-0.2463060	-0.4960759	0.4419980	-0.3523037	-0.8357601	0.1892442	-0.2551651	-0.8014794	0.1565520	-0.3318399	-0.7692085	0.0730269	-0.2723825	-0.8069198	0.0982471	-0.2245068	-0.8856887	0.1879635	-0.3196630	0.0131666	0.6423985	-0.6059012	0.0023086	0.6299146	-0.4955206	-0.0839103	1.3181415	-0.3135300	-0.1054230	1.3705657	-0.6362019	-0.1642586	1.4151290	-0.4650175	-0.3853543	0.7092658	-0.2837490	-0.4487627	0.6241233	-0.2493621	-0.4811727	0.7485137	-0.2783705	-0.1835769	0.8748330	-0.6266423	-0.1059834	0.7839744	-0.6398749	-0.2432074	0.7842733	-0.6773573	-0.6178354	0.3825446	-0.2344281	-0.6937765	0.2839228	-0.2167577	-0.7287068	0.3364581	-0.2392547	-0.3955822	0.8486650	-0.4085523	-0.3724339	0.8712872	-0.5838577	-0.0425057	1.0211078	-0.2215720	-0.0783271	1.0027980	-0.3161751	0.1318136	1.0723494	-0.3834386	0.1615830	1.0123942	-0.3582908	-0.3650965	1.3296248	-0.8235750	-0.3682678	1.3185178	-0.8127226	-0.4983387	1.2073404	-0.9384347	-0.5267176	1.2307864	-0.9376920	-0.4297832	0.2376792	-0.5780297	
275	1.1416667	-0.2731411	0.9110569	-0.3312809	-0.2361181	0.9484463	-0.6218549	-0.4376070	0.9900321	-0.4411601	-0.4236334	1.0042858	-0.5541792	-0.5194078	0.4795903	-0.2474268	-0.4881095	0.4473271	-0.3526701	-0.8303229	0.1938623	-0.2524206	-0.7961560	0.1612482	-0.3286764	-0.7666636	0.0738433	-0.2710446	-0.8035238	0.0994027	-0.2228717	-0.8793712	0.1948616	-0.3154512	0.0374018	0.6545825	-0.6048639	0.0267697	0.6431601	-0.4936259	-0.0637193	1.3250601	-0.3172767	-0.0865151	1.3746084	-0.6379653	-0.1452255	1.4198175	-0.4671820	-0.3682829	0.7093706	-0.2832969	-0.4350309	0.6261698	-0.2496429	-0.4626336	0.7519259	-0.2786274	-0.1618947	0.8806918	-0.6266804	-0.0833075	0.7920944	-0.6396283	-0.2201449	0.7888450	-0.6763876	-0.6105530	0.3877939	-0.2348232	-0.6872501	0.2887800	-0.2161511	-0.7219482	0.3415740	-0.2383056	-0.3724852	0.8504940	-0.4074444	-0.3501089	0.8732413	-0.5822994	-0.0106138	1.0304638	-0.2212329	-0.0458592	1.0094728	-0.3147628	0.1574552	1.0918718	-0.3861418	0.1909791	1.0339151	-0.3616471	-0.3481466	1.3404140	-0.8214789	-0.3493499	1.3285830	-0.8121755	-0.4829676	1.2223185	-0.9381314	-0.5107053	1.2448803	-0.9367255	-0.3871273	0.2310022	-0.5744040	
276	1.1458333	-0.2494386	0.9114416	-0.3309657	-0.2142812	0.9493864	-0.6205363	-0.4148019	0.9905116	-0.4394478	-0.4016021	1.0050649	-0.5520344	-0.5102957	0.4810517	-0.2501144	-0.4796466	0.4494042	-0.3550126	-0.8235769	0.1948341	-0.2509727	-0.7897315	0.1625852	-0.3269104	-0.7629906	0.0729085	-0.2709159	-0.7989388	0.0982662	-0.2224089	-0.8719461	0.1974843	-0.3125302	0.0599649	0.6622040	-0.6040525	0.0494636	0.6519452	-0.4920754	-0.0443687	1.3313224	-0.3209807	-0.0690719	1.3781154	-0.6397091	-0.1275986	1.4237852	-0.4692919	-0.3506875	0.7072705	-0.2832606	-0.4205861	0.6254171	-0.2507446	-0.4437387	0.7530382	-0.2791600	-0.1407875	0.8839779	-0.6264994	-0.0616323	0.7968805	-0.6393024	-0.1980023	0.7912145	-0.6753705	-0.6022476	0.3894894	-0.2368534	-0.6794974	0.2901350	-0.2171229	-0.7141332	0.3428496	-0.2386858	-0.3495607	0.8511366	-0.4063461	-0.3283154	0.8742446	-0.5805840	0.0204434	1.0390621	-0.2204372	-0.0143576	1.0151697	-0.3126591	0.1812157	1.1105303	-0.3890658	0.2185279	1.0545813	-0.3654146	-0.3312713	1.3501789	-0.8195175	-0.3309346	1.3374258	-0.8110691	-0.4670377	1.2354644	-0.9377419	-0.4943705	1.2574094	-0.9359427	-0.3446455	0.2243475	-0.5710260	
277	1.1500000	-0.2261107	0.9113881	-0.3305573	-0.1929171	0.9495644	-0.6195632	-0.3925323	0.9908094	-0.4375351	-0.3801212	1.0055131	-0.5498531	-0.5006301	0.4840858	-0.2524114	-0.4705987	0.4530713	-0.3567513	-0.8158072	0.1968160	-0.2491383	-0.7822130	0.1650205	-0.3246479	-0.7583137	0.0742594	-0.2695878	-0.7933688	0.0991358	-0.2211687	-0.8633641	0.2003748	-0.3094706	0.0818485	0.6705860	-0.6036242	0.0717442	0.6612728	-0.4908236	-0.0251651	1.3360711	-0.3252021	-0.0505301	1.3804977	-0.6412657	-0.1091657	1.4264154	-0.4717454	-0.3333062	0.7055780	-0.2831634	-0.4060774	0.6255113	-0.2516805	-0.4248410	0.7545726	-0.2794549	-0.1202824	0.8871805	-0.6264805	-0.0406223	0.8019388	-0.6392459	-0.1765349	0.7937817	-0.6744236	-0.5932930	0.3926792	-0.2384067	-0.6709078	0.2929003	-0.2176200	-0.7055163	0.3453571	-0.2387732	-0.3269415	0.8515897	-0.4049209	-0.3068782	0.8748740	-0.5788135	0.0503612	1.0470218	-0.2193814	0.0158558	1.0201832	-0.3100574	0.2029138	1.1272745	-0.3921530	0.2437088	1.0733709	-0.3691793	-0.3144008	1.3583727	-0.8177605	-0.3128079	1.3445043	-0.8097402	-0.4508570	1.2467578	-0.9370020	-0.4779013	1.2683466	-0.9351217	-0.3023642	0.2177563	-0.5679421	
278	1.1541667	-0.2030441	0.9118384	-0.3300924	-0.1718552	0.9503483	-0.6183612	-0.3705732	0.9915729	-0.4354859	-0.3589551	1.0064438	-0.5474656	-0.4907522	0.4868668	-0.2556008	-0.4609840	0.4564858	-0.3594491	-0.8064050	0.1968061	-0.2487420	-0.7727931	0.1655359	-0.3237387	-0.7509652	0.0749332	-0.2687554	-0.7855601	0.0991291	-0.2208250	-0.8533380	0.2003491	-0.3082379	0.1038250	0.6792055	-0.6034204	0.0942342	0.6709050	-0.4901826	-0.0059359	1.3408414	-0.3294806	-0.0321622	1.3825256	-0.6432358	-0.0909618	1.4289784	-0.4744608	-0.3162802	0.7043110	-0.2829040	-0.3917459	0.6257616	-0.2528678	-0.4062662	0.7563739	-0.2800611	-0.1003241	0.8910640	-0.6260718	-0.0199164	0.8075006	-0.6389552	-0.1551969	0.7967745	-0.6732167	-0.5835831	0.3952596	-0.2410664	-0.6610618	0.2947093	-0.2192822	-0.6960986	0.3464117	-0.2401646	-0.3045574	0.8526547	-0.4034385	-0.2857071	0.8761593	-0.5768777	0.0792649	1.0551188	-0.2181568	0.0452246	1.0253616	-0.3071742	0.2226630	1.1445683	-0.3949531	0.2669970	1.0928173	-0.3729771	-0.2978763	1.3647048	-0.8161921	-0.2949467	1.3493913	-0.8082820	-0.4342256	1.2558859	-0.9363738	-0.4610961	1.2770480	-0.9346036	-0.2603173	0.2112586	-0.5651925	
279	1.1583333	-0.1802409	0.9126403	-0.3292414	-0.1509294	0.9515788	-0.6174961	-0.3486971	0.9930406	-0.4330957	-0.3378151	1.0081356	-0.5450367	-0.4794187	0.4912150	-0.2582477	-0.4501606	0.4615085	-0.3618615	-0.7960474	0.1986665	-0.2476624	-0.7625567	0.1679383	-0.3224128	-0.7429785	0.0760100	-0.2674010	-0.7769890	0.1001181	-0.2198082	-0.8423094	0.2030225	-0.3064100	0.1249302	0.6882528	-0.6034710	0.1159438	0.6806742	-0.4897438	0.0134973	1.3450587	-0.3334528	-0.0134365	1.3848303	-0.6450506	-0.0723945	1.4314547	-0.4768680	-0.2985433	0.7041048	-0.2825082	-0.3763961	0.6272517	-0.2536877	-0.3872771	0.7589131	-0.2799348	-0.0808192	0.8954508	-0.6258524	0.0001537	0.8135846	-0.6389068	-0.1344016	0.8004335	-0.6721483	-0.5725677	0.3994934	-0.2430637	-0.6499676	0.2982608	-0.2203185	-0.6855008	0.3492412	-0.2407740	-0.2824927	0.8541157	-0.4015750	-0.2647698	0.8779051	-0.5750139	0.1068514	1.0632241	-0.2168094	0.0732327	1.0306528	-0.3039091	0.2409162	1.1610254	-0.3974099	0.2883920	1.1113863	-0.3765325	-0.2810229	1.3702797	-0.8149394	-0.2772301	1.3534254	-0.8066813	-0.4171513	1.2629601	-0.9354881	-0.4440079	1.2840276	-0.9339404	-0.2185508	0.2048699	-0.5628116	
280	1.1625000	-0.1579501	0.9135449	-0.3282694	-0.1301529	0.9527185	-0.6166150	-0.3271459	0.9943350	-0.4307704	-0.3168596	1.0095588	-0.5427134	-0.4671824	0.4953522	-0.2609816	-0.4383821	0.4663976	-0.3645402	-0.7843803	0.2000827	-0.2469186	-0.7509753	0.1699593	-0.3215332	-0.7331535	0.0761598	-0.2661766	-0.7667197	0.1004310	-0.2189235	-0.8301628	0.2055045	-0.3051315	0.1456485	0.6967471	-0.6039694	0.1374496	0.6897304	-0.4900635	0.0328955	1.3484931	-0.3372541	0.0054176	1.3861317	-0.6471141	-0.0536265	1.4331408	-0.4794147	-0.2806312	0.7040250	-0.2819712	-0.3605975	0.6287199	-0.2544276	-0.3682903	0.7612812	-0.2796828	-0.0617866	0.8996936	-0.6255883	0.0197647	0.8193971	-0.6389441	-0.1139184	0.8039384	-0.6710306	-0.5604646	0.4033828	-0.2451877	-0.6376503	0.3013819	-0.2215422	-0.6738532	0.3516862	-0.2415959	-0.2607900	0.8555996	-0.3996477	-0.2439804	0.8795460	-0.5731464	0.1329326	1.0706106	-0.2152549	0.0996130	1.0354332	-0.3002649	0.2580601	1.1751966	-0.3994605	0.3081707	1.1274929	-0.3796027	-0.2636919	1.3747761	-0.8142938	-0.2596335	1.3564268	-0.8051120	-0.3996788	1.2676195	-0.9344299	-0.4266648	1.2889554	-0.9332976	-0.1771269	0.1985891	-0.5608278	
281	1.1666667	-0.1360670	0.9143963	-0.3271156	-0.1095731	0.9539555	-0.6157849	-0.3057695	0.9955326	-0.4283844	-0.2959806	1.0109382	-0.5404333	-0.4537134	0.4983178	-0.2638126	-0.4254164	0.4702074	-0.3676718	-0.7720433	0.2019352	-0.2468096	-0.7387096	0.1724344	-0.3214699	-0.7221871	0.0775687	-0.2653203	-0.7554709	0.1020628	-0.2183946	-0.8175445	0.2081814	-0.3047834	0.1659089	0.7029381	-0.6047125	0.1585960	0.6962918	-0.4908247	0.0526809	1.3513236	-0.3407103	0.0242880	1.3871173	-0.6492978	-0.0345912	1.4344758	-0.4818385	-0.2621774	0.7034733	-0.2813073	-0.3439887	0.6294268	-0.2550671	-0.3491549	0.7629582	-0.2791311	-0.0428818	0.9030346	-0.6252455	0.0390992	0.8238017	-0.6389885	-0.0938559	0.8066746	-0.6698776	-0.5473654	0.4064851	-0.2475643	-0.6245122	0.3041559	-0.2231671	-0.6613178	0.3539008	-0.2427809	-0.2394255	0.8568138	-0.3976238	-0.2234060	0.8810052	-0.5713265	0.1573504	1.0774220	-0.2134348	0.1241719	1.0399535	-0.2962724	0.2744173	1.1875814	-0.4009863	0.3268256	1.1415251	-0.3822067	-0.2458939	1.3784472	-0.8144427	-0.2423041	1.3589026	-0.8034963	-0.3817116	1.2692203	-0.9331136	-0.4090213	1.2912229	-0.9326186	-0.1361264	0.1923966	-0.5592635	
282	1.1708333	-0.1143124	0.9156619	-0.3256354	-0.0891842	0.9559983	-0.6151176	-0.2845143	0.9972035	-0.4258240	-0.2752665	1.0129583	-0.5381801	-0.4384227	0.4998103	-0.2667290	-0.4109866	0.4727835	-0.3715014	-0.7586560	0.2039921	-0.2470309	-0.7257431	0.1752661	-0.3222825	-0.7102689	0.0776383	-0.2653742	-0.7430755	0.1029026	-0.2182703	-0.8042033	0.2122120	-0.3048663	0.1856637	0.7074914	-0.6060883	0.1793401	0.7012013	-0.4922438	0.0729015	1.3542162	-0.3437118	0.0433781	1.3881621	-0.6515448	-0.0151488	1.4360952	-0.4841017	-0.2424027	0.7026030	-0.2806702	-0.3258319	0.6293418	-0.2556429	-0.3294065	0.7641472	-0.2779865	-0.0241039	0.9060479	-0.6252452	0.0581089	0.8273649	-0.6394952	-0.0742261	0.8092348	-0.6690472	-0.5326437	0.4084118	-0.2500635	-0.6099945	0.3061421	-0.2251026	-0.6472934	0.3556141	-0.2439067	-0.2182289	0.8583365	-0.3954727	-0.2030359	0.8830046	-0.5696734	0.1800237	1.0836727	-0.2115052	0.1468711	1.0442591	-0.2923739	0.2902943	1.1978038	-0.4019594	0.3443035	1.1530860	-0.3839113	-0.2283193	1.3794226	-0.8148241	-0.2249668	1.3585887	-0.8023442	-0.3635319	1.2688141	-0.9318830	-0.3911476	1.2910782	-0.9321031	-0.0956510	0.1862550	-0.5581355	
283	1.1750000	-0.0927789	0.9170721	-0.3238911	-0.0688380	0.9579146	-0.6148249	-0.2633861	0.9990423	-0.4231907	-0.2546068	1.0150129	-0.5360910	-0.4216768	0.5018109	-0.2688867	-0.3954246	0.4759274	-0.3749559	-0.7455080	0.2094650	-0.2470179	-0.7133130	0.1814766	-0.3232982	-0.6986323	0.0805651	-0.2653796	-0.7307780	0.1069610	-0.2178384	-0.7914147	0.2203167	-0.3049977	0.2050946	0.7111227	-0.6075749	0.1997153	0.7049838	-0.4939878	0.0940838	1.3564366	-0.3465844	0.0634148	1.3886959	-0.6539039	0.0055434	1.4374464	-0.4863557	-0.2217122	0.7021491	-0.2800035	-0.3065116	0.6296956	-0.2558101	-0.3092038	0.7654637	-0.2760217	-0.0053545	0.9086597	-0.6252268	0.0769764	0.8303520	-0.6400012	-0.0548244	0.8116075	-0.6682281	-0.5169986	0.4114061	-0.2518574	-0.5951245	0.3098513	-0.2266087	-0.6326134	0.3596943	-0.2443380	-0.1973005	0.8599377	-0.3931218	-0.1828276	0.8849215	-0.5682000	0.2008685	1.0888686	-0.2092293	0.1674324	1.0479268	-0.2882860	0.3061511	1.2052762	-0.4023439	0.3610948	1.1613619	-0.3849051	-0.2102014	1.3796565	-0.8155628	-0.2074266	1.3575275	-0.8012959	-0.3445834	1.2666983	-0.9308800	-0.3727139	1.2892609	-0.9316754	-0.0558227	0.1801098	-0.5574558	
284	1.1791667	-0.0714801	0.9189295	-0.3221105	-0.0482833	0.9598415	-0.6145239	-0.2425152	1.0013779	-0.4206717	-0.2340045	1.0173362	-0.5341144	-0.4036163	0.5042581	-0.2708243	-0.3782467	0.4794319	-0.3782482	-0.7318636	0.2169308	-0.2480468	-0.7001735	0.1895149	-0.3253989	-0.6860042	0.0853092	-0.2663816	-0.7176725	0.1131899	-0.2184080	-0.7781497	0.2305365	-0.3064676	0.2252738	0.7146843	-0.6091316	0.2207798	0.7084499	-0.4960341	0.1159329	1.3586761	-0.3494145	0.0839211	1.3889431	-0.6567109	0.0268457	1.4389220	-0.4888977	-0.2008062	0.7025183	-0.2792149	-0.2865893	0.6307135	-0.2557887	-0.2889824	0.7672103	-0.2739640	0.0136403	0.9115866	-0.6249567	0.0963174	0.8335464	-0.6403348	-0.0350817	0.8142252	-0.6673377	-0.5003755	0.4150910	-0.2537224	-0.5796686	0.3145384	-0.2284944	-0.6171012	0.3652629	-0.2452697	-0.1766356	0.8620022	-0.3908189	-0.1626148	0.8870270	-0.5667876	0.2198397	1.0934540	-0.2067555	0.1858001	1.0514090	-0.2841098	0.3219155	1.2104683	-0.4023354	0.3773808	1.1668595	-0.3852806	-0.1916307	1.3787278	-0.8168772	-0.1897537	1.3555672	-0.8004341	-0.3250161	1.2621227	-0.9295720	-0.3538306	1.2850265	-0.9310019	-0.0167829	0.1738925	-0.5572321	
285	1.1833333	-0.0507024	0.9190091	-0.3203271	-0.0279289	0.9608203	-0.6143635	-0.2221358	1.0023718	-0.4183182	-0.2137682	1.0186537	-0.5323358	-0.3845723	0.5056147	-0.2719370	-0.3599996	0.4819717	-0.3808658	-0.7185627	0.2254236	-0.2498619	-0.6874092	0.1986551	-0.3285996	-0.6738529	0.0908295	-0.2690622	-0.7050478	0.1200817	-0.2202531	-0.7650493	0.2421949	-0.3087746	0.2473790	0.7207688	-0.6103403	0.2434944	0.7140600	-0.4982383	0.1385052	1.3594443	-0.3522643	0.1053426	1.3882548	-0.6597646	0.0492442	1.4392528	-0.4915466	-0.1796133	0.7014229	-0.2783473	-0.2661120	0.6303970	-0.2553578	-0.2686692	0.7674682	-0.2715115	0.0323049	0.9151520	-0.6238119	0.1163103	0.8381840	-0.6399226	-0.0143088	0.8172544	-0.6661336	-0.4832815	0.4180834	-0.2552073	-0.5642832	0.3189843	-0.2305178	-0.6011370	0.3710291	-0.2462266	-0.1562256	0.8624746	-0.3885838	-0.1424627	0.8880602	-0.5655249	0.2371983	1.0964526	-0.2040637	0.2022665	1.0536054	-0.2797454	0.3376597	1.2127591	-0.4019594	0.3932533	1.1690296	-0.3851338	-0.1726864	1.3760715	-0.8185483	-0.1719728	1.3521932	-0.7997209	-0.3047547	1.2550882	-0.9282644	-0.3343837	1.2782643	-0.9304133	0.0213113	0.1675235	-0.5574683	
286	1.1875000	-0.0300008	0.9206815	-0.3183393	-0.0069851	0.9628666	-0.6140354	-0.2011233	1.0046794	-0.4162709	-0.1926228	1.0210760	-0.5309368	-0.3631911	0.5069940	-0.2731641	-0.3396138	0.4845545	-0.3837308	-0.7043555	0.2370564	-0.2527178	-0.6739723	0.2108830	-0.3326626	-0.6620233	0.1007495	-0.2729040	-0.6923603	0.1314874	-0.2234610	-0.7508288	0.2568470	-0.3120374	0.2684359	0.7232658	-0.6115295	0.2648880	0.7160085	-0.5009882	0.1618374	1.3617021	-0.3537380	0.1267358	1.3886223	-0.6629031	0.0718246	1.4409165	-0.4935452	-0.1575448	0.7020617	-0.2778845	-0.2441631	0.6311356	-0.2552196	-0.2474812	0.7683949	-0.2690502	0.0514076	0.9177262	-0.6221883	0.1361952	0.8408452	-0.6390969	0.0064554	0.8198446	-0.6647084	-0.4643071	0.4217269	-0.2570781	-0.5476726	0.3249509	-0.2332866	-0.5834314	0.3786266	-0.2477282	-0.1358720	0.8643229	-0.3864651	-0.1219773	0.8901308	-0.5644104	0.2529932	1.1000668	-0.2012077	0.2169144	1.0567935	-0.2753918	0.3531287	1.2142709	-0.4012743	0.4086077	1.1700737	-0.3844076	-0.1535065	1.3722892	-0.8205637	-0.1538469	1.3478925	-0.7991231	-0.2836845	1.2461565	-0.9267233	-0.3141951	1.2693152	-0.9296956	0.0582916	0.1609171	-0.5581653	
287	1.1916667	-0.0092487	0.9222677	-0.3163925	0.0134595	0.9650813	-0.6138586	-0.1800640	1.0065749	-0.4145955	-0.1716587	1.0232252	-0.5299981	-0.3393181	0.5071436	-0.2736021	-0.3171867	0.4861612	-0.3859078	-0.6895970	0.2504172	-0.2563870	-0.6605051	0.2250413	-0.3377090	-0.6522145	0.1128016	-0.2791934	-0.6808143	0.1446469	-0.2286982	-0.7354876	0.2737331	-0.3156502	0.2888249	0.7238504	-0.6124181	0.2854395	0.7160908	-0.5032679	0.1852601	1.3641083	-0.3548113	0.1482937	1.3890376	-0.6656945	0.0947762	1.4426635	-0.4954483	-0.1340457	0.7024895	-0.2776726	-0.2203237	0.6312239	-0.2549261	-0.2249376	0.7684610	-0.2661874	0.0705308	0.9190258	-0.6204360	0.1558473	0.8419689	-0.6381266	0.0270666	0.8217838	-0.6634039	-0.4435477	0.4246773	-0.2585693	-0.5301579	0.3309746	-0.2363645	-0.5638313	0.3866959	-0.2490914	-0.1151985	0.8659385	-0.3843713	-0.1015015	0.8921308	-0.5633993	0.2671742	1.1028878	-0.1982671	0.2295187	1.0595615	-0.2709209	0.3681685	1.2136555	-0.4005512	0.4231752	1.1685134	-0.3835099	-0.1339201	1.3672151	-0.8228401	-0.1355498	1.3425937	-0.7983096	-0.2617170	1.2341852	-0.9247971	-0.2933072	1.2572279	-0.9286486	0.0939845	0.1539857	-0.5593217	
288	1.1958333	0.0110943	0.9232274	-0.3145686	0.0338841	0.9665994	-0.6137720	-0.1590533	1.0079026	-0.4127134	-0.1505771	1.0247466	-0.5288585	-0.3128328	0.5059253	-0.2741864	-0.2921738	0.4865278	-0.3880650	-0.6733258	0.2653225	-0.2607873	-0.6456904	0.2407728	-0.3433906	-0.6434565	0.1259225	-0.2877550	-0.6695820	0.1591910	-0.2358444	-0.7176500	0.2930114	-0.3193292	0.3084226	0.7221073	-0.6131891	0.3050438	0.7134879	-0.5055470	0.2085845	1.3657222	-0.3557949	0.1697138	1.3884208	-0.6686907	0.1175601	1.4433969	-0.4973798	-0.1098718	0.7026051	-0.2779480	-0.1950282	0.6305396	-0.2550045	-0.2014818	0.7673931	-0.2634701	0.0898907	0.9188314	-0.6183793	0.1753825	0.8413618	-0.6369026	0.0475799	0.8228232	-0.6620697	-0.4207049	0.4269068	-0.2604579	-0.5112874	0.3370477	-0.2401101	-0.5419111	0.3950616	-0.2508221	-0.0945822	0.8669219	-0.3823241	-0.0808510	0.8934519	-0.5624133	0.2799491	1.1049521	-0.1951439	0.2402674	1.0617395	-0.2662226	0.3825410	1.2105580	-0.4000359	0.4366868	1.1641198	-0.3824560	-0.1141053	1.3603549	-0.8252480	-0.1171582	1.3357936	-0.7974872	-0.2390068	1.2200879	-0.9224999	-0.2717745	1.2427492	-0.9274168	0.1282177	0.1466450	-0.5609336	
289	1.2000000	0.0314653	0.9247036	-0.3126242	0.0543851	0.9686723	-0.6137026	-0.1379945	1.0097897	-0.4109811	-0.1294584	1.0268760	-0.5279392	-0.2845615	0.5061222	-0.2740876	-0.2651920	0.4883885	-0.3893673	-0.6555845	0.2807171	-0.2655827	-0.6294644	0.2571647	-0.3494591	-0.6361346	0.1361721	-0.2985837	-0.6589204	0.1712932	-0.2447969	-0.6971610	0.3145739	-0.3228027	0.3273055	0.7196268	-0.6136943	0.3238038	0.7101609	-0.5077051	0.2316008	1.3680495	-0.3562328	0.1916431	1.3884033	-0.6716627	0.1404516	1.4445195	-0.4991860	-0.0850447	0.7041802	-0.2782267	-0.1686779	0.6312876	-0.2548627	-0.1774235	0.7671073	-0.2606708	0.1092654	0.9183946	-0.6161939	0.1946606	0.8403100	-0.6354854	0.0680589	0.8241909	-0.6606727	-0.3961932	0.4301161	-0.2619047	-0.4911068	0.3438486	-0.2437936	-0.5180909	0.4042021	-0.2523722	-0.0738046	0.8686226	-0.3803068	-0.0600060	0.8955147	-0.5615418	0.2917373	1.1074869	-0.1919435	0.2499405	1.0645124	-0.2615860	0.3960782	1.2073283	-0.3995387	0.4491751	1.1595033	-0.3812369	-0.0944744	1.3521611	-0.8273771	-0.0985593	1.3275756	-0.7966796	-0.2153883	1.2054955	-0.9202315	-0.2493402	1.2271245	-0.9262367	0.1608270	0.1388190	-0.5629949	
290	1.2041667	0.0512321	0.9250369	-0.3110082	0.0745353	0.9697806	-0.6135111	-0.1169046	1.0102481	-0.4094130	-0.1081902	1.0276344	-0.5270359	-0.2539586	0.5027763	-0.2741824	-0.2360294	0.4870117	-0.3906865	-0.6362237	0.2983361	-0.2715361	-0.6118381	0.2759606	-0.3564435	-0.6300568	0.1535480	-0.3115691	-0.6488476	0.1892399	-0.2558538	-0.6738569	0.3371080	-0.3267143	0.3452586	0.7144630	-0.6137532	0.3412900	0.7039186	-0.5094066	0.2540997	1.3696963	-0.3563736	0.2128623	1.3878740	-0.6742197	0.1627998	1.4448709	-0.5006332	-0.0596203	0.7040096	-0.2789525	-0.1410066	0.6295082	-0.2551093	-0.1524073	0.7643277	-0.2581583	0.1289293	0.9156276	-0.6135021	0.2138341	0.8368948	-0.6335684	0.0884237	0.8241293	-0.6590881	-0.3699575	0.4312694	-0.2640865	-0.4698864	0.3502283	-0.2486776	-0.4919405	0.4130029	-0.2546820	-0.0530409	0.8689362	-0.3784498	-0.0390424	0.8963061	-0.5605586	0.3023180	1.1093335	-0.1885826	0.2578817	1.0668613	-0.2565682	0.4086055	1.2013809	-0.3994038	0.4602217	1.1518666	-0.3800687	-0.0746078	1.3425390	-0.8295759	-0.0799566	1.3181803	-0.7957263	-0.1909399	1.1882846	-0.9175719	-0.2262805	1.2088716	-0.9247018	0.1916632	0.1304445	-0.5654971	
291	1.2083333	0.0707515	0.9249057	-0.3093761	0.0945283	0.9697803	-0.6132353	-0.0958783	1.0100454	-0.4079390	-0.0869241	1.0274460	-0.5262100	-0.2216745	0.4986586	-0.2741646	-0.2048292	0.4846342	-0.3914981	-0.6150254	0.3172748	-0.2775683	-0.5921940	0.2959491	-0.3630816	-0.6242345	0.1731031	-0.3251520	-0.6385896	0.2092794	-0.2676534	-0.6475550	0.3608202	-0.3302681	0.3624412	0.7070635	-0.6137927	0.3579650	0.6954601	-0.5106879	0.2758974	1.3711487	-0.3562850	0.2337746	1.3864920	-0.6766760	0.1843802	1.4445878	-0.5020646	-0.0341026	0.7038908	-0.2795444	-0.1126957	0.6274545	-0.2552959	-0.1270561	0.7610187	-0.2559868	0.1488519	0.9110866	-0.6112375	0.2328519	0.8315257	-0.6319746	0.1084670	0.8227736	-0.6577296	-0.3422486	0.4322587	-0.2662067	-0.4475244	0.3572284	-0.2535255	-0.4638378	0.4221290	-0.2571422	-0.0323228	0.8687938	-0.3766281	-0.0180702	0.8962413	-0.5595827	0.3122132	1.1112557	-0.1850836	0.2649820	1.0693506	-0.2513747	0.4202553	1.1943863	-0.3994259	0.4702056	1.1432091	-0.3787944	-0.0546799	1.3319638	-0.8316617	-0.0611917	1.3080200	-0.7948978	-0.1658025	1.1707087	-0.9146888	-0.2025262	1.1899898	-0.9230336	0.2205978	0.1214750	-0.5684287	
292	1.2125000	0.0905767	0.9241712	-0.3077699	0.1138551	0.9702773	-0.6129370	-0.0749251	1.0092723	-0.4063932	-0.0661460	1.0271686	-0.5252808	-0.1877973	0.4926279	-0.2736148	-0.1721227	0.4806883	-0.3918276	-0.5918370	0.3368675	-0.2834655	-0.5707536	0.3169458	-0.3698420	-0.6176626	0.1938674	-0.3401389	-0.6273460	0.2298563	-0.2802458	-0.6187471	0.3856044	-0.3330201	0.3795305	0.7011995	-0.6140886	0.3745889	0.6887482	-0.5115196	0.2969282	1.3726976	-0.3563521	0.2545939	1.3857599	-0.6785519	0.2056330	1.4445993	-0.5034369	-0.0073117	0.7026627	-0.2800506	-0.0830076	0.6239320	-0.2552082	-0.1009530	0.7565191	-0.2535317	0.1687733	0.9070105	-0.6096239	0.2517832	0.8270075	-0.6310259	0.1281814	0.8219957	-0.6569048	-0.3130066	0.4320122	-0.2680338	-0.4236645	0.3638063	-0.2584355	-0.4336742	0.4306078	-0.2590928	-0.0112723	0.8681802	-0.3748062	0.0026471	0.8963914	-0.5585748	0.3215161	1.1137935	-0.1814936	0.2713085	1.0726546	-0.2460660	0.4310691	1.1863109	-0.3995339	0.4790592	1.1334227	-0.3772370	-0.0346232	1.3203695	-0.8335626	-0.0420993	1.2969718	-0.7940082	-0.1398743	1.1520860	-0.9114192	-0.1779895	1.1698895	-0.9209778	0.2475280	0.1118850	-0.5717738	
293	1.2166667	0.1103026	0.9244106	-0.3058034	0.1337150	0.9708942	-0.6127161	-0.0540803	1.0095817	-0.4043135	-0.0452272	1.0275810	-0.5239363	-0.1531550	0.4885802	-0.2731351	-0.1381002	0.4783505	-0.3920108	-0.5659196	0.3576222	-0.2886043	-0.5460987	0.3388690	-0.3756993	-0.6081453	0.2144313	-0.3540796	-0.6133859	0.2508027	-0.2918642	-0.5867713	0.4118236	-0.3350931	0.3949210	0.6948592	-0.6145028	0.3893569	0.6813651	-0.5126785	0.3176482	1.3746392	-0.3564039	0.2761035	1.3846989	-0.6803335	0.2268957	1.4446075	-0.5046914	0.0192380	0.7033402	-0.2803206	-0.0532424	0.6223833	-0.2550114	-0.0750887	0.7536141	-0.2512253	0.1886115	0.9031213	-0.6079603	0.2700425	0.8224530	-0.6300553	0.1474845	0.8216151	-0.6561190	-0.2824496	0.4336465	-0.2696805	-0.3979086	0.3722317	-0.2627824	-0.4018793	0.4405202	-0.2608190	0.0095726	0.8686650	-0.3728906	0.0235414	0.8971220	-0.5577237	0.3303146	1.1170844	-0.1779685	0.2770337	1.0769836	-0.2408780	0.4413508	1.1774742	-0.3995777	0.4869727	1.1228325	-0.3752761	-0.0138527	1.3088291	-0.8354179	-0.0223258	1.2861699	-0.7930600	-0.1129771	1.1329376	-0.9075024	-0.1525019	1.1493532	-0.9182526	0.2723806	0.1016722	-0.5755123	
294	1.2208333	0.1304389	0.9265142	-0.3040020	0.1535940	0.9726692	-0.6122956	-0.0330197	1.0111869	-0.4027447	-0.0242611	1.0290122	-0.5229542	-0.1191053	0.4854880	-0.2725779	-0.1041398	0.4767827	-0.3919434	-0.5385947	0.3783361	-0.2945376	-0.5195163	0.3606860	-0.3820498	-0.5962815	0.2377964	-0.3677568	-0.5976535	0.2736356	-0.3037521	-0.5533541	0.4363251	-0.3382918	0.4098643	0.6879216	-0.6147788	0.4038186	0.6738136	-0.5132879	0.3379060	1.3777966	-0.3563241	0.2976666	1.3848263	-0.6818424	0.2478149	1.4459079	-0.5060001	0.0455462	0.7055277	-0.2801103	-0.0239661	0.6221718	-0.2545581	-0.0497345	0.7522883	-0.2492494	0.2088743	0.8993414	-0.6067455	0.2882932	0.8176589	-0.6293628	0.1663391	0.8216314	-0.6554866	-0.2519049	0.4361039	-0.2715160	-0.3715219	0.3813919	-0.2675169	-0.3698530	0.4506910	-0.2631601	0.0306174	0.8708795	-0.3711388	0.0443906	0.8991457	-0.5568068	0.3387690	1.1217990	-0.1745842	0.2823450	1.0829461	-0.2359769	0.4512539	1.1675972	-0.3995261	0.4938698	1.1111510	-0.3725786	0.0076077	1.2966251	-0.8369922	-0.0016687	1.2748052	-0.7919650	-0.0850456	1.1133106	-0.9027633	-0.1259692	1.1282882	-0.9146994	0.2951137	0.0908598	-0.5796175	
295	1.2250000	0.1507303	0.9289156	-0.3021202	0.1736072	0.9739177	-0.6119359	-0.0122291	1.0134776	-0.4008217	-0.0035760	1.0307874	-0.5216324	-0.0850632	0.4843488	-0.2720502	-0.0696834	0.4767642	-0.3914744	-0.5091170	0.3962297	-0.3003041	-0.4903018	0.3794864	-0.3879223	-0.5807278	0.2572663	-0.3801940	-0.5788304	0.2928114	-0.3148124	-0.5180333	0.4575635	-0.3416972	0.4237737	0.6805157	-0.6152233	0.4172408	0.6658265	-0.5138122	0.3579881	1.3801171	-0.3565611	0.3198018	1.3838728	-0.6827121	0.2688481	1.4463415	-0.5071702	0.0712511	0.7089781	-0.2796566	0.0048619	0.6235367	-0.2540204	-0.0247744	0.7523182	-0.2476732	0.2291633	0.8954817	-0.6059875	0.3061377	0.8126052	-0.6290693	0.1846459	0.8214886	-0.6551264	-0.2205580	0.4394415	-0.2732028	-0.3434736	0.3902580	-0.2718384	-0.3369669	0.4600023	-0.2656715	0.0515132	0.8736692	-0.3694056	0.0650933	0.9012443	-0.5559938	0.3468040	1.1262095	-0.1714134	0.2872885	1.0888785	-0.2315682	0.4607447	1.1560091	-0.3990180	0.4998430	1.0978349	-0.3690608	0.0297746	1.2833577	-0.8382110	0.0197579	1.2623720	-0.7906539	-0.0559156	1.0923353	-0.8973248	-0.0983179	1.1059041	-0.9103335	0.3157176	0.0794975	-0.5840566	
296	1.2291667	0.1702084	0.9274690	-0.3004847	0.1933644	0.9713147	-0.6113972	0.0079018	1.0121889	-0.3991066	0.0166679	1.0289921	-0.5203139	-0.0519212	0.4810824	-0.2711169	-0.0355264	0.4741195	-0.3907085	-0.4790341	0.4109310	-0.3065660	-0.4599040	0.3946437	-0.3944977	-0.5627905	0.2740389	-0.3923794	-0.5584275	0.3093396	-0.3255664	-0.4822100	0.4747930	-0.3461826	0.4380846	0.6728632	-0.6151410	0.4309652	0.6573506	-0.5136696	0.3767659	1.3790686	-0.3567481	0.3414149	1.3799419	-0.6832152	0.2889308	1.4433756	-0.5082985	0.0960364	0.7092604	-0.2784192	0.0327013	0.6222354	-0.2528212	-0.0010066	0.7496151	-0.2461666	0.2490998	0.8896194	-0.6049908	0.3239558	0.8062935	-0.6284471	0.2029758	0.8189769	-0.6546675	-0.1896229	0.4404961	-0.2747908	-0.3151913	0.3965350	-0.2761667	-0.3044868	0.4667160	-0.2683985	0.0717373	0.8727511	-0.3679118	0.0854613	0.8996452	-0.5551517	0.3543973	1.1279618	-0.1682793	0.2918612	1.0922348	-0.2273516	0.4694664	1.1403307	-0.3978077	0.5046864	1.0808762	-0.3644515	0.0522796	1.2669917	-0.8390884	0.0414679	1.2468776	-0.7893845	-0.0260002	1.0689649	-0.8914957	-0.0699124	1.0811147	-0.9055848	0.3342138	0.0676613	-0.5887889	
297	1.2333333	0.1899874	0.9288364	-0.2988770	0.2136317	0.9714629	-0.6103714	0.0282929	1.0129566	-0.3980140	0.0372497	1.0292414	-0.5194202	-0.0184508	0.4786937	-0.2705226	-0.0006189	0.4719885	-0.3902472	-0.4470923	0.4255513	-0.3138303	-0.4272709	0.4094618	-0.4019126	-0.5418612	0.2912171	-0.4040201	-0.5355314	0.3264034	-0.3363079	-0.4447250	0.4913417	-0.3522914	0.4521634	0.6652671	-0.6151582	0.4443490	0.6493844	-0.5135168	0.3956525	1.3806927	-0.3559469	0.3627170	1.3782590	-0.6842990	0.3086647	1.4428557	-0.5092165	0.1208713	0.7117706	-0.2769803	0.0606068	0.6227011	-0.2516695	0.0226399	0.7490640	-0.2451781	0.2696645	0.8851684	-0.6041585	0.3420518	0.8007812	-0.6279782	0.2213401	0.8177613	-0.6543933	-0.1577414	0.4421548	-0.2768129	-0.2853571	0.4032297	-0.2809917	-0.2710453	0.4737696	-0.2720115	0.0920712	0.8743213	-0.3668073	0.1060585	0.9004874	-0.5543891	0.3620449	1.1325763	-0.1654145	0.2968029	1.0987744	-0.2238648	0.4776581	1.1257112	-0.3956531	0.5085921	1.0654279	-0.3584423	0.0759671	1.2522211	-0.8396478	0.0644688	1.2329852	-0.7878804	0.0054983	1.0473937	-0.8847632	-0.0398672	1.0581476	-0.8999841	0.3506530	0.0554523	-0.5937663	
298	1.2375000	0.2099128	0.9306514	-0.2975953	0.2337212	0.9721976	-0.6092030	0.0485487	1.0141332	-0.3968973	0.0575801	1.0299642	-0.5183234	0.0153969	0.4765692	-0.2696894	0.0345577	0.4698532	-0.3896479	-0.4140192	0.4403459	-0.3200509	-0.3935080	0.4242547	-0.4084288	-0.5181073	0.3100431	-0.4132718	-0.5102574	0.3448909	-0.3448060	-0.4068358	0.5071594	-0.3579088	0.4661705	0.6593484	-0.6148529	0.4577385	0.6430940	-0.5128367	0.4146882	1.3821751	-0.3545148	0.3838702	1.3764536	-0.6846357	0.3284276	1.4423738	-0.5094809	0.1460577	0.7144913	-0.2753207	0.0888801	0.6234434	-0.2502792	0.0465906	0.7492160	-0.2442690	0.2902982	0.8819515	-0.6033825	0.3601475	0.7966679	-0.6274575	0.2395470	0.8174476	-0.6540860	-0.1251626	0.4442205	-0.2783182	-0.2543891	0.4104177	-0.2849805	-0.2369100	0.4810600	-0.2749712	0.1125520	0.8763990	-0.3659608	0.1266122	0.9019327	-0.5536098	0.3693768	1.1368083	-0.1629683	0.3016403	1.1054396	-0.2213475	0.4850505	1.1100892	-0.3925470	0.5112361	1.0493392	-0.3513916	0.1009294	1.2383720	-0.8399063	0.0884685	1.2200378	-0.7861114	0.0383783	1.0263002	-0.8769423	-0.0083928	1.0358782	-0.8933153	0.3651117	0.0429943	-0.5989332	
299	1.2416667	0.2296904	0.9316713	-0.2967162	0.2539506	0.9723038	-0.6076923	0.0687639	1.0143909	-0.3962527	0.0780003	1.0298180	-0.5174170	0.0481033	0.4722574	-0.2692385	0.0689412	0.4653593	-0.3892117	-0.3805233	0.4515946	-0.3266978	-0.3589552	0.4354116	-0.4150894	-0.4917262	0.3265069	-0.4219634	-0.4830607	0.3607691	-0.3531804	-0.3691423	0.5185917	-0.3641058	0.4800728	0.6521518	-0.6145369	0.4710597	0.6357913	-0.5121310	0.4334942	1.3826159	-0.3533096	0.4050028	1.3735509	-0.6851590	0.3480032	1.4408437	-0.5101103	0.1704282	0.7157554	-0.2737152	0.1161389	0.6224805	-0.2491351	0.0698563	0.7482749	-0.2440098	0.3109397	0.8778113	-0.6024997	0.3781992	0.7914394	-0.6268659	0.2577466	0.8160286	-0.6537679	-0.0931161	0.4438227	-0.2802469	-0.2232700	0.4148641	-0.2893451	-0.2033249	0.4853423	-0.2784715	0.1329213	0.8776997	-0.3655104	0.1472281	0.9026946	-0.5527784	0.3760587	1.1391239	-0.1610623	0.3063118	1.1105200	-0.2200753	0.4912022	1.0930975	-0.3885112	0.5124427	1.0323288	-0.3435028	0.1265449	1.2234846	-0.8396293	0.1131931	1.2059961	-0.7840828	0.0724146	1.0049763	-0.8682822	0.0244587	1.0131613	-0.8857346	0.3776889	0.0304294	-0.6042274	
300	1.2458333	0.2497806	0.9326529	-0.2959767	0.2743722	0.9716133	-0.6065306	0.0892046	1.0143882	-0.3954928	0.0986088	1.0291133	-0.5164832	0.0810302	0.4690072	-0.2691803	0.1032892	0.4618576	-0.3890761	-0.3466140	0.4621949	-0.3326829	-0.3241357	0.4459103	-0.4210055	-0.4639310	0.3420543	-0.4290609	-0.4545398	0.3757477	-0.3603153	-0.3316485	0.5291840	-0.3698941	0.4925373	0.6424862	-0.6144774	0.4831584	0.6262570	-0.5116021	0.4526160	1.3822006	-0.3520397	0.4262544	1.3702064	-0.6852212	0.3678005	1.4387104	-0.5102356	0.1948242	0.7173373	-0.2725733	0.1435303	0.6221223	-0.2484324	0.0934894	0.7476140	-0.2439035	0.3314030	0.8719847	-0.6023510	0.3955179	0.7841569	-0.6268434	0.2752105	0.8131847	-0.6535829	-0.0605895	0.4441129	-0.2821024	-0.1914244	0.4195720	-0.2932857	-0.1694616	0.4897193	-0.2818026	0.1533599	0.8787998	-0.3650810	0.1678481	0.9027971	-0.5521074	0.3823628	1.1408278	-0.1594582	0.3110217	1.1151948	-0.2196706	0.4961904	1.0755809	-0.3835197	0.5122957	1.0153151	-0.3347227	0.1527639	1.2079724	-0.8387725	0.1385932	1.1912327	-0.7817338	0.1076035	0.9836718	-0.8589232	0.0585929	0.9902590	-0.8773666	0.3885017	0.0179136	-0.6095812	
301	1.2500000	0.2698830	0.9340052	-0.2956339	0.2950660	0.9718903	-0.6052032	0.1099121	1.0150969	-0.3950105	0.1196040	1.0293803	-0.5156356	0.1127150	0.4653014	-0.2691859	0.1364417	0.4579394	-0.3889611	-0.3125321	0.4722405	-0.3384147	-0.2890657	0.4559271	-0.4266160	-0.4333071	0.3575039	-0.4357811	-0.4238994	0.3902595	-0.3669670	-0.2949279	0.5390557	-0.3752337	0.5054498	0.6343508	-0.6146013	0.4959171	0.6182003	-0.5112268	0.4712148	1.3819152	-0.3508018	0.4475677	1.3676180	-0.6845713	0.3876001	1.4368653	-0.5102702	0.2189314	0.7184329	-0.2714741	0.1702349	0.6213178	-0.2478078	0.1168637	0.7473776	-0.2441527	0.3521206	0.8675662	-0.6021627	0.4131300	0.7783406	-0.6268713	0.2930067	0.8115283	-0.6534898	-0.0287978	0.4440283	-0.2840472	-0.1596327	0.4239046	-0.2972552	-0.1362171	0.4935466	-0.2849929	0.1741051	0.8805457	-0.3650137	0.1889413	0.9039077	-0.5514682	0.3884325	1.1431282	-0.1581851	0.3159692	1.1206045	-0.2201276	0.4999454	1.0586514	-0.3774850	0.5107028	0.9994650	-0.3249983	0.1798588	1.1930718	-0.8374604	0.1647917	1.1769759	-0.7791070	0.1440484	0.9637892	-0.8488120	0.0941340	0.9686361	-0.8682602	0.3976812	0.0056101	-0.6149232	
302	1.2541667	0.2902856	0.9350854	-0.2954548	0.3162591	0.9712645	-0.6042021	0.1310309	1.0155175	-0.3944906	0.1410957	1.0290961	-0.5147994	0.1441131	0.4631733	-0.2696766	0.1691305	0.4554240	-0.3891854	-0.2784756	0.4821147	-0.3436170	-0.2541167	0.4656584	-0.4315566	-0.4013224	0.3722173	-0.4410649	-0.3921472	0.4040539	-0.3725391	-0.2588639	0.5485821	-0.3802430	0.5178980	0.6260209	-0.6147366	0.5083300	0.6100289	-0.5110877	0.4904312	1.3807026	-0.3497491	0.4693216	1.3645743	-0.6835873	0.4079392	1.4342916	-0.5100166	0.2426699	0.7199130	-0.2708935	0.1966617	0.6213849	-0.2476967	0.1404539	0.7476782	-0.2446754	0.3725639	0.8626722	-0.6021118	0.4303917	0.7721332	-0.6269498	0.3107611	0.8093233	-0.6533290	0.0029703	0.4451346	-0.2861281	-0.1276474	0.4289399	-0.3009796	-0.1031581	0.4979758	-0.2881916	0.1949530	0.8820464	-0.3650183	0.2102620	0.9043890	-0.5510001	0.3941886	1.1444062	-0.1571707	0.3210122	1.1251550	-0.2214449	0.5022342	1.0407223	-0.3704016	0.5073637	0.9831521	-0.3144145	0.2076475	1.1781360	-0.8357085	0.1914743	1.1625533	-0.7761173	0.1815067	0.9445137	-0.8378745	0.1308470	0.9475345	-0.8583553	0.4053683	-0.0063172	-0.6201809	
303	1.2583333	0.3107698	0.9357933	-0.2956097	0.3376636	0.9712465	-0.6029909	0.1523836	1.0158394	-0.3943193	0.1629044	1.0291132	-0.5141416	0.1743554	0.4591610	-0.2697221	0.2007119	0.4509863	-0.3889837	-0.2445188	0.4901651	-0.3486488	-0.2191514	0.4735512	-0.4362426	-0.3669288	0.3859945	-0.4459466	-0.3586377	0.4164664	-0.3776965	-0.2237530	0.5557995	-0.3849697	0.5308181	0.6190554	-0.6147588	0.5214550	0.6032222	-0.5111210	0.5092228	1.3792408	-0.3481809	0.4906731	1.3618656	-0.6817683	0.4280489	1.4316925	-0.5092856	0.2662954	0.7200880	-0.2701092	0.2225510	0.6199565	-0.2473173	0.1638169	0.7474095	-0.2454239	0.3929377	0.8588032	-0.6017052	0.4477811	0.7670940	-0.6266986	0.3288811	0.8078399	-0.6529894	0.0339348	0.4444333	-0.2879722	-0.0958946	0.4321967	-0.3045531	-0.0708513	0.5005487	-0.2911073	0.2161587	0.8834187	-0.3654531	0.2320215	0.9053345	-0.5506441	0.3996606	1.1455481	-0.1563824	0.3263827	1.1294796	-0.2233982	0.5030994	1.0233538	-0.3622891	0.5025858	0.9679500	-0.3031675	0.2359469	1.1633503	-0.8335989	0.2184714	1.1482341	-0.7728506	0.2198653	0.9263552	-0.8261825	0.1686407	0.9273412	-0.8477436	0.4117105	-0.0177104	-0.6252827	
304	1.2625000	0.3317648	0.9360500	-0.2959227	0.3594954	0.9690191	-0.6025395	0.1740647	1.0150732	-0.3941850	0.1849885	1.0273332	-0.5137435	0.2057672	0.4581120	-0.2701718	0.2332862	0.4494234	-0.3888663	-0.2097831	0.4961837	-0.3534288	-0.1834747	0.4793481	-0.4403683	-0.3316592	0.3955486	-0.4497309	-0.3241279	0.4251131	-0.3823885	-0.1881299	0.5611357	-0.3896952	0.5410636	0.6081723	-0.6150557	0.5321861	0.5929751	-0.5116994	0.5287366	1.3767404	-0.3470935	0.5124328	1.3580955	-0.6802532	0.4485394	1.4281528	-0.5084962	0.2900258	0.7215481	-0.2700672	0.2490114	0.6204479	-0.2475792	0.1878328	0.7474122	-0.2463389	0.4122893	0.8514790	-0.6021937	0.4634329	0.7583129	-0.6270570	0.3458848	0.8034219	-0.6525964	0.0662439	0.4453100	-0.2897574	-0.0628272	0.4355347	-0.3077834	-0.0376790	0.5033014	-0.2941874	0.2374019	0.8838395	-0.3657633	0.2537701	0.9042525	-0.5505286	0.4050382	1.1455058	-0.1556497	0.3320229	1.1325181	-0.2256760	0.5024646	1.0051862	-0.3531429	0.4961697	0.9525789	-0.2912096	0.2644942	1.1483912	-0.8312228	0.2454295	1.1336421	-0.7694234	0.2589056	0.9089677	-0.8139555	0.2073081	0.9077206	-0.8366614	0.4168580	-0.0284252	-0.6301609	
305	1.2666667	0.3528265	0.9363584	-0.2966213	0.3812717	0.9680368	-0.6019451	0.1958034	1.0148498	-0.3942609	0.2070911	1.0266236	-0.5133870	0.2363448	0.4556694	-0.2694900	0.2647922	0.4464386	-0.3880289	-0.1745437	0.5020003	-0.3568669	-0.1474335	0.4849150	-0.4435667	-0.2935925	0.4038711	-0.4526880	-0.2872873	0.4327145	-0.3854581	-0.1528783	0.5668704	-0.3930682	0.5525053	0.6005124	-0.6152807	0.5445412	0.5856486	-0.5124982	0.5471112	1.3747660	-0.3452743	0.5332389	1.3555793	-0.6774620	0.4683678	1.4252610	-0.5069657	0.3145096	0.7219541	-0.2693736	0.2756271	0.6198158	-0.2469471	0.2119184	0.7473136	-0.2469173	0.4316880	0.8465921	-0.6023096	0.4795215	0.7523424	-0.6270911	0.3633835	0.8008683	-0.6519835	0.0980540	0.4451376	-0.2904393	-0.0295574	0.4381066	-0.3098149	-0.0047224	0.5053935	-0.2958673	0.2591680	0.8844925	-0.3664644	0.2759824	0.9041361	-0.5504940	0.4104250	1.1460657	-0.1551182	0.3383310	1.1358881	-0.2282567	0.5005701	0.9887896	-0.3430802	0.4886178	0.9395084	-0.2788562	0.2935933	1.1345002	-0.8285706	0.2726406	1.1200927	-0.7658241	0.2988075	0.8937654	-0.8010519	0.2470525	0.8900528	-0.8250082	0.4209614	-0.0383366	-0.6347545	
306	1.2708333	0.3737902	0.9333689	-0.2976656	0.4030285	0.9633067	-0.6015478	0.2177154	1.0113957	-0.3948083	0.2293989	1.0224784	-0.5134201	0.2674706	0.4527609	-0.2690912	0.2965089	0.4428810	-0.3870572	-0.1387572	0.5066557	-0.3601134	-0.1110962	0.4892751	-0.4461367	-0.2546337	0.4126321	-0.4542614	-0.2494892	0.4403029	-0.3878818	-0.1174167	0.5704740	-0.3964455	0.5633540	0.5909625	-0.6155704	0.5563772	0.5765509	-0.5138580	0.5655127	1.3702024	-0.3439346	0.5541371	1.3511984	-0.6744751	0.4882782	1.4201969	-0.5055749	0.3386282	0.7203902	-0.2695462	0.3023380	0.6177973	-0.2470103	0.2364815	0.7447844	-0.2479019	0.4502246	0.8385849	-0.6022952	0.4948767	0.7437129	-0.6269687	0.3806305	0.7951767	-0.6510801	0.1305610	0.4443339	-0.2912259	0.0044149	0.4398672	-0.3117523	0.0289067	0.5066171	-0.2977907	0.2807390	0.8817202	-0.3673241	0.2980368	0.9003233	-0.5505197	0.4158315	1.1445722	-0.1544498	0.3449238	1.1368646	-0.2304490	0.4971998	0.9713768	-0.3322059	0.4797121	0.9260573	-0.2661751	0.3225887	1.1191479	-0.8256889	0.2994323	1.1050091	-0.7621896	0.3389807	0.8782054	-0.7877993	0.2872841	0.8717503	-0.8131377	0.4241691	-0.0473443	-0.6390112	
307	1.2750000	0.3956153	0.9334106	-0.2990919	0.4247989	0.9613396	-0.6014789	0.2403219	1.0109052	-0.3955729	0.2520826	1.0212065	-0.5136927	0.2990499	0.4534429	-0.2684209	0.3283901	0.4426848	-0.3857489	-0.1018537	0.5131052	-0.3624079	-0.0738079	0.4953270	-0.4475915	-0.2138920	0.4220590	-0.4548685	-0.2098599	0.4488905	-0.3894049	-0.0811993	0.5760159	-0.3987801	0.5731586	0.5835640	-0.6156840	0.5677440	0.5699260	-0.5157077	0.5845603	1.3680925	-0.3424894	0.5749007	1.3494396	-0.6717991	0.5085458	1.4177976	-0.5041676	0.3633780	0.7222418	-0.2697637	0.3296435	0.6193178	-0.2470214	0.2618755	0.7455714	-0.2489309	0.4678237	0.8328419	-0.6022494	0.5091591	0.7372437	-0.6266205	0.3973474	0.7918186	-0.6495905	0.1637887	0.4467390	-0.2914648	0.0394666	0.4444255	-0.3128740	0.0633227	0.5103950	-0.2991087	0.3030109	0.8818894	-0.3682941	0.3202873	0.8992860	-0.5506397	0.4218104	1.1460218	-0.1541481	0.3529000	1.1403795	-0.2327314	0.4929310	0.9579672	-0.3203990	0.4700284	0.9172188	-0.2531671	0.3527137	1.1068511	-0.8226294	0.3269713	1.0929326	-0.7583185	0.3802182	0.8668807	-0.7739882	0.3288054	0.8575772	-0.8008626	0.4266252	-0.0553764	-0.6428894	
308	1.2791667	0.4177394	0.9342102	-0.3009212	0.4461925	0.9601992	-0.6015796	0.2630729	1.0108348	-0.3964247	0.2746379	1.0203741	-0.5139794	0.3313397	0.4543653	-0.2681618	0.3608226	0.4429300	-0.3846718	-0.0639230	0.5174848	-0.3645823	-0.0355457	0.4994812	-0.4486876	-0.1712741	0.4294103	-0.4551318	-0.1685306	0.4552621	-0.3908090	-0.0444439	0.5792490	-0.4008676	0.5815658	0.5754406	-0.6157510	0.5783932	0.5628939	-0.5179307	0.6033378	1.3664251	-0.3415401	0.5952876	1.3482755	-0.6693331	0.5285436	1.4160260	-0.5030084	0.3885916	0.7245489	-0.2704850	0.3575456	0.6211742	-0.2475542	0.2877968	0.7464917	-0.2503128	0.4843966	0.8266916	-0.6025796	0.5221533	0.7301921	-0.6263843	0.4130256	0.7882965	-0.6476611	0.1979499	0.4488172	-0.2919362	0.0756355	0.4479992	-0.3140773	0.0985343	0.5130048	-0.3006125	0.3255503	0.8824370	-0.3693932	0.3423909	0.8986592	-0.5507448	0.4284142	1.1476913	-0.1541373	0.3619924	1.1437188	-0.2348019	0.4877015	0.9459731	-0.3078448	0.4594513	0.9104450	-0.2400738	0.3834827	1.0951134	-0.8193438	0.3548687	1.0813030	-0.7541880	0.4222476	0.8573768	-0.7597408	0.3712900	0.8450455	-0.7882033	0.4284675	-0.0623920	-0.6463602	
309	1.2833333	0.4390747	0.9331302	-0.3030628	0.4669983	0.9568757	-0.6017510	0.2855756	1.0092690	-0.3968729	0.2970240	1.0179169	-0.5137539	0.3630346	0.4545406	-0.2674463	0.3924807	0.4422055	-0.3833264	-0.0257362	0.5208933	-0.3650089	0.0029243	0.5024973	-0.4482432	-0.1278652	0.4350543	-0.4534588	-0.1263448	0.4604528	-0.3899852	-0.0075311	0.5815905	-0.4014936	0.5892419	0.5669380	-0.6145146	0.5887603	0.5551441	-0.5197967	0.6220000	1.3620687	-0.3405679	0.6159843	1.3446716	-0.6664723	0.5489228	1.4114429	-0.5015780	0.4132093	0.7252381	-0.2707964	0.3849237	0.6217967	-0.2476139	0.3134179	0.7461620	-0.2514678	0.4992758	0.8192383	-0.6017458	0.5338276	0.7222644	-0.6247410	0.4281955	0.7835492	-0.6444585	0.2317399	0.4502846	-0.2915184	0.1117792	0.4510000	-0.3137679	0.1335719	0.5147308	-0.3010379	0.3476798	0.8811157	-0.3704635	0.3642166	0.8959906	-0.5506733	0.4354704	1.1483063	-0.1539227	0.3717214	1.1455991	-0.2359884	0.4814727	0.9346801	-0.2945709	0.4481877	0.9049782	-0.2269677	0.4145016	1.0824752	-0.8158119	0.3828159	1.0686148	-0.7498836	0.4648519	0.8485161	-0.7452424	0.4145712	0.8327404	-0.7753582	0.4298264	-0.0683810	-0.6494075	
310	1.2875000	0.4599879	0.9303350	-0.3054657	0.4868494	0.9524956	-0.6015679	0.3078731	1.0061522	-0.3979599	0.3190076	1.0142050	-0.5139689	0.3956035	0.4532316	-0.2668434	0.4249685	0.4400650	-0.3821085	0.0134598	0.5233673	-0.3664779	0.0423318	0.5046930	-0.4487101	-0.0830466	0.4389970	-0.4529360	-0.0828256	0.4640522	-0.3903947	0.0303068	0.5836683	-0.4030365	0.5965909	0.5572124	-0.6131251	0.5995465	0.5465478	-0.5221566	0.6397268	1.3579349	-0.3397857	0.6351742	1.3420526	-0.6636043	0.5682450	1.4072435	-0.5003542	0.4380871	0.7244570	-0.2711673	0.4127747	0.6209557	-0.2477807	0.3390939	0.7439103	-0.2527838	0.5127063	0.8101173	-0.6010617	0.5443604	0.7127834	-0.6229831	0.4423602	0.7770810	-0.6404170	0.2664874	0.4503292	-0.2914865	0.1489903	0.4527267	-0.3141596	0.1696173	0.5152739	-0.3021453	0.3694575	0.8778019	-0.3717010	0.3853629	0.8917300	-0.5504102	0.4431136	1.1485009	-0.1535256	0.3822767	1.1467018	-0.2363707	0.4745936	0.9247549	-0.2804754	0.4366152	0.9014428	-0.2137598	0.4460480	1.0696774	-0.8121387	0.4111217	1.0555956	-0.7454680	0.5079922	0.8410295	-0.7306349	0.4586964	0.8214336	-0.7624260	0.4308228	-0.0733630	-0.6520283	
311	1.2916667	0.4803065	0.9292758	-0.3084145	0.5061720	0.9482959	-0.6012195	0.3304172	1.0047314	-0.3981497	0.3412632	1.0115038	-0.5129298	0.4285991	0.4550997	-0.2663566	0.4578256	0.4408446	-0.3810697	0.0531545	0.5264924	-0.3660830	0.0824211	0.5072782	-0.4474657	-0.0366192	0.4445012	-0.4500315	-0.0378319	0.4691852	-0.3883168	0.0683296	0.5850120	-0.4031419	0.6035341	0.5506314	-0.6084875	0.6095988	0.5408587	-0.5236054	0.6592944	1.3527247	-0.3395837	0.6559599	1.3381248	-0.6612691	0.5893967	1.4019998	-0.4993051	0.4623252	0.7260955	-0.2715419	0.4405372	0.6228310	-0.2479598	0.3649312	0.7440813	-0.2542465	0.5236219	0.8025920	-0.5972814	0.5534357	0.7055642	-0.6176142	0.4570493	0.7724806	-0.6334359	0.3018270	0.4530917	-0.2909178	0.1868864	0.4565740	-0.3130892	0.2059218	0.5174644	-0.3024611	0.3909347	0.8763037	-0.3730162	0.4062447	0.8883498	-0.5497680	0.4517673	1.1505913	-0.1532737	0.3942134	1.1493497	-0.2363648	0.4676001	0.9182941	-0.2656007	0.4252667	0.9018408	-0.2004419	0.4789109	1.0585269	-0.8083310	0.4405979	1.0441329	-0.7408106	0.5520281	0.8364574	-0.7158598	0.5040224	0.8128392	-0.7492741	0.4315666	-0.0773848	-0.6542321	
312	1.2958333	0.5000634	0.9296610	-0.3117813	0.5247391	0.9464974	-0.6003065	0.3528888	1.0046550	-0.3993122	0.3633791	1.0105758	-0.5125527	0.4622069	0.4572376	-0.2660348	0.4918146	0.4420835	-0.3805292	0.0927422	0.5272488	-0.3680512	0.1228448	0.5076823	-0.4486768	0.0103309	0.4464021	-0.4500523	0.0072571	0.4708718	-0.3891020	0.1062581	0.5844939	-0.4055695	0.6103301	0.5438903	-0.6026942	0.6202057	0.5357120	-0.5251571	0.6777785	1.3512291	-0.3398343	0.6757010	1.3387724	-0.6595505	0.6095315	1.4004257	-0.4989971	0.4872422	0.7290468	-0.2717257	0.4687950	0.6256300	-0.2480942	0.3902290	0.7447993	-0.2558825	0.5331087	0.7953934	-0.5930918	0.5614291	0.6983783	-0.6112684	0.4711587	0.7684793	-0.6248237	0.3376579	0.4551873	-0.2910752	0.2252317	0.4589300	-0.3134826	0.2421373	0.5184058	-0.3040802	0.4122546	0.8758858	-0.3747414	0.4268370	0.8866142	-0.5489541	0.4614902	1.1543663	-0.1532373	0.4074893	1.1533033	-0.2359389	0.4609828	0.9156128	-0.2501217	0.4148269	0.9062833	-0.1872074	0.5130328	1.0485962	-0.8043147	0.4713603	1.0337686	-0.7357603	0.5973256	0.8347018	-0.7008983	0.5509716	0.8067598	-0.7357283	0.4321563	-0.0805159	-0.6560398	
313	1.3000000	0.5196787	0.9276344	-0.3143916	0.5422119	0.9430326	-0.5996114	0.3739197	1.0018363	-0.3996126	0.3836227	1.0073367	-0.5116527	0.4974267	0.4574481	-0.2665138	0.5265829	0.4415162	-0.3809593	0.1330043	0.5193980	-0.3686203	0.1632655	0.4997960	-0.4490707	0.0579755	0.4333966	-0.4483141	0.0531340	0.4590766	-0.3874860	0.1443843	0.5775947	-0.4073130	0.6171845	0.5369592	-0.5985868	0.6301560	0.5300261	-0.5289855	0.6966154	1.3494711	-0.3410438	0.6949986	1.3368107	-0.6571618	0.6298520	1.3975116	-0.4989297	0.5135140	0.7300529	-0.2724951	0.4986573	0.6264728	-0.2488109	0.4162397	0.7428846	-0.2573344	0.5416396	0.7871548	-0.5888135	0.5690502	0.6905199	-0.6054734	0.4851429	0.7630576	-0.6166645	0.3749518	0.4535205	-0.2910813	0.2650763	0.4557376	-0.3128231	0.2796690	0.5133012	-0.3052233	0.4329787	0.8726084	-0.3761627	0.4462890	0.8825170	-0.5484379	0.4719692	1.1570483	-0.1530690	0.4214916	1.1557779	-0.2348633	0.4548771	0.9141520	-0.2341956	0.4054517	0.9120246	-0.1740550	0.5480998	1.0373740	-0.8000218	0.5032260	1.0219258	-0.7304371	0.6434217	0.8330799	-0.6859357	0.5991936	0.8005406	-0.7219452	0.4326771	-0.0828443	-0.6574816	
314	1.3041667	0.5400434	0.9278511	-0.3167954	0.5592326	0.9396654	-0.6001207	0.3943195	0.9995964	-0.3985254	0.4026716	1.0037034	-0.5098769	0.5350164	0.4587780	-0.2685143	0.5635913	0.4421903	-0.3832097	0.1741868	0.5147002	-0.3689359	0.2044192	0.4948108	-0.4495729	0.1041006	0.4249598	-0.4464615	0.0980875	0.4521749	-0.3859953	0.1838748	0.5735776	-0.4083205	0.6203927	0.5272331	-0.5932398	0.6369462	0.5231346	-0.5322550	0.7163986	1.3475644	-0.3420223	0.7134999	1.3358520	-0.6574466	0.6494039	1.3957449	-0.4993573	0.5405858	0.7334188	-0.2740557	0.5299775	0.6291359	-0.2505274	0.4428928	0.7415941	-0.2583904	0.5483377	0.7764374	-0.5855781	0.5739469	0.6798077	-0.5996653	0.4969016	0.7554817	-0.6075315	0.4143342	0.4533711	-0.2923348	0.3060808	0.4543490	-0.3135015	0.3186170	0.5107346	-0.3063814	0.4535160	0.8704436	-0.3769458	0.4647813	0.8781878	-0.5480746	0.4833644	1.1610711	-0.1530492	0.4366341	1.1591725	-0.2334867	0.4500140	0.9163972	-0.2181437	0.3980140	0.9212273	-0.1611871	0.5848097	1.0274716	-0.7953571	0.5368609	1.0113116	-0.7247110	0.6903913	0.8338719	-0.6709435	0.6487973	0.7967316	-0.7078784	0.4332007	-0.0844704	-0.6585949	
315	1.3083333	0.5584923	0.9272964	-0.3191976	0.5762823	0.9339573	-0.6002877	0.4136054	0.9968654	-0.3983493	0.4214014	0.9989579	-0.5088620	0.5715942	0.4626718	-0.2681721	0.6000200	0.4454630	-0.3834477	0.2130665	0.5080270	-0.3676386	0.2437437	0.4880183	-0.4486531	0.1497123	0.4147520	-0.4430313	0.1418272	0.4427397	-0.3828495	0.2202037	0.5666407	-0.4085715	0.6243636	0.5157659	-0.5865457	0.6436242	0.5138668	-0.5343630	0.7364503	1.3442773	-0.3438764	0.7341519	1.3329884	-0.6562002	0.6706876	1.3920968	-0.4999820	0.5663644	0.7372287	-0.2745337	0.5600326	0.6330193	-0.2505846	0.4684227	0.7409357	-0.2585678	0.5555759	0.7643805	-0.5808171	0.5796499	0.6676608	-0.5924148	0.5100102	0.7467643	-0.5979131	0.4524487	0.4546384	-0.2910040	0.3456202	0.4531700	-0.3114632	0.3555605	0.5080142	-0.3056883	0.4732991	0.8678422	-0.3778976	0.4837299	0.8724598	-0.5477041	0.4955379	1.1651579	-0.1530675	0.4525968	1.1622584	-0.2317451	0.4464850	0.9210669	-0.2021901	0.3925765	0.9324292	-0.1486794	0.6227101	1.0178447	-0.7902738	0.5718741	1.0009128	-0.7185689	0.7378699	0.8359476	-0.6558885	0.6994691	0.7942509	-0.6934972	0.4337848	-0.0855026	-0.6594222	
316	1.3125000	0.5768028	0.9269234	-0.3206551	0.5937096	0.9296853	-0.6009554	0.4320364	0.9940997	-0.3979028	0.4394713	0.9947275	-0.5081018	0.6096338	0.4659485	-0.2693683	0.6377301	0.4485666	-0.3852926	0.2521559	0.5045884	-0.3686382	0.2829430	0.4848479	-0.4503310	0.1956045	0.4075858	-0.4426960	0.1858640	0.4365804	-0.3822503	0.2564568	0.5640201	-0.4109016	0.6308723	0.5073144	-0.5825818	0.6520461	0.5074064	-0.5370702	0.7548661	1.3433328	-0.3452183	0.7544505	1.3317923	-0.6552280	0.6909004	1.3901444	-0.5008820	0.5932767	0.7406757	-0.2754724	0.5913358	0.6363597	-0.2514294	0.4941691	0.7397266	-0.2587714	0.5654545	0.7551462	-0.5779468	0.5879938	0.6584465	-0.5877961	0.5240894	0.7396027	-0.5911993	0.4915349	0.4560144	-0.2915477	0.3857865	0.4530573	-0.3116728	0.3934571	0.5068716	-0.3067476	0.4926366	0.8652429	-0.3784994	0.5025483	0.8675124	-0.5478561	0.5082397	1.1706729	-0.1533102	0.4693030	1.1663766	-0.2298784	0.4444495	0.9295368	-0.1866557	0.3892965	0.9467327	-0.1367932	0.6616004	1.0096985	-0.7846790	0.6081225	0.9919836	-0.7119464	0.7851960	0.8398691	-0.6410040	0.7503755	0.7939456	-0.6789936	0.4344733	-0.0860517	-0.6600088	
317	1.3166667	0.5958324	0.9257840	-0.3210033	0.6114528	0.9240675	-0.6030214	0.4494838	0.9905545	-0.3971776	0.4563095	0.9895699	-0.5080624	0.6477126	0.4700755	-0.2714081	0.6746637	0.4523960	-0.3877009	0.2912363	0.5024459	-0.3688655	0.3213289	0.4832067	-0.4510019	0.2399829	0.4031944	-0.4402109	0.2286872	0.4332303	-0.3802260	0.2927139	0.5625961	-0.4126119	0.6354888	0.4994856	-0.5813009	0.6586172	0.5024527	-0.5392288	0.7738917	1.3426610	-0.3454547	0.7749110	1.3288778	-0.6528188	0.7117606	1.3879637	-0.5009861	0.6204311	0.7442401	-0.2770210	0.6228504	0.6401569	-0.2529873	0.5201921	0.7383892	-0.2586175	0.5772142	0.7451927	-0.5790287	0.5965416	0.6488108	-0.5872674	0.5363201	0.7311510	-0.5879983	0.5305318	0.4585965	-0.2924705	0.4256544	0.4546400	-0.3120238	0.4317392	0.5065361	-0.3076694	0.5115225	0.8618381	-0.3781749	0.5206871	0.8614087	-0.5486111	0.5212778	1.1766419	-0.1536276	0.4862867	1.1706235	-0.2277485	0.4436443	0.9406449	-0.1716904	0.3878690	0.9629769	-0.1255493	0.7005099	1.0019363	-0.7787211	0.6447971	0.9833800	-0.7050878	0.8320297	0.8450077	-0.6264682	0.8012446	0.7950935	-0.6644879	0.4352971	-0.0862269	-0.6604002	
318	1.3208333	0.6197933	0.9275470	-0.3201133	0.6271074	0.9177535	-0.6090653	0.4639449	0.9874385	-0.3934030	0.4673872	0.9828723	-0.5068654	0.6901448	0.4774275	-0.2734048	0.7168499	0.4598776	-0.3910766	0.3255371	0.4969358	-0.3658937	0.3557412	0.4772010	-0.4493953	0.2784868	0.3931109	-0.4400946	0.2654084	0.4245077	-0.3802642	0.3228382	0.5572081	-0.4080778	0.6341303	0.4842858	-0.5777146	0.6638104	0.4919630	-0.5371440	0.7960127	1.3352824	-0.3425158	0.7956002	1.3227365	-0.6599116	0.7298966	1.3839360	-0.5010941	0.6487549	0.7525779	-0.2771121	0.6567010	0.6477912	-0.2535015	0.5478525	0.7383978	-0.2558802	0.5847133	0.7305832	-0.5876491	0.5990890	0.6331983	-0.5906651	0.5409588	0.7188874	-0.5847707	0.5719755	0.4616958	-0.2927157	0.4640658	0.4532057	-0.3121479	0.4685082	0.5070226	-0.3057528	0.5317507	0.8607285	-0.3754949	0.5357854	0.8552310	-0.5500404	0.5345214	1.1840504	-0.1540703	0.5036230	1.1759840	-0.2253900	0.4442389	0.9553029	-0.1574926	0.3884194	0.9819207	-0.1150963	0.7396801	0.9959443	-0.7722614	0.6821481	0.9764323	-0.6979565	0.8782031	0.8520975	-0.6123494	0.8517293	0.7986711	-0.6500184	0.4362743	-0.0861324	-0.6606407	
319	1.3250000	0.6382659	0.9271970	-0.3195984	0.6439625	0.9169085	-0.6123736	0.4786028	0.9837402	-0.3935862	0.4813100	0.9791072	-0.5085970	0.7288761	0.4844527	-0.2704464	0.7542113	0.4686669	-0.3892733	0.3613701	0.4905986	-0.3619414	0.3909181	0.4723619	-0.4465620	0.3227806	0.3806005	-0.4357145	0.3070499	0.4111122	-0.3749894	0.3523906	0.5527758	-0.4060934	0.6397753	0.4775632	-0.5827983	0.6751569	0.4855965	-0.5366199	0.8111030	1.3355731	-0.3414060	0.8171145	1.3207217	-0.6548570	0.7494673	1.3825316	-0.4978939	0.6773007	0.7559274	-0.2754452	0.6893458	0.6520666	-0.2510432	0.5743328	0.7369248	-0.2529590	0.6009820	0.7264701	-0.5975848	0.6097868	0.6279341	-0.5997084	0.5497058	0.7138395	-0.5902640	0.6111467	0.4644161	-0.2882139	0.5034078	0.4514508	-0.3071375	0.5048553	0.5061171	-0.3016828	0.5510534	0.8578094	-0.3742367	0.5541816	0.8519282	-0.5511705	0.5481989	1.1921926	-0.1544866	0.5213362	1.1818386	-0.2227123	0.4465568	0.9723716	-0.1441988	0.3911644	1.0024789	-0.1054873	0.7790892	0.9916774	-0.7653474	0.7202303	0.9710082	-0.6907064	0.9240581	0.8613921	-0.5986361	0.9022362	0.8049057	-0.6355675	0.4374122	-0.0858643	-0.6607714	
320	1.3291667	0.6587041	0.9247614	-0.3177805	0.6629579	0.9150788	-0.6162311	0.4937394	0.9784177	-0.3924605	0.4957149	0.9739675	-0.5094738	0.7683950	0.4896820	-0.2744172	0.7935637	0.4749865	-0.3927639	0.3972672	0.4909388	-0.3634323	0.4264065	0.4732515	-0.4484571	0.3629749	0.3760190	-0.4363836	0.3461728	0.4074338	-0.3753313	0.3848108	0.5552065	-0.4081697	0.6456593	0.4701058	-0.5893684	0.6831239	0.4788995	-0.5370736	0.8284953	1.3314596	-0.3396162	0.8397777	1.3161977	-0.6568229	0.7684092	1.3790335	-0.4973667	0.7033492	0.7589417	-0.2759730	0.7207986	0.6554712	-0.2528033	0.6000707	0.7337466	-0.2531298	0.6187734	0.7210178	-0.6078001	0.6221908	0.6216101	-0.6095816	0.5603055	0.7081594	-0.5974504	0.6507705	0.4671663	-0.2913778	0.5417438	0.4519182	-0.3095768	0.5423852	0.5086437	-0.3041223	0.5692011	0.8533404	-0.3724271	0.5714350	0.8477786	-0.5527255	0.5619621	1.1990308	-0.1548477	0.5391125	1.1861247	-0.2197213	0.4505650	0.9895554	-0.1317385	0.3959695	1.0222981	-0.0966455	0.8187664	0.9875018	-0.7579802	0.7590520	0.9653678	-0.6835120	0.9693558	0.8707212	-0.5853984	0.9524146	0.8117890	-0.6213342	0.4387085	-0.0855093	-0.6608293	
321	1.3333333	0.6777739	0.9215772	-0.3158042	0.6825055	0.9140236	-0.6189615	0.5096481	0.9741309	-0.3935812	0.5116754	0.9706859	-0.5123485	0.8049902	0.4988268	-0.2736995	0.8292743	0.4850168	-0.3918476	0.4313760	0.4880321	-0.3612268	0.4600140	0.4711780	-0.4465324	0.4014793	0.3700028	-0.4330958	0.3831946	0.4005241	-0.3719116	0.4154986	0.5520909	-0.4073131	0.6547505	0.4665060	-0.5982036	0.6919039	0.4738241	-0.5379324	0.8465560	1.3305508	-0.3372674	0.8639950	1.3137889	-0.6534514	0.7893664	1.3779321	-0.4949807	0.7276383	0.7632535	-0.2757434	0.7501878	0.6612960	-0.2523307	0.6254378	0.7325366	-0.2519727	0.6398885	0.7184915	-0.6160902	0.6383992	0.6188640	-0.6196463	0.5741790	0.7061411	-0.6074702	0.6879542	0.4722850	-0.2897435	0.5786292	0.4532936	-0.3071129	0.5778204	0.5104313	-0.3024597	0.5870474	0.8491693	-0.3711110	0.5896172	0.8448908	-0.5542593	0.5759868	1.2062243	-0.1550974	0.5570355	1.1905729	-0.2165761	0.4567316	1.0074146	-0.1201920	0.4031532	1.0420130	-0.0885592	0.8588431	0.9850224	-0.7502253	0.7987379	0.9611609	-0.6764491	1.0142468	0.8816851	-0.5726862	1.0023836	0.8209546	-0.6074247	0.4401526	-0.0851436	-0.6608465	
322	1.3375000	0.6972659	0.9163736	-0.3134100	0.7031151	0.9125503	-0.6208520	0.5260997	0.9693011	-0.3950325	0.5284657	0.9674931	-0.5154089	0.8400988	0.5039318	-0.2756142	0.8643080	0.4914861	-0.3931151	0.4664779	0.4809721	-0.3621978	0.4950779	0.4653123	-0.4475053	0.4422274	0.3584814	-0.4340748	0.4220875	0.3886624	-0.3722616	0.4476730	0.5461200	-0.4083849	0.6661689	0.4640228	-0.6092577	0.7014033	0.4696750	-0.5404590	0.8649709	1.3297513	-0.3359957	0.8895866	1.3109455	-0.6527444	0.8107763	1.3771571	-0.4954780	0.7505633	0.7647637	-0.2758045	0.7780288	0.6638027	-0.2531650	0.6494197	0.7285363	-0.2523573	0.6631296	0.7171509	-0.6243244	0.6571364	0.6173133	-0.6306426	0.5897254	0.7041909	-0.6189018	0.7244426	0.4730005	-0.2916355	0.6157686	0.4500327	-0.3085309	0.6130864	0.5082270	-0.3035929	0.6043133	0.8434418	-0.3700269	0.6075999	0.8414530	-0.5557499	0.5900073	1.2125847	-0.1553347	0.5748331	1.1939129	-0.2133750	0.4650256	1.0244321	-0.1092662	0.4125443	1.0600802	-0.0810027	0.8992256	0.9833317	-0.7422374	0.8392573	0.9574254	-0.6696487	1.0586807	0.8933043	-0.5606168	1.0520308	0.8314089	-0.5940278	0.4417278	-0.0848329	-0.6608496	
323	1.3416667	0.7168960	0.9130907	-0.3115068	0.7237219	0.9114241	-0.6222532	0.5438933	0.9671715	-0.3958498	0.5464909	0.9663560	-0.5174256	0.8724140	0.5124056	-0.2773013	0.8967087	0.5013032	-0.3944046	0.4986963	0.4734648	-0.3611862	0.5274716	0.4588208	-0.4468226	0.4774054	0.3462498	-0.4327680	0.4557896	0.3758846	-0.3705547	0.4781331	0.5387459	-0.4077640	0.6753625	0.4611236	-0.6171714	0.7067108	0.4644142	-0.5424653	0.8866449	1.3286141	-0.3341956	0.9156804	1.3096358	-0.6519036	0.8338910	1.3770609	-0.4947624	0.7714999	0.7686182	-0.2758222	0.8036182	0.6690632	-0.2538575	0.6728931	0.7274579	-0.2526388	0.6848504	0.7147798	-0.6285730	0.6745167	0.6151357	-0.6375766	0.6067021	0.7040379	-0.6274302	0.7581505	0.4764250	-0.2926786	0.6497865	0.4483914	-0.3085083	0.6454490	0.5072447	-0.3035144	0.6220612	0.8402263	-0.3690724	0.6259742	0.8395659	-0.5567589	0.6040246	1.2199667	-0.1558508	0.5926590	1.1979332	-0.2104207	0.4758420	1.0418127	-0.0990080	0.4243971	1.0776647	-0.0740289	0.9399493	0.9842414	-0.7341193	0.8805293	0.9560931	-0.6629998	1.1026228	0.9072994	-0.5492889	1.1011732	0.8448628	-0.5812298	0.4434125	-0.0846324	-0.6608602	
324	1.3458333	0.7365580	0.9104179	-0.3094358	0.7449139	0.9108062	-0.6229476	0.5620981	0.9659944	-0.3978008	0.5652157	0.9661286	-0.5204996	0.9053305	0.5237078	-0.2763217	0.9303656	0.5142082	-0.3937815	0.5332626	0.4617776	-0.3595373	0.5627366	0.4485456	-0.4456145	0.5164292	0.3274585	-0.4303993	0.4928393	0.3568862	-0.3681856	0.5103770	0.5280418	-0.4069278	0.6850952	0.4579724	-0.6241601	0.7137917	0.4591208	-0.5425947	0.9071458	1.3307247	-0.3318443	0.9424486	1.3099373	-0.6506291	0.8571884	1.3791644	-0.4943906	0.7930264	0.7750887	-0.2744875	0.8295838	0.6770294	-0.2526503	0.6958873	0.7274976	-0.2517035	0.7073875	0.7128362	-0.6334942	0.6923263	0.6130558	-0.6446999	0.6229873	0.7040699	-0.6360678	0.7933923	0.4802776	-0.2915272	0.6865335	0.4449796	-0.3068932	0.6788425	0.5051590	-0.3017977	0.6399242	0.8378470	-0.3683686	0.6447991	0.8384374	-0.5577218	0.6179546	1.2273141	-0.1567526	0.6103652	1.2014607	-0.2078274	0.4891170	1.0580799	-0.0892263	0.4384383	1.0933364	-0.0675554	0.9806637	0.9868764	-0.7259838	0.9221069	0.9563757	-0.6564546	1.1457514	0.9221159	-0.5387020	1.1491951	0.8597021	-0.5691971	0.4451823	-0.0845870	-0.6608949	
325	1.3500000	0.7566179	0.9088890	-0.3085512	0.7655084	0.9094443	-0.6227597	0.5823274	0.9657869	-0.3983395	0.5856095	0.9660723	-0.5213056	0.9361464	0.5333300	-0.2767842	0.9612902	0.5255801	-0.3945669	0.5674047	0.4534656	-0.3582488	0.5970743	0.4416553	-0.4447064	0.5543010	0.3178981	-0.4277093	0.5295061	0.3460619	-0.3652565	0.5425851	0.5184552	-0.4067194	0.6952086	0.4555779	-0.6298000	0.7210010	0.4542051	-0.5441728	0.9285472	1.3306489	-0.3305527	0.9678141	1.3091911	-0.6488105	0.8810671	1.3793082	-0.4934212	0.8138880	0.7794273	-0.2736069	0.8545187	0.6830307	-0.2522371	0.7194478	0.7278297	-0.2514799	0.7284184	0.7108531	-0.6354576	0.7095277	0.6113816	-0.6489509	0.6402520	0.7046341	-0.6416720	0.8266924	0.4843974	-0.2916590	0.7216329	0.4433564	-0.3059723	0.7113607	0.5042990	-0.3011549	0.6586894	0.8363375	-0.3679480	0.6639244	0.8370449	-0.5576977	0.6320852	1.2354750	-0.1577072	0.6278129	1.2054307	-0.2056835	0.5049460	1.0728945	-0.0799877	0.4545919	1.1070889	-0.0614582	1.0209915	0.9905373	-0.7178911	0.9634775	0.9576668	-0.6501407	1.1878032	0.9370862	-0.5287401	1.1957872	0.8751123	-0.5579498	0.4470109	-0.0847322	-0.6609657	
326	1.3541667	0.7763803	0.9079613	-0.3080249	0.7866640	0.9080192	-0.6218845	0.6037827	0.9668204	-0.3994496	0.6076472	0.9669540	-0.5223431	0.9651940	0.5446476	-0.2759801	0.9909886	0.5384411	-0.3943059	0.6017250	0.4448167	-0.3570174	0.6320049	0.4344549	-0.4437035	0.5925382	0.3083082	-0.4251874	0.5665666	0.3349349	-0.3629618	0.5753367	0.5082928	-0.4066087	0.7058217	0.4534794	-0.6337712	0.7292828	0.4498012	-0.5457792	0.9496524	1.3323826	-0.3287154	0.9939219	1.3109294	-0.6460733	0.9051865	1.3808911	-0.4921524	0.8338937	0.7851547	-0.2720527	0.8780998	0.6905947	-0.2509300	0.7421957	0.7295575	-0.2509526	0.7480705	0.7088908	-0.6358399	0.7260519	0.6098064	-0.6512588	0.6582350	0.7055628	-0.6451624	0.8588659	0.4898053	-0.2907435	0.7563639	0.4427262	-0.3043093	0.7429278	0.5038186	-0.3001583	0.6777928	0.8358288	-0.3678050	0.6838902	0.8362364	-0.5573445	0.6458907	1.2433170	-0.1598142	0.6452104	1.2084449	-0.2040962	0.5231722	1.0883982	-0.0706811	0.4730363	1.1205439	-0.0553525	1.0605903	0.9954987	-0.7103104	1.0042851	0.9601893	-0.6439330	1.2285568	0.9536878	-0.5195867	1.2407675	0.8923615	-0.5475485	0.4488729	-0.0850935	-0.6610804	
327	1.3583333	0.7976026	0.9082174	-0.3076136	0.8073429	0.9057216	-0.6211059	0.6260891	0.9682319	-0.4000882	0.6297773	0.9673469	-0.5229009	0.9945223	0.5561408	-0.2754315	1.0207564	0.5514406	-0.3947163	0.6371604	0.4339157	-0.3562886	0.6679338	0.4248611	-0.4434396	0.6322813	0.2968418	-0.4229630	0.6052763	0.3219989	-0.3612066	0.6088169	0.4952507	-0.4071124	0.7147964	0.4508386	-0.6355899	0.7377715	0.4458269	-0.5467706	0.9716988	1.3339343	-0.3271194	1.0195789	1.3114040	-0.6443379	0.9294065	1.3824225	-0.4911745	0.8549504	0.7916163	-0.2704956	0.9024452	0.6986730	-0.2496599	0.7657064	0.7318894	-0.2500023	0.7647672	0.7056549	-0.6365574	0.7398136	0.6070867	-0.6525886	0.6744329	0.7053869	-0.6461975	0.8917126	0.4947859	-0.2901240	0.7921675	0.4408911	-0.3031888	0.7750113	0.5022507	-0.2995208	0.6978490	0.8361502	-0.3674547	0.7036123	0.8350053	-0.5567646	0.6602588	1.2531425	-0.1619638	0.6625869	1.2130964	-0.2030133	0.5439523	1.1041346	-0.0616653	0.4934615	1.1340347	-0.0492895	1.0994933	1.0013916	-0.7030080	1.0443959	0.9637149	-0.6379871	1.2678338	0.9714261	-0.5108333	1.2840206	0.9109575	-0.5375423	0.4507448	-0.0856860	-0.6612435	
328	1.3625000	0.8189885	0.9091283	-0.3081733	0.8274919	0.9040039	-0.6195193	0.6496014	0.9699375	-0.4004522	0.6528660	0.9680161	-0.5225211	1.0218495	0.5668318	-0.2744172	1.0481522	0.5635438	-0.3944892	0.6736881	0.4218009	-0.3545684	0.7046835	0.4140538	-0.4419721	0.6743637	0.2847630	-0.4188247	0.6463927	0.3083424	-0.3575640	0.6429512	0.4807235	-0.4070294	0.7236718	0.4495729	-0.6363720	0.7480798	0.4432670	-0.5486064	0.9924710	1.3355161	-0.3255402	1.0434651	1.3123419	-0.6405251	0.9528118	1.3833112	-0.4890114	0.8766057	0.7971910	-0.2688723	0.9264214	0.7059529	-0.2481997	0.7892038	0.7346446	-0.2493138	0.7793667	0.7036232	-0.6366226	0.7519318	0.6056607	-0.6527077	0.6898720	0.7059087	-0.6447639	0.9233429	0.4992203	-0.2887476	0.8278943	0.4385518	-0.3010215	0.8066724	0.4995282	-0.2982305	0.7188044	0.8370337	-0.3674955	0.7238251	0.8342716	-0.5555144	0.6745641	1.2622237	-0.1651912	0.6800713	1.2166237	-0.2025388	0.5669654	1.1203161	-0.0527840	0.5158954	1.1472824	-0.0431894	1.1372952	1.0077947	-0.6962555	1.0834015	0.9678647	-0.6322013	1.3050768	0.9895391	-0.5027614	1.3248383	0.9300936	-0.5283544	0.4526080	-0.0865132	-0.6614562	
329	1.3666667	0.8404600	0.9093323	-0.3086623	0.8480002	0.9023744	-0.6174600	0.6735494	0.9715418	-0.4002447	0.6765465	0.9688554	-0.5214008	1.0474944	0.5758451	-0.2737554	1.0741510	0.5736294	-0.3945823	0.7110266	0.4096071	-0.3532156	0.7424063	0.4030255	-0.4407708	0.7179715	0.2733882	-0.4144487	0.6890720	0.2954717	-0.3536868	0.6781818	0.4660544	-0.4075700	0.7342645	0.4496282	-0.6373898	0.7606301	0.4420693	-0.5523618	1.0129934	1.3370415	-0.3237321	1.0665940	1.3142221	-0.6362361	0.9756738	1.3840649	-0.4864116	0.8979109	0.8013019	-0.2670686	0.9494805	0.7117344	-0.2467534	0.8120655	0.7368909	-0.2489255	0.7933321	0.7026951	-0.6360369	0.7643410	0.6054328	-0.6521671	0.7060835	0.7067566	-0.6420201	0.9538430	0.5027422	-0.2877147	0.8632984	0.4360890	-0.2989680	0.8379967	0.4958889	-0.2975279	0.7400124	0.8374272	-0.3676612	0.7444492	0.8335383	-0.5541481	0.6894803	1.2710412	-0.1686371	0.6978906	1.2197515	-0.2022892	0.5919344	1.1362114	-0.0440362	0.5398463	1.1601015	-0.0371146	1.1744225	1.0154484	-0.6898904	1.1218554	0.9732417	-0.6267159	1.3408163	1.0082193	-0.4950794	1.3637825	0.9499942	-0.5196492	0.4544515	-0.0875650	-0.6617169	
330	1.3708333	0.8634615	0.9111276	-0.3089417	0.8684064	0.9009322	-0.6162678	0.6972951	0.9743552	-0.3996421	0.6993391	0.9703007	-0.5202848	1.0741114	0.5864631	-0.2732485	1.1009966	0.5848658	-0.3953660	0.7487765	0.3982645	-0.3517976	0.7805055	0.3923512	-0.4400075	0.7619242	0.2630512	-0.4099432	0.7320765	0.2839521	-0.3499589	0.7135928	0.4516980	-0.4081195	0.7414198	0.4501671	-0.6364177	0.7716834	0.4422238	-0.5555898	1.0349333	1.3393931	-0.3213863	1.0896541	1.3170771	-0.6334749	0.9982277	1.3866820	-0.4840482	0.9204518	0.8080128	-0.2653554	0.9736812	0.7197842	-0.2453325	0.8356404	0.7408334	-0.2477582	0.8037109	0.7013687	-0.6366450	0.7728602	0.6050045	-0.6512636	0.7197375	0.7076517	-0.6371299	0.9853200	0.5076209	-0.2867608	0.8995024	0.4347347	-0.2972893	0.8697283	0.4935442	-0.2966095	0.7618870	0.8393453	-0.3673582	0.7647204	0.8334680	-0.5529479	0.7064642	1.2842082	-0.1707859	0.7161494	1.2277709	-0.2015494	0.6185484	1.1541931	-0.0360756	0.5651617	1.1757515	-0.0309887	1.2102533	1.0228943	-0.6837058	1.1587882	0.9785923	-0.6215815	1.3742411	1.0270365	-0.4875831	1.4003665	0.9700072	-0.5111375	0.4562746	-0.0888149	-0.6620211	
331	1.3750000	0.8854151	0.9115905	-0.3100832	0.8885374	0.8986103	-0.6140458	0.7215259	0.9750583	-0.3991889	0.7229465	0.9698646	-0.5185554	1.0990817	0.5943202	-0.2720389	1.1259008	0.5934092	-0.3948741	0.7879578	0.3860958	-0.3491478	0.8198847	0.3810320	-0.4376959	0.8089451	0.2525012	-0.4041164	0.7779786	0.2719222	-0.3445139	0.7501693	0.4363695	-0.4076697	0.7515797	0.4506466	-0.6356146	0.7857201	0.4419035	-0.5596256	1.0548311	1.3401002	-0.3194604	1.1115213	1.3187544	-0.6280608	1.0200074	1.3865581	-0.4807362	0.9430309	0.8113986	-0.2639203	0.9973297	0.7247254	-0.2438603	0.8589927	0.7430459	-0.2471139	0.8151705	0.7004124	-0.6357315	0.7832642	0.6048456	-0.6493832	0.7351067	0.7077197	-0.6315195	1.0157491	0.5106119	-0.2847555	0.9357369	0.4323019	-0.2941260	0.9015751	0.4892842	-0.2948417	0.7840344	0.8396339	-0.3675891	0.7857733	0.8320510	-0.5511603	0.7241542	1.2944808	-0.1730663	0.7350740	1.2334911	-0.2004279	0.6458812	1.1712641	-0.0286897	0.5914156	1.1905023	-0.0250516	1.2445859	1.0285412	-0.6781977	1.1942547	0.9823731	-0.6163303	1.4051794	1.0446538	-0.4808141	1.4342398	0.9888090	-0.5031711	0.4580909	-0.0902174	-0.6623611	
332	1.3791667	0.9085662	0.9135603	-0.3101308	0.9097088	0.8972357	-0.6131809	0.7446522	0.9776484	-0.3986768	0.7453317	0.9710313	-0.5176832	1.1251614	0.6040856	-0.2716879	1.1523268	0.6035605	-0.3957274	0.8270046	0.3760822	-0.3474295	0.8594204	0.3715558	-0.4367329	0.8556349	0.2434760	-0.3987816	0.8232828	0.2623295	-0.3400284	0.7866570	0.4234859	-0.4081667	0.7589563	0.4518074	-0.6348827	0.7981045	0.4429060	-0.5633828	1.0755758	1.3430590	-0.3169188	1.1339133	1.3227684	-0.6251811	1.0410832	1.3896746	-0.4784690	0.9661219	0.8180336	-0.2623895	1.0216348	0.7324204	-0.2425899	0.8823666	0.7468465	-0.2458619	0.8255216	0.6995437	-0.6371984	0.7916450	0.6048858	-0.6490331	0.7485135	0.7085349	-0.6263837	1.0470990	0.5152536	-0.2837943	0.9723924	0.4315563	-0.2923800	0.9336159	0.4871420	-0.2937925	0.8062294	0.8415553	-0.3671043	0.8067379	0.8319235	-0.5501069	0.7441139	1.3071173	-0.1739507	0.7554243	1.2425525	-0.1984852	0.6736811	1.1891680	-0.0222970	0.6180858	1.2069434	-0.0198011	1.2783524	1.0358832	-0.6729177	1.2291174	0.9880818	-0.6111391	1.4344148	1.0643771	-0.4744280	1.4664339	1.0098338	-0.4951825	0.4599317	-0.0917042	-0.6627259	
333	1.3833333	0.9303799	0.9146827	-0.3105958	0.9314007	0.8963087	-0.6111961	0.7683706	0.9788768	-0.3984780	0.7690412	0.9714743	-0.5165206	1.1503378	0.6121660	-0.2707406	1.1774286	0.6121183	-0.3950464	0.8676881	0.3672936	-0.3447513	0.9001837	0.3636270	-0.4341182	0.9051009	0.2369144	-0.3932020	0.8712680	0.2545105	-0.3348247	0.8245956	0.4117344	-0.4073202	0.7703741	0.4537664	-0.6354496	0.8127714	0.4442489	-0.5675839	1.0943593	1.3457434	-0.3143330	1.1558238	1.3256094	-0.6194267	1.0619027	1.3909331	-0.4749768	0.9892397	0.8222106	-0.2614167	1.0456867	0.7379773	-0.2415799	0.9057540	0.7497120	-0.2455518	0.8396295	0.6997210	-0.6372895	0.8042207	0.6059493	-0.6485562	0.7651906	0.7096891	-0.6224826	1.0779776	0.5193740	-0.2821224	1.0093278	0.4314711	-0.2896068	0.9665723	0.4845749	-0.2922016	0.8284256	0.8424888	-0.3672521	0.8288738	0.8316096	-0.5487861	0.7664219	1.3191618	-0.1733634	0.7774211	1.2523017	-0.1954318	0.7012062	1.2056309	-0.0170274	0.6448516	1.2227091	-0.0153106	1.3106213	1.0419730	-0.6679600	1.2623207	0.9929555	-0.6061215	1.4614145	1.0820446	-0.4686877	1.4961256	1.0288672	-0.4878652	0.4618494	-0.0931824	-0.6631005	
334	1.3875000	0.9517562	0.9152095	-0.3092766	0.9548163	0.8961640	-0.6092847	0.7917137	0.9799251	-0.3977976	0.7932652	0.9722371	-0.5155164	1.1738580	0.6184458	-0.2709316	1.2016809	0.6192045	-0.3954860	0.9086503	0.3585516	-0.3418315	0.9417475	0.3562510	-0.4313480	0.9552195	0.2315165	-0.3874919	0.9195657	0.2477582	-0.3291661	0.8636794	0.3997318	-0.4061277	0.7876887	0.4563755	-0.6405289	0.8293094	0.4460427	-0.5742805	1.1135130	1.3480941	-0.3114416	1.1787511	1.3300148	-0.6134439	1.0831496	1.3922836	-0.4716326	1.0104496	0.8249112	-0.2603635	1.0678176	0.7418191	-0.2409040	0.9279156	0.7513867	-0.2456395	0.8601396	0.7008320	-0.6368089	0.8237965	0.6078388	-0.6499636	0.7869689	0.7114500	-0.6231511	1.1075491	0.5224684	-0.2811466	1.0453566	0.4314643	-0.2867345	0.9991220	0.4807917	-0.2911431	0.8500806	0.8429522	-0.3672922	0.8517778	0.8316913	-0.5484650	0.7910420	1.3294607	-0.1716308	0.8017339	1.2615713	-0.1911388	0.7283003	1.2210898	-0.0124034	0.6717772	1.2379533	-0.0114743	1.3419637	1.0482278	-0.6634961	1.2947048	0.9982811	-0.6010720	1.4868573	1.0997422	-0.4637628	1.5240170	1.0480553	-0.4810961	0.4639206	-0.0945319	-0.6634656	
335	1.3916667	0.9735892	0.9160329	-0.3074780	0.9791293	0.8954953	-0.6080512	0.8151668	0.9821642	-0.3978584	0.8177039	0.9738759	-0.5157430	1.1981500	0.6252930	-0.2708567	1.2266108	0.6264734	-0.3963983	0.9490068	0.3497619	-0.3392875	0.9827173	0.3483936	-0.4295624	1.0038509	0.2258085	-0.3829973	0.9661194	0.2411997	-0.3249508	0.9022075	0.3877470	-0.4049611	0.8037498	0.4587916	-0.6435774	0.8431352	0.4480037	-0.5781142	1.1342935	1.3517108	-0.3081231	1.2031701	1.3354955	-0.6085227	1.1053715	1.3962407	-0.4688552	1.0322294	0.8298030	-0.2597195	1.0905607	0.7472990	-0.2402931	0.9502854	0.7538640	-0.2448293	0.8811340	0.7005620	-0.6358675	0.8434167	0.6087412	-0.6505172	0.8094709	0.7132893	-0.6242434	1.1377457	0.5256846	-0.2801458	1.0816166	0.4313136	-0.2846250	1.0314233	0.4773802	-0.2897538	0.8717494	0.8442570	-0.3671182	0.8749232	0.8321146	-0.5486255	0.8180868	1.3379448	-0.1685704	0.8286898	1.2703631	-0.1853119	0.7547484	1.2358224	-0.0083802	0.6988449	1.2527643	-0.0082849	1.3722869	1.0551517	-0.6593805	1.3259500	1.0046209	-0.5962341	1.5109393	1.1165367	-0.4593453	1.5501719	1.0665294	-0.4749629	0.4662471	-0.0956061	-0.6637971	
336	1.3958333	0.9953314	0.9173525	-0.3060977	1.0035916	0.8961371	-0.6067013	0.8392741	0.9845237	-0.3978594	0.8428645	0.9760305	-0.5156995	1.2223723	0.6312415	-0.2704316	1.2508378	0.6330502	-0.3963156	0.9913751	0.3414034	-0.3355925	1.0252253	0.3412219	-0.4261660	1.0549592	0.2204301	-0.3774846	1.0151901	0.2348836	-0.3195606	0.9425506	0.3764480	-0.4023973	0.8226096	0.4626104	-0.6475575	0.8585982	0.4515965	-0.5815045	1.1547535	1.3550960	-0.3049973	1.2269963	1.3401140	-0.6019703	1.1281935	1.3991690	-0.4649046	1.0548490	0.8341317	-0.2595095	1.1138879	0.7520787	-0.2399157	0.9732406	0.7562689	-0.2445013	0.9051736	0.7015166	-0.6347296	0.8661405	0.6108987	-0.6516086	0.8339127	0.7159415	-0.6268067	1.1681973	0.5285221	-0.2785477	1.1187135	0.4312921	-0.2816775	1.0650190	0.4736268	-0.2876710	0.8938092	0.8459258	-0.3671879	0.8986342	0.8333952	-0.5487166	0.8477023	1.3445721	-0.1640773	0.8585796	1.2786617	-0.1779551	0.7807007	1.2496230	-0.0049121	0.7262245	1.2668446	-0.0057201	1.4014854	1.0625866	-0.6557973	1.3559586	1.0118174	-0.5915246	1.5336027	1.1331374	-0.4556461	1.5746093	1.0849505	-0.4693473	0.4689566	-0.0962331	-0.6640659	
337	1.4000000	1.0181905	0.9182211	-0.3042046	1.0285171	0.8949951	-0.6068708	0.8622946	0.9874529	-0.3983433	0.8666267	0.9781087	-0.5169415	1.2467793	0.6367757	-0.2696643	1.2756143	0.6390836	-0.3965256	1.0325599	0.3316503	-0.3319417	1.0669059	0.3323158	-0.4231594	1.1047740	0.2137048	-0.3709080	1.0625161	0.2285576	-0.3139512	0.9816237	0.3639624	-0.3999744	0.8361853	0.4652275	-0.6495831	0.8705533	0.4545361	-0.5821279	1.1757989	1.3577672	-0.3020371	1.2504237	1.3434259	-0.5977505	1.1501468	1.4024251	-0.4623572	1.0774241	0.8399713	-0.2586642	1.1371572	0.7576209	-0.2389341	0.9958812	0.7582247	-0.2431604	0.9266253	0.7003558	-0.6359813	0.8848177	0.6111994	-0.6535152	0.8548756	0.7174056	-0.6293279	1.1986147	0.5301768	-0.2769466	1.1552360	0.4294350	-0.2793096	1.0975842	0.4692331	-0.2851954	0.9158804	0.8476211	-0.3666634	0.9219144	0.8338652	-0.5494098	0.8799060	1.3486161	-0.1580776	0.8913641	1.2858070	-0.1690486	0.8060788	1.2614863	-0.0020751	0.7537399	1.2792678	-0.0037311	1.4298671	1.0700867	-0.6526756	1.3852040	1.0192862	-0.5871795	1.5553100	1.1486457	-0.4525343	1.5978489	1.1025417	-0.4643263	0.4722007	-0.0962210	-0.6642379	
338	1.4041667	1.0404652	0.9189431	-0.3033277	1.0530309	0.8944501	-0.6064682	0.8859997	0.9891136	-0.3989846	0.8911319	0.9793316	-0.5176576	1.2712261	0.6406355	-0.2682583	1.2994966	0.6438818	-0.3951323	1.0762247	0.3221554	-0.3263921	1.1104010	0.3241712	-0.4177938	1.1571984	0.2086831	-0.3636402	1.1129063	0.2227054	-0.3069016	1.0233236	0.3510555	-0.3952204	0.8547052	0.4680290	-0.6530228	0.8864941	0.4571773	-0.5833462	1.1951602	1.3601890	-0.2989327	1.2729484	1.3458395	-0.5902628	1.1720711	1.4039231	-0.4577616	1.1005387	0.8434375	-0.2584994	1.1609800	0.7609803	-0.2382344	1.0196133	0.7590195	-0.2426291	0.9511764	0.7001561	-0.6363766	0.9074904	0.6122170	-0.6556429	0.8785152	0.7188436	-0.6328674	1.2293349	0.5310034	-0.2742000	1.1926788	0.4274906	-0.2751408	1.1321307	0.4639364	-0.2815902	0.9383676	0.8484600	-0.3666861	0.9457731	0.8339596	-0.5497055	0.9145352	1.3506724	-0.1508567	0.9271082	1.2923271	-0.1583666	0.8314182	1.2743072	0.0003302	0.7823242	1.2925912	-0.0018588	1.4571098	1.0768948	-0.6500019	1.4133089	1.0262851	-0.5829980	1.5756128	1.1632617	-0.4500202	1.6194690	1.1193898	-0.4598591	0.4761505	-0.0953646	-0.6642744	
339	1.4083333	1.0634672	0.9198818	-0.3016470	1.0783363	0.8945345	-0.6067743	0.9092139	0.9917093	-0.3999425	0.9151934	0.9815299	-0.5192829	1.2949293	0.6451072	-0.2675079	1.3235422	0.6493745	-0.3947952	1.1181962	0.3127127	-0.3222682	1.1528548	0.3161041	-0.4139454	1.2074146	0.2037249	-0.3570983	1.1609941	0.2176271	-0.3010721	1.0639184	0.3384746	-0.3919662	0.8726733	0.4706548	-0.6565694	0.9019599	0.4599081	-0.5838355	1.2146987	1.3630189	-0.2959926	1.2955194	1.3495322	-0.5848718	1.1934364	1.4067130	-0.4545288	1.1228812	0.8480655	-0.2578450	1.1838592	0.7652605	-0.2374503	1.0423461	0.7601053	-0.2420144	0.9759784	0.6998794	-0.6380628	0.9300758	0.6130676	-0.6587249	0.9017456	0.7207111	-0.6375244	1.2590933	0.5319874	-0.2724859	1.2287444	0.4254550	-0.2722827	1.1651589	0.4590740	-0.2790671	0.9607564	0.8499168	-0.3665298	0.9695337	0.8349051	-0.5507082	0.9506883	1.3504826	-0.1417938	0.9648602	1.2979792	-0.1467290	0.8565832	1.2829029	0.0020596	0.8109669	1.3021462	-0.0003439	1.4827881	1.0839673	-0.6478513	1.4396753	1.0337944	-0.5790889	1.5942775	1.1775767	-0.4483579	1.6393137	1.1362569	-0.4558671	0.4809901	-0.0934554	-0.6641335	
340	1.4125000	1.0860927	0.9197046	-0.3007761	1.1035285	0.8947153	-0.6068361	0.9328776	0.9935149	-0.4010120	0.9397846	0.9835108	-0.5206601	1.3194649	0.6486931	-0.2657832	1.3480696	0.6536074	-0.3932225	1.1602594	0.3050028	-0.3185853	1.1950943	0.3095660	-0.4102754	1.2572334	0.2011439	-0.3516643	1.2088889	0.2143189	-0.2961659	1.1045696	0.3279023	-0.3888775	0.8899099	0.4740684	-0.6591568	0.9174308	0.4632819	-0.5837433	1.2334215	1.3659679	-0.2924236	1.3176491	1.3522775	-0.5783732	1.2146171	1.4089693	-0.4499995	1.1462958	0.8518445	-0.2572452	1.2077611	0.7688023	-0.2364160	1.0656189	0.7605515	-0.2415556	0.9998819	0.6995750	-0.6399390	0.9516695	0.6142673	-0.6614536	0.9244508	0.7227685	-0.6411784	1.2893667	0.5328551	-0.2703030	1.2650681	0.4240798	-0.2695063	1.1987919	0.4547816	-0.2764262	0.9833486	0.8502933	-0.3667644	0.9936565	0.8355038	-0.5514776	0.9880170	1.3481444	-0.1318425	1.0041249	1.3025602	-0.1342555	0.8812891	1.2895903	0.0034766	0.8396369	1.3099209	0.0012291	1.5073472	1.0898262	-0.6464091	1.4649022	1.0400474	-0.5758156	1.6121654	1.1895516	-0.4471460	1.6580654	1.1506625	-0.4525667	0.4869080	-0.0902941	-0.6637703	
341	1.4166667	1.1094237	0.9196445	-0.2994893	1.1287498	0.8955851	-0.6070344	0.9564797	0.9948834	-0.4014594	0.9640975	0.9852315	-0.5216050	1.3437093	0.6518571	-0.2639429	1.3726506	0.6573402	-0.3915720	1.2021529	0.2976264	-0.3138941	1.2373055	0.3034399	-0.4056163	1.3070674	0.1997386	-0.3449806	1.2568730	0.2118178	-0.2898531	1.1453424	0.3172388	-0.3848239	0.9081597	0.4787790	-0.6625731	0.9343130	0.4681027	-0.5848436	1.2527020	1.3685552	-0.2892490	1.3404100	1.3540746	-0.5728654	1.2362235	1.4104551	-0.4462185	1.1694276	0.8550639	-0.2561284	1.2313169	0.7718465	-0.2349933	1.0887845	0.7608382	-0.2410934	1.0238550	0.7003414	-0.6426064	0.9736377	0.6165979	-0.6648749	0.9471320	0.7252528	-0.6449676	1.3192558	0.5336607	-0.2677179	1.3008961	0.4230570	-0.2658540	1.2323570	0.4504089	-0.2732528	1.0061921	0.8505446	-0.3670362	1.0176218	0.8363238	-0.5526082	1.0255521	1.3444877	-0.1217341	1.0437804	1.3065168	-0.1219397	0.9055757	1.2942801	0.0039614	0.8679685	1.3158681	0.0022325	1.5308660	1.0951611	-0.6458881	1.4889250	1.0456675	-0.5737053	1.6293377	1.1999981	-0.4463986	1.6758348	1.1633003	-0.4499553	0.4940870	-0.0857044	-0.6631398	
342	1.4208333	1.1327938	0.9194519	-0.2981818	1.1541716	0.8965242	-0.6069596	0.9801975	0.9962375	-0.4022617	0.9886252	0.9869919	-0.5228102	1.3667845	0.6528127	-0.2615509	1.3964100	0.6590464	-0.3895669	1.2427727	0.2891109	-0.3092873	1.2785735	0.2962799	-0.4011852	1.3550724	0.1974194	-0.3384887	1.3030628	0.2082372	-0.2836304	1.1854824	0.3055331	-0.3809761	0.9266931	0.4827881	-0.6653010	0.9513836	0.4722431	-0.5856691	1.2713988	1.3710811	-0.2859931	1.3633280	1.3565429	-0.5671019	1.2575075	1.4122908	-0.4426221	1.1920899	0.8567767	-0.2544821	1.2540527	0.7730727	-0.2330036	1.1113847	0.7603153	-0.2405851	1.0479118	0.7006340	-0.6449822	0.9958250	0.6183566	-0.6677778	0.9701739	0.7275455	-0.6482804	1.3477525	0.5325928	-0.2646374	1.3352351	0.4204346	-0.2617680	1.2646395	0.4444748	-0.2699306	1.0291498	0.8507198	-0.3675885	1.0417998	0.8371912	-0.5538748	1.0625735	1.3397230	-0.1123553	1.0832204	1.3096178	-0.1102673	0.9295779	1.2991865	0.0037267	0.8961817	1.3218407	0.0029243	1.5533024	1.0997348	-0.6463424	1.5116285	1.0503080	-0.5730186	1.6457647	1.2082145	-0.4457798	1.6925687	1.1732972	-0.4479702	0.5026931	-0.0795465	-0.6621978	
343	1.4250000	1.1569017	0.9195023	-0.2972040	1.1791847	0.8965161	-0.6073563	1.0041692	0.9975040	-0.4035655	1.0129283	0.9881865	-0.5245629	1.3887314	0.6515617	-0.2581976	1.4188922	0.6586534	-0.3868928	1.2826059	0.2785457	-0.3043022	1.3191865	0.2868987	-0.3967320	1.4015422	0.1930178	-0.3314520	1.3478615	0.2026639	-0.2768573	1.2252806	0.2914372	-0.3770983	0.9455842	0.4865458	-0.6660904	0.9696986	0.4762382	-0.5848517	1.2907590	1.3731391	-0.2827745	1.3863140	1.3589222	-0.5621709	1.2788791	1.4143455	-0.4396467	1.2148550	0.8572154	-0.2526506	1.2764694	0.7726397	-0.2304782	1.1339651	0.7591421	-0.2394278	1.0709115	0.7008056	-0.6471277	1.0173648	0.6199022	-0.6697241	0.9927145	0.7291213	-0.6505879	1.3750650	0.5293824	-0.2605720	1.3684546	0.4154781	-0.2568577	1.2957937	0.4365925	-0.2658188	1.0525744	0.8510108	-0.3680168	1.0657520	0.8374516	-0.5550952	1.0974783	1.3324183	-0.1042833	1.1209261	1.3099546	-0.0998786	0.9530458	1.3018992	0.0028372	0.9235260	1.3252621	0.0032862	1.5746400	1.1034032	-0.6477720	1.5329250	1.0538422	-0.5736981	1.6613633	1.2142509	-0.4454591	1.7082538	1.1808152	-0.4464941	0.5128644	-0.0717315	-0.6609033	
344	1.4291667	1.1805499	0.9190227	-0.2965782	1.2043683	0.8966634	-0.6075079	1.0280802	0.9978731	-0.4051807	1.0374205	0.9887893	-0.5263928	1.4106171	0.6494486	-0.2549449	1.4413149	0.6573080	-0.3838508	1.3213091	0.2693524	-0.3001568	1.3585973	0.2788880	-0.3927250	1.4456313	0.1896811	-0.3252952	1.3907790	0.1978236	-0.2709726	1.2642522	0.2790750	-0.3739502	0.9655961	0.4895645	-0.6665929	0.9898004	0.4791854	-0.5835150	1.3095079	1.3745653	-0.2790619	1.4095091	1.3610297	-0.5567648	1.3002919	1.4152882	-0.4360477	1.2378938	0.8563291	-0.2509775	1.2989985	0.7711243	-0.2281772	1.1564842	0.7574910	-0.2387733	1.0945431	0.7007996	-0.6493335	1.0395425	0.6211074	-0.6716166	1.0153661	0.7305489	-0.6527315	1.4018531	0.5258371	-0.2568617	1.4007481	0.4108004	-0.2525624	1.3264388	0.4292178	-0.2623412	1.0760720	0.8506887	-0.3686270	1.0901664	0.8375090	-0.5561416	1.1305704	1.3262098	-0.0972375	1.1559958	1.3109109	-0.0912211	0.9756738	1.3020253	0.0017145	0.9492075	1.3264874	0.0035481	1.5950370	1.1062840	-0.6498697	1.5530531	1.0563366	-0.5759403	1.6763120	1.2181535	-0.4453583	1.7232606	1.1860092	-0.4455069	0.5247019	-0.0622318	-0.6592205	
345	1.4333333	1.2041362	0.9188605	-0.2956662	1.2299256	0.8978672	-0.6071335	1.0523674	0.9981925	-0.4062279	1.0625065	0.9896452	-0.5275340	1.4319174	0.6463792	-0.2521143	1.4637658	0.6552655	-0.3809129	1.3590680	0.2606942	-0.2952681	1.3973942	0.2718100	-0.3878823	1.4887197	0.1866943	-0.3182646	1.4325826	0.1929479	-0.2640582	1.3028033	0.2674136	-0.3700244	0.9890938	0.4919184	-0.6681336	1.0121682	0.4814331	-0.5834435	1.3285897	1.3762713	-0.2751494	1.4331511	1.3636007	-0.5512634	1.3222039	1.4161265	-0.4322711	1.2604316	0.8547211	-0.2493791	1.3208620	0.7687494	-0.2261249	1.1784614	0.7554467	-0.2386670	1.1206633	0.7010334	-0.6506974	1.0648391	0.6221987	-0.6733654	1.0402195	0.7321916	-0.6553054	1.4278187	0.5218174	-0.2530560	1.4319999	0.4063767	-0.2475800	1.3564611	0.4214947	-0.2588076	1.0996259	0.8504928	-0.3694423	1.1149062	0.8381585	-0.5572504	1.1606802	1.3201624	-0.0916634	1.1874441	1.3111355	-0.0843290	0.9974229	1.2993341	0.0006411	0.9731305	1.3248300	0.0039811	1.6142833	1.1088974	-0.6528004	1.5718611	1.0583618	-0.5795586	1.6906380	1.2208093	-0.4458525	1.7375234	1.1896831	-0.4453125	0.5382617	-0.0510893	-0.6571207	
346	1.4375000	1.2285540	0.9186391	-0.2945597	1.2553291	0.8976274	-0.6073789	1.0762197	0.9987772	-0.4077978	1.0867517	0.9901411	-0.5295979	1.4521305	0.6424379	-0.2480832	1.4852192	0.6519050	-0.3776849	1.3940628	0.2503565	-0.2904144	1.4337185	0.2622818	-0.3836441	1.5287005	0.1805452	-0.3111359	1.4712115	0.1857454	-0.2572396	1.3382546	0.2544663	-0.3664079	1.0091450	0.4932910	-0.6670040	1.0322277	0.4830120	-0.5808401	1.3489138	1.3764822	-0.2707162	1.4570987	1.3660024	-0.5476558	1.3438082	1.4176679	-0.4294854	1.2830401	0.8532722	-0.2473676	1.3423434	0.7662237	-0.2232643	1.1999395	0.7536036	-0.2372567	1.1439563	0.7000752	-0.6526322	1.0868695	0.6221433	-0.6743623	1.0629242	0.7328978	-0.6567941	1.4524083	0.5165789	-0.2483500	1.4614560	0.4000440	-0.2423399	1.3839216	0.4129130	-0.2543879	1.1233653	0.8506259	-0.3699445	1.1391899	0.8382613	-0.5585276	1.1875836	1.3133728	-0.0872634	1.2147875	1.3094625	-0.0791234	1.0183270	1.2908860	0.0000989	0.9950990	1.3174350	0.0048975	1.6323689	1.1105674	-0.6564623	1.5891622	1.0592555	-0.5845762	1.7044478	1.2207967	-0.4466565	1.7511610	1.1904261	-0.4456551	0.5535511	-0.0384181	-0.6545831	
347	1.4416667	1.2525473	0.9183203	-0.2945511	1.2803568	0.8979141	-0.6072883	1.1002259	0.9989188	-0.4095667	1.1111496	0.9905352	-0.5312673	1.4723528	0.6364860	-0.2440509	1.5061568	0.6464453	-0.3734993	1.4283232	0.2408224	-0.2855540	1.4688803	0.2534967	-0.3788022	1.5667773	0.1747951	-0.3045302	1.5085641	0.1784916	-0.2507030	1.3731536	0.2425155	-0.3624503	1.0315491	0.4947287	-0.6651114	1.0552260	0.4843287	-0.5774902	1.3691287	1.3762246	-0.2663329	1.4808854	1.3683089	-0.5430116	1.3658662	1.4182564	-0.4257498	1.3062823	0.8498029	-0.2458329	1.3643003	0.7617370	-0.2208332	1.2218488	0.7511845	-0.2366182	1.1681230	0.7000328	-0.6537937	1.1101701	0.6227138	-0.6745895	1.0861297	0.7337009	-0.6574469	1.4764465	0.5101661	-0.2436789	1.4900157	0.3932874	-0.2371344	1.4113126	0.4040261	-0.2501405	1.1472935	0.8503606	-0.3706364	1.1637327	0.8383520	-0.5591418	1.2115857	1.3071395	-0.0841221	1.2383339	1.3070503	-0.0754475	1.0385756	1.2793546	0.0000055	1.0156755	1.3067848	0.0061529	1.6495897	1.1123517	-0.6606819	1.6055279	1.0600929	-0.5907530	1.7182021	1.2196917	-0.4477797	1.7646511	1.1898600	-0.4466044	0.5705277	-0.0244030	-0.6515962	
348	1.4458333	1.2759523	0.9176196	-0.2937549	1.3060605	0.8984968	-0.6067277	1.1238158	0.9983694	-0.4108714	1.1356756	0.9904631	-0.5326014	1.4927795	0.6317771	-0.2410779	1.5281584	0.6421204	-0.3705023	1.4605390	0.2330338	-0.2808499	1.5023692	0.2466368	-0.3740479	1.6026054	0.1712756	-0.2979050	1.5435784	0.1729612	-0.2441116	1.4060893	0.2322076	-0.3585214	1.0547736	0.4937621	-0.6638080	1.0784391	0.4832403	-0.5749253	1.3893944	1.3750635	-0.2617485	1.5054930	1.3697581	-0.5390899	1.3881492	1.4175354	-0.4223013	1.3287742	0.8467999	-0.2441665	1.3856756	0.7580657	-0.2187245	1.2429493	0.7489296	-0.2364049	1.1933571	0.6987792	-0.6546791	1.1345325	0.6216171	-0.6748059	1.1101884	0.7339114	-0.6584875	1.5001819	0.5049890	-0.2398976	1.5174976	0.3881507	-0.2324775	1.4377410	0.3966090	-0.2465392	1.1707899	0.8497806	-0.3714771	1.1885888	0.8385333	-0.5600859	1.2327051	1.3009092	-0.0818956	1.2578505	1.3031896	-0.0735230	1.0584645	1.2616830	0.0003081	1.0349596	1.2901126	0.0075170	1.6657435	1.1139568	-0.6653681	1.6206289	1.0607303	-0.5979995	1.7319852	1.2164486	-0.4491962	1.7780421	1.1869341	-0.4481874	0.5891030	-0.0092922	-0.6481582	
349	1.4500000	1.3001168	0.9170351	-0.2931277	1.3312710	0.8990001	-0.6063550	1.1477501	0.9984131	-0.4117262	1.1600682	0.9908785	-0.5335278	1.5121944	0.6254529	-0.2376356	1.5491044	0.6360107	-0.3674031	1.4905796	0.2233739	-0.2754328	1.5337568	0.2375179	-0.3689435	1.6362074	0.1651084	-0.2909756	1.5762530	0.1650920	-0.2370891	1.4367517	0.2202596	-0.3538892	1.0775820	0.4927217	-0.6618817	1.1009544	0.4822737	-0.5725503	1.4110436	1.3734205	-0.2571238	1.5297715	1.3719380	-0.5359968	1.4103691	1.4179599	-0.4190482	1.3514165	0.8432127	-0.2424837	1.4067876	0.7534177	-0.2163760	1.2638841	0.7466094	-0.2356296	1.2176553	0.6978896	-0.6551858	1.1582833	0.6206893	-0.6744143	1.1341424	0.7340006	-0.6586208	1.5225281	0.4983133	-0.2354460	1.5432601	0.3812692	-0.2270497	1.4623497	0.3875667	-0.2422294	1.1946007	0.8495797	-0.3721537	1.2129895	0.8389737	-0.5608836	1.2517650	1.2956509	-0.0811945	1.2755058	1.2989475	-0.0724896	1.0778352	1.2484254	0.0004965	1.0541555	1.2768785	0.0086065	1.6810234	1.1157751	-0.6703730	1.6346910	1.0616098	-0.6057084	1.7459090	1.2122318	-0.4505332	1.7912615	1.1826276	-0.4502204	0.6091493	0.0066155	-0.6442768	
350	1.4541667	1.3235515	0.9162753	-0.2927819	1.3565824	0.8997330	-0.6056491	1.1715017	0.9982562	-0.4128558	1.1846049	0.9912874	-0.5344857	1.5319330	0.6191815	-0.2342269	1.5701416	0.6293283	-0.3641620	1.5181413	0.2153874	-0.2705149	1.5623453	0.2296532	-0.3641482	1.6659768	0.1602214	-0.2854408	1.6056173	0.1583324	-0.2311838	1.4649397	0.2101984	-0.3494854	1.1021225	0.4911737	-0.6590570	1.1247974	0.4805710	-0.5694169	1.4328702	1.3720234	-0.2530978	1.5546886	1.3736713	-0.5325512	1.4333329	1.4177738	-0.4157891	1.3743846	0.8394610	-0.2410076	1.4282262	0.7488358	-0.2141651	1.2849026	0.7447822	-0.2349736	1.2428230	0.6970542	-0.6547098	1.1832712	0.6196396	-0.6730450	1.1592048	0.7341713	-0.6581894	1.5442869	0.4920278	-0.2312977	1.5675453	0.3752166	-0.2221674	1.4859548	0.3797784	-0.2382164	1.2182280	0.8492314	-0.3729484	1.2377228	0.8395135	-0.5614379	1.2681154	1.2896269	-0.0815180	1.2902843	1.2925925	-0.0731608	1.0971825	1.2311488	0.0000553	1.0726982	1.2595256	0.0086047	1.6951864	1.1174632	-0.6755804	1.6471499	1.0626914	-0.6137690	1.7601183	1.2057776	-0.4520669	1.8045557	1.1758312	-0.4527331	0.6305099	0.0229857	-0.6399688	
351	1.4583333	1.3470469	0.9147606	-0.2918765	1.3819561	0.9007743	-0.6047614	1.1955746	0.9977903	-0.4127957	1.2095047	0.9917960	-0.5344165	1.5514600	0.6119986	-0.2316299	1.5914300	0.6218690	-0.3617307	1.5440428	0.2064380	-0.2650297	1.5894731	0.2210616	-0.3587163	1.6943194	0.1538847	-0.2793497	1.6332539	0.1499779	-0.2247508	1.4914984	0.1996460	-0.3443178	1.1274982	0.4879655	-0.6566888	1.1485829	0.4774328	-0.5673498	1.4556289	1.3703226	-0.2494372	1.5796501	1.3745182	-0.5295954	1.4567378	1.4168164	-0.4126570	1.3971063	0.8350319	-0.2394433	1.4493126	0.7434492	-0.2122132	1.3054810	0.7422505	-0.2345433	1.2686867	0.6955023	-0.6536814	1.2092059	0.6174792	-0.6714193	1.1851583	0.7337957	-0.6576156	1.5654043	0.4848580	-0.2275256	1.5907115	0.3684334	-0.2171155	1.5085796	0.3709021	-0.2344132	1.2417912	0.8484403	-0.3736040	1.2623880	0.8402602	-0.5620957	1.2835925	1.2851303	-0.0836857	1.3054755	1.2869006	-0.0742284	1.1155734	1.2253575	-0.0013084	1.0913134	1.2523349	0.0074787	1.7087876	1.1191434	-0.6807301	1.6590089	1.0638319	-0.6215823	1.7746009	1.1984924	-0.4534765	1.8177836	1.1679354	-0.4557590	0.6530112	0.0394679	-0.6352594	
352	1.4625000	1.3719006	0.9143978	-0.2915009	1.4062201	0.9008535	-0.6046559	1.2196878	0.9983721	-0.4130195	1.2334418	0.9924164	-0.5347639	1.5698262	0.6045559	-0.2281628	1.6106328	0.6137777	-0.3589748	1.5676671	0.1965016	-0.2591133	1.6139476	0.2105540	-0.3533629	1.7200372	0.1463163	-0.2726689	1.6583120	0.1413776	-0.2179605	1.5153780	0.1877452	-0.3388568	1.1515349	0.4855960	-0.6522500	1.1716940	0.4753577	-0.5637930	1.4805076	1.3672064	-0.2456688	1.6038490	1.3759632	-0.5277471	1.4800666	1.4172041	-0.4100551	1.4201979	0.8313032	-0.2382142	1.4704307	0.7384087	-0.2100316	1.3267872	0.7408588	-0.2329191	1.2923041	0.6951524	-0.6523586	1.2332049	0.6163200	-0.6687101	1.2099095	0.7332078	-0.6556434	1.5849719	0.4773700	-0.2229671	1.6119150	0.3604930	-0.2116593	1.5291773	0.3618835	-0.2295282	1.2660710	0.8489807	-0.3737403	1.2862604	0.8410324	-0.5623754	1.2964063	1.2785119	-0.0861979	1.3173523	1.2782326	-0.0776063	1.1341284	1.2084154	-0.0038704	1.1085958	1.2347555	0.0043923	1.7209060	1.1211379	-0.6861847	1.6688206	1.0658261	-0.6296210	1.7891526	1.1891609	-0.4559054	1.8310637	1.1577863	-0.4598735	0.6764768	0.0557148	-0.6301817	
353	1.4666667	1.3961473	0.9138299	-0.2920361	1.4303393	0.9014663	-0.6047212	1.2435527	0.9983809	-0.4134886	1.2572934	0.9928455	-0.5350086	1.5882434	0.5956212	-0.2253727	1.6294040	0.6041677	-0.3555633	1.5889187	0.1870625	-0.2540674	1.6356749	0.2005825	-0.3479868	1.7420224	0.1368997	-0.2674260	1.6802812	0.1313761	-0.2127976	1.5371476	0.1775937	-0.3337936	1.1798355	0.4821434	-0.6478496	1.1991098	0.4720276	-0.5594052	1.5046953	1.3651985	-0.2425015	1.6274420	1.3776765	-0.5246763	1.5035666	1.4169520	-0.4066564	1.4437239	0.8259502	-0.2377566	1.4918683	0.7317955	-0.2087396	1.3484269	0.7387884	-0.2321962	1.3184544	0.6950131	-0.6502929	1.2603248	0.6148455	-0.6657656	1.2361500	0.7321318	-0.6538392	1.6035084	0.4687661	-0.2191990	1.6312696	0.3519613	-0.2070876	1.5488533	0.3526788	-0.2257044	1.2903494	0.8489011	-0.3736191	1.3104688	0.8416567	-0.5619794	1.3084154	1.2693933	-0.0888117	1.3274494	1.2665553	-0.0820073	1.1514079	1.1854277	-0.0063204	1.1242136	1.2112251	0.0009035	1.7324095	1.1231816	-0.6921207	1.6780392	1.0679206	-0.6381999	1.8035211	1.1777972	-0.4590230	1.8441394	1.1451381	-0.4651657	0.7007403	0.0714009	-0.6247760	
354	1.4708333	1.4206205	0.9131827	-0.2916932	1.4545476	0.9028370	-0.6048305	1.2673603	0.9980773	-0.4128254	1.2810484	0.9932611	-0.5344964	1.6063595	0.5875153	-0.2238892	1.6481894	0.5954914	-0.3534565	1.6080060	0.1775070	-0.2490442	1.6554022	0.1906388	-0.3425762	1.7621398	0.1273042	-0.2614921	1.6999651	0.1215962	-0.2072988	1.5566752	0.1673865	-0.3286028	1.2096851	0.4769006	-0.6443648	1.2275125	0.4670048	-0.5555732	1.5293462	1.3632631	-0.2387669	1.6499850	1.3792329	-0.5221927	1.5267203	1.4164212	-0.4029141	1.4669991	0.8214315	-0.2374901	1.5129532	0.7259907	-0.2080976	1.3698047	0.7366410	-0.2317053	1.3460800	0.6943446	-0.6481440	1.2890754	0.6123275	-0.6631918	1.2631760	0.7306482	-0.6528986	1.6213088	0.4605997	-0.2163963	1.6492933	0.3436806	-0.2031054	1.5671687	0.3437071	-0.2225056	1.3146997	0.8486973	-0.3730978	1.3346451	0.8426660	-0.5617314	1.3194702	1.2602296	-0.0896377	1.3342195	1.2542743	-0.0882761	1.1690841	1.1491184	-0.0100513	1.1393154	1.1760606	-0.0042895	1.7425146	1.1251073	-0.6982061	1.6853922	1.0705526	-0.6473664	1.8169077	1.1645291	-0.4627033	1.8565890	1.1299169	-0.4712121	0.7256580	0.0862392	-0.6190896	
355	1.4750000	1.4450802	0.9131348	-0.2911317	1.4787418	0.9050189	-0.6048868	1.2912301	0.9981865	-0.4118225	1.3048631	0.9941799	-0.5337420	1.6245991	0.5798928	-0.2223022	1.6668171	0.5867308	-0.3511908	1.6246822	0.1690029	-0.2439552	1.6724738	0.1812306	-0.3371067	1.7793354	0.1174046	-0.2560605	1.7169308	0.1122004	-0.2023119	1.5736004	0.1589057	-0.3232034	1.2400709	0.4721940	-0.6404394	1.2560569	0.4626061	-0.5515090	1.5542084	1.3607149	-0.2344344	1.6723358	1.3802712	-0.5196616	1.5498814	1.4155138	-0.3986887	1.4907014	0.8179262	-0.2373018	1.5343691	0.7210894	-0.2074668	1.3915512	0.7354498	-0.2309294	1.3740574	0.6940673	-0.6455066	1.3183209	0.6102434	-0.6601279	1.2908631	0.7297284	-0.6515302	1.6385277	0.4530585	-0.2135211	1.6659824	0.3361466	-0.1992286	1.5842586	0.3357423	-0.2191247	1.3393117	0.8490327	-0.3722587	1.3590854	0.8443408	-0.5612832	1.3315804	1.2541103	-0.0905229	1.3425630	1.2449995	-0.0940983	1.1846533	1.1243975	-0.0144517	1.1536899	1.1521090	-0.0099658	1.7528438	1.1280560	-0.7041357	1.6931213	1.0740574	-0.6562942	1.8301363	1.1510753	-0.4667556	1.8687239	1.1145241	-0.4785962	0.7511188	0.0999941	-0.6131761	
356	1.4791667	1.4697330	0.9124037	-0.2903625	1.5028777	0.9074824	-0.6047191	1.3153337	0.9974332	-0.4098494	1.3288309	0.9946467	-0.5319637	1.6427476	0.5708563	-0.2213317	1.6852641	0.5770831	-0.3489299	1.6399574	0.1596793	-0.2391049	1.6880470	0.1715211	-0.3315895	1.7950388	0.1060144	-0.2508856	1.7323933	0.1014845	-0.1976232	1.5893807	0.1500810	-0.3177812	1.2736932	0.4662592	-0.6375019	1.2868416	0.4573322	-0.5481441	1.5790135	1.3578705	-0.2305559	1.6939467	1.3806035	-0.5165946	1.5732854	1.4135307	-0.3940257	1.5144774	0.8131919	-0.2370391	1.5557655	0.7147633	-0.2070746	1.4135257	0.7326481	-0.2306194	1.4044483	0.6929639	-0.6419719	1.3504866	0.6070927	-0.6569862	1.3203267	0.7278441	-0.6506814	1.6550788	0.4441722	-0.2111174	1.6815934	0.3274980	-0.1956328	1.6007070	0.3266383	-0.2162783	1.3641213	0.8483088	-0.3711287	1.3836006	0.8455659	-0.5605454	1.3417247	1.2406793	-0.0907488	1.3496213	1.2281599	-0.1020518	1.2024622	1.0886055	-0.0213381	1.1695755	1.1174395	-0.0182554	1.7617611	1.1302590	-0.7099482	1.6986429	1.0777462	-0.6644069	1.8417325	1.1360904	-0.4721175	1.8794389	1.0972208	-0.4867963	0.7770518	0.1124898	-0.6070965	
357	1.4833333	1.4944983	0.9122466	-0.2890201	1.5269871	0.9104502	-0.6042184	1.3396128	0.9966397	-0.4073320	1.3529098	0.9950532	-0.5297561	1.6609886	0.5628069	-0.2206973	1.7037060	0.5683043	-0.3472238	1.6527367	0.1515402	-0.2349556	1.7010390	0.1628863	-0.3270536	1.8079967	0.0961732	-0.2463187	1.7448617	0.0926993	-0.1935468	1.6025629	0.1423340	-0.3131417	1.3081420	0.4591287	-0.6342044	1.3176987	0.4509332	-0.5448404	1.6038164	1.3545994	-0.2261322	1.7150376	1.3809633	-0.5134969	1.5966527	1.4112725	-0.3890026	1.5384316	0.8097794	-0.2367403	1.5772865	0.7096639	-0.2067666	1.4358154	0.7303255	-0.2301054	1.4356657	0.6911284	-0.6373956	1.3836279	0.6030126	-0.6529960	1.3507701	0.7257531	-0.6495210	1.6710961	0.4361542	-0.2091104	1.6958894	0.3197014	-0.1927420	1.6158084	0.3187855	-0.2137107	1.3892455	0.8478916	-0.3697606	1.4083372	0.8470528	-0.5597108	1.3544490	1.2310542	-0.0909750	1.3595755	1.2152163	-0.1100541	1.2208509	1.0620395	-0.0279896	1.1862482	1.0917262	-0.0261298	1.7716074	1.1325571	-0.7150487	1.7049076	1.0818758	-0.6717994	1.8532497	1.1203424	-0.4773910	1.8896719	1.0792310	-0.4957700	0.8034295	0.1236134	-0.6009188	
358	1.4875000	1.5194611	0.9120679	-0.2873007	1.5508156	0.9138068	-0.6035938	1.3640129	0.9960559	-0.4036182	1.3769237	0.9958447	-0.5265549	1.6791529	0.5547849	-0.2197868	1.7217289	0.5588460	-0.3459241	1.6630822	0.1446489	-0.2313469	1.7112792	0.1548697	-0.3233635	1.8179286	0.0880481	-0.2423983	1.7543929	0.0856850	-0.1900976	1.6129093	0.1358468	-0.3092427	1.3402666	0.4531089	-0.6296057	1.3468287	0.4452654	-0.5411771	1.6289242	1.3515590	-0.2216180	1.7359143	1.3811429	-0.5112688	1.6196456	1.4092269	-0.3841023	1.5629161	0.8069146	-0.2360260	1.5991214	0.7050776	-0.2060245	1.4584648	0.7285672	-0.2287368	1.4649477	0.6896663	-0.6327894	1.4145494	0.5996971	-0.6482727	1.3801825	0.7245046	-0.6468926	1.6864454	0.4284490	-0.2071422	1.7088307	0.3124115	-0.1903584	1.6295151	0.3119317	-0.2110835	1.4147837	0.8474683	-0.3680393	1.4331836	0.8487575	-0.5586966	1.3683480	1.2222126	-0.0905640	1.3714276	1.2033804	-0.1182751	1.2428365	1.0388353	-0.0351632	1.2058634	1.0690722	-0.0339393	1.7809144	1.1356321	-0.7195981	1.7107072	1.0872655	-0.6783034	1.8638170	1.1044075	-0.4836190	1.8985069	1.0614052	-0.5060926	0.8302678	0.1333134	-0.5947186	
359	1.4916667	1.5448497	0.9117856	-0.2855088	1.5745595	0.9171392	-0.6023643	1.3888536	0.9945982	-0.3991125	1.4011987	0.9957935	-0.5222208	1.6976049	0.5450275	-0.2191263	1.7396393	0.5486471	-0.3443383	1.6731960	0.1358773	-0.2273777	1.7210292	0.1458519	-0.3193033	1.8279060	0.0767295	-0.2388466	1.7643253	0.0754816	-0.1865283	1.6231195	0.1278567	-0.3045849	1.3757563	0.4461572	-0.6264895	1.3779377	0.4391505	-0.5394306	1.6534544	1.3475166	-0.2182032	1.7563079	1.3801294	-0.5079700	1.6429998	1.4054361	-0.3788607	1.5878356	0.8020066	-0.2352192	1.6213863	0.6983468	-0.2053034	1.4816954	0.7251268	-0.2277448	1.4961878	0.6875770	-0.6265604	1.4482777	0.5955052	-0.6430919	1.4117694	0.7222145	-0.6444225	1.7017029	0.4189191	-0.2050935	1.7216327	0.3032579	-0.1874817	1.6434448	0.3031642	-0.2084667	1.4404737	0.8463845	-0.3662565	1.4579261	0.8498933	-0.5572902	1.3842297	1.2130993	-0.0901170	1.3859935	1.1915777	-0.1261338	1.2683845	1.0190025	-0.0413685	1.2285225	1.0489125	-0.0403058	1.7902326	1.1384206	-0.7234152	1.7169541	1.0926072	-0.6834033	1.8738277	1.0883335	-0.4907696	1.9062053	1.0438146	-0.5175005	0.8576232	0.1415944	-0.5885789	
360	1.4958333	1.5710164	0.9118852	-0.2835279	1.5974548	0.9192167	-0.6012082	1.4134935	0.9929523	-0.3949318	1.4245983	0.9948276	-0.5183864	1.7137353	0.5351007	-0.2183691	1.7551436	0.5378439	-0.3435432	1.6791779	0.1256565	-0.2245500	1.7268109	0.1344253	-0.3169663	1.8334802	0.0644369	-0.2356369	1.7693473	0.0653488	-0.1836077	1.6286802	0.1176277	-0.3014389	1.4087529	0.4386270	-0.6205994	1.4076013	0.4325501	-0.5348001	1.6790443	1.3423033	-0.2135191	1.7760635	1.3799913	-0.5064424	1.6653654	1.4027304	-0.3743519	1.6124253	0.7972288	-0.2345216	1.6426610	0.6917603	-0.2045621	1.5044129	0.7223087	-0.2259284	1.5252594	0.6856743	-0.6203872	1.4795120	0.5911904	-0.6368308	1.4415080	0.7190633	-0.6410406	1.7144142	0.4088309	-0.2032650	1.7312814	0.2924618	-0.1855253	1.6535047	0.2941257	-0.2058506	1.4666905	0.8458540	-0.3642105	1.4821502	0.8505175	-0.5557394	1.4019346	1.2003591	-0.0881246	1.4023902	1.1770822	-0.1334934	1.2987004	0.9928923	-0.0480762	1.2552200	1.0223746	-0.0464554	1.7985030	1.1401800	-0.7266373	1.7225723	1.0974153	-0.6873456	1.8821438	1.0716490	-0.4986736	1.9119974	1.0257946	-0.5295129	0.8855852	0.1485074	-0.5825898	
361	1.5000000	1.5957760	0.9114105	-0.2819884	1.6206893	0.9221521	-0.5996808	1.4382254	0.9913457	-0.3908575	1.4487489	0.9946173	-0.5143828	1.7300637	0.5232771	-0.2173969	1.7705245	0.5252016	-0.3420573	1.6851707	0.1166065	-0.2226484	1.7322524	0.1244821	-0.3149480	1.8372103	0.0530053	-0.2346466	1.7736820	0.0546452	-0.1824160	1.6346514	0.1093907	-0.2988918	1.4424961	0.4312055	-0.6159956	1.4389779	0.4252191	-0.5309348	1.7028485	1.3386303	-0.2104372	1.7962966	1.3805074	-0.5040876	1.6880231	1.3998450	-0.3696803	1.6372251	0.7901762	-0.2337296	1.6641198	0.6830955	-0.2037793	1.5270543	0.7186434	-0.2244091	1.5546904	0.6839664	-0.6147866	1.5109856	0.5871795	-0.6315220	1.4711258	0.7167415	-0.6379479	1.7269662	0.3976008	-0.2016984	1.7407349	0.2815511	-0.1840498	1.6641633	0.2848294	-0.2040211	1.4924785	0.8445432	-0.3621833	1.5070559	0.8512609	-0.5537577	1.4220761	1.1873522	-0.0852009	1.4208129	1.1630072	-0.1394662	1.3324010	0.9674800	-0.0541634	1.2849795	0.9958011	-0.0513643	1.8061417	1.1412936	-0.7296071	1.7281816	1.1014996	-0.6905878	1.8895619	1.0543796	-0.5072551	1.9163029	1.0074577	-0.5425146	0.9142678	0.1541389	-0.5768474	
362	1.5041667	1.6211408	0.9109406	-0.2797559	1.6437401	0.9242653	-0.5976262	1.4629564	0.9889163	-0.3864746	1.4726210	0.9931448	-0.5100684	1.7460203	0.5127006	-0.2173814	1.7856778	0.5138961	-0.3418903	1.6897095	0.1078242	-0.2213921	1.7362109	0.1148049	-0.3138465	1.8398717	0.0425969	-0.2336040	1.7768580	0.0453087	-0.1812565	1.6386851	0.1005724	-0.2970172	1.4769701	0.4222677	-0.6115897	1.4707409	0.4169468	-0.5270913	1.7268872	1.3331300	-0.2071692	1.8160068	1.3794436	-0.5027561	1.7100000	1.3955546	-0.3656917	1.6617633	0.7834419	-0.2329620	1.6853223	0.6750985	-0.2033277	1.5494641	0.7152877	-0.2231251	1.5843189	0.6816352	-0.6090397	1.5429812	0.5820923	-0.6261892	1.5008611	0.7132569	-0.6353848	1.7391521	0.3872820	-0.2011045	1.7494974	0.2711881	-0.1833801	1.6737882	0.2763459	-0.2028803	1.5181512	0.8434166	-0.3602929	1.5313287	0.8516727	-0.5519568	1.4437692	1.1728806	-0.0816521	1.4408764	1.1484309	-0.1439696	1.3692797	0.9419867	-0.0603814	1.3178270	0.9683463	-0.0557657	1.8130630	1.1421982	-0.7323895	1.7336074	1.1052965	-0.6931435	1.8959926	1.0369063	-0.5168445	1.9189797	0.9895029	-0.5567204	0.9437986	0.1585991	-0.5714508	
363	1.5083333	1.6456412	0.9098026	-0.2777974	1.6663437	0.9254617	-0.5957990	1.4872989	0.9862824	-0.3828220	1.4962418	0.9914247	-0.5065715	1.7610050	0.5018555	-0.2163422	1.7995797	0.5017306	-0.3410012	1.6926921	0.1004275	-0.2202986	1.7383391	0.1059877	-0.3128812	1.8397326	0.0348093	-0.2333340	1.7776486	0.0376613	-0.1806722	1.6410248	0.0928623	-0.2953872	1.5099092	0.4141716	-0.6067282	1.5021709	0.4089508	-0.5223613	1.7507507	1.3279217	-0.2044913	1.8366124	1.3784410	-0.5025010	1.7319026	1.3918111	-0.3627943	1.6856957	0.7761091	-0.2319860	1.7058371	0.6667838	-0.2023591	1.5715190	0.7121345	-0.2212133	1.6126047	0.6793477	-0.6044748	1.5732689	0.5774870	-0.6214614	1.5291089	0.7100094	-0.6326914	1.7501983	0.3772394	-0.1999085	1.7568121	0.2614833	-0.1825666	1.6822635	0.2686597	-0.2013166	1.5435380	0.8417986	-0.3583181	1.5555612	0.8514188	-0.5500678	1.4674016	1.1574830	-0.0781970	1.4629671	1.1336645	-0.1472585	1.4086213	0.9178430	-0.0666358	1.3533067	0.9414928	-0.0597041	1.8195493	1.1417082	-0.7350990	1.7390391	1.1075750	-0.6949682	1.9017760	1.0188178	-0.5273825	1.9202874	0.9714959	-0.5719177	0.9743079	0.1620105	-0.5664998	
364	1.5125000	1.6699990	0.9081083	-0.2756998	1.6886938	0.9263337	-0.5939842	1.5109474	0.9830928	-0.3791550	1.5191644	0.9891605	-0.5031087	1.7755272	0.4913512	-0.2153166	1.8129233	0.4898802	-0.3403574	1.6955614	0.0940002	-0.2199910	1.7401617	0.0981464	-0.3126991	1.8395375	0.0290508	-0.2339468	1.7786979	0.0314233	-0.1808643	1.6428992	0.0857592	-0.2946914	1.5437944	0.4071545	-0.6028309	1.5352711	0.4020437	-0.5180874	1.7748708	1.3214284	-0.2027499	1.8574230	1.3763577	-0.5032027	1.7537038	1.3872304	-0.3607652	1.7090244	0.7680838	-0.2306486	1.7258611	0.6581658	-0.2011132	1.5932596	0.7089715	-0.2191674	1.6408360	0.6780610	-0.6010072	1.6037687	0.5739222	-0.6178510	1.5567545	0.7068440	-0.6306375	1.7608786	0.3678294	-0.1991054	1.7638508	0.2525842	-0.1822115	1.6905445	0.2616667	-0.2003611	1.5685098	0.8398218	-0.3563560	1.5793038	0.8509386	-0.5482783	1.4927915	1.1418144	-0.0749164	1.4868733	1.1192785	-0.1494219	1.4500709	0.8955845	-0.0732442	1.3911531	0.9159467	-0.0635397	1.8259867	1.1409322	-0.7378168	1.7448278	1.1093738	-0.6962845	1.9070717	1.0009136	-0.5390662	1.9204645	0.9544018	-0.5882334	1.0059173	0.1644979	-0.5620902	
365	1.5166667	1.6938247	0.9053408	-0.2738433	1.7107857	0.9249033	-0.5923030	1.5337100	0.9785945	-0.3766007	1.5413065	0.9850829	-0.5006967	1.7898936	0.4809807	-0.2139223	1.8261286	0.4780629	-0.3390929	1.6977323	0.0881374	-0.2193093	1.7412803	0.0906964	-0.3119145	1.8388182	0.0240254	-0.2335955	1.7790372	0.0260850	-0.1803961	1.6439084	0.0789952	-0.2936456	1.5783772	0.3996317	-0.5994269	1.5695730	0.3947748	-0.5139005	1.7992310	1.3143261	-0.2015637	1.8786678	1.3730483	-0.5044677	1.7754782	1.3823409	-0.3598905	1.7313213	0.7593643	-0.2292377	1.7452234	0.6491752	-0.1997029	1.6146602	0.7051819	-0.2172092	1.6689443	0.6760392	-0.5982275	1.6343626	0.5696577	-0.6149385	1.5839526	0.7019947	-0.6289806	1.7712714	0.3586632	-0.1979976	1.7702847	0.2439482	-0.1815317	1.6984123	0.2551782	-0.1991087	1.5928356	0.8367409	-0.3544182	1.6025670	0.8486024	-0.5464468	1.5199497	1.1252551	-0.0718633	1.5124176	1.1044537	-0.1506572	1.4930513	0.8743929	-0.0801812	1.4308855	0.8910832	-0.0673255	1.8327795	1.1393704	-0.7404007	1.7513229	1.1101628	-0.6971859	1.9117551	0.9823060	-0.5519988	1.9195083	0.9374540	-0.6057044	1.0387301	0.1661811	-0.5583087	
366	1.5208333	1.7167308	0.9024470	-0.2722153	1.7328381	0.9235333	-0.5907489	1.5559086	0.9742750	-0.3748687	1.5632187	0.9812789	-0.4990705	1.8036574	0.4712883	-0.2123080	1.8389491	0.4670707	-0.3371777	1.6994131	0.0838084	-0.2191440	1.7420168	0.0848947	-0.3112542	1.8374994	0.0202466	-0.2334216	1.7787884	0.0217766	-0.1804086	1.6446504	0.0742064	-0.2932584	1.6148910	0.3939584	-0.5967024	1.6063152	0.3892368	-0.5101153	1.8234580	1.3079274	-0.2012936	1.9002585	1.3698155	-0.5060940	1.7975547	1.3780176	-0.3598553	1.7524853	0.7506894	-0.2277013	1.7636241	0.6404429	-0.1982026	1.6353425	0.7015597	-0.2155653	1.6975343	0.6755224	-0.5960215	1.6658910	0.5670296	-0.6127117	1.6113372	0.6977268	-0.6276787	1.7809938	0.3504128	-0.1969349	1.7759568	0.2364517	-0.1809874	1.7058454	0.2498025	-0.1983136	1.6165099	0.8336116	-0.3525195	1.6257279	0.8463377	-0.5446050	1.5489163	1.1090173	-0.0692002	1.5395598	1.0902764	-0.1512300	1.5374467	0.8552562	-0.0876476	1.4725386	0.8679635	-0.0713322	1.8401512	1.1379150	-0.7427711	1.7587311	1.1108316	-0.6976442	1.9160716	0.9643800	-0.5661038	1.9177728	0.9220152	-0.6240345	1.0728237	0.1671705	-0.5552283	
367	1.5250000	1.7390475	0.8990585	-0.2705387	1.7549133	0.9217145	-0.5892577	1.5773978	0.9695144	-0.3735430	1.5846701	0.9770550	-0.4978625	1.8171650	0.4622749	-0.2108960	1.8519560	0.4571178	-0.3350082	1.7013839	0.0802973	-0.2195758	1.7433661	0.0802621	-0.3109108	1.8368832	0.0175024	-0.2330814	1.7789732	0.0183035	-0.1806572	1.6460991	0.0701626	-0.2936338	1.6540138	0.3889365	-0.5949633	1.6457579	0.3844235	-0.5074498	1.8475279	1.3017004	-0.2008824	1.9216471	1.3662848	-0.5073735	1.8196162	1.3736069	-0.3597054	1.7725473	0.7422009	-0.2260386	1.7811616	0.6320046	-0.1967726	1.6552617	0.6974827	-0.2144464	1.7270332	0.6753657	-0.5940248	1.6989995	0.5648323	-0.6109901	1.6393072	0.6932335	-0.6266991	1.7905380	0.3427721	-0.1961672	1.7815503	0.2296674	-0.1807096	1.7133587	0.2450658	-0.1981873	1.6394726	0.8299816	-0.3506826	1.6485571	0.8436214	-0.5428925	1.5796136	1.0927337	-0.0669556	1.5681066	1.0762328	-0.1513283	1.5829865	0.8376873	-0.0956355	1.5158598	0.8461740	-0.0756300	1.8482634	1.1364754	-0.7449051	1.7671765	1.1113181	-0.6978329	1.9199249	0.9472480	-0.5813772	1.9153300	0.9082085	-0.6430273	1.1082436	0.1675653	-0.5529022	
368	1.5291667	1.7609032	0.8970370	-0.2688720	1.7768565	0.9207512	-0.5878321	1.5984888	0.9659559	-0.3726792	1.6058341	0.9738330	-0.4971498	1.8301045	0.4551162	-0.2095126	1.8646857	0.4490003	-0.3327694	1.7024998	0.0785064	-0.2205056	1.7440621	0.0772790	-0.3110043	1.8356433	0.0167443	-0.2323698	1.7781018	0.0172089	-0.1809725	1.6468446	0.0677988	-0.2948783	1.6938468	0.3859414	-0.5924806	1.6859966	0.3818669	-0.5047800	1.8724062	1.2966025	-0.2002979	1.9432460	1.3634386	-0.5089588	1.8420371	1.3705444	-0.3598101	1.7916287	0.7357514	-0.2243022	1.7978248	0.6255394	-0.1953463	1.6746097	0.6948039	-0.2134885	1.7563859	0.6768395	-0.5919156	1.7322716	0.5643615	-0.6087767	1.6674034	0.6897577	-0.6249247	1.7994594	0.3369151	-0.1955202	1.7862808	0.2245927	-0.1807283	1.7201033	0.2421004	-0.1983982	1.6620916	0.8276113	-0.3488939	1.6712334	0.8418471	-0.5412624	1.6120987	1.0771646	-0.0652746	1.5981893	1.0629647	-0.1512003	1.6297416	0.8223101	-0.1041911	1.5610205	0.8263107	-0.0803736	1.8574175	1.1357924	-0.7466066	1.7769469	1.1124763	-0.6976032	1.9234623	0.9319069	-0.5976883	1.9123501	0.8970727	-0.6623748	1.1450012	0.1674541	-0.5513591	
369	1.5333333	1.7825234	0.8969235	-0.2672242	1.7989409	0.9216399	-0.5864812	1.6191502	0.9641779	-0.3717922	1.6267150	0.9723736	-0.4964235	1.8429878	0.4495374	-0.2078623	1.8776246	0.4427658	-0.3301016	1.7041190	0.0782838	-0.2216086	1.7455430	0.0760692	-0.3112591	1.8353939	0.0171649	-0.2314590	1.7779889	0.0174806	-0.1812509	1.6483470	0.0671520	-0.2965281	1.7353923	0.3857300	-0.5901913	1.7280385	0.3823442	-0.5026405	1.8978603	1.2929826	-0.1991544	1.9649450	1.3617541	-0.5096994	1.8649899	1.3690208	-0.3591545	1.8103195	0.7311390	-0.2222467	1.8141644	0.6207349	-0.1936414	1.6935691	0.6935492	-0.2125848	1.7862301	0.6807892	-0.5897840	1.7665201	0.5664126	-0.6065748	1.6960252	0.6880316	-0.6229243	1.8084008	0.3326237	-0.1946508	1.7912254	0.2210681	-0.1805712	1.7270125	0.2406490	-0.1986614	1.6844224	0.8269628	-0.3470726	1.6938638	0.8417764	-0.5396393	1.6463960	1.0624890	-0.0642785	1.6298572	1.0505115	-0.1510505	1.6776819	0.8092624	-0.1133022	1.6079877	0.8084851	-0.0856195	1.8678082	1.1355489	-0.7477340	1.7882037	1.1141480	-0.6969285	1.9266001	0.9182266	-0.6149359	1.9087422	0.8885464	-0.6818026	1.1830728	0.1669174	-0.5505995	
370	1.5375000	1.8031802	0.8932157	-0.2653290	1.8204604	0.9189210	-0.5849519	1.6392001	0.9588357	-0.3708915	1.6471208	0.9673844	-0.4957504	1.8558574	0.4413149	-0.2062249	1.8904297	0.4339159	-0.3273990	1.7057520	0.0764544	-0.2232495	1.7468554	0.0733280	-0.3119224	1.8345066	0.0165251	-0.2309169	1.7773492	0.0167362	-0.1820791	1.6501319	0.0650066	-0.2986561	1.7762995	0.3829806	-0.5871982	1.7695649	0.3804432	-0.5003046	1.9229164	1.2867150	-0.1981507	1.9861778	1.3568121	-0.5102880	1.8877421	1.3643860	-0.3585692	1.8282327	0.7236800	-0.2202287	1.8300175	0.6131780	-0.1919866	1.7122519	0.6887844	-0.2116238	1.8152965	0.6812731	-0.5874763	1.7999921	0.5653202	-0.6038889	1.7241188	0.6827981	-0.6201791	1.8173107	0.3258616	-0.1940418	1.7960127	0.2153440	-0.1809578	1.7341296	0.2371442	-0.1991827	1.7061238	0.8224960	-0.3451281	1.7161114	0.8378794	-0.5379453	1.6817190	1.0455320	-0.0636961	1.6621487	1.0355657	-0.1507100	1.7260872	0.7955536	-0.1227798	1.6559129	0.7897575	-0.0911705	1.8786550	1.1330720	-0.7485502	1.8001996	1.1135760	-0.6965495	1.9287847	0.9042358	-0.6333069	1.9045129	0.8805313	-0.7013828	1.2224022	0.1660322	-0.5505927	
371	1.5416667	1.8239476	0.8916780	-0.2631213	1.8424192	0.9180970	-0.5833291	1.6591179	0.9554712	-0.3695365	1.6675226	0.9642770	-0.4946701	1.8688157	0.4351383	-0.2044801	1.9037761	0.4274298	-0.3246601	1.7075880	0.0763092	-0.2247227	1.7487553	0.0725314	-0.3126247	1.8345240	0.0158050	-0.2303312	1.7773633	0.0165372	-0.1826885	1.6523149	0.0652422	-0.3006846	1.8182236	0.3822296	-0.5842861	1.8119155	0.3808847	-0.4984928	1.9479061	1.2829606	-0.1969764	2.0072848	1.3536176	-0.5104673	1.9105461	1.3617843	-0.3576922	1.8460823	0.7181563	-0.2177213	1.8457748	0.6075337	-0.1899767	1.7305170	0.6857092	-0.2106031	1.8446936	0.6835658	-0.5849090	1.8341497	0.5660196	-0.6010030	1.7527958	0.6791316	-0.6171615	1.8263523	0.3210138	-0.1932189	1.8010586	0.2114778	-0.1809707	1.7413090	0.2353935	-0.1995933	1.7276435	0.8199320	-0.3430991	1.7383891	0.8357432	-0.5362948	1.7183317	1.0307329	-0.0638993	1.6957534	1.0225331	-0.1506511	1.7753203	0.7854249	-0.1327867	1.7054429	0.7742919	-0.0972985	1.8908491	1.1322865	-0.7491087	1.8137000	1.1148831	-0.6962816	1.9306398	0.8941140	-0.6522758	1.9003035	0.8771642	-0.7205218	1.2629041	0.1648752	-0.5512762	
372	1.5458333	1.8444279	0.8898884	-0.2608523	1.8643658	0.9165281	-0.5815564	1.6790093	0.9518725	-0.3681888	1.6879827	0.9607720	-0.4935671	1.8817857	0.4293533	-0.2025590	1.9170805	0.4214748	-0.3218797	1.7095100	0.0769334	-0.2264760	1.7507549	0.0725572	-0.3137858	1.8344132	0.0158049	-0.2302125	1.7772451	0.0172541	-0.1836445	1.6547892	0.0663527	-0.3029999	1.8599790	0.3817714	-0.5807650	1.8540960	0.3817028	-0.4962100	1.9726529	1.2795715	-0.1958171	2.0283041	1.3503441	-0.5102739	1.9334345	1.3592522	-0.3567195	1.8638345	0.7128112	-0.2151733	1.8614978	0.6021350	-0.1878640	1.7487292	0.6823324	-0.2093636	1.8738701	0.6853484	-0.5820823	1.8681242	0.5664991	-0.5976916	1.7814552	0.6750704	-0.6137280	1.8354563	0.3165685	-0.1923492	1.8062013	0.2080380	-0.1811530	1.7485524	0.2342774	-0.1999204	1.7489934	0.8169650	-0.3409654	1.7606650	0.8329127	-0.5344819	1.7560979	1.0161315	-0.0648091	1.7303226	1.0093539	-0.1509853	1.8252281	0.7768506	-0.1434218	1.7562386	0.7601234	-0.1041579	1.9037653	1.1316876	-0.7495114	1.8280873	1.1165473	-0.6962654	1.9318249	0.8864463	-0.6717345	1.8959946	0.8768605	-0.7390235	1.3044698	0.1635268	-0.5525566	
373	1.5500000	1.8650735	0.8884528	-0.2584447	1.8863267	0.9152745	-0.5798020	1.6990589	0.9488508	-0.3664462	1.7085312	0.9578351	-0.4921354	1.8944109	0.4238198	-0.2006620	1.9300788	0.4157716	-0.3193365	1.7115148	0.0779498	-0.2280423	1.7529110	0.0729079	-0.3149469	1.8344968	0.0155892	-0.2302392	1.7772931	0.0180289	-0.1845381	1.6573409	0.0681528	-0.3051105	1.9013352	0.3832930	-0.5772625	1.8960580	0.3845196	-0.4939353	1.9977396	1.2768602	-0.1944960	2.0491809	1.3476363	-0.5100120	1.9564265	1.3574593	-0.3554663	1.8816502	0.7077019	-0.2125797	1.8771343	0.5969793	-0.1857120	1.7668070	0.6793081	-0.2078659	1.9025140	0.6881507	-0.5796191	1.9016065	0.5683718	-0.5946043	1.8098811	0.6718545	-0.6101852	1.8443586	0.3124637	-0.1914246	1.8113060	0.2049436	-0.1812243	1.7556230	0.2334885	-0.2000937	1.7704119	0.8143508	-0.3386564	1.7829137	0.8304131	-0.5325873	1.7945677	1.0025887	-0.0665068	1.7657712	0.9968320	-0.1519809	1.8757695	0.7707905	-0.1545519	1.8083708	0.7481539	-0.1118576	1.9171679	1.1316843	-0.7498986	1.8432435	1.1188879	-0.6964306	1.9326293	0.8818608	-0.6915835	1.8919376	0.8800246	-0.7567521	1.3469734	0.1620732	-0.5543127	
374	1.5541667	1.8857085	0.8856558	-0.2559383	1.9082288	0.9124767	-0.5780245	1.7192079	0.9447156	-0.3645934	1.7291475	0.9537347	-0.4906215	1.9073022	0.4178138	-0.1984212	1.9431229	0.4095340	-0.3165845	1.7136443	0.0793030	-0.2291015	1.7550257	0.0735348	-0.3157029	1.8344288	0.0156930	-0.2301723	1.7773902	0.0192295	-0.1850963	1.6599897	0.0703757	-0.3065629	1.9418821	0.3848283	-0.5736722	1.9373611	0.3873720	-0.4911896	2.0225013	1.2735516	-0.1935667	2.0699420	1.3441095	-0.5097154	1.9794068	1.3548292	-0.3543665	1.8996858	0.7015850	-0.2100115	1.8930557	0.5910422	-0.1834073	1.7850979	0.6752646	-0.2059638	1.9306278	0.6898489	-0.5774648	1.9344169	0.5695746	-0.5917296	1.8378832	0.6677241	-0.6067529	1.8534947	0.3080731	-0.1901601	1.8166210	0.2017607	-0.1809674	1.7629738	0.2327503	-0.1997031	1.7917654	0.8103837	-0.3361661	1.8050724	0.8264556	-0.5305546	1.8336250	0.9892296	-0.0686048	1.8017565	0.9840906	-0.1533505	1.9265850	0.7662820	-0.1659693	1.8614009	0.7375814	-0.1201825	1.9307925	1.1323045	-0.7504909	1.8587750	1.1218439	-0.6970482	1.9328765	0.8802357	-0.7114731	1.8882678	0.8862389	-0.7734972	1.3902776	0.1606064	-0.5564007	
375	1.5583333	1.9068132	0.8849241	-0.2533253	1.9304598	0.9115288	-0.5763006	1.7397580	0.9426885	-0.3626582	1.7501074	0.9516374	-0.4890649	1.9200835	0.4139391	-0.1961241	1.9561329	0.4053466	-0.3139543	1.7158281	0.0824952	-0.2296454	1.7572949	0.0758560	-0.3161382	1.8348570	0.0166713	-0.2299583	1.7779009	0.0217104	-0.1852871	1.6624493	0.0747793	-0.3075006	1.9821575	0.3893073	-0.5701646	1.9785064	0.3931880	-0.4880945	2.0475490	1.2725759	-0.1928038	2.0908354	1.3427095	-0.5097150	2.0024669	1.3545961	-0.3534962	1.9180905	0.6974515	-0.2074468	1.9091826	0.5871468	-0.1810566	1.8034715	0.6733780	-0.2038954	1.9586218	0.6940412	-0.5758558	1.9670481	0.5734468	-0.5892965	1.8658631	0.6658133	-0.6037005	1.8626641	0.3057988	-0.1886616	1.8220782	0.2005908	-0.1803196	1.7701843	0.2339797	-0.1989536	1.8134248	0.8084845	-0.3336575	1.8274390	0.8244316	-0.5285898	1.8733079	0.9785724	-0.0714083	1.8386217	0.9736849	-0.1555786	1.9777983	0.7658502	-0.1777214	1.9156312	0.7309617	-0.1293535	1.9451218	1.1353106	-0.7514072	1.8751535	1.1271389	-0.6980244	1.9333456	0.8829932	-0.7307397	1.8856764	0.8966134	-0.7888552	1.4342406	0.1592233	-0.5586601	
376	1.5625000	1.9277800	0.8819281	-0.2507199	1.9525489	0.9085513	-0.5745544	1.7603624	0.9386548	-0.3608395	1.7711060	0.9476473	-0.4876048	1.9330033	0.4084730	-0.1933557	1.9690879	0.3994761	-0.3108930	1.7181479	0.0846560	-0.2296633	1.7595703	0.0770522	-0.3160969	1.8352051	0.0164343	-0.2296754	1.7785420	0.0229241	-0.1851553	1.6649870	0.0782273	-0.3078003	2.0220526	0.3932079	-0.5666279	2.0192994	0.3982621	-0.4842874	2.0721304	1.2700892	-0.1924956	2.1117503	1.3399113	-0.5096728	2.0254912	1.3528725	-0.3528183	1.9366682	0.6912251	-0.2049521	1.9255193	0.5813719	-0.1785454	1.8219747	0.6695786	-0.2015612	1.9863156	0.6966940	-0.5745214	1.9993334	0.5761889	-0.5871457	1.8936444	0.6625014	-0.6011174	1.8719691	0.3020831	-0.1867007	1.8276956	0.1981099	-0.1792071	1.7776014	0.2339904	-0.1976454	1.8349953	0.8043702	-0.3311271	1.8497186	0.8203402	-0.5265820	1.9131775	0.9675116	-0.0746330	1.8757615	0.9625107	-0.1584467	2.0288983	0.7662278	-0.1896310	1.9703979	0.7252925	-0.1392544	1.9592686	1.1382568	-0.7527673	1.8914688	1.1320691	-0.6995210	1.9337541	0.8876002	-0.7493006	1.8841004	0.9082053	-0.8030109	1.4787211	0.1580212	-0.5609219	
377	1.5666667	1.9491232	0.8813007	-0.2481012	1.9750852	0.9083234	-0.5728514	1.7814858	0.9373151	-0.3591110	1.7926434	0.9464993	-0.4862305	1.9458620	0.4055518	-0.1909250	1.9820966	0.3961032	-0.3081732	1.7206292	0.0888638	-0.2294874	1.7620970	0.0802755	-0.3159045	1.8358951	0.0172768	-0.2295330	1.7795350	0.0253637	-0.1849640	1.6676088	0.0840703	-0.3078043	2.0619072	0.4001079	-0.5632247	2.0599011	0.4062253	-0.4803817	2.0971359	1.2698874	-0.1926812	2.1333577	1.3393118	-0.5100115	2.0491098	1.3533752	-0.3524704	1.9554861	0.6874047	-0.2026675	1.9419724	0.5780680	-0.1762922	1.8405762	0.6684378	-0.1994522	2.0141611	0.7022782	-0.5732368	2.0317230	0.5819143	-0.5851262	1.9217714	0.6622121	-0.5989605	1.8813247	0.3008034	-0.1849283	1.8334635	0.1979870	-0.1780964	1.7850531	0.2362066	-0.1964023	1.8568754	0.8028804	-0.3287802	1.8723474	0.8191054	-0.5247823	1.9534820	0.9591551	-0.0784507	1.9136864	0.9538612	-0.1622942	2.0800062	0.7702212	-0.2014964	2.0258232	0.7235282	-0.1498600	1.9739443	1.1442831	-0.7544819	1.9084157	1.1397245	-0.7012489	1.9350190	0.8966502	-0.7664578	1.8842439	0.9234467	-0.8155909	1.5235831	0.1570935	-0.5630166	
378	1.5708333	1.9705755	0.8797049	-0.2458534	1.9978304	0.9067396	-0.5713291	1.8022420	0.9348766	-0.3575821	1.8138524	0.9441276	-0.4849142	1.9580321	0.4017883	-0.1880987	1.9948579	0.3920127	-0.3050899	1.7224223	0.0921231	-0.2286282	1.7644265	0.0826523	-0.3153642	1.8367170	0.0166720	-0.2292128	1.7803409	0.0263197	-0.1841755	1.6698921	0.0886876	-0.3072039	2.1031210	0.4058046	-0.5597514	2.1019473	0.4129563	-0.4764483	2.1212906	1.2687443	-0.1932603	2.1548736	1.3379133	-0.5100414	2.0725382	1.3525542	-0.3521606	1.9740797	0.6825377	-0.1999357	1.9579412	0.5737825	-0.1735892	1.8584690	0.6662445	-0.1973238	2.0421086	0.7064051	-0.5714702	2.0647392	0.5862679	-0.5827964	1.9503078	0.6608175	-0.5967942	1.8899447	0.2985854	-0.1825174	1.8386766	0.1969651	-0.1761113	1.7916296	0.2375128	-0.1945887	1.8785501	0.8003736	-0.3265566	1.8948464	0.8166521	-0.5229782	1.9939539	0.9510859	-0.0825864	1.9519494	0.9453332	-0.1667843	2.1307086	0.7752689	-0.2132996	2.0812741	0.7233466	-0.1611103	1.9883377	1.1505242	-0.7563270	1.9252973	1.1471392	-0.7032500	1.9368062	0.9071362	-0.7822045	1.8857995	0.9390414	-0.8267198	1.5686998	0.1565225	-0.5647826	
379	1.5750000	1.9916681	0.8777734	-0.2435647	2.0205904	0.9049544	-0.5697010	1.8236261	0.9326443	-0.3568759	1.8358014	0.9419873	-0.4844681	1.9701733	0.3983970	-0.1856450	2.0070716	0.3878506	-0.3022741	1.7244966	0.0959885	-0.2286028	1.7666578	0.0851001	-0.3152595	1.8369147	0.0177541	-0.2292854	1.7806891	0.0289122	-0.1842620	1.6720909	0.0937343	-0.3073087	2.1428421	0.4140000	-0.5558023	2.1418020	0.4216952	-0.4713132	2.1474780	1.2671004	-0.1934777	2.1768818	1.3360962	-0.5107391	2.0966486	1.3523207	-0.3520069	1.9923445	0.6784414	-0.1983073	1.9738703	0.5701565	-0.1717805	1.8768746	0.6644105	-0.1956397	2.0698704	0.7120140	-0.5698865	2.0971712	0.5926412	-0.5805236	1.9789748	0.6605847	-0.5954781	1.8987729	0.2969633	-0.1807546	1.8439182	0.1965551	-0.1751634	1.7984321	0.2393286	-0.1933933	1.9002847	0.7979158	-0.3247275	1.9175806	0.8142842	-0.5215248	2.0343599	0.9441322	-0.0869489	1.9905124	0.9378903	-0.1719384	2.1810122	0.7826574	-0.2248945	2.1368669	0.7259889	-0.1729834	2.0025585	1.1578931	-0.7581504	1.9423823	1.1551333	-0.7054218	1.9395890	0.9198769	-0.7964316	1.8891298	0.9556176	-0.8364653	1.6139565	0.1563731	-0.5660736	
380	1.5791667	2.0133729	0.8765294	-0.2414565	2.0435690	0.9040991	-0.5687214	1.8446605	0.9316353	-0.3557935	1.8572504	0.9412139	-0.4837796	1.9820987	0.3962554	-0.1823493	2.0194343	0.3849982	-0.2988483	1.7271278	0.0996653	-0.2265722	1.7697931	0.0876213	-0.3134770	1.8384026	0.0175783	-0.2284829	1.7823284	0.0301022	-0.1827085	1.6750489	0.0986051	-0.3052325	2.1835112	0.4239828	-0.5533655	2.1827715	0.4317864	-0.4674560	2.1730993	1.2665194	-0.1944318	2.1991404	1.3355424	-0.5118595	2.1210348	1.3526314	-0.3521588	2.0107663	0.6747815	-0.1960205	1.9896878	0.5673040	-0.1691447	1.8948809	0.6637259	-0.1934236	2.0974127	0.7187916	-0.5686712	2.1298166	0.6004845	-0.5791279	2.0078398	0.6621490	-0.5949583	1.9074870	0.2961962	-0.1777207	1.8495809	0.1967592	-0.1723459	1.8053373	0.2415058	-0.1907584	1.9220390	0.7963692	-0.3228637	1.9401449	0.8130167	-0.5203251	2.0749350	0.9390201	-0.0916014	2.0294975	0.9324150	-0.1777161	2.2306246	0.7923801	-0.2361962	2.1920202	0.7316649	-0.1852466	2.0169125	1.1667992	-0.7598271	1.9598605	1.1641327	-0.7076527	1.9437757	0.9346192	-0.8089098	1.8943665	0.9730170	-0.8447028	1.6592520	0.1566867	-0.5667654	
381	1.5833333	2.0350178	0.8760515	-0.2396139	2.0668483	0.9039247	-0.5673972	1.8660427	0.9315674	-0.3551712	1.8791818	0.9413284	-0.4832986	1.9937374	0.3955455	-0.1792385	2.0315761	0.3833413	-0.2954991	1.7295013	0.1048517	-0.2247674	1.7726728	0.0914568	-0.3117992	1.8395388	0.0189147	-0.2277013	1.7835074	0.0329223	-0.1813801	1.6777138	0.1049340	-0.3033179	2.2235933	0.4348056	-0.5504389	2.2226744	0.4424587	-0.4631908	2.1989605	1.2662323	-0.1955887	2.2212473	1.3353489	-0.5134207	2.1452036	1.3533659	-0.3526068	2.0288199	0.6727279	-0.1942085	2.0051930	0.5660270	-0.1669005	1.9128096	0.6642387	-0.1916904	2.1249899	0.7265627	-0.5667824	2.1623473	0.6093293	-0.5771146	2.0369879	0.6648513	-0.5945147	1.9160932	0.2968715	-0.1749142	1.8550744	0.1985042	-0.1698708	1.8119522	0.2451287	-0.1883092	1.9437773	0.7958360	-0.3215123	1.9628842	0.8126932	-0.5192515	2.1156493	0.9357467	-0.0965666	2.0688913	0.9288968	-0.1838981	2.2793232	0.8040347	-0.2470892	2.2462543	0.7400633	-0.1976300	2.0313991	1.1767994	-0.7612306	1.9778060	1.1736456	-0.7098959	1.9498129	0.9509778	-0.8198542	1.9017253	0.9908400	-0.8517050	1.7045005	0.1574751	-0.5667604	
382	1.5875000	2.0567940	0.8749388	-0.2378843	2.0899853	0.9038886	-0.5661309	1.8874169	0.9314541	-0.3543240	1.9009885	0.9417446	-0.4825827	2.0047511	0.3943605	-0.1758885	2.0433086	0.3811254	-0.2921323	1.7325057	0.1077932	-0.2223151	1.7763296	0.0931192	-0.3096219	1.8416078	0.0171999	-0.2268850	1.7855782	0.0324281	-0.1796506	1.6810907	0.1091182	-0.3007027	2.2635498	0.4475188	-0.5475971	2.2623140	0.4545316	-0.4593359	2.2247925	1.2657166	-0.1967759	2.2437171	1.3349783	-0.5152646	2.1696296	1.3538127	-0.3530845	2.0466064	0.6700890	-0.1921288	2.0202349	0.5642516	-0.1643698	1.9303602	0.6646049	-0.1898722	2.1517621	0.7349534	-0.5645857	2.1943816	0.6193892	-0.5748976	2.0662579	0.6688106	-0.5939443	1.9244684	0.2966568	-0.1717044	1.8608703	0.1989577	-0.1667096	1.8185712	0.2471644	-0.1855141	1.9655469	0.7950459	-0.3203214	1.9855049	0.8125941	-0.5183146	2.1563016	0.9334553	-0.1016720	2.1084441	0.9264493	-0.1902516	2.3270189	0.8173146	-0.2576042	2.2995301	0.7506717	-0.2101112	2.0459212	1.1865179	-0.7622975	1.9960698	1.1823319	-0.7121277	1.9579869	0.9671352	-0.8294317	1.9112213	1.0073219	-0.8576978	1.7496318	0.1587173	-0.5659917	
383	1.5916667	2.0783634	0.8739628	-0.2361018	2.1130734	0.9038664	-0.5645955	1.9094302	0.9315643	-0.3538583	1.9234954	0.9422838	-0.4822125	2.0141910	0.3927224	-0.1735401	2.0530677	0.3781380	-0.2893552	1.7362869	0.1077582	-0.2202136	1.7803591	0.0915272	-0.3070621	1.8437679	0.0149711	-0.2254800	1.7879482	0.0308430	-0.1780813	1.6849562	0.1091365	-0.2981908	2.3014671	0.4600092	-0.5448517	2.2988617	0.4659622	-0.4553846	2.2520475	1.2655695	-0.1979501	2.2662560	1.3343806	-0.5178449	2.1941333	1.3551190	-0.3538886	2.0633014	0.6675349	-0.1909381	2.0341293	0.5623793	-0.1628789	1.9479212	0.6651848	-0.1889417	2.1787364	0.7437674	-0.5620593	2.2259036	0.6297558	-0.5725395	2.0956430	0.6730635	-0.5939890	1.9320815	0.2956109	-0.1695210	1.8663808	0.1979343	-0.1645095	1.8250014	0.2472069	-0.1834987	1.9874506	0.7945518	-0.3194666	2.0083100	0.8126626	-0.5175762	2.1968315	0.9322916	-0.1069577	2.1481446	0.9251648	-0.1966783	2.3735618	0.8322009	-0.2676632	2.3515718	0.7634392	-0.2224721	2.0605675	1.1954299	-0.7630332	2.0146892	1.1896408	-0.7143020	1.9687313	0.9823199	-0.8378616	1.9230758	1.0218052	-0.8628940	1.7945923	0.1603582	-0.5644236	
384	1.5958333	2.1004152	0.8731764	-0.2342704	2.1362207	0.9035891	-0.5635232	1.9313971	0.9322499	-0.3532850	1.9457617	0.9432198	-0.4819357	2.0228349	0.3915948	-0.1708488	2.0618716	0.3754555	-0.2860911	1.7404452	0.1060498	-0.2171211	1.7846363	0.0880520	-0.3033481	1.8458848	0.0100000	-0.2235849	1.7906079	0.0270940	-0.1759072	1.6890922	0.1077407	-0.2943368	2.3381607	0.4748900	-0.5435228	2.3338363	0.4793514	-0.4513458	2.2794762	1.2664720	-0.1993358	2.2880992	1.3345391	-0.5211321	2.2180463	1.3577454	-0.3552359	2.0799202	0.6649946	-0.1896078	2.0476997	0.5607363	-0.1611637	1.9653484	0.6664334	-0.1878962	2.2054819	0.7537149	-0.5609068	2.2568374	0.6418306	-0.5718662	2.1247731	0.6784903	-0.5957770	1.9392558	0.2946833	-0.1669433	1.8718820	0.1963742	-0.1616973	1.8311853	0.2466073	-0.1808044	2.0094586	0.7944070	-0.3184932	2.0309805	0.8128101	-0.5170291	2.2372634	0.9325555	-0.1123490	2.1880791	0.9252038	-0.2029663	2.4189229	0.8486220	-0.2771161	2.4021766	0.7782879	-0.2343669	2.0752929	1.2038362	-0.7633581	2.0336851	1.1957252	-0.7163456	1.9824111	0.9971386	-0.8457850	1.9375553	1.0349357	-0.8678554	1.8393447	0.1623087	-0.5620517	
385	1.6000000	2.1230066	0.8726640	-0.2332849	2.1595679	0.9035235	-0.5625641	1.9533982	0.9334450	-0.3527297	1.9679317	0.9447198	-0.4812888	2.0334759	0.3921572	-0.1665362	2.0726899	0.3747243	-0.2815494	1.7431244	0.1121064	-0.2136100	1.7872895	0.0928046	-0.2998348	1.8452574	0.0118086	-0.2227305	1.7909174	0.0303431	-0.1739656	1.6925372	0.1152111	-0.2898629	2.3752642	0.4893243	-0.5429179	2.3703998	0.4922794	-0.4482847	2.3047102	1.2672862	-0.2026837	2.3098559	1.3354431	-0.5244496	2.2420395	1.3593486	-0.3575872	2.0978317	0.6631258	-0.1877640	2.0627355	0.5601970	-0.1583364	1.9834646	0.6682984	-0.1859071	2.2316001	0.7627487	-0.5598477	2.2873235	0.6531362	-0.5714886	2.1531896	0.6843441	-0.5971361	1.9472262	0.2965543	-0.1631030	1.8772863	0.1993384	-0.1580422	1.8377735	0.2513672	-0.1769510	2.0315865	0.7945469	-0.3176479	2.0536187	0.8132765	-0.5161583	2.2775154	0.9342187	-0.1178626	2.2282128	0.9265011	-0.2090792	2.4629490	0.8663432	-0.2859175	2.4511383	0.7949276	-0.2455972	2.0902249	1.2119756	-0.7633112	2.0531681	1.2006760	-0.7182243	1.9995295	1.0120022	-0.8536922	1.9550502	1.0472039	-0.8730919	1.8838691	0.1644493	-0.5589012	
386	1.6041667	2.1457883	0.8705446	-0.2320504	2.1835190	0.9012071	-0.5612190	1.9758052	0.9333546	-0.3524804	1.9906895	0.9446143	-0.4809235	2.0426172	0.3919967	-0.1639576	2.0822325	0.3731075	-0.2784566	1.7467741	0.1159859	-0.2108688	1.7910703	0.0951290	-0.2966787	1.8464303	0.0109489	-0.2216588	1.7926687	0.0308662	-0.1725200	1.6967518	0.1205761	-0.2862987	2.4122145	0.5040832	-0.5418487	2.4067131	0.5055447	-0.4450503	2.3316729	1.2666726	-0.2042590	2.3316431	1.3340465	-0.5281650	2.2656643	1.3597726	-0.3591811	2.1146089	0.6606751	-0.1865974	2.0765524	0.5589947	-0.1567242	2.0009187	0.6692116	-0.1851180	2.2575059	0.7716566	-0.5587858	2.3177085	0.6645168	-0.5708706	2.1817112	0.6890343	-0.5983808	1.9547030	0.2975441	-0.1607255	1.8828845	0.2010521	-0.1554915	1.8440209	0.2543730	-0.1745436	2.0535758	0.7935630	-0.3170960	2.0763175	0.8121889	-0.5154974	2.3174882	0.9359052	-0.1232390	2.2684299	0.9276004	-0.2148408	2.5056290	0.8848839	-0.2941238	2.4987519	0.8127248	-0.2562526	2.1050188	1.2188382	-0.7627731	2.0729451	1.2033635	-0.7199150	2.0202834	1.0265237	-0.8621999	1.9757784	1.0581181	-0.8791537	1.9281633	0.1666354	-0.5550232	
387	1.6083333	2.1697711	0.8711048	-0.2316255	2.2075568	0.9012251	-0.5603323	1.9986389	0.9353834	-0.3524196	2.0134371	0.9465202	-0.4805795	2.0513721	0.3950845	-0.1615803	2.0913415	0.3750117	-0.2757522	1.7505568	0.1227779	-0.2080406	1.7950993	0.1005988	-0.2937358	1.8473016	0.0118238	-0.2213099	1.7943284	0.0334759	-0.1713305	1.7017070	0.1292661	-0.2826733	2.4492976	0.5219482	-0.5412342	2.4437890	0.5220146	-0.4424954	2.3581812	1.2684678	-0.2069254	2.3538135	1.3354264	-0.5324036	2.2897008	1.3622871	-0.3616294	2.1318827	0.6604207	-0.1854078	2.0905064	0.5603917	-0.1551086	2.0187480	0.6727345	-0.1841874	2.2829022	0.7824746	-0.5581350	2.3477304	0.6782483	-0.5706322	2.2099878	0.6963237	-0.5992136	1.9617451	0.3016413	-0.1583573	1.8883890	0.2056910	-0.1527249	1.8500827	0.2605638	-0.1721970	2.0763561	0.7949634	-0.3165185	2.0991613	0.8133092	-0.5145989	2.3573491	0.9400040	-0.1287280	2.3090889	0.9310619	-0.2205670	2.5469157	0.9066605	-0.3016321	2.5448768	0.8341165	-0.2661128	2.1199636	1.2277226	-0.7614443	2.0937874	1.2065930	-0.7212551	2.0456498	1.0456191	-0.8717992	2.0007802	1.0724198	-0.8864868	1.9722437	0.1687042	-0.5504917	
388	1.6125000	2.1936985	0.8703416	-0.2315269	2.2317581	0.9005745	-0.5589531	2.0221775	0.9362445	-0.3525239	2.0369783	0.9475113	-0.4801116	2.0570963	0.3970872	-0.1607565	2.0975283	0.3758233	-0.2744075	1.7544799	0.1253597	-0.2055327	1.7993033	0.1019094	-0.2906645	1.8487117	0.0102383	-0.2201495	1.7963308	0.0328516	-0.1699010	1.7067412	0.1325889	-0.2794956	2.4855531	0.5386517	-0.5404785	2.4799606	0.5374288	-0.4407128	2.3853098	1.2697361	-0.2088330	2.3762514	1.3364830	-0.5362142	2.3136959	1.3644696	-0.3633594	2.1479643	0.6586553	-0.1848494	2.1025712	0.5604650	-0.1545782	2.0357615	0.6751809	-0.1842556	2.3078869	0.7922612	-0.5570410	2.3771938	0.6909241	-0.5698675	2.2384389	0.7026246	-0.5992462	1.9667691	0.3041431	-0.1572409	1.8927987	0.2079882	-0.1507488	1.8547710	0.2636553	-0.1709731	2.0995142	0.7951977	-0.3162524	2.1224815	0.8136248	-0.5135123	2.3965543	0.9444440	-0.1336642	2.3488706	0.9347575	-0.2256635	2.5864583	0.9280837	-0.3084972	2.5893585	0.8554126	-0.2753719	2.1368226	1.2377729	-0.7609358	2.1149682	1.2107422	-0.7225431	2.0748159	1.0617319	-0.8809568	2.0288048	1.0844537	-0.8941093	2.0161453	0.1704834	-0.5453987	
389	1.6166667	2.2181144	0.8707179	-0.2315541	2.2560938	0.9019068	-0.5575966	2.0466421	0.9377669	-0.3526677	2.0613235	0.9495045	-0.4796946	2.0632058	0.3989854	-0.1605576	2.1031878	0.3766436	-0.2737105	1.7590262	0.1289427	-0.2026703	1.8033117	0.1043218	-0.2871110	1.8494893	0.0109019	-0.2193040	1.7984561	0.0342312	-0.1686795	1.7122947	0.1368174	-0.2754332	2.5205751	0.5549666	-0.5396990	2.5146878	0.5524434	-0.4391488	2.4129826	1.2724579	-0.2111920	2.3986856	1.3388458	-0.5403563	2.3380040	1.3681610	-0.3654651	2.1648908	0.6572943	-0.1849260	2.1154369	0.5607152	-0.1546710	2.0541372	0.6780659	-0.1844214	2.3328088	0.8023323	-0.5556738	2.4061699	0.7036513	-0.5688712	2.2670109	0.7097695	-0.5990628	1.9721796	0.3069773	-0.1566263	1.8976078	0.2110013	-0.1491682	1.8603511	0.2672647	-0.1697213	2.1234715	0.7962588	-0.3159818	2.1463832	0.8152803	-0.5123759	2.4355302	0.9500758	-0.1390300	2.3891377	0.9394346	-0.2309214	2.6241417	0.9511843	-0.3150747	2.6317547	0.8788283	-0.2838999	2.1517093	1.2441935	-0.7582861	2.1367973	1.2096285	-0.7227814	2.1083704	1.0812484	-0.8910331	2.0612457	1.0975830	-0.9029474	2.0599222	0.1717995	-0.5398501	
390	1.6208333	2.2426527	0.8700526	-0.2314273	2.2808416	0.9025987	-0.5562026	2.0715309	0.9383915	-0.3526465	2.0862102	0.9507649	-0.4791762	2.0694474	0.4000553	-0.1606660	2.1085689	0.3767683	-0.2733488	1.7634243	0.1336676	-0.1990720	1.8067109	0.1080332	-0.2827223	1.8492147	0.0127614	-0.2181677	1.7999633	0.0366811	-0.1670492	1.7177026	0.1427344	-0.2701091	2.5545194	0.5697178	-0.5389930	2.5484343	0.5658757	-0.4378309	2.4403396	1.2749394	-0.2139447	2.4212377	1.3409452	-0.5444727	2.3621115	1.3714940	-0.3679880	2.1821331	0.6546262	-0.1853599	2.1286001	0.5598284	-0.1550730	2.0731037	0.6799074	-0.1844700	2.3574733	0.8109053	-0.5543098	2.4345541	0.7148760	-0.5678678	2.2955172	0.7159381	-0.5986929	1.9775543	0.3096521	-0.1562360	1.9022055	0.2144929	-0.1476141	1.8661837	0.2711244	-0.1681226	2.1477497	0.7962131	-0.3155510	2.1707872	0.8160777	-0.5111558	2.4736712	0.9554352	-0.1437387	2.4283893	0.9436201	-0.2356769	2.6598161	0.9738904	-0.3208376	2.6722477	0.9021223	-0.2916601	2.1663393	1.2489160	-0.7547063	2.1588669	1.2056659	-0.7218555	2.1450073	1.0992808	-0.9013026	2.0963140	1.1088889	-0.9120681	2.1036459	0.1724875	-0.5339612	
391	1.6250000	2.2677448	0.8706789	-0.2310232	2.3062607	0.9044226	-0.5547060	2.0969635	0.9401137	-0.3523801	2.1116988	0.9530155	-0.4784717	2.0754980	0.4031736	-0.1619382	2.1136452	0.3790636	-0.2741604	1.7686242	0.1387135	-0.1952726	1.8107561	0.1122302	-0.2780709	1.8497161	0.0138267	-0.2163459	1.8024438	0.0385449	-0.1649567	1.7237300	0.1494675	-0.2646163	2.5875765	0.5843976	-0.5383854	2.5813702	0.5793341	-0.4368577	2.4681876	1.2786185	-0.2167304	2.4443591	1.3437020	-0.5486817	2.3865173	1.3756764	-0.3706095	2.1994382	0.6533386	-0.1860772	2.1417536	0.5605397	-0.1560888	2.0924814	0.6832951	-0.1848290	2.3821518	0.8200873	-0.5529786	2.4626116	0.7264230	-0.5668823	2.3240641	0.7228482	-0.5981538	1.9831464	0.3140785	-0.1566706	1.9073870	0.2193608	-0.1464282	1.8723774	0.2758938	-0.1669912	2.1725296	0.7975208	-0.3149955	2.1957647	0.8181271	-0.5099195	2.5112714	0.9622653	-0.1481898	2.4668187	0.9490400	-0.2401073	2.6937448	0.9969499	-0.3262986	2.7108439	0.9260867	-0.2991549	2.1830870	1.2573161	-0.7518063	2.1813739	1.2056496	-0.7211962	2.1838252	1.1197507	-0.9105096	2.1333287	1.1237111	-0.9210922	2.1474027	0.1723986	-0.5278533	
392	1.6291667	2.2928804	0.8689125	-0.2305072	2.3316736	0.9037949	-0.5531629	2.1225652	0.9394470	-0.3519222	2.1373405	0.9528655	-0.4775875	2.0818918	0.4053324	-0.1633615	2.1187952	0.3806820	-0.2752111	1.7742882	0.1425229	-0.1913786	1.8150400	0.1154950	-0.2734489	1.8500664	0.0137798	-0.2146127	1.8050080	0.0390402	-0.1628689	1.7303699	0.1551822	-0.2589052	2.6193726	0.5963381	-0.5375163	2.6129366	0.5899567	-0.4357909	2.4952232	1.2807782	-0.2200777	2.4674922	1.3448228	-0.5526531	2.4106849	1.3778122	-0.3735862	2.2169193	0.6499469	-0.1869119	2.1551957	0.5595408	-0.1571765	2.1123793	0.6845851	-0.1848621	2.4064460	0.8261877	-0.5512687	2.4899782	0.7350512	-0.5655415	2.3523934	0.7274376	-0.5972074	1.9890966	0.3174979	-0.1572629	1.9130192	0.2231606	-0.1453824	1.8790881	0.2794597	-0.1657729	2.1975013	0.7964000	-0.3141318	2.2209169	0.8177254	-0.5084187	2.5481559	0.9679157	-0.1520495	2.5042884	0.9531525	-0.2438459	2.7257285	1.0186557	-0.3313541	2.7478011	0.9489366	-0.3065889	2.2022186	1.2672144	-0.7503288	2.2034162	1.2083178	-0.7208514	2.2231014	1.1367317	-0.9181796	2.1704480	1.1368179	-0.9296633	2.1912889	0.1714081	-0.5216497	
393	1.6333333	2.3186825	0.8706703	-0.2297835	2.3579723	0.9066865	-0.5514942	2.1487021	0.9420336	-0.3509990	2.1636157	0.9559279	-0.4762557	2.0894477	0.4100761	-0.1659446	2.1252183	0.3850245	-0.2775837	1.7816307	0.1478451	-0.1876326	1.8211319	0.1203770	-0.2690765	1.8521998	0.0136581	-0.2131278	1.8093060	0.0401289	-0.1609266	1.7386862	0.1631676	-0.2532293	2.6499826	0.6084996	-0.5368270	2.6432400	0.6009412	-0.4350108	2.5223952	1.2860764	-0.2229463	2.4905200	1.3485608	-0.5566075	2.4345867	1.3826434	-0.3762550	2.2351539	0.6497102	-0.1878153	2.1695400	0.5614250	-0.1587178	2.1329298	0.6889229	-0.1851165	2.4311926	0.8344728	-0.5494861	2.5171938	0.7450768	-0.5642089	2.3807372	0.7342804	-0.5962228	1.9964178	0.3233021	-0.1587678	1.9202320	0.2291407	-0.1449225	1.8870742	0.2848569	-0.1651204	2.2229863	0.7987656	-0.3131371	2.2467106	0.8207974	-0.5068352	2.5843670	0.9760971	-0.1557050	2.5409736	0.9598796	-0.2473377	2.7557274	1.0418888	-0.3360911	2.7824140	0.9736319	-0.3134134	2.2218370	1.2776382	-0.7487473	2.2256323	1.2122806	-0.7202708	2.2627547	1.1553883	-0.9239325	2.2084138	1.1516653	-0.9373338	2.2354033	0.1694202	-0.5154734	
394	1.6375000	2.3444325	0.8697213	-0.2289068	2.3837265	0.9065279	-0.5499168	2.1750785	0.9416907	-0.3500835	2.1899189	0.9559640	-0.4750575	2.0975768	0.4135348	-0.1683072	2.1317376	0.3884422	-0.2796914	1.7891884	0.1512066	-0.1839598	1.8270191	0.1236420	-0.2647296	1.8530102	0.0127408	-0.2114429	1.8127981	0.0397386	-0.1590467	1.7473291	0.1690475	-0.2475970	2.6783920	0.6165358	-0.5361800	2.6713981	0.6080862	-0.4340277	2.5488225	1.2893942	-0.2257417	2.5132979	1.3502666	-0.5599585	2.4580489	1.3851950	-0.3787965	2.2538060	0.6471150	-0.1888093	2.1844313	0.5613088	-0.1602405	2.1541500	0.6906975	-0.1849764	2.4554743	0.8385021	-0.5482370	2.5432080	0.7508569	-0.5632615	2.4080627	0.7376733	-0.5951646	2.0042815	0.3275912	-0.1601501	1.9278511	0.2333686	-0.1445994	1.8956262	0.2884949	-0.1642818	2.2486120	0.7983256	-0.3117327	2.2723459	0.8208543	-0.5049992	2.6190463	0.9819767	-0.1587643	2.5760446	0.9641866	-0.2502213	2.7834374	1.0620891	-0.3402279	2.8144829	0.9955150	-0.3196805	2.2419079	1.2849412	-0.7475026	2.2473803	1.2141054	-0.7195817	2.3005930	1.1692399	-0.9286199	2.2447260	1.1625007	-0.9441341	2.2798379	0.1663727	-0.5094437	
395	1.6416667	2.3706063	0.8699867	-0.2279637	2.4093788	0.9073905	-0.5484973	2.2015810	0.9425729	-0.3486604	2.2161554	0.9571202	-0.4733958	2.1076896	0.4180346	-0.1710628	2.1398273	0.3931763	-0.2823021	1.7980016	0.1573480	-0.1805158	1.8337728	0.1299449	-0.2609462	1.8543908	0.0148769	-0.2104344	1.8171076	0.0424708	-0.1576120	1.7572497	0.1780943	-0.2419795	2.7059694	0.6253569	-0.5359458	2.6986412	0.6161042	-0.4334505	2.5750534	1.2933823	-0.2288982	2.5361363	1.3525218	-0.5632073	2.4817149	1.3881650	-0.3814731	2.2734792	0.6456339	-0.1900033	2.2007832	0.5622142	-0.1619606	2.1766737	0.6935268	-0.1845213	2.4798056	0.8434194	-0.5468386	2.5689567	0.7574663	-0.5623988	2.4351605	0.7421488	-0.5941316	2.0139017	0.3332897	-0.1619550	1.9369867	0.2394676	-0.1448664	1.9059334	0.2941365	-0.1634867	2.2746292	0.7992355	-0.3100013	2.2980618	0.8221544	-0.5029678	2.6523848	0.9890333	-0.1613339	2.6096537	0.9695948	-0.2524511	2.8092318	1.0818153	-0.3440092	2.8442361	1.0170807	-0.3253826	2.2630005	1.2924083	-0.7469134	2.2690728	1.2172065	-0.7189135	2.3365359	1.1806593	-0.9319767	2.2792438	1.1718227	-0.9497771	2.3246658	0.1622388	-0.5036748	
396	1.6458333	2.3966587	0.8694823	-0.2269175	2.4351745	0.9077852	-0.5470584	2.2274761	0.9428145	-0.3465749	2.2419271	0.9576872	-0.4710441	2.1186012	0.4220706	-0.1743068	2.1494019	0.3974618	-0.2852377	1.8078165	0.1626070	-0.1774208	1.8422259	0.1352847	-0.2575319	1.8573981	0.0158227	-0.2097136	1.8224609	0.0444342	-0.1565502	1.7686745	0.1860458	-0.2367648	2.7344161	0.6347366	-0.5354376	2.7265427	0.6244000	-0.4325047	2.6008990	1.2963344	-0.2324423	2.5587679	1.3533171	-0.5668478	2.5049660	1.3895853	-0.3843995	2.2928006	0.6436735	-0.1908296	2.2171590	0.5626088	-0.1636588	2.1989148	0.6958164	-0.1842595	2.5045360	0.8486130	-0.5446280	2.5953864	0.7645078	-0.5609705	2.4627282	0.7467269	-0.5930265	2.0242707	0.3384549	-0.1641908	1.9468613	0.2449423	-0.1454511	1.9168596	0.2990400	-0.1631929	2.3004744	0.7996212	-0.3079999	2.3237629	0.8231064	-0.5007063	2.6844279	0.9956191	-0.1632884	2.6420151	0.9745523	-0.2537651	2.8335338	1.0994941	-0.3472904	2.8720539	1.0366386	-0.3305058	2.2865089	1.3021130	-0.7476978	2.2907552	1.2238975	-0.7188102	2.3699775	1.1886934	-0.9347091	2.3109649	1.1796224	-0.9547202	2.3699296	0.1570270	-0.4982737	
397	1.6500000	2.4222536	0.8689363	-0.2258709	2.4610309	0.9087374	-0.5452607	2.2535655	0.9426830	-0.3446310	2.2681069	0.9581364	-0.4687214	2.1312343	0.4251927	-0.1778103	2.1609889	0.4012354	-0.2884707	1.8186891	0.1670259	-0.1755532	1.8520826	0.1400732	-0.2552527	1.8603580	0.0159890	-0.2100573	1.8278303	0.0456577	-0.1567855	1.7818602	0.1933505	-0.2328834	2.7622490	0.6411603	-0.5349871	2.7538389	0.6296459	-0.4318601	2.6258535	1.2993780	-0.2359576	2.5809980	1.3543738	-0.5702084	2.5277094	1.3907386	-0.3872424	2.3125756	0.6416043	-0.1915847	2.2344364	0.5625015	-0.1654526	2.2214406	0.6971566	-0.1841944	2.5294864	0.8523067	-0.5419946	2.6217072	0.7695131	-0.5592623	2.4901303	0.7504797	-0.5916791	2.0361208	0.3425384	-0.1668490	1.9579270	0.2493460	-0.1467272	1.9290390	0.3029287	-0.1637897	2.3262199	0.7997180	-0.3060424	2.3496635	0.8241200	-0.4982811	2.7153949	1.0019522	-0.1645302	2.6733121	0.9791911	-0.2542348	2.8561114	1.1164795	-0.3501673	2.8979162	1.0555845	-0.3349927	2.3092228	1.3086522	-0.7482141	2.3121107	1.2281542	-0.7184153	2.4015975	1.1948880	-0.9364092	2.3414146	1.1853109	-0.9588242	2.4156285	0.1507793	-0.4933384	
398	1.6541667	2.4472280	0.8667592	-0.2246831	2.4863947	0.9088384	-0.5435385	2.2795139	0.9412008	-0.3426078	2.2941840	0.9575873	-0.4664090	2.1454393	0.4277019	-0.1812212	2.1738082	0.4048932	-0.2918471	1.8305076	0.1718880	-0.1739394	1.8625508	0.1457350	-0.2536819	1.8632022	0.0156182	-0.2111205	1.8334219	0.0463989	-0.1574185	1.7963402	0.2021414	-0.2292465	2.7896484	0.6488238	-0.5347910	2.7807387	0.6359030	-0.4318440	2.6504300	1.3008185	-0.2395298	2.6038424	1.3543451	-0.5730862	2.5510756	1.3902067	-0.3899682	2.3332091	0.6383781	-0.1925924	2.2528971	0.5613800	-0.1673217	2.2446811	0.6969556	-0.1837180	2.5537971	0.8554918	-0.5390698	2.6474764	0.7747455	-0.5574242	2.5174100	0.7542990	-0.5901153	2.0493448	0.3460704	-0.1694741	1.9701293	0.2533805	-0.1482919	1.9426818	0.3067214	-0.1642446	2.3518912	0.7983527	-0.3039107	2.3755663	0.8241566	-0.4958182	2.7447773	1.0071251	-0.1651483	2.7031145	0.9826753	-0.2539139	2.8770007	1.1311822	-0.3524126	2.9217729	1.0723436	-0.3388003	2.3315020	1.3112715	-0.7486675	2.3335230	1.2290144	-0.7175205	2.4302847	1.1954866	-0.9379075	2.3688917	1.1855526	-0.9618569	2.4617095	0.1435679	-0.4889565	
399	1.6583333	2.4723327	0.8662414	-0.2233109	2.5121992	0.9091329	-0.5417933	2.3061512	0.9408188	-0.3408099	2.3210790	0.9575267	-0.4644506	2.1609570	0.4307501	-0.1854566	2.1877479	0.4092065	-0.2960453	1.8435937	0.1773709	-0.1730561	1.8741794	0.1520545	-0.2524637	1.8668025	0.0176661	-0.2120474	1.8400123	0.0495743	-0.1585322	1.8119254	0.2109871	-0.2264006	2.8146397	0.6515565	-0.5351237	2.8051989	0.6378244	-0.4324655	2.6756583	1.3034896	-0.2415701	2.6264137	1.3548653	-0.5757936	2.5742227	1.3909651	-0.3919038	2.3542682	0.6370279	-0.1939700	2.2721622	0.5615630	-0.1697860	2.2683285	0.6973898	-0.1835799	2.5785023	0.8566253	-0.5367439	2.6724969	0.7767099	-0.5560946	2.5436512	0.7562030	-0.5887444	2.0639936	0.3500735	-0.1729502	1.9836477	0.2579327	-0.1507527	1.9575414	0.3110165	-0.1654213	2.3773682	0.7982441	-0.3017923	2.4014390	0.8245234	-0.4934679	2.7729213	1.0127063	-0.1651021	2.7316772	0.9863893	-0.2529104	2.8968816	1.1449459	-0.3542732	2.9440695	1.0880854	-0.3419513	2.3535286	1.3132552	-0.7484174	2.3552760	1.2294897	-0.7165961	2.4575079	1.1977988	-0.9390055	2.3953118	1.1872926	-0.9641818	2.5080616	0.1354897	-0.4852041	
400	1.6625000	2.4976309	0.8666930	-0.2219779	2.5372926	0.9095039	-0.5405723	2.3328654	0.9412838	-0.3391282	2.3476889	0.9579722	-0.4628226	2.1786542	0.4342694	-0.1894254	2.2034253	0.4143792	-0.3000203	1.8574903	0.1846392	-0.1729672	1.8862121	0.1604450	-0.2522128	1.8695016	0.0219401	-0.2141763	1.8463186	0.0548445	-0.1607698	1.8285147	0.2219981	-0.2243090	2.8378053	0.6516835	-0.5364771	2.8282063	0.6375160	-0.4332865	2.7006540	1.3067343	-0.2437315	2.6492383	1.3560479	-0.5780475	2.5977326	1.3925036	-0.3940087	2.3766796	0.6364576	-0.1954533	2.2931356	0.5623241	-0.1721964	2.2931145	0.6981190	-0.1831149	2.6033928	0.8561934	-0.5359719	2.6967785	0.7766230	-0.5562641	2.5685110	0.7571557	-0.5882437	2.0803705	0.3546851	-0.1763526	1.9983697	0.2632939	-0.1536380	1.9740375	0.3165969	-0.1666927	2.4030729	0.7988606	-0.2995022	2.4270016	0.8250775	-0.4912490	2.7995816	1.0182416	-0.1643986	2.7587113	0.9901720	-0.2512027	2.9157903	1.1568745	-0.3557071	2.9651017	1.1019043	-0.3446091	2.3753880	1.3141828	-0.7478790	2.3773971	1.2290060	-0.7152534	2.4827175	1.1978965	-0.9398833	2.4195647	1.1868977	-0.9654785	2.5545168	0.1266597	-0.4821444	
401	1.6666667	2.5224938	0.8666045	-0.2207147	2.5620338	0.9097904	-0.5395651	2.3589381	0.9419785	-0.3368355	2.3737002	0.9587835	-0.4605566	2.1974129	0.4372439	-0.1935252	2.2203904	0.4190793	-0.3041062	1.8722962	0.1929145	-0.1735363	1.8992277	0.1699250	-0.2529959	1.8739140	0.0266090	-0.2174921	1.8539718	0.0608196	-0.1637446	1.8459881	0.2344615	-0.2228733	2.8619629	0.6538038	-0.5382150	2.8521934	0.6388444	-0.4347814	2.7256994	1.3086076	-0.2465614	2.6730395	1.3561909	-0.5805476	2.6221827	1.3927796	-0.3964836	2.3993019	0.6353780	-0.1970102	2.3146353	0.5625615	-0.1746639	2.3180110	0.6986684	-0.1826084	2.6282300	0.8569368	-0.5347618	2.7214519	0.7781005	-0.5562747	2.5937022	0.7592545	-0.5877418	2.0976804	0.3590856	-0.1800700	2.0138608	0.2688401	-0.1571025	1.9915689	0.3225042	-0.1682815	2.4286285	0.7994518	-0.2971813	2.4524648	0.8258905	-0.4890607	2.8247708	1.0229440	-0.1632045	2.7841054	0.9932561	-0.2488093	2.9339930	1.1661500	-0.3568591	2.9850405	1.1128097	-0.3468958	2.3969301	1.3136678	-0.7470132	2.3994807	1.2273185	-0.7134539	2.5057574	1.1954830	-0.9402347	2.4415546	1.1841430	-0.9655841	2.6008600	0.1172033	-0.4798268	
402	1.6708333	2.5472080	0.8667928	-0.2192948	2.5869975	0.9103198	-0.5385316	2.3849450	0.9429024	-0.3346621	2.3998014	0.9597862	-0.4584473	2.2177424	0.4399796	-0.1974653	2.2390991	0.4234070	-0.3079881	1.8882879	0.2015338	-0.1751216	1.9135888	0.1796497	-0.2547169	1.8797253	0.0321280	-0.2214229	1.8628631	0.0677445	-0.1675859	1.8647537	0.2469789	-0.2227379	2.8867140	0.6559001	-0.5394603	2.8762782	0.6398122	-0.4360038	2.7514342	1.3103984	-0.2488691	2.6972701	1.3561472	-0.5829773	2.6471402	1.3930533	-0.3985623	2.4222474	0.6351379	-0.1986198	2.3369398	0.5632223	-0.1771191	2.3430737	0.6992862	-0.1822249	2.6533369	0.8579455	-0.5327224	2.7466195	0.7797976	-0.5555488	2.6194106	0.7618263	-0.5872640	2.1164730	0.3632224	-0.1839021	2.0306083	0.2743192	-0.1610460	2.0104262	0.3284669	-0.1703635	2.4538379	0.8004142	-0.2950437	2.4777936	0.8270362	-0.4871245	2.8483466	1.0271111	-0.1614442	2.8073904	0.9957640	-0.2458102	2.9511286	1.1731320	-0.3578894	3.0037776	1.1210269	-0.3489432	2.4148692	1.3051326	-0.7443144	2.4211233	1.2175114	-0.7098156	2.5262732	1.1888696	-0.9393311	2.4617564	1.1753493	-0.9636001	2.6468457	0.1072473	-0.4782859	
403	1.6750000	2.5714541	0.8666150	-0.2175839	2.6117963	0.9091665	-0.5378300	2.4109560	0.9428861	-0.3330945	2.4260408	0.9593431	-0.4572597	2.2401515	0.4417275	-0.2007507	2.2597397	0.4268633	-0.3111777	1.9050322	0.2113297	-0.1779108	1.9286702	0.1906369	-0.2573520	1.8849546	0.0415815	-0.2265563	1.8715368	0.0779331	-0.1729908	1.8846092	0.2598925	-0.2238375	2.9097811	0.6523162	-0.5407171	2.8982742	0.6348325	-0.4369374	2.7769041	1.3117947	-0.2503502	2.7215520	1.3553453	-0.5851800	2.6719948	1.3928460	-0.4004290	2.4457399	0.6348864	-0.2002625	2.3603892	0.5634439	-0.1793798	2.3686188	0.6987004	-0.1816035	2.6789178	0.8552596	-0.5307924	2.7714451	0.7770832	-0.5549449	2.6444380	0.7616872	-0.5872887	2.1368671	0.3666844	-0.1874628	2.0484084	0.2796940	-0.1653196	2.0307179	0.3346958	-0.1728107	2.4786047	0.8005672	-0.2928410	2.5028562	0.8265633	-0.4855181	2.8710556	1.0301505	-0.1594373	2.8298703	0.9968084	-0.2428226	2.9682956	1.1778112	-0.3583382	3.0216333	1.1268520	-0.3501655	2.4331503	1.2981905	-0.7398562	2.4435047	1.2091640	-0.7076561	2.5464415	1.1931578	-0.9381403	2.4827644	1.1772817	-0.9614832	2.6922245	0.0969115	-0.4775405	
404	1.6791667	2.5956559	0.8666185	-0.2157672	2.6361328	0.9081190	-0.5375073	2.4365220	0.9434258	-0.3315708	2.4516563	0.9594584	-0.4563034	2.2643775	0.4431766	-0.2032974	2.2822366	0.4301002	-0.3136889	1.9232267	0.2221577	-0.1816108	1.9451618	0.2027771	-0.2611751	1.8919819	0.0523788	-0.2334431	1.8817828	0.0891988	-0.1797115	1.9057535	0.2740522	-0.2257728	2.9335159	0.6505901	-0.5424828	2.9206288	0.6313346	-0.4377438	2.8026066	1.3133673	-0.2516596	2.7465444	1.3547186	-0.5871539	2.6974428	1.3929984	-0.4023760	2.4702288	0.6349370	-0.2017896	2.3851184	0.5637272	-0.1812590	2.3946489	0.6982095	-0.1805894	2.7049406	0.8537599	-0.5293073	2.7968169	0.7758769	-0.5549550	2.6696673	0.7626950	-0.5881858	2.1589001	0.3700566	-0.1906725	2.0676430	0.2853108	-0.1698737	2.0527248	0.3413482	-0.1752011	2.5033313	0.8011401	-0.2906026	2.5276337	0.8264682	-0.4841694	2.8920367	1.0339045	-0.1568621	2.8502871	0.9992901	-0.2388891	2.9853434	1.1793850	-0.3587130	3.0393488	1.1292827	-0.3512183	2.4534938	1.2962629	-0.7370311	2.4659084	1.2058904	-0.7047867	2.5634558	1.1889829	-0.9368482	2.4985382	1.1729678	-0.9577304	2.7367750	0.0862998	-0.4775927	
405	1.6833333	2.6193794	0.8670126	-0.2137855	2.6606796	0.9076735	-0.5371305	2.4615735	0.9449016	-0.3297596	2.4770639	0.9605562	-0.4550644	2.2901292	0.4447507	-0.2049877	2.3068524	0.4329500	-0.3154305	1.9425877	0.2347403	-0.1858735	1.9633787	0.2162664	-0.2656873	1.9019141	0.0655905	-0.2412869	1.8941268	0.1030550	-0.1870513	1.9279836	0.2893779	-0.2284143	2.9582807	0.6514650	-0.5434971	2.9431720	0.6293575	-0.4383510	2.8285532	1.3153552	-0.2531022	2.7722628	1.3538511	-0.5891911	2.7234929	1.3931819	-0.4043871	2.4948688	0.6359294	-0.2027836	2.4104617	0.5647209	-0.1824551	2.4205348	0.6985979	-0.1794220	2.7312213	0.8544406	-0.5262032	2.8229633	0.7772264	-0.5535953	2.6960317	0.7659803	-0.5888231	2.1821943	0.3739293	-0.1934489	2.0879669	0.2919702	-0.1743240	2.0759083	0.3491188	-0.1775905	2.5277227	0.8025034	-0.2885691	2.5524875	0.8272957	-0.4830798	2.9116571	1.0369383	-0.1544800	2.8685223	1.0017178	-0.2343998	3.0020633	1.1782613	-0.3597264	3.0564908	1.1281703	-0.3528457	2.4734319	1.2932588	-0.7350483	2.4872524	1.2024632	-0.7002354	2.5764248	1.1753790	-0.9332923	2.5097537	1.1602180	-0.9508819	2.7803384	0.0754927	-0.4784275	
406	1.6875000	2.6422457	0.8655136	-0.2116045	2.6850950	0.9062997	-0.5363350	2.4861214	0.9447455	-0.3283774	2.5022679	0.9604419	-0.4541701	2.3172976	0.4444278	-0.2053276	2.3334107	0.4336534	-0.3160797	1.9626668	0.2469726	-0.1911745	1.9828401	0.2292418	-0.2714340	1.9134057	0.0783625	-0.2506943	1.9074108	0.1166319	-0.1955981	1.9512927	0.3043432	-0.2322575	2.9844531	0.6542489	-0.5430061	2.9664410	0.6280548	-0.4383352	2.8540720	1.3168995	-0.2546540	2.7982785	1.3518439	-0.5912137	2.7497384	1.3922252	-0.4067477	2.5197338	0.6357457	-0.2030630	2.4364123	0.5643228	-0.1826768	2.4461660	0.6973601	-0.1779897	2.7570610	0.8556035	-0.5208712	2.8495801	0.7798492	-0.5501497	2.7236136	0.7701994	-0.5887003	2.2065063	0.3760919	-0.1955359	2.1090238	0.2974025	-0.1787356	2.1000861	0.3558758	-0.1799729	2.5516369	0.8022635	-0.2868947	2.5773010	0.8271148	-0.4822167	2.9297644	1.0386881	-0.1519892	2.8845489	1.0031093	-0.2294622	3.0179673	1.1742657	-0.3611062	3.0722722	1.1235062	-0.3546443	2.4934537	1.2879641	-0.7339046	2.5082740	1.1976818	-0.6951593	2.5859917	1.1551394	-0.9277023	2.5176206	1.1414950	-0.9412473	2.8228504	0.0645424	-0.4800122	
407	1.6916667	2.6651499	0.8651013	-0.2089193	2.7100917	0.9048036	-0.5356505	2.5111297	0.9450028	-0.3274914	2.5281370	0.9603006	-0.4541072	2.3466236	0.4435810	-0.2051353	2.3623893	0.4336627	-0.3165357	1.9843649	0.2598811	-0.1975899	2.0042972	0.2427343	-0.2780152	1.9261658	0.0938195	-0.2609078	1.9219487	0.1325722	-0.2052926	1.9764084	0.3191387	-0.2374331	3.0089232	0.6513297	-0.5423371	2.9873702	0.6207626	-0.4382931	2.8799655	1.3206726	-0.2546631	2.8239181	1.3505671	-0.5935841	2.7755810	1.3929038	-0.4085933	2.5454035	0.6368449	-0.2030066	2.4636171	0.5645337	-0.1824981	2.4719293	0.6960925	-0.1763101	2.7835818	0.8540511	-0.5155192	2.8760065	0.7786556	-0.5465758	2.7508479	0.7725869	-0.5888283	2.2327903	0.3778533	-0.1974710	2.1318585	0.3028240	-0.1833251	2.1259672	0.3627985	-0.1828134	2.5751574	0.8025127	-0.2853243	2.6020427	0.8266728	-0.4818433	2.9464794	1.0410073	-0.1492553	2.8984861	1.0055493	-0.2239175	3.0336551	1.1684231	-0.3630486	3.0868690	1.1164244	-0.3567514	2.5170888	1.2879444	-0.7359243	2.5296615	1.1996096	-0.6914230	2.5929214	1.1316056	-0.9190354	2.5224159	1.1220806	-0.9283607	2.8643646	0.0534703	-0.4822957	
408	1.6958333	2.6882011	0.8648955	-0.2060601	2.7346378	0.9036477	-0.5350078	2.5356875	0.9460822	-0.3264905	2.5533322	0.9610881	-0.4540534	2.3774009	0.4425789	-0.2039191	2.3930575	0.4334706	-0.3162635	2.0077711	0.2725529	-0.2042175	2.0276701	0.2560462	-0.2851271	1.9417899	0.1074403	-0.2722684	1.9389669	0.1469235	-0.2154900	2.0030135	0.3344201	-0.2427209	3.0321367	0.6474930	-0.5420789	3.0071517	0.6121837	-0.4387816	2.9053079	1.3262623	-0.2548241	2.8496909	1.3495546	-0.5956778	2.8014331	1.3946061	-0.4108699	2.5722418	0.6381839	-0.2022207	2.4919843	0.5648693	-0.1814488	2.4980173	0.6950913	-0.1742259	2.8097765	0.8524669	-0.5105656	2.9017035	0.7771271	-0.5434010	2.7774222	0.7752547	-0.5890710	2.2604688	0.3793729	-0.1986245	2.1562609	0.3080330	-0.1874732	2.1534129	0.3695197	-0.1852275	2.5989043	0.8031411	-0.2838594	2.6266668	0.8267107	-0.4817267	2.9619687	1.0442015	-0.1463468	2.9098442	1.0092010	-0.2181186	3.0483403	1.1612292	-0.3664673	3.0997892	1.1071301	-0.3598747	2.5400242	1.2839926	-0.7387943	2.5510115	1.1991813	-0.6877506	2.5986940	1.1054838	-0.9064296	2.5269836	1.0997631	-0.9123988	2.9050604	0.0422691	-0.4852090	
409	1.7000000	2.7113805	0.8638119	-0.2030225	2.7592584	0.9014798	-0.5343583	2.5603001	0.9467507	-0.3252509	2.5785621	0.9614108	-0.4538250	2.4089395	0.4401365	-0.2020520	2.4248349	0.4315686	-0.3157213	2.0322426	0.2857126	-0.2111939	2.0524328	0.2696105	-0.2927895	1.9597788	0.1228094	-0.2837890	1.9577779	0.1629611	-0.2257006	2.0303768	0.3496305	-0.2485708	3.0549007	0.6417503	-0.5415983	3.0261647	0.6014310	-0.4393441	2.9308988	1.3330673	-0.2551221	2.8753978	1.3480013	-0.5982256	2.8272803	1.3967622	-0.4135441	2.5996001	0.6387844	-0.2008713	2.5208898	0.5642614	-0.1797394	2.5238952	0.6931615	-0.1717150	2.8360466	0.8495796	-0.5054460	2.9273060	0.7741310	-0.5399685	2.8039144	0.7769144	-0.5891428	2.2888886	0.3799639	-0.1995144	2.1815204	0.3129152	-0.1916218	2.1816185	0.3759550	-0.1875272	2.6225272	0.8029070	-0.2824809	2.6511288	0.8258076	-0.4817883	2.9763257	1.0478002	-0.1436981	2.9189628	1.0136490	-0.2126387	3.0620309	1.1518607	-0.3711651	3.1106085	1.0950186	-0.3637636	2.5624572	1.2747589	-0.7415604	2.5730151	1.1948141	-0.6847470	2.6050120	1.0786310	-0.8916478	2.5330011	1.0757812	-0.8948238	2.9452303	0.0309091	-0.4886654	
410	1.7041667	2.7351722	0.8618010	-0.1997595	2.7837088	0.8983483	-0.5336040	2.5849092	0.9470471	-0.3238725	2.6034981	0.9613641	-0.4535259	2.4416888	0.4365507	-0.1994035	2.4580116	0.4282958	-0.3145355	2.0582924	0.2983486	-0.2182626	2.0789018	0.2824965	-0.3005428	1.9801885	0.1376367	-0.2952649	1.9787233	0.1784954	-0.2358847	2.0591266	0.3642512	-0.2546199	3.0767695	0.6345693	-0.5416120	3.0442501	0.5893066	-0.4404316	2.9569315	1.3421329	-0.2560734	2.9006833	1.3461431	-0.6010977	2.8531059	1.4000911	-0.4169203	2.6276550	0.6388496	-0.1989028	2.5506163	0.5629136	-0.1773360	2.5500721	0.6903951	-0.1689607	2.8618609	0.8455426	-0.5009120	2.9522737	0.7698458	-0.5370822	2.8298996	0.7774444	-0.5893502	2.3185637	0.3795551	-0.1998548	2.2081842	0.3170354	-0.1954165	2.2112307	0.3816442	-0.1895947	2.6462883	0.8018261	-0.2811832	2.6752651	0.8240449	-0.4820190	2.9899981	1.0523876	-0.1413018	2.9262729	1.0197702	-0.2073871	3.0749974	1.1402134	-0.3772067	3.1195675	1.0801013	-0.3683927	2.5859049	1.2635111	-0.7448913	2.5958322	1.1896633	-0.6834544	2.6142203	1.0535042	-0.8757074	2.5424502	1.0530355	-0.8772626	2.9852429	0.0193504	-0.4925619	
411	1.7083333	2.7596661	0.8594015	-0.1964249	2.8081452	0.8947076	-0.5328542	2.6098857	0.9474857	-0.3223115	2.6285326	0.9614158	-0.4530818	2.4754550	0.4326387	-0.1963402	2.4924359	0.4245803	-0.3130326	2.0860415	0.3115267	-0.2256956	2.1072731	0.2958390	-0.3086311	2.0031129	0.1536387	-0.3069127	2.0018314	0.1951219	-0.2462992	2.0893991	0.3791402	-0.2610688	3.0977680	0.6257270	-0.5420502	3.0614980	0.5756909	-0.4420335	2.9834019	1.3539077	-0.2580525	2.9259272	1.3444188	-0.6044535	2.8791642	1.4049357	-0.4212344	2.6563617	0.6387803	-0.1965674	2.5810657	0.5613839	-0.1745340	2.5765826	0.6873402	-0.1660437	2.8875214	0.8404744	-0.4969294	2.9767799	0.7642512	-0.5346767	2.8554234	0.7770224	-0.5895726	2.3493735	0.3790803	-0.2000591	2.2362408	0.3214078	-0.1992944	2.2421491	0.3875259	-0.1917479	2.6703718	0.8003918	-0.2799387	2.6992925	0.8218656	-0.4823531	3.0034812	1.0586136	-0.1395208	2.9325480	1.0285047	-0.2026929	3.0868745	1.1269356	-0.3847669	3.1267077	1.0633542	-0.3738853	2.6101193	1.2492273	-0.7487022	2.6195760	1.1826971	-0.6837591	2.6274738	1.0286771	-0.8593529	2.5564350	1.0297354	-0.8605700	3.0254817	0.0075585	-0.4967810	
412	1.7125000	2.7851244	0.8564235	-0.1930751	2.8325933	0.8905168	-0.5321317	2.6353705	0.9482674	-0.3204102	2.6537012	0.9618363	-0.4523228	2.5098975	0.4286622	-0.1926360	2.5277223	0.4206341	-0.3109187	2.1154472	0.3248321	-0.2328630	2.1373892	0.3091844	-0.3163572	2.0284654	0.1706021	-0.3179861	2.0270325	0.2125120	-0.2563046	2.1211014	0.3937214	-0.2672539	3.1183514	0.6172653	-0.5434771	3.0784466	0.5628932	-0.4443803	3.0111841	1.3689384	-0.2616189	2.9510304	1.3431159	-0.6083004	2.9058904	1.4117543	-0.4266457	2.6855408	0.6386093	-0.1937321	2.6120065	0.5597984	-0.1711812	2.6034307	0.6841415	-0.1628975	2.9129512	0.8351788	-0.4940903	3.0009366	0.7585768	-0.5333949	2.8805960	0.7761400	-0.5901188	2.3811355	0.3786984	-0.1998093	2.2655743	0.3260150	-0.2028238	2.2742502	0.3934614	-0.1935618	2.6948727	0.7985869	-0.2786583	2.7231655	0.8193412	-0.4826838	3.0168923	1.0657438	-0.1385385	2.9381475	1.0396078	-0.1987164	3.0973779	1.1115498	-0.3934428	3.1317666	1.0447298	-0.3799135	2.6367184	1.2340146	-0.7537378	2.6447402	1.1761654	-0.6865411	2.6452488	1.0033943	-0.8429561	2.5754344	1.0057251	-0.8450833	3.0662644	-0.0044767	-0.5011940	
413	1.7166667	2.8115529	0.8524948	-0.1898166	2.8571327	0.8854716	-0.5311995	2.6615907	0.9489966	-0.3182624	2.6792719	0.9622399	-0.4512063	2.5450676	0.4239464	-0.1883050	2.5639642	0.4158168	-0.3080670	2.1469047	0.3363235	-0.2398286	2.1696794	0.3206542	-0.3236129	2.0566593	0.1865113	-0.3284712	2.0548251	0.2286435	-0.2660701	2.1545973	0.4059351	-0.2731934	3.1381488	0.6073907	-0.5456053	3.0947292	0.5493318	-0.4473155	3.0402345	1.3867666	-0.2671769	2.9759333	1.3412672	-0.6123211	2.9334384	1.4197420	-0.4331579	2.7151145	0.6379022	-0.1904689	2.6434098	0.5576155	-0.1673522	2.6306617	0.6802799	-0.1597049	2.9380800	0.8286747	-0.4920949	3.0245680	0.7514855	-0.5329113	2.9053430	0.7738298	-0.5907360	2.4140944	0.3774037	-0.1991356	2.2966276	0.3295361	-0.2060072	2.3077210	0.3979975	-0.1951656	2.7198329	0.7960465	-0.2774498	2.7469691	0.8161469	-0.4829104	3.0299536	1.0730884	-0.1389264	2.9433095	1.0521553	-0.1964647	3.1051534	1.0942833	-0.4028540	3.1339715	1.0252075	-0.3859194	2.6636622	1.2142403	-0.7577262	2.6714862	1.1655462	-0.6906085	2.6676666	0.9771816	-0.8280034	2.6002711	0.9789302	-0.8313223	3.1077532	-0.0167210	-0.5056650	
